{"type":"FeatureCollection","crs":{"type":"name","properties":{"name":"EPSG:4326"}},"features":[{"type":"Feature","id":890790,"geometry":{"type":"Polygon","coordinates":[[[-1.82009248070517,51.3535866215882],[-1.82021440046774,51.3535791830282],[-1.82027528581342,51.3535945352127],[-1.82025066358028,51.3536555249771],[-1.81997021692549,51.3536856140833],[-1.81960430692165,51.3537460896079],[-1.81936040634501,51.3537762333139],[-1.81922627841511,51.3537912772598],[-1.81918973262499,51.3537835960095],[-1.81918991252055,51.3537378279918],[-1.81923868014646,51.3537379029813],[-1.81960457619391,51.3536774285811],[-1.81975092551601,51.3536547598983],[-1.81977538458848,51.3536319132433],[-1.81994608755094,51.3536169156878],[-1.82009248070517,51.3535866215882]]]},"properties":{"OBJECTID":890790,"LAYER":"BANK","project":"Avebury World Heritage Site","PERIOD":"LATER PREHISTORIC\\ROMAN","MONUMENT_TYPE":"FIELD SYSTEM","EVIDENCE_1":"CROPMARK","HE_UID":"1491860","HE_URL1":"https://www.heritagegateway.org.uk/Gateway/Results_Single.aspx?uid=1491860&resourceID=19191","HER_NO":" NONE GIVEN"}},{"type":"Feature","id":1063925,"geometry":{"type":"Polygon","coordinates":[[[-1.82191304289708,51.3530564574879],[-1.82192440348841,51.3530486068572],[-1.82201421507763,51.3530849438726],[-1.82199840577921,51.3530920324655],[-1.82191304289708,51.3530564574879]]]},"properties":{"OBJECTID":1063925,"LAYER":"DITCH","project":"Avebury World Heritage Site","PERIOD":"POST MEDIEVAL","MONUMENT_TYPE":"HOLLOW WAY","EVIDENCE_1":"CROPMARK","HE_UID":"1500097","HE_URL1":"https://www.heritagegateway.org.uk/Gateway/Results_Single.aspx?uid=1500097&resourceID=19191","HER_NO":" NONE GIVEN"}},{"type":"Feature","id":1038939,"geometry":{"type":"Polygon","coordinates":[[[-1.82265968129306,51.3566125973599],[-1.82236720473326,51.3566078935671],[-1.82236693058384,51.356607854488],[-1.82230577456257,51.3565907495421],[-1.82230566556348,51.3565907116117],[-1.82230556809853,51.3565906620094],[-1.8223054864691,51.3565906025401],[-1.82230542210091,51.3565905359034],[-1.82230537786617,51.3565904621037],[-1.82230535374753,51.3565903856369],[-1.82230535117762,51.3565903074043],[-1.82230537158214,51.3565902301055],[-1.8223054120819,51.3565901555348],[-1.82230547266298,51.3565900872886],[-1.82230555188581,51.3565900262641],[-1.82230564686773,51.3565899751544],[-1.82230575329691,51.3565899348522],[-1.82230587116637,51.3565899071558],[-1.82230599329554,51.3565898920544],[-1.82230611824483,51.3565898904449],[-1.8223062417024,51.3565899032201],[-1.82230636080296,51.3565899285772],[-1.82236738627894,51.3566069964591],[-1.82265966896399,51.3566116981604],[-1.82299976048608,51.3566036964785],[-1.82323776389357,51.3565955511087],[-1.82334660719416,51.3565744536175],[-1.82355752693368,51.3565407463302],[-1.82374133844717,51.3564814729584],[-1.82395920076631,51.3564137359513],[-1.82416353227341,51.3563247288418],[-1.82432021779989,51.3562441483255],[-1.82449063686859,51.3561295792669],[-1.82462027608908,51.3560106726066],[-1.8247019118277,51.3559315657153],[-1.82485212362706,51.3557828726071],[-1.82494763660056,51.3556937018901],[-1.82503658456494,51.3555449847174],[-1.82511886967296,51.3553706704477],[-1.82521482177487,51.3551751044919],[-1.82529720399664,51.3549752714442],[-1.82536588502337,51.3547967025024],[-1.82540736213857,51.3546181263846],[-1.82539431765206,51.3544735159024],[-1.82536078955529,51.3543458506437],[-1.82534069995849,51.3542692806575],[-1.82527990645043,51.3541671422014],[-1.82521226610553,51.3540820024578],[-1.82508348146852,51.3539754800077],[-1.82508341566048,51.3539754142696],[-1.82508336854492,51.3539753422649],[-1.82508334155101,51.3539752657943],[-1.8250833361011,51.3539751884566],[-1.82508335362782,51.353975111153],[-1.82508338981279,51.3539750365748],[-1.82508344751438,51.3539749683228],[-1.82508352242451,51.3539749063907],[-1.82508361309683,51.3539748534739],[-1.82508371808849,51.3539748113685],[-1.82508383308795,51.3539747809674],[-1.82508395378366,51.3539747631634],[-1.82508407730014,51.3539747588512],[-1.82508420076529,51.3539747680267],[-1.82508431987099,51.3539747906834],[-1.82508443031256,51.3539748259158],[-1.8250845306608,51.3539748719233],[-1.82508461517155,51.3539749286975],[-1.82521345134988,51.3540814925853],[-1.82521350143015,51.3540815403164],[-1.82521352144585,51.3540815637249],[-1.82528120895631,51.3541667628839],[-1.82528123894921,51.3541668060892],[-1.82534207098362,51.3542690102421],[-1.82534210514812,51.3542690894208],[-1.8253622060613,51.3543457052819],[-1.82539574125328,51.3544733939295],[-1.82539574968858,51.3544734415986],[-1.82540880032922,51.354618134365],[-1.82540879357494,51.354618211235],[-1.82536730039168,51.3547968601632],[-1.82536728877678,51.3547968934157],[-1.82529859616403,51.3549754893166],[-1.82521620379269,51.3551753493257],[-1.82512024446087,51.3553709296588],[-1.82503795500474,51.3555452556124],[-1.82503793909826,51.3555452843625],[-1.82494895211659,51.3556940662192],[-1.82494890015704,51.3556941344796],[-1.8249488756476,51.3556941596202],[-1.8248533280825,51.3557833635563],[-1.82470312205719,51.3559320494813],[-1.82462147190385,51.3560111707389],[-1.82449179233332,51.3561301142066],[-1.82449173615357,51.3561301590818],[-1.82432123645374,51.3562447828715],[-1.82432116880545,51.3562448223344],[-1.82416442140177,51.3563254351299],[-1.82416437679978,51.3563254566436],[-1.82395997768014,51.3564144933263],[-1.82395992446473,51.3564145139277],[-1.82395988564146,51.3564145264581],[-1.82374198736848,51.356482276001],[-1.82355811258757,51.3565415690609],[-1.82355802776692,51.3565415923123],[-1.8235579616572,51.3565416048015],[-1.82334699736683,51.356575319216],[-1.8232381037622,51.3565964265229],[-1.82323801467096,51.3565964398766],[-1.82323792991573,51.3565964460434],[-1.82299982596501,51.3566045939597],[-1.82265968129306,51.3566125973599]]]},"properties":{"OBJECTID":1038939,"LAYER":"DITCH","project":"Avebury World Heritage Site","PERIOD":"MEDIEVAL\\POST MEDIEVAL","MONUMENT_TYPE":"TREE ENCLOSURE RING","EVIDENCE_1":"CROPMARK","HE_UID":"1176742","HE_URL1":"https://www.heritagegateway.org.uk/Gateway/Results_Single.aspx?uid=1176742&resourceID=19191","HER_NO":" NONE GIVEN"}},{"type":"Feature","id":935527,"geometry":{"type":"Polygon","coordinates":[[[-1.8003720581643,51.3491763094315],[-1.80066134790207,51.3491101531686],[-1.80072177512338,51.3492054700476],[-1.80075183148314,51.3492912130627],[-1.80056893006273,51.3493766038225],[-1.80024919748231,51.3494427081047],[-1.79989863851072,51.3496039823894],[-1.79942621822047,51.3498031370122],[-1.7991519628744,51.3499074052513],[-1.79901567090698,51.3497643461566],[-1.79903122340667,51.3496882030591],[-1.79942725332792,51.3495650983505],[-1.79973205681781,51.3494323055225],[-1.80009783554091,51.3492710576236],[-1.8003720581643,51.3491763094315]]]},"properties":{"OBJECTID":935527,"LAYER":"BANK","project":"Avebury World Heritage Site","PERIOD":"POST MEDIEVAL","MONUMENT_TYPE":"FIELD BOUNDARY\\WOOD BANK","EVIDENCE_1":"EARTHWORK","HE_UID":"1491976","HE_URL1":"https://www.heritagegateway.org.uk/Gateway/Results_Single.aspx?uid=1491976&resourceID=19191","HER_NO":" NONE GIVEN"}},{"type":"Feature","id":1221887,"geometry":{"type":"Polygon","coordinates":[[[-1.79475991891996,51.3455721601134],[-1.79562619713635,51.3443935558866],[-1.79736770204416,51.3446402862821],[-1.79750220064461,51.3448406312218],[-1.79766748861113,51.3451936562684],[-1.79770374611389,51.3453793639192],[-1.79770701703631,51.3454814807168],[-1.79766609432736,51.3455115778342],[-1.7976711608293,51.3455643775624],[-1.79709435777998,51.3461919294993],[-1.79699489290616,51.3462325356264],[-1.79697049907955,51.3464412116894],[-1.79694176530647,51.3465430393972],[-1.79686290918137,51.3468530310763],[-1.79679098522354,51.3471504101542],[-1.79673622466622,51.3473193437118],[-1.79680197463445,51.3474100140696],[-1.79532382900569,51.3478564102261],[-1.79503889681105,51.3473812982606],[-1.79534670835741,51.3473177051134],[-1.79559273830573,51.3473181333681],[-1.79567520756512,51.347215653142],[-1.79565532886331,51.3470745189035],[-1.79493804590412,51.3470091306378],[-1.79487699144239,51.3469064093978],[-1.79488047005306,51.3461239470622],[-1.79475991891996,51.3455721601134]]]},"properties":{"OBJECTID":1221887,"LAYER":"RIDGE_AND_FURROW_AREA","project":"Avebury World Heritage Site","PERIOD":"MEDIEVAL\\POST MEDIEVAL","MONUMENT_TYPE":"RIDGE AND FURROW","EVIDENCE_1":"CROPMARK\\EARTHWORK","HE_UID":"221163","HE_URL1":"https://www.heritagegateway.org.uk/Gateway/Results_Single.aspx?uid=221163&resourceID=19191","HER_NO":" NONE GIVEN"}},{"type":"Feature","id":1084861,"geometry":{"type":"Polygon","coordinates":[[[-1.81692218281987,51.3552124896408],[-1.81694665682972,51.3551972596792],[-1.81697714303353,51.3552049411936],[-1.81697706713264,51.3552240216789],[-1.81694648976317,51.3552392511334],[-1.81691595799378,51.3552430161037],[-1.81690379609362,51.3552353631195],[-1.81692218281987,51.3552124896408]]]},"properties":{"OBJECTID":1084861,"LAYER":"DITCH","project":"Avebury World Heritage Site","PERIOD":"PREHISTORIC\\ROMAN","MONUMENT_TYPE":"DITCHED ENCLOSURE\\PIT\\RECTILINEAR ENCLOSURE\\SETTLEMENT","EVIDENCE_1":"CROPMARK","HE_UID":"1176733","HE_URL1":"https://www.heritagegateway.org.uk/Gateway/Results_Single.aspx?uid=1176733&resourceID=19191","HER_NO":" NONE GIVEN"}},{"type":"Feature","id":1228522,"geometry":{"type":"Polygon","coordinates":[[[-1.79794514369126,51.3311409884253],[-1.79760069614819,51.3303349929564],[-1.79807422907864,51.3305602634019],[-1.79827452369115,51.3305738109783],[-1.79886564081758,51.3304361890545],[-1.79852054748413,51.3297754318196],[-1.79921750358563,51.3295455655801],[-1.79958461267333,51.3299951050639],[-1.79994069806848,51.3305568530708],[-1.80289593943111,51.3299346854235],[-1.80317841999609,51.3304566897439],[-1.80005374178603,51.3312370170715],[-1.80029484717168,51.3315675104474],[-1.79859498178332,51.3320465312254],[-1.79819651865849,51.3315309175487],[-1.79794514369126,51.3311409884253]]]},"properties":{"OBJECTID":1228522,"LAYER":"RIDGE_AND_FURROW_AREA","project":"Marden Environs","PERIOD":"MEDIEVAL\\POST MEDIEVAL","MONUMENT_TYPE":"RIDGE AND FURROW","EVIDENCE_1":"EARTHWORK","HE_UID":"1505252","HE_URL1":"https://www.heritagegateway.org.uk/Gateway/Results_Single.aspx?uid=1505252&resourceID=19191","HER_NO":" NONE GIVEN"}},{"type":"Feature","id":1166979,"geometry":{"type":"Polygon","coordinates":[[[-1.82295870144761,51.3458469058264],[-1.82281154008733,51.3457485742924],[-1.82281146279358,51.3457485121323],[-1.82281140418925,51.345748443706],[-1.82281136427435,51.3457483690136],[-1.82281134734239,51.3457482916583],[-1.82281135051834,51.3457482125349],[-1.82281137665647,51.3457481361436],[-1.82281142288178,51.3457480633793],[-1.82281148918388,51.3457479969395],[-1.82281157268425,51.3457479386183],[-1.82281167194024,51.3457478902118],[-1.82281178120175,51.3457478535098],[-1.82281190046879,51.3457478285123],[-1.82281202398784,51.3457478179081],[-1.82281215033004,51.3457478198968],[-1.82281227230955,51.3457478362658],[-1.82281238849749,51.3457478652147],[-1.82281249458651,51.3457479067369],[-1.82281258771195,51.3457479590299],[-1.82295769250226,51.3458449288004],[-1.82251268760125,51.3449624840602],[-1.82249793108407,51.3450946742586],[-1.82249791068537,51.3450947515577],[-1.82249787019983,51.3450948252297],[-1.8224978096309,51.3450948943755],[-1.82249773186743,51.3450949545035],[-1.82249763690596,51.345095006513],[-1.82249752906765,51.3450950468136],[-1.82249741266325,51.3450950745126],[-1.82249728912855,51.3450950896124],[-1.82249716421004,51.3450950912223],[-1.82249704078274,51.3450950784475],[-1.822496923147,51.3450950530928],[-1.82249681273861,51.3450950151605],[-1.82249671672945,51.3450949664597],[-1.82249663368374,51.3450949069883],[-1.82249656933418,51.3450948394524],[-1.82249652510611,51.3450947665517],[-1.82249650099608,51.3450946891855],[-1.822496498426,51.3450946109526],[-1.82251151488079,51.344960169589],[-1.82251151661451,51.3449600922618],[-1.82251151960382,51.344960061694],[-1.82251153855628,51.3449599870903],[-1.822511577599,51.3449599152145],[-1.82251163385352,51.3449598478605],[-1.82251170874522,51.3449597877282],[-1.82251179795989,51.3449597366092],[-1.8225119000583,51.3449596954008],[-1.82251201216199,51.3449596658968],[-1.82251212996368,51.3449596480908],[-1.82251225058493,51.3449596437769],[-1.82251237115767,51.3449596520515],[-1.82251248881039,51.3449596729102],[-1.8225125978035,51.3449597054453],[-1.82251269670126,51.3449597496545],[-1.82251278264251,51.344959802836],[-1.82251285992416,51.3449598676939],[-1.82265407102667,51.3450615958511],[-1.82265414257255,51.3450616589018],[-1.8226541968581,51.3450617300192],[-1.82265422959334,51.3450618047009],[-1.82265424221405,51.3450618829489],[-1.82265423186251,51.3450619611624],[-1.82265420142067,51.345062036648],[-1.82265414945967,51.3450621076052],[-1.82265408029373,51.3450621722422],[-1.82265399249748,51.3450622278593],[-1.82265389181743,51.3450622735659],[-1.82265377826051,51.3450623075637],[-1.822653659009,51.3450623289644],[-1.82265353550212,51.3450623368709],[-1.8226534106114,51.3450623312875],[-1.82265329007991,51.345062312223],[-1.82265317533993,51.3450622805785],[-1.82265307213454,51.3450622363629],[-1.82265298188911,51.3450621822758],[-1.82251396003754,51.3449620220007],[-1.82295874694511,51.3458440339005],[-1.82296558970848,51.3457118515325],[-1.82296560436353,51.3457117742247],[-1.82296564054498,51.3457116996469],[-1.82296569681013,51.3457116295952],[-1.82296577170936,51.3457115676642],[-1.82296586237114,51.3457115138496],[-1.82296596591349,51.3457114708445],[-1.8229660794614,51.345711439544],[-1.8229662015722,51.345711421744],[-1.82296632507039,51.3457114165348],[-1.82296644851328,51.3457114257123],[-1.82296656903623,51.3457114474741],[-1.82296668089609,51.3457114818115],[-1.82296678122475,51.3457115278208],[-1.82296686715409,51.3457115845987],[-1.82296693582291,51.3457116494433],[-1.82296698723814,51.3457117205562],[-1.82296701709932,51.3457117961327],[-1.82296702541682,51.345711873475],[-1.82296004077759,51.3458466021192],[-1.82296004619242,51.3458466875498],[-1.82296003298002,51.3458467630614],[-1.82296000111273,51.3458468358474],[-1.82295994915824,51.3458469050064],[-1.82295988000192,51.345846966946],[-1.82295979507958,51.3458470216685],[-1.82295969584083,51.3458470655792],[-1.82295958659302,51.3458470986846],[-1.8229594702112,51.3458471200899],[-1.82295934957041,51.3458471289002],[-1.82295922898144,51.3458471242228],[-1.82295910987666,51.345847106959],[-1.82295899799575,51.3458470780168],[-1.82295889621028,51.3458470374003],[-1.82295879162927,51.3458469769976],[-1.82295870144761,51.3458469058264]]]},"properties":{"OBJECTID":1166979,"LAYER":"RIDGE_AND_FURROW_ALIGNMENT","project":"Avebury World Heritage Site","PERIOD":"MEDIEVAL\\POST MEDIEVAL","MONUMENT_TYPE":"RIDGE AND FURROW","EVIDENCE_1":"EARTHWORK","HE_UID":"1176930","HE_URL1":"https://www.heritagegateway.org.uk/Gateway/Results_Single.aspx?uid=1176930&resourceID=19191","HER_NO":" NONE GIVEN"}},{"type":"Feature","id":878722,"geometry":{"type":"Polygon","coordinates":[[[-1.82137706500869,51.3482684334634],[-1.82156586705525,51.3482204428237],[-1.82168590511767,51.3482206248414],[-1.82183155571535,51.3482476681829],[-1.82192582171444,51.3482585381806],[-1.82200304720288,51.3482425596676],[-1.82207172124307,51.3482212090342],[-1.82216625647577,51.348162347543],[-1.82226084725695,51.3480927498036],[-1.82233838270138,51.3479963125682],[-1.82237298120759,51.3479159058457],[-1.82227925394865,51.3477655646155],[-1.82212550901317,51.3476151415658],[-1.82212561259533,51.3475883190673],[-1.82217698233331,51.3476044921206],[-1.82229656351939,51.3477226817104],[-1.82245869527531,51.3479214033651],[-1.82256951995877,51.3480878566371],[-1.82271432411686,51.3483348289726],[-1.82280776504945,51.3485602602506],[-1.82290120688854,51.3487856914487],[-1.82296905660351,51.34897890227],[-1.82305431933122,51.3491024075461],[-1.82311378326526,51.3492473284905],[-1.82313090722364,51.3492527223647],[-1.82307945291087,51.3492580041248],[-1.82290895405798,51.349000275321],[-1.82280696020427,51.3487694631281],[-1.82275617323182,51.3485977324422],[-1.82267964956369,51.3484313310658],[-1.8225094597587,51.3480984932975],[-1.82243266896961,51.3480018230527],[-1.82238956680397,51.3480607624273],[-1.82234647888713,51.3481197018068],[-1.82226902603965,51.3481946846445],[-1.82214876020525,51.34825350732],[-1.82199430923872,51.3482854644872],[-1.82187427100631,51.3482852827848],[-1.82178851483113,51.3482905120353],[-1.8217029039561,51.3482582005213],[-1.821642884876,51.3482581095363],[-1.82147128936406,51.3482900310256],[-1.82133396125255,51.348327372441],[-1.82108501429691,51.3484074530273],[-1.82093039527158,51.3484823175786],[-1.8208100434953,51.3485626022551],[-1.82075840831796,51.3486108007584],[-1.82071523430667,51.3486911939175],[-1.82068910012238,51.3487984356831],[-1.82064595322677,51.3488681015942],[-1.82058566170961,51.3489377503315],[-1.82053392140644,51.3490127622259],[-1.82057637907405,51.3491201085895],[-1.82075611215353,51.3492008505433],[-1.82097033707065,51.3492333585645],[-1.82116739686822,51.3492712082256],[-1.82135584308451,51.3493197717347],[-1.82158708889116,51.3493844952501],[-1.82174968014202,51.3494652006893],[-1.82174957633523,51.3494920231781],[-1.82170667957407,51.3494973173013],[-1.82163829426444,51.3494435773295],[-1.82152702678546,51.3493951313975],[-1.82128718788,51.3493357628347],[-1.82112439607761,51.349303324624],[-1.8209101850873,51.3492708169052],[-1.820696022696,51.3492222134834],[-1.82057614919358,51.3491791216569],[-1.82050774478158,51.349130740131],[-1.82048221614612,51.3490824240073],[-1.82048248795382,51.349012683743],[-1.82047422930639,51.3489322121906],[-1.8204485610077,51.3489160776263],[-1.82054303048925,51.3488786718803],[-1.82059465183079,51.3488304734541],[-1.82062073792919,51.3487393270245],[-1.82065538177552,51.3486481846434],[-1.8207071006132,51.3485785317914],[-1.82076734970252,51.3485196191743],[-1.82089623834498,51.3484447156661],[-1.82105083644438,51.3483752192542],[-1.82119684116513,51.3483110687099],[-1.82137706500869,51.3482684334634]]]},"properties":{"OBJECTID":878722,"LAYER":"BANK","project":"Avebury World Heritage Site","PERIOD":"BRONZE AGE\\MEDIEVAL\\POST MEDIEVAL","MONUMENT_TYPE":"CULTIVATION TERRACE\\ROUND BARROW\\TRIANGULATION POINT","EVIDENCE_1":"CONJECTURAL EVIDENCE\\EARTHWORK\\STRUCTURE","HE_UID":"221211","HE_URL1":"https://www.heritagegateway.org.uk/Gateway/Results_Single.aspx?uid=221211&resourceID=19191","HER_NO":" NONE GIVEN"}},{"type":"Feature","id":1280158,"geometry":{"type":"Polygon","coordinates":[[[-1.83817340253499,51.3452470490414],[-1.83818183929015,51.3452404786032],[-1.8381962299669,51.3452433757682],[-1.83819970122832,51.3452484069802],[-1.83819863459799,51.345253674737],[-1.83818808215908,51.3452576076581],[-1.83817548024216,51.3452523211189],[-1.83817340253499,51.3452470490414]]]},"properties":{"OBJECTID":1280158,"LAYER":"STRUCTURE","project":"Avebury World Heritage Site","PERIOD":"20TH CENTURY","MONUMENT_TYPE":"ANTI TANK OBSTACLE\\TANK TRAP","EVIDENCE_1":"STRUCTURE","HE_UID":"1423084","HE_URL1":"https://www.heritagegateway.org.uk/Gateway/Results_Single.aspx?uid=1423084&resourceID=19191","HER_NO":" NONE GIVEN"}},{"type":"Feature","id":920634,"geometry":{"type":"Polygon","coordinates":[[[-1.83020454669532,51.351144551102],[-1.83019390477294,51.3511216335483],[-1.83032935695838,51.3510949344183],[-1.83055243786291,51.3510664191437],[-1.83075350071555,51.3510469355345],[-1.8309801457341,51.3510252943279],[-1.83120300914964,51.3510127829573],[-1.83147717103562,51.3509868299294],[-1.83166737399149,51.3509604234592],[-1.8317880276886,51.3509473600505],[-1.8318575540144,51.3509363005711],[-1.83194494336082,51.3509527725894],[-1.83202855153655,51.3509783748485],[-1.83209416268778,51.3509855900387],[-1.83216733624053,51.3509745535643],[-1.83221126595006,51.3509656423728],[-1.83221454017858,51.3509930901225],[-1.83209020213614,51.3510084236463],[-1.83195155126601,51.3510031093255],[-1.83184958118061,51.3509842696038],[-1.83179124182989,51.3509793845674],[-1.83160084500093,51.3510195035075],[-1.83130856642941,51.3510362142185],[-1.83092851032278,51.3510638760197],[-1.83045687189284,51.351113911187],[-1.83032872862516,51.3511406479818],[-1.83025937309915,51.3511402781762],[-1.83020454669532,51.351144551102]]]},"properties":{"OBJECTID":920634,"LAYER":"BANK","project":"Avebury World Heritage Site","PERIOD":"MEDIEVAL\\POST MEDIEVAL","MONUMENT_TYPE":"STRIP LYNCHET","EVIDENCE_1":"EARTHWORK","HE_UID":"221181","HE_URL1":"https://www.heritagegateway.org.uk/Gateway/Results_Single.aspx?uid=221181&resourceID=19191","HER_NO":" NONE GIVEN"}},{"type":"Feature","id":890793,"geometry":{"type":"Polygon","coordinates":[[[-1.81854058291844,51.3497126856747],[-1.81862672303873,51.3497128185348],[-1.81871252360097,51.3497992274559],[-1.81881508884942,51.3500042824106],[-1.81891744300959,51.3502632609702],[-1.81898546305888,51.3504898339818],[-1.81886468934989,51.3505327817931],[-1.81866006661332,51.3499932623017],[-1.81852318204936,51.3497558016479],[-1.81854058291844,51.3497126856747]]]},"properties":{"OBJECTID":890793,"LAYER":"BANK","project":"Avebury World Heritage Site","PERIOD":"LATER PREHISTORIC\\ROMAN","MONUMENT_TYPE":"FIELD SYSTEM","EVIDENCE_1":"CROPMARK","HE_UID":"1491860","HE_URL1":"https://www.heritagegateway.org.uk/Gateway/Results_Single.aspx?uid=1491860&resourceID=19191","HER_NO":" NONE GIVEN"}},{"type":"Feature","id":1042093,"geometry":{"type":"Polygon","coordinates":[[[-1.83375475250545,51.3547436578249],[-1.83393059506321,51.354701168117],[-1.83414290447411,51.3546611573771],[-1.8345991158829,51.3546727520071],[-1.83507299361064,51.3547278717879],[-1.8354229335703,51.354768618156],[-1.83570624837996,51.3548752975364],[-1.83592673423689,51.3549945042049],[-1.83603977632755,51.355048531853],[-1.83604654496079,51.3550874309745],[-1.83600625961425,51.3550963576828],[-1.83582172868115,51.3549742160384],[-1.83560783369197,51.354863335831],[-1.83539680796081,51.3548096203511],[-1.83487207223507,51.3547359434361],[-1.83427737645769,51.3547053170301],[-1.83408386160009,51.3547065637667],[-1.83391913241821,51.3547376767511],[-1.83366965607139,51.3548254980328],[-1.83332072993438,51.3549767860543],[-1.83298272161101,51.3551304174034],[-1.83274655698007,51.3553120313721],[-1.83247640023149,51.3555757547486],[-1.8322231429401,51.3559378721704],[-1.83214103994899,51.3560677318322],[-1.83210944284489,51.3562413009037],[-1.83209013882857,51.3563166428233],[-1.83205696773069,51.356339317785],[-1.83202043954468,51.3563414146414],[-1.83204825542949,51.3561769669028],[-1.83208671506113,51.356035436537],[-1.83219149325411,51.3558508310694],[-1.83229937423804,51.3557051015918],[-1.83244077515842,51.3555115562789],[-1.83253695164751,51.3554206330578],[-1.83266621549244,51.355313877277],[-1.83281045613158,51.3551797805056],[-1.83302772748733,51.3550437910893],[-1.83324448310824,51.354946654224],[-1.8334978840872,51.3548382840945],[-1.83375475250545,51.3547436578249]]]},"properties":{"OBJECTID":1042093,"LAYER":"DITCH","project":"Avebury World Heritage Site","PERIOD":"MEDIEVAL\\POST MEDIEVAL\\UNCERTAIN","MONUMENT_TYPE":"CIRCULAR ENCLOSURE\\TREE ENCLOSURE RING","EVIDENCE_1":"CROPMARK","HE_UID":"221220","HE_URL1":"https://www.heritagegateway.org.uk/Gateway/Results_Single.aspx?uid=221220&resourceID=19191","HER_NO":" NONE GIVEN"}},{"type":"Feature","id":1039088,"geometry":{"type":"MultiPolygon","coordinates":[[[[-1.79785551942671,51.3431993507403],[-1.79772299746496,51.3431674849575],[-1.79772285687231,51.3431674604375],[-1.79772274645707,51.3431674296752],[-1.79719766904886,51.3430436900146],[-1.79719756150962,51.3430436583576],[-1.79719744974625,51.3430436078105],[-1.79713433930968,51.3430078804475],[-1.79702059892929,51.3429760094254],[-1.79672950697915,51.3429200311797],[-1.79672939225805,51.342920000409],[-1.79672928907799,51.3429199570698],[-1.79672919886277,51.3429199038619],[-1.79672912591554,51.3429198416921],[-1.79672906879267,51.3429197723563],[-1.79672903322901,51.3429196976626],[-1.79672901777305,51.3429196212053],[-1.79672902529616,51.3429195429894],[-1.79672905290716,51.3429194675058],[-1.79672910060206,51.3429193956536],[-1.79672916693329,51.342919330128],[-1.79672925188899,51.3429192736265],[-1.79672934972634,51.342919226139],[-1.79672946043347,51.3429191903632],[-1.79672957826759,51.3429191662891],[-1.79672970178113,51.3429191566117],[-1.79672982523919,51.3429191595228],[-1.79672994576646,51.3429191759166],[-1.79702108074715,51.3429751623282],[-1.79702114528637,51.3429751777258],[-1.79713502906115,51.3430070885589],[-1.79713509644416,51.3430071102556],[-1.79713520820737,51.3430071608028],[-1.79719830289044,51.3430428791463],[-1.79772322391368,51.3431665924587],[-1.79772328560563,51.3431666024559],[-1.79772336164279,51.3431666151753],[-1.7979667633271,51.3431878158008],[-1.79799506537714,51.3431790137975],[-1.79806518237128,51.3431499351397],[-1.79801444773066,51.343144208273],[-1.79801432578239,51.3431441882814],[-1.79789417114656,51.3431162473012],[-1.79777393281355,51.3431041595472],[-1.79762831869152,51.3430880562822],[-1.79755234740051,51.3430799946349],[-1.79755222258516,51.3430799737387],[-1.79755217669397,51.3430799619703],[-1.79743830677136,51.3430480605581],[-1.79743822505481,51.3430480334417],[-1.79734968985852,51.3430122066174],[-1.79726755052841,51.342980382233],[-1.79717284554464,51.3429564965697],[-1.79706552554662,51.3429602533063],[-1.79704030721646,51.3429720250172],[-1.79704020222851,51.3429720661983],[-1.79704008581034,51.3429720947711],[-1.79703996514044,51.342972110748],[-1.79703984165847,51.3429721132322],[-1.79703971823187,51.342972103128],[-1.79703960060742,51.3429720795461],[-1.7970394902168,51.3429720433882],[-1.79703939279891,51.3429719955632],[-1.79703930834581,51.3429719378697],[-1.79703924115275,51.3429718730125],[-1.79703919409111,51.3429718009965],[-1.79703916714506,51.3429717254186],[-1.79703916030672,51.3429716480771],[-1.79703917643956,51.3429715707752],[-1.79703921266032,51.3429714962056],[-1.79703926895712,51.3429714270658],[-1.79703934388638,51.3429713651515],[-1.79703943313701,51.3429713113547],[-1.79706484136675,51.342959451852],[-1.7970649305343,51.3429594169379],[-1.797065025413,51.3429593892271],[-1.79706512599097,51.3429593714171],[-1.79706523083256,51.3429593635055],[-1.79717292560907,51.3429555930291],[-1.79717322267213,51.3429556223157],[-1.79726814420389,51.3429795632024],[-1.79726824456455,51.342979594847],[-1.79735045699203,51.3430114472316],[-1.79743894346047,51.3430472541893],[-1.79755268002695,51.3430791176055],[-1.79762856377819,51.34308717011],[-1.79777417215472,51.3431032733647],[-1.79789447506457,51.3431153675238],[-1.79789460418728,51.3431153884271],[-1.79801476456006,51.3431433303159],[-1.79806691411559,51.3431492169708],[-1.79817369100737,51.3431049358088],[-1.7981413092468,51.3431008230774],[-1.79814126763502,51.3431008176108],[-1.79802102667848,51.3430807966152],[-1.79788175546966,51.3430647054661],[-1.7977741415746,51.3430486677341],[-1.79761589649185,51.3430285782199],[-1.79761578459396,51.3430285582451],[-1.79750186148125,51.3430006168044],[-1.79740062433316,51.342972698923],[-1.79740054548027,51.34297267361],[-1.79728675398779,51.3429288858871],[-1.79717932931272,51.3428970286108],[-1.79711617765725,51.342889008588],[-1.79704038007183,51.342888877702],[-1.79700887206537,51.342896704618],[-1.79695192706099,51.3429203176914],[-1.79692021131076,51.3429479361388],[-1.79692012921478,51.342947995343],[-1.79692003280535,51.3429480446315],[-1.79691992352211,51.3429480831075],[-1.7969198056801,51.3429481089801],[-1.7969196821507,51.3429481222544],[-1.79691955581322,51.3429481211369],[-1.79691943384221,51.3429481065392],[-1.79691931623765,51.3429480784613],[-1.79691920873442,51.3429480387115],[-1.79691911420393,51.3429479872947],[-1.79691903550569,51.3429479269134],[-1.79691897407144,51.3429478584693],[-1.79691893276072,51.342947784665],[-1.7969189115656,51.3429477072986],[-1.79691891334956,51.3429476281736],[-1.79691893665712,51.3429475517833],[-1.79691898148828,51.3429474781278],[-1.79691904495582,51.3429474107988],[-1.79695083852683,51.3429197259465],[-1.79695102566209,51.342919613872],[-1.79700814183042,51.3428959291602],[-1.79700818066147,51.3428959139411],[-1.79700827266868,51.3428958862254],[-1.79703999051573,51.3428880075193],[-1.79704012126298,51.3428879852655],[-1.7970402462002,51.3428879782879],[-1.7971162519601,51.3428881095334],[-1.79711638400858,51.342888117854],[-1.79717970067706,51.3428961588427],[-1.79717980540385,51.3428961770071],[-1.79717986563197,51.3428961932964],[-1.79728740357941,51.3429280840373],[-1.7972874637918,51.3429281039232],[-1.79740124668465,51.3429718880339],[-1.79750241356493,51.3429997869108],[-1.79761624345795,51.3430277048117],[-1.79777444979761,51.3430477888636],[-1.79788205220906,51.3430638256765],[-1.79802131336938,51.3430799159087],[-1.79802136789458,51.3430799231959],[-1.79814161602358,51.3430999451027],[-1.7981753853532,51.3431042328601],[-1.79818537738059,51.343100089501],[-1.79832499237171,51.343036923302],[-1.79832505565261,51.3430368982335],[-1.79832513903725,51.3430368723003],[-1.79847735290788,51.3429974938429],[-1.79847747216522,51.342997472467],[-1.79847759567468,51.3429974636869],[-1.79847772055699,51.3429974692962],[-1.79847784107722,51.3429974874865],[-1.79847795436398,51.342997518253],[-1.79847805898154,51.3429975615932],[-1.7984781491989,51.3429976147997],[-1.7984782235843,51.3429976769709],[-1.79847827927418,51.3429977463035],[-1.7984783148407,51.3429978209966],[-1.79847833029564,51.3429978983529],[-1.79847832277938,51.3429979756697],[-1.79847829516724,51.3429980520529],[-1.79847824747888,51.3429981230066],[-1.7984781797143,51.3429981885307],[-1.79847809619235,51.3429982459352],[-1.79847799692091,51.3429982934217],[-1.79847788621493,51.3429983291991],[-1.798325764333,51.3430376835372],[-1.79818619537751,51.3431008282358],[-1.79817737558378,51.3431044853518],[-1.79823655729559,51.3431120016381],[-1.79823665485263,51.3431120179909],[-1.79834423299144,51.3431359779374],[-1.79834434626664,51.3431360114016],[-1.79834444800905,51.3431360556361],[-1.79834453678296,51.3431361106386],[-1.79834460828914,51.3431361746033],[-1.79834466253543,51.3431362457318],[-1.79834469522649,51.3431363213193],[-1.79834470637414,51.3431363986682],[-1.7983446959823,51.3431364768793],[-1.79834466406669,51.3431365523558],[-1.79834461206693,51.3431366242013],[-1.7983445414384,51.343136687922],[-1.7983444536168,51.3431367435207],[-1.79834435148138,51.3431367892037],[-1.79834423791535,51.3431368222786],[-1.79834411722189,51.3431368436519],[-1.7983439937199,51.3431368506334],[-1.79834386884116,51.3431368441249],[-1.79834374832455,51.3431368250352],[-1.79823622182218,51.3431128759671],[-1.79817568267368,51.343105188303],[-1.79806895756695,51.3431494470762],[-1.79869212578953,51.3432197838852],[-1.79869224630258,51.3432198038737],[-1.79869235957824,51.3432198373375],[-1.79869246275295,51.3432198824733],[-1.79869255008781,51.3432199383723],[-1.79869262159458,51.3432200023368],[-1.79869267440579,51.3432200734627],[-1.79869270565785,51.3432201499468],[-1.79869271680611,51.3432202272956],[-1.79869270497912,51.3432203055043],[-1.79869267306401,51.3432203809809],[-1.79869261963292,51.3432204519249],[-1.79869254756511,51.3432205165426],[-1.79869245831198,51.3432205712398],[-1.79869235618064,51.343220616024],[-1.79869224261465,51.3432206490992],[-1.79869212192897,51.3432206686745],[-1.7986919969911,51.343220675654],[-1.79869187211601,51.3432206682466],[-1.79806722582265,51.3431501652452],[-1.79799582008722,51.343179778501],[-1.79799578125625,51.3431797937204],[-1.79799574243709,51.3431798062422],[-1.79796928783946,51.3431880242554],[-1.79800181881385,51.3431908586528],[-1.79883117445837,51.3432913640647],[-1.79883129352811,51.343291385849],[-1.79883140680405,51.3432914193126],[-1.79883150710372,51.3432914653427],[-1.79883159443888,51.3432915212415],[-1.79883166450633,51.3432915861026],[-1.79883171588211,51.343291657226],[-1.79883174569874,51.3432917337076],[-1.79883175541152,51.3432918110539],[-1.79883174214906,51.3432918892602],[-1.79883170879841,51.3432919647344],[-1.79883165537138,51.3432920347792],[-1.79883158187185,51.3432920984954],[-1.79883149261874,51.3432921531928],[-1.7988313890556,51.3432921970754],[-1.79883127549346,51.3432922292516],[-1.79883115480765,51.343292248827],[-1.79883102987353,51.3432922549075],[-1.79883090643394,51.3432922475027],[-1.79800158521545,51.3431917457448],[-1.79796700629962,51.3431887225948],[-1.79791963206932,51.3432034497818],[-1.79791952283357,51.3432034774686],[-1.79791940647048,51.3432034934538],[-1.79791928872683,51.3432034968481],[-1.79791917103832,51.3432034876539],[-1.79791905627242,51.3432034667753],[-1.79791895016801,51.3432034351215],[-1.79791885272904,51.3432033917931],[-1.79791876825079,51.3432033394952],[-1.79791869959683,51.3432032800311],[-1.79791864676714,51.3432032134007],[-1.79791861262131,51.3432031423066],[-1.79791859715149,51.343203068547],[-1.79791860034978,51.3432029939203],[-1.79791862507579,51.343202921129],[-1.7979186670145,51.343202851964],[-1.79791872759378,51.3432027882263],[-1.79791880250254,51.3432027308073],[-1.79791889316075,51.3432026833066],[-1.79791899526523,51.3432026448173],[-1.79796448178725,51.3431885141401],[-1.79772921031377,51.3431680243709],[-1.79785624504564,51.3431985625059],[-1.79785634398329,51.3431985914499],[-1.79785643426336,51.3431986302701],[-1.79785651445805,51.3431986771655],[-1.79785658313949,51.3431987303355],[-1.79798904909034,51.3433218008873],[-1.7981719206119,51.3434686252599],[-1.79831091896407,51.3434886441264],[-1.79888069029643,51.3435530292041],[-1.79888073478013,51.3435530346753],[-1.79932383848876,51.3436211688431],[-1.79976693202769,51.3436932676141],[-1.80015937313222,51.3437613122908],[-1.80015949074469,51.3437613394663],[-1.80015959825258,51.3437613792132],[-1.80015969422792,51.3437614297306],[-1.80015977293175,51.3437614901097],[-1.80015983437183,51.3437615585521],[-1.80015987712414,51.3437616323578],[-1.8001598968893,51.3437617097211],[-1.80015989655043,51.3437617879494],[-1.80015987324388,51.3437618652395],[-1.80015982985277,51.3437619388987],[-1.80015976638881,51.3437620062295],[-1.80015968572733,51.3437620663376],[-1.80015958931963,51.3437621156287],[-1.80015948003715,51.3437621541078],[-1.80015936219098,51.3437621808828],[-1.80015923866422,51.3437621932613],[-1.80015911375627,51.3437621930489],[-1.80015899034638,51.3437621784521],[-1.79976656071307,51.3436941355921],[-1.79932348725088,51.3436220404506],[-1.79888041366102,51.3435539117282],[-1.7983106308404,51.3434895248311],[-1.79817134982308,51.3434694659147],[-1.79817123649999,51.3434694432405],[-1.7981711304066,51.3434694088894],[-1.79817103441041,51.3434693637654],[-1.79817095281071,51.3434693096742],[-1.79798790245178,51.3433223420226],[-1.79798787241211,51.3433223167939],[-1.79785551942671,51.3431993507403]]],[[[-1.79729969848272,51.3428615297438],[-1.79719869408039,51.3428336714355],[-1.79704691101361,51.342833409397],[-1.79695204393548,51.3428490621455],[-1.79686337932844,51.3428884567736],[-1.79682531187307,51.3429160983846],[-1.79682522694126,51.3429161494912],[-1.79682513487451,51.3429161906944],[-1.79679340673059,51.3429280248299],[-1.79679329316398,51.3429280579033],[-1.79679317247034,51.3429280792749],[-1.79679304896869,51.3429280862549],[-1.79679292409073,51.3429280797446],[-1.79679280357531,51.3429280606534],[-1.79679269029776,51.3429280280869],[-1.79679258712158,51.3429279838485],[-1.7967924983499,51.3429279288449],[-1.79679242541048,51.3429278648768],[-1.79679237116286,51.3429277946467],[-1.79679233847446,51.3429277190588],[-1.79679232589375,51.3429276417073],[-1.79679233485245,51.3429275634939],[-1.79679236677043,51.3429274880177],[-1.79679241733664,51.3429274161705],[-1.79679248796697,51.3429273524507],[-1.796792575794,51.3429272959541],[-1.79679267649478,51.3429272502699],[-1.79682429965826,51.3429154555172],[-1.79686234839026,51.3428878273619],[-1.79686243332198,51.3428877762553],[-1.79686247792357,51.342887754752],[-1.79695132090444,51.3428482813046],[-1.79695155235206,51.3428482133666],[-1.79704663637669,51.3428325250259],[-1.79704669671146,51.3428325170374],[-1.79704682164853,51.3428325100597],[-1.79719884734475,51.342832772517],[-1.79719894495223,51.3428327771814],[-1.79719904252413,51.3428327899384],[-1.79719913431768,51.342832810778],[-1.79730034377794,51.342860725189],[-1.79730041546396,51.3428607477922],[-1.79730046992558,51.3428607694665],[-1.79740790247159,51.3429084909293],[-1.79754056089266,51.342948304282],[-1.79774941869432,51.3429605439286],[-1.79774949331912,51.3429605512505],[-1.79806602763607,51.3430046996726],[-1.79829389960323,51.3430407634002],[-1.79829401148572,51.3430407869709],[-1.79829411613465,51.3430408231179],[-1.79829420925867,51.3430408682368],[-1.79829429085384,51.3430409232271],[-1.79829435518915,51.3430409853811],[-1.79829440227246,51.3430410529006],[-1.7982944321077,51.3430411248865],[-1.79829444183527,51.3430411986362],[-1.79829443145909,51.3430412732505],[-1.7982944024306,51.3430413451354],[-1.79829435618941,51.3430414133939],[-1.79829429131161,51.3430414753262],[-1.79829421067256,51.3430415300379],[-1.7982941171515,51.3430415757357],[-1.79829401219202,51.3430416106237],[-1.7982939001012,51.3430416347092],[-1.79829378375437,51.3430416470981],[-1.79829366459118,51.3430416468936],[-1.79829354835049,51.3430416350047],[-1.79806569646341,51.3430055749077],[-1.79774923962518,51.3429614365091],[-1.79754030000449,51.3429491922253],[-1.79754005612123,51.3429491495435],[-1.79740722707531,51.3429092846426],[-1.79740717689698,51.3429092683708],[-1.79740712243524,51.3429092466965],[-1.79729969848272,51.3428615297438]]],[[[-1.79657078359268,51.3430258906683],[-1.79657089704473,51.3430258836713],[-1.79657101188095,51.343025888366],[-1.79657112235853,51.3430259047425],[-1.79687491470123,51.3430858869169],[-1.79687502798316,51.3430859185841],[-1.79687513116372,51.3430859619232],[-1.79687522137943,51.3430860151309],[-1.79687529575886,51.3430860782023],[-1.79687535144645,51.3430861475356],[-1.79687538557477,51.3430862222268],[-1.79687540102707,51.3430862995832],[-1.79687539350813,51.3430863769],[-1.79687536445762,51.3430864532803],[-1.79687531676672,51.3430865242333],[-1.79687524899976,51.3430865897565],[-1.79687516404393,51.3430866462582],[-1.79687506477067,51.3430866937433],[-1.79687495406721,51.3430867286201],[-1.79687483623669,51.3430867517951],[-1.79687471271878,51.3430867623718],[-1.79687458782852,51.3430867585592],[-1.79687446730473,51.3430867412664],[-1.79657067495703,51.3430267590909],[-1.79657056597463,51.3430267292292],[-1.79657046708968,51.3430266885948],[-1.79657037972999,51.3430266389885],[-1.79657030676695,51.3430265804153],[-1.79657024962435,51.3430265155752],[-1.79657021116965,51.3430264453724],[-1.79657019139096,51.3430263725043],[-1.7965701902843,51.3430262978702],[-1.79657020926951,51.3430262250693],[-1.79657024834264,51.3430261550007],[-1.79657030318865,51.3430260894553],[-1.79657037523532,51.3430260302339],[-1.79657046303504,51.3430259800317],[-1.79657056084503,51.3430259388386],[-1.79657066865339,51.3430259093522],[-1.79657078359268,51.3430258906683]]],[[[-1.79651964581535,51.3431328138817],[-1.79651975496056,51.3431328068772],[-1.79651986405819,51.3431328106629],[-1.79651997167252,51.3431328252361],[-1.79727945252403,51.3432728547967],[-1.79727956295505,51.3432728819627],[-1.79727966472834,51.3432729190047],[-1.79727975496858,51.3432729668171],[-1.79727983224793,51.3432730235989],[-1.79727989370289,51.3432730875469],[-1.79727993646993,51.3432731568578],[-1.79727996199662,51.3432732288364],[-1.79727996741156,51.343273303478],[-1.79727995273052,51.3432733771856],[-1.79727991939714,51.3432734481636],[-1.79727986741931,51.3432735146134],[-1.79727979823667,51.3432735756385],[-1.7972797147325,51.3432736285462],[-1.79727961835043,51.3432736715408],[-1.79727951196184,51.343273704627],[-1.79727939844609,51.3432737260116],[-1.79727928211422,51.3432737348027],[-1.79727916295834,51.3432737327988],[-1.79727904673314,51.3432737173122],[-1.79651956586878,51.343133687749],[-1.79651945400285,51.3431336605798],[-1.79651935080269,51.3431336217362],[-1.79651925913177,51.3431335730216],[-1.79651918185754,51.3431335153401],[-1.79651912040778,51.3431334504925],[-1.79651907908166,51.3431333802847],[-1.79651905500382,51.3431333056108],[-1.79651905246154,51.3431332309743],[-1.7965190685834,51.34313315637],[-1.79651910622891,51.3431330845006],[-1.79651916108305,51.3431330171568],[-1.79651923313392,51.3431329570364],[-1.79651932094184,51.3431329050358],[-1.7965194201878,51.3431328638452],[-1.79651952944007,51.343132832563],[-1.79651964581535,51.3431328138817]]],[[[-1.7964496913446,51.3431961120953],[-1.79644979331144,51.3431961050784],[-1.79644989523464,51.3431961079525],[-1.79644999711818,51.3431961198184],[-1.79725384836701,51.3433282956005],[-1.79725396024569,51.3433283200714],[-1.79725406345875,51.3433283562168],[-1.79725415657839,51.3433284022358],[-1.79725423530141,51.3433284572218],[-1.79725429963177,51.3433285202756],[-1.79725434671386,51.3433285877955],[-1.79725437510802,51.3433286606783],[-1.79725438339829,51.3433287344256],[-1.79725437302432,51.3433288081407],[-1.79725434255833,51.3433288800228],[-1.7972542934439,51.3433289482759],[-1.79725422856828,51.3433290093084],[-1.79725414649181,51.343329064017],[-1.79725405297311,51.3433291088148],[-1.79725394801219,51.3433291437018],[-1.79725383592408,51.3433291668872],[-1.79725371814056,51.3433291792725],[-1.79725360041631,51.3433291781702],[-1.79725348274342,51.3433291653787],[-1.79644963148062,51.343196989594],[-1.79644951673522,51.3431969642181],[-1.79644941209134,51.3431969271704],[-1.79644931754896,51.3431968784507],[-1.79644923739935,51.3431968216634],[-1.79644917307818,51.3431967568108],[-1.79644912744897,51.3431966856963],[-1.79644910193152,51.3431966119191],[-1.79644909652588,51.3431965354793],[-1.79644911265184,51.3431964599758],[-1.79644914743007,51.3431963872023],[-1.79644920228836,51.3431963189594],[-1.79644927434337,51.3431962579397],[-1.79644936215545,51.3431962050401],[-1.79644946284129,51.3431961629529],[-1.79644957353343,51.343196130774],[-1.7964496913446,51.3431961120953]]],[[[-1.79855208379948,51.3433314103493],[-1.79822287610819,51.3433070666628],[-1.79800120795853,51.3433185784355],[-1.79800108305179,51.3433185782208],[-1.79800095963981,51.3433185645209],[-1.79800084202972,51.3433185373433],[-1.798000733089,51.343318497592],[-1.79800063855262,51.3433184470752],[-1.79800055841665,51.3433183866922],[-1.79800049554462,51.3433183182463],[-1.79800045422791,51.3433182453414],[-1.79800043303082,51.3433181679753],[-1.79800043337332,51.3433180897469],[-1.79800045524752,51.3433180124548],[-1.79800049864161,51.3433179387964],[-1.79800056211203,51.3433178705676],[-1.7980006427716,51.3433178113602],[-1.79800073918459,51.3433177611717],[-1.79800084847174,51.3433177217955],[-1.79800096487837,51.3433176959193],[-1.79800108840845,51.3433176826439],[-1.79822282835508,51.343306167398],[-1.79822289009843,51.3433061657056],[-1.79822297192207,51.3433061685437],[-1.79855224563008,51.3433305168389],[-1.79891317567312,51.3433549183816],[-1.79891329190692,51.3433549320683],[-1.7989134037787,51.343354958336],[-1.7989135069892,51.3433549953791],[-1.79891359867091,51.3433550422935],[-1.79891367595631,51.3433550981751],[-1.79891373885325,51.3433551612255],[-1.79891378306244,51.3433552296391],[-1.7989138100235,51.343355302519],[-1.79891381688069,51.3433553762637],[-1.79891380363792,51.343355449974],[-1.79891377173876,51.3433555218541],[-1.79891372119496,51.3433555892063],[-1.79891365488575,51.3433556502373],[-1.7989135713833,51.3433557031462],[-1.79891347643044,51.3433557479429],[-1.79891337147854,51.3433557810331],[-1.7989132579594,51.3433558033184],[-1.79891314018408,51.343355813907],[-1.79891302246363,51.3433558119072],[-1.79855208379948,51.3433314103493]]],[[[-1.80070737516529,51.3431375985064],[-1.8007074871813,51.3431375915029],[-1.80070759771111,51.3431375961863],[-1.80070770676249,51.3431376107581],[-1.80070781002443,51.3431376361104],[-1.80070790750083,51.3431376713438],[-1.8008805303133,51.3432125961371],[-1.80088056613223,51.3432126132822],[-1.80104719486616,51.3432949792028],[-1.8011959504404,51.3433661207239],[-1.80126737341569,51.3433960872047],[-1.80126746653944,51.3433961332205],[-1.80126754526733,51.3433961882038],[-1.80126760960322,51.3433962512554],[-1.80126765525163,51.3433963196705],[-1.80126768365598,51.3433963916532],[-1.80126769195261,51.3433964654002],[-1.80126768014541,51.3433965400124],[-1.80126764968557,51.3433966118955],[-1.80126760201654,51.3433966792537],[-1.8012675357065,51.3433967411852],[-1.80126745363847,51.3433967949974],[-1.80126736012349,51.3433968397984],[-1.80126725516543,51.343396874689],[-1.80126714164344,51.3433968978758],[-1.80126702530039,51.3433969093684],[-1.80126690614014,51.3433969082677],[-1.80126678990167,51.3433968954826],[-1.80126667802457,51.3433968701163],[-1.80126657480823,51.3433968339745],[-1.80119513319907,51.3433668602681],[-1.80119509737604,51.3433668440222],[-1.80104631314089,51.343295689863],[-1.8008796944404,51.3432133275549],[-1.80070708882007,51.3431384108822],[-1.80070699570904,51.3431383621685],[-1.80070691699391,51.3431383044873],[-1.8007068541026,51.3431382396395],[-1.80070680989874,51.3431381694282],[-1.80070678581417,51.3431380947552],[-1.80070678183334,51.3431380192171],[-1.80070679651279,51.3431379446098],[-1.80070683272004,51.3431378718373],[-1.80070688756814,51.3431378044916],[-1.80070695961749,51.3431377434694],[-1.80070704742074,51.3431376914657],[-1.8007071481065,51.3431376484756],[-1.80070725879168,51.3431376171919],[-1.80070737516529,51.3431375985064]]],[[[-1.7963923996646,51.3432594232151],[-1.79639250881012,51.3432594162108],[-1.79639261790804,51.3432594199966],[-1.79639272408691,51.3432594345674],[-1.79726614379119,51.3434194795642],[-1.79726625422649,51.343419505831],[-1.79726635599615,51.3434195437722],[-1.79726644767236,51.3434195915871],[-1.79726652495589,51.3434196474698],[-1.79726658641102,51.3434197114178],[-1.79726662917817,51.3434197807286],[-1.79726665470494,51.3434198527073],[-1.79726666011986,51.3434199273488],[-1.79726664543877,51.3434200010565],[-1.79726661210524,51.3434200720344],[-1.79726656012328,51.3434201393834],[-1.79726649238006,51.3434201995118],[-1.79726640887563,51.3434202524195],[-1.79726631248928,51.3434202963132],[-1.79726620610431,51.3434203285003],[-1.79726609258423,51.343420350784],[-1.79726597481629,51.3434203595726],[-1.79726585709575,51.3434203575712],[-1.79726574087018,51.3434203420845],[-1.79639232115112,51.3432602970848],[-1.79639220928496,51.3432602699155],[-1.79639210464495,51.3432602319685],[-1.79639201297391,51.3432601832538],[-1.79639193569963,51.3432601255722],[-1.79639187568957,51.3432600598279],[-1.79639183292782,51.3432599896176],[-1.79639180884614,51.3432599158428],[-1.79639180630803,51.3432598403071],[-1.79639182243014,51.3432597657028],[-1.79639185864024,51.343259693831],[-1.79639191492646,51.343259627389],[-1.79639198698166,51.3432595663694],[-1.79639207335027,51.3432595152656],[-1.79639217403629,51.3432594731784],[-1.79639228328895,51.3432594418964],[-1.7963923996646,51.3432594232151]]],[[[-1.79636682889998,51.3433148674781],[-1.79636693660993,51.3433148604713],[-1.79636704427226,51.3433148642546],[-1.79636715045523,51.3433148779264],[-1.79725321975465,51.3434749449389],[-1.79725333162579,51.3434749712082],[-1.79725343339556,51.3434750091495],[-1.79725352507581,51.3434750560651],[-1.79725360235547,51.343475112847],[-1.79725366381461,51.3434751758958],[-1.79725370801752,51.3434752452092],[-1.79725373210462,51.3434753180845],[-1.79725373895919,51.3434753918293],[-1.79725372427805,51.343475465537],[-1.79725369238019,51.3434755365174],[-1.79725364039813,51.3434756038664],[-1.79725357265089,51.343475664894],[-1.79725348914633,51.3434757178017],[-1.79725339419557,51.3434757616978],[-1.79725328780652,51.343475794784],[-1.79725317429024,51.3434758161686],[-1.7972530565182,51.3434758258564],[-1.79725293879752,51.3434758238549],[-1.79725282256788,51.3434758092675],[-1.79636675325338,51.3433157422519],[-1.79636663995139,51.3433157150801],[-1.79636653674699,51.3433156771356],[-1.79636644507587,51.3433156284209],[-1.79636636636582,51.3433155707368],[-1.79636630491603,51.3433155058891],[-1.79636626215825,51.3433154347796],[-1.7963662380766,51.3433153610049],[-1.7963662355385,51.3433152854691],[-1.79636625166067,51.3433152108649],[-1.79636628787088,51.343315138993],[-1.79636634272546,51.3433150716494],[-1.7963664147768,51.343315011529],[-1.79636650258523,51.3433149595285],[-1.79636660327139,51.3433149174414],[-1.7963667125242,51.3433148861593],[-1.79636682889998,51.3433148674781]]],[[[-1.79882303261859,51.3430970717716],[-1.79882314750619,51.3430970647748],[-1.79882326234281,51.3430970694673],[-1.79882337568884,51.3430970867458],[-1.7998899427807,51.3433116004678],[-1.80062284480348,51.3434621132189],[-1.80075392291604,51.3434921910953],[-1.80075403619385,51.3434922245572],[-1.80075413793545,51.3434922696888],[-1.8007542267129,51.3434923246895],[-1.80075429821905,51.3434923895519],[-1.80075435103371,51.3434924606769],[-1.80075438229323,51.3434925362612],[-1.80075439344109,51.343492614509],[-1.8007543816175,51.3434926927179],[-1.80075434970555,51.3434927681952],[-1.80075429627728,51.34349283914],[-1.80075422421579,51.3434929028598],[-1.80075413639638,51.3434929584603],[-1.80075403283071,51.3434930032439],[-1.80075391926552,51.3434930363211],[-1.80075379857999,51.3434930558985],[-1.8007536736417,51.3434930628801],[-1.80075354876555,51.343493055475],[-1.8007534282509,51.3434930354886],[-1.8006223730844,51.3434629630456],[-1.79988949974056,51.3433124557355],[-1.79882292259302,51.3430979392948],[-1.79882281360899,51.3430979094351],[-1.79882271472192,51.3430978688026],[-1.79882262735969,51.343097819198],[-1.7988225558294,51.3430977606287],[-1.79882249868358,51.3430976957897],[-1.79882246022543,51.3430976255876],[-1.79882244044317,51.3430975527199],[-1.79882243933289,51.3430974780858],[-1.79882245975032,51.3430974052869],[-1.79882249738441,51.3430973352151],[-1.79882255366304,51.3430972696711],[-1.79882262570304,51.3430972113475],[-1.79882271206478,51.3430971611411],[-1.79882280987293,51.3430971199462],[-1.79882291911573,51.3430970904601],[-1.79882303261859,51.3430970717716]]],[[[-1.79740487154226,51.34326525539],[-1.7974049893019,51.3432652483995],[-1.79740510700626,51.3432652539975],[-1.79740522035216,51.3432652712774],[-1.79740532933963,51.3432653002392],[-1.79740542822976,51.3432653399737],[-1.79777929056568,51.3434429475954],[-1.79791492346499,51.3435029271191],[-1.79791501943737,51.3435029776384],[-1.79791509957356,51.3435030380215],[-1.79791516101394,51.3435031055658],[-1.79791520376244,51.3435031793723],[-1.79791522495948,51.3435032567385],[-1.79791522461684,51.3435033349668],[-1.7979152027424,51.3435034122589],[-1.797915159348,51.3435034859173],[-1.79791509588115,51.3435035532469],[-1.79791501521722,51.3435036133534],[-1.79791491880374,51.3435036635418],[-1.79791481095575,51.3435037020212],[-1.79791469310894,51.3435037287941],[-1.79791456957834,51.3435037420694],[-1.7979144446711,51.3435037418546],[-1.79791432125866,51.3435037281546],[-1.79791420364815,51.3435037009769],[-1.7979140961428,51.343503661228],[-1.79777844318184,51.343443672677],[-1.79740454645741,51.343266048808],[-1.79740446053603,51.3432659983056],[-1.79740438900727,51.3432659397354],[-1.79740433473464,51.3432658749007],[-1.79740429771419,51.3432658047006],[-1.7974042793698,51.3432657318351],[-1.79740427968961,51.3432656590019],[-1.79740429867361,51.3432655862008],[-1.79740433774569,51.3432655161319],[-1.79740439402257,51.3432654514878],[-1.79740446606066,51.3432653940642],[-1.79740455242424,51.3432653438589],[-1.79740465023004,51.3432653035643],[-1.79740475804238,51.3432652731779],[-1.79740487154226,51.34326525539]]],[[[-1.7988440095404,51.3431923041739],[-1.79884412586394,51.3431922971796],[-1.79884424069687,51.3431923027713],[-1.79884435404707,51.3431923191506],[-1.79937595554862,51.3433002387536],[-1.80004680522878,51.3434282100457],[-1.80065440483743,51.3435402095392],[-1.80065452100615,51.3435402385101],[-1.80065462851005,51.3435402791557],[-1.80065472161016,51.3435403305671],[-1.80065480031037,51.343540391845],[-1.80065486031129,51.3435404611839],[-1.80065490019275,51.3435405349845],[-1.80065491852292,51.3435406123454],[-1.80065491531345,51.3435406905688],[-1.80065489057212,51.3435407678566],[-1.80065484431446,51.3435408406119],[-1.8006547794158,51.3435409079406],[-1.80065469732739,51.3435409662482],[-1.80065459948496,51.3435410155373],[-1.80065448877158,51.3435410531152],[-1.80065437093402,51.3435410780924],[-1.80065424741186,51.3435410895723],[-1.80065412251228,51.343541087562],[-1.8006539991067,51.3435410720666],[-1.80004639375272,51.3434290707628],[-1.79937552397702,51.3433010958374],[-1.79884389807928,51.3431931716946],[-1.79884379053073,51.3431931418375],[-1.79884369164344,51.343193101205],[-1.79884360428492,51.3431930507012],[-1.79884353131484,51.3431929930286],[-1.79884347560849,51.3431929272929],[-1.79884343714631,51.34319285799],[-1.7988434173679,51.3431927842232],[-1.79884341768937,51.3431927104907],[-1.7988434366711,51.3431926376894],[-1.79884347430524,51.3431925676175],[-1.79884353058396,51.3431925020735],[-1.79884360262407,51.3431924437499],[-1.79884368898596,51.3431923935435],[-1.7988437867943,51.3431923523485],[-1.79884389603732,51.3431923228625],[-1.7988440095404,51.3431923041739]]],[[[-1.79629678964519,51.3433940090515],[-1.79629689591962,51.3433940020423],[-1.79629700214642,51.3433940058232],[-1.7962971068978,51.3433940185933],[-1.7972718238161,51.3435661262962],[-1.79727194142243,51.3435661543737],[-1.79727204892739,51.3435661941233],[-1.79727214345953,51.3435662455398],[-1.79727222215927,51.3435663059208],[-1.79727228359485,51.3435663743646],[-1.79727232490273,51.3435664490681],[-1.79727234609872,51.3435665264344],[-1.79727234431927,51.3435666046602],[-1.79727232101197,51.3435666810505],[-1.79727227618078,51.3435667547062],[-1.79727221271292,51.3435668220354],[-1.79727213061627,51.3435668812398],[-1.79727203420593,51.3435669305286],[-1.79727192492153,51.3435669690049],[-1.79727180564243,51.3435669948754],[-1.79727168211148,51.3435670081501],[-1.79727155720805,51.3435670070354],[-1.79727143523529,51.343566992438],[-1.79629671830031,51.3433948847319],[-1.79629660499817,51.34339485756],[-1.79629650035792,51.3433948196129],[-1.79629640725101,51.3433947708957],[-1.79629632997267,51.3433947141132],[-1.79629626709114,51.3433946483638],[-1.79629622432941,51.3433945781535],[-1.79629620024782,51.3433945043787],[-1.79629619627413,51.3433944288405],[-1.79629621240041,51.3433943533371],[-1.79629624861078,51.3433942814652],[-1.79629630346555,51.3433942141216],[-1.79629637552108,51.3433941531021],[-1.79629646332973,51.3433941011017],[-1.79629656258043,51.3433940590121],[-1.79629667326917,51.3433940277326],[-1.79629678964519,51.3433940090515]]],[[[-1.79694614544366,51.3429650177716],[-1.79694626033119,51.3429650107766],[-1.7969463751673,51.3429650154709],[-1.79694648851231,51.3429650327513],[-1.7969465946353,51.3429650599101],[-1.79694669209661,51.3429650978442],[-1.79694677946846,51.3429651447527],[-1.79694685387946,51.3429652006306],[-1.79694691247006,51.3429652627755],[-1.79694695524821,51.3429653293889],[-1.79694697934248,51.342965400466],[-1.79694698620441,51.3429654724125],[-1.79694697440225,51.3429655443267],[-1.79690605394927,51.3430940270891],[-1.79692772498362,51.3431213439496],[-1.79720632660111,51.3431769188958],[-1.79759539761908,51.343235042958],[-1.79759550233103,51.3432350647187],[-1.79759560126069,51.3432350954613],[-1.79759569153668,51.3432351351809],[-1.79759577028756,51.3432351838724],[-1.79809010169964,51.3435876731914],[-1.7980901746458,51.3435877362596],[-1.79809022746044,51.3435878064866],[-1.79809026158712,51.3435878820766],[-1.79809027417018,51.3435879594279],[-1.79809026521353,51.3435880376414],[-1.79809023473291,51.3435881131204],[-1.79809018273619,51.3435881840665],[-1.79809011353842,51.3435882486888],[-1.79809002714743,51.3435883051889],[-1.79808992501077,51.3435883508717],[-1.79808981431096,51.3435883848504],[-1.7980896936162,51.3435884062234],[-1.79808957010511,51.3435884150031],[-1.79808944522126,51.3435884093934],[-1.79808932469966,51.3435883912027],[-1.79808920997994,51.3435883595342],[-1.79808910679713,51.3435883161961],[-1.798089016583,51.3435882620901],[-1.79759484261156,51.3432358845364],[-1.79720596671669,51.3431777895829],[-1.79720591650653,51.3431777805044],[-1.79692698496147,51.3431221393468],[-1.79692688314525,51.3431221121954],[-1.79692678855503,51.3431220742663],[-1.79692670405035,51.3431220282619],[-1.79692663250262,51.3431219741873],[-1.79692657533568,51.3431219147424],[-1.79690465871449,51.3430942899367],[-1.79690461594025,51.3430942224241],[-1.79690459041027,51.3430941513445],[-1.79690458355234,51.3430940784989],[-1.79690459535855,51.3430940056855],[-1.79694556385442,51.342965372843],[-1.79694559863962,51.342965298271],[-1.79694565350086,51.3429652291287],[-1.79694572556278,51.3429651663104],[-1.79694581337782,51.3429651125112],[-1.79694591406666,51.3429650695244],[-1.7969460261936,51.3429650373475],[-1.79694614544366,51.3429650177716]]],[[[-1.79888797841432,51.3432795731929],[-1.79888808899523,51.3432795661887],[-1.79888819952519,51.3432795708738],[-1.79888830857632,51.3432795854473],[-1.79948323467079,51.3433915801118],[-1.80002117003326,51.3434995013018],[-1.80053380609911,51.3436034215799],[-1.80053391938482,51.3436034532436],[-1.80053402256995,51.3436034965795],[-1.80053411278695,51.3436035506836],[-1.80053418573646,51.3436036137502],[-1.80053423999441,51.3436036830794],[-1.80053427556079,51.3436037586711],[-1.80053428958363,51.3436038360247],[-1.80053428207069,51.3436039133416],[-1.80053425302973,51.3436039888237],[-1.80053420246856,51.3436040606725],[-1.80053413470986,51.3436041252987],[-1.80053404975754,51.343604181803],[-1.80053394905506,51.3436042283896],[-1.80053383834922,51.343604264169],[-1.80053371908737,51.3436042864462],[-1.8005335955728,51.3436042961275],[-1.80053347212043,51.3436042914221],[-1.80053335015822,51.3436042741306],[-1.80002072986518,51.3435003565749],[-1.79948280883534,51.3433924390041],[-1.79888789420876,51.3432804461554],[-1.79888778377679,51.3432804189909],[-1.79888768057432,51.3432803801495],[-1.79888758890454,51.3432803305375],[-1.79888751306285,51.34328027286],[-1.7988874530453,51.3432802080161],[-1.79888741027976,51.3432801378067],[-1.79888738762984,51.3432800640349],[-1.79888738508766,51.3432799884992],[-1.79888740263757,51.3432799147963],[-1.79888743884385,51.3432798429236],[-1.79888749369082,51.3432797764779],[-1.79888756573886,51.343279716356],[-1.79888765354441,51.3432796643536],[-1.79888775279252,51.3432796222619],[-1.79888786203963,51.3432795918766],[-1.79888797841432,51.3432795731929]]],[[[-1.80162356678013,51.3436139053903],[-1.80149251713584,51.3435763680892],[-1.80149243971938,51.3435763418822],[-1.80137336784254,51.3435276235358],[-1.80137330479104,51.3435275955546],[-1.80121264009596,51.3434452266996],[-1.80099248566603,51.3433291823085],[-1.80077831317123,51.3432318389598],[-1.80058776175012,51.3431830354328],[-1.80028994003097,51.3431116417136],[-1.80000988585788,51.3430701249542],[-1.80000976823555,51.3430701004761],[-1.800009659282,51.3430700634242],[-1.80000956186084,51.3430700156017],[-1.80000947883958,51.3430699579127],[-1.80000941308183,51.3430698921605],[-1.80000936601549,51.3430698201457],[-1.80000933906456,51.3430697445685],[-1.80000933365698,51.3430696672296],[-1.80000935122062,51.3430695899297],[-1.80000938743279,51.3430695162584],[-1.80000944516102,51.3430694471195],[-1.80000952008647,51.3430693852034],[-1.80000961076568,51.3430693323059],[-1.80000971575513,51.343069290223],[-1.80000982930812,51.343069259844],[-1.80000994998506,51.3430692420657],[-1.80001007491062,51.3430692377824],[-1.80001019690633,51.3430692469818],[-1.80029031707396,51.3431107737437],[-1.8002904031461,51.3431107900752],[-1.80058829083302,51.3431822000904],[-1.80077893690698,51.3432310271558],[-1.80077902580435,51.343231054282],[-1.80077908743102,51.3432310795636],[-1.80099335019528,51.3433284644262],[-1.80099339030982,51.3433284842761],[-1.80121355620117,51.34344453408],[-1.80137418508388,51.3435268839903],[-1.80149316379975,51.3435755644124],[-1.80162396966809,51.3436130320643],[-1.80170131935318,51.3436057200233],[-1.80170144428376,51.3436057148389],[-1.80170156771679,51.3436057240389],[-1.80170168678855,51.3436057458201],[-1.80170179862761,51.3436057801778],[-1.80170190036641,51.3436058262077],[-1.80170198626593,51.3436058830011],[-1.80170205490207,51.3436059478581],[-1.80170210628254,51.3436060189802],[-1.80170213610791,51.3436060945618],[-1.80170214438595,51.3436061728047],[-1.80170213113207,51.3436062501121],[-1.80170209635018,51.3436063255848],[-1.80170204149144,51.3436063956285],[-1.80170196943501,51.3436064584498],[-1.80170187874903,51.343606513147],[-1.80170177662371,51.3436065570347],[-1.8017016630629,51.3436065892137],[-1.80170154094576,51.3436066078906],[-1.80162397293738,51.3436139411438],[-1.80162386954253,51.3436139463644],[-1.80162376619019,51.3436139416941],[-1.80162366431225,51.3436139280344],[-1.80162356678013,51.3436139053903]]],[[[-1.79898892791052,51.3433709050694],[-1.79898904423448,51.3433708980749],[-1.79898916050358,51.3433709036689],[-1.79898927385427,51.343370920048],[-1.79943860126237,51.3434628388219],[-1.79990055902716,51.3435587472725],[-1.80036258590027,51.3436387933334],[-1.80036269777747,51.3436388187006],[-1.80036279955403,51.34363885574],[-1.80036289267346,51.3436389026557],[-1.80036296996108,51.3436389585363],[-1.80036303286426,51.3436390206868],[-1.80036307850768,51.3436390900014],[-1.80036310547507,51.3436391619818],[-1.8003631123307,51.3436392366257],[-1.80036310052587,51.3436393103386],[-1.80036306863264,51.3436393813199],[-1.80036301809062,51.3436394486727],[-1.80036295177902,51.3436395106037],[-1.80036286971343,51.3436395635161],[-1.80036277332565,51.3436396083115],[-1.80036266837024,51.3436396423021],[-1.80036255485111,51.3436396645889],[-1.80036243851111,51.3436396751814],[-1.80036231935416,51.3436396731806],[-1.80036220311923,51.3436396594954],[-1.79990014180436,51.3435596079793],[-1.79943815247748,51.3434636922797],[-1.79898881645166,51.3433717725902],[-1.79898870746688,51.3433717427308],[-1.7989886085791,51.3433717020984],[-1.7989885226558,51.3433716515972],[-1.79898844968917,51.3433715930255],[-1.79898839397849,51.343371528189],[-1.79898835551987,51.343371457987],[-1.79898833573723,51.3433713851193],[-1.79898833605848,51.3433713113869],[-1.79898835504005,51.3433712385855],[-1.79898839267412,51.3433711685136],[-1.79898844895285,51.3433711029696],[-1.79898852099306,51.3433710446459],[-1.79898860735513,51.3433709944394],[-1.79898870659942,51.3433709532467],[-1.79898881441098,51.3433709228589],[-1.79898892791052,51.3433709050694]]],[[[-1.79734527602298,51.3434513104519],[-1.79734538947595,51.3434513034541],[-1.79734550287758,51.3434513081456],[-1.79734561336039,51.3434513236222],[-1.79734571948472,51.3434513507807],[-1.79734581551956,51.3434513869137],[-1.79778938878095,51.3436498093889],[-1.79778948045421,51.3436498581025],[-1.79778955630302,51.3436499139824],[-1.79778961775918,51.3436499779301],[-1.79778966052734,51.3436500472408],[-1.79778968461537,51.3436501201161],[-1.79778969003509,51.3436501938584],[-1.79778967535475,51.3436502675661],[-1.7977896405822,51.3436503394409],[-1.79778958860467,51.343650405891],[-1.79778951942608,51.3436504660172],[-1.79778943592182,51.3436505189253],[-1.79778933953943,51.3436505619202],[-1.7977892331543,51.3436505941077],[-1.79778911963784,51.3436506154928],[-1.79778900186547,51.3436506251811],[-1.79778888271648,51.3436506213794],[-1.79778876792194,51.3436506067949],[-1.79778865748974,51.3436505796294],[-1.79778855571915,51.3436505416886],[-1.79734498245437,51.3434521192102],[-1.79734488934624,51.3434520704938],[-1.79734481207046,51.3434520128128],[-1.79734475205879,51.343451947069],[-1.79734470929544,51.343451876859],[-1.79734468521216,51.3434518030844],[-1.79734468267247,51.3434517275487],[-1.79734469879312,51.3434516529443],[-1.79734473500192,51.3434515810721],[-1.79734479128701,51.3434515146297],[-1.79734486334125,51.3434514536095],[-1.79734494970919,51.343451402505],[-1.79734505039477,51.3434513604171],[-1.79734515964724,51.3434513291341],[-1.79734527602298,51.3434513104519]]],[[[-1.79738988733849,51.3433295750798],[-1.79739000366259,51.343329568087],[-1.79739011849569,51.34332957368],[-1.7973902318457,51.3433295900607],[-1.79739033796582,51.3433296181184],[-1.79739043686397,51.3433296560546],[-1.79809791922165,51.3436572321188],[-1.79809801375096,51.3436572844339],[-1.79809809101227,51.343657345711],[-1.79809815101346,51.343657414152],[-1.79809819088702,51.3436574888527],[-1.79809820921299,51.3436575662139],[-1.79809820599921,51.3436576444373],[-1.79809818125751,51.3436577208253],[-1.7980981349918,51.3436577944788],[-1.79809807009322,51.3436578609068],[-1.79809798656176,51.3436579201094],[-1.7980978887203,51.3436579684971],[-1.79809777944031,51.3436580060751],[-1.79809766016537,51.3436580310473],[-1.79809753664229,51.3436580425244],[-1.79809741174251,51.3436580405115],[-1.79809728977319,51.3436580250158],[-1.79809717217006,51.3436579960399],[-1.79809706610385,51.3436579553944],[-1.79738958374121,51.343330379325],[-1.79738949350866,51.3433303297144],[-1.79738941766873,51.3433302720359],[-1.79738935908891,51.3433302071938],[-1.79738931776131,51.3433301369863],[-1.79738929654944,51.3433300632167],[-1.79738929400575,51.3433299885801],[-1.79738931156199,51.3433299139782],[-1.79738934920239,51.3433298430077],[-1.79738940405155,51.3433297765627],[-1.79738947609765,51.3433297173409],[-1.79738956390497,51.3433296653397],[-1.79738966315059,51.3433296241484],[-1.79738977239879,51.3433295937645],[-1.79738988733849,51.3433295750798]]],[[[-1.79736688019617,51.3435501768888],[-1.79736699652082,51.3435501698959],[-1.79736711135447,51.343550175489],[-1.797367224705,51.3435501918698],[-1.79736733226134,51.3435502199299],[-1.79736743115598,51.3435502587653],[-1.79760570691316,51.3436609901277],[-1.79760579571481,51.3436610388365],[-1.79760587011981,51.3436610965123],[-1.79760593014001,51.3436611604577],[-1.79760597003251,51.3436612306627],[-1.79760599268454,51.3436613035355],[-1.79760599523253,51.3436613772729],[-1.79760597911617,51.3436614509781],[-1.79760594291157,51.3436615219512],[-1.79760588806232,51.3436615883962],[-1.7976058174517,51.3436616476207],[-1.79760573251543,51.343661699627],[-1.79760563470502,51.343661740821],[-1.79760552688401,51.3436617730058],[-1.79760541337534,51.3436617925923],[-1.79760529561079,51.3436618004822],[-1.79760517646574,51.3436617957811],[-1.79760506167912,51.3436617793981],[-1.79760495125094,51.3436617513332],[-1.79760485092408,51.3436617115964],[-1.79736657516527,51.3435509802322],[-1.79736648636408,51.3435509315232],[-1.79736641052777,51.3435508729456],[-1.79736635194772,51.3435508081034],[-1.79736631061995,51.3435507378959],[-1.79736628940802,51.3435506641263],[-1.79736628686435,51.3435505894898],[-1.79736630441676,51.343550515787],[-1.79736634205737,51.3435504448165],[-1.79736639690684,51.3435503783716],[-1.7973664689533,51.3435503191497],[-1.79736655676106,51.3435502671485],[-1.79736665600717,51.3435502259573],[-1.79736676525591,51.3435501955734],[-1.79736688019617,51.3435501768888]]],[[[-1.79799545049404,51.3434432402396],[-1.7979955653826,51.3434432332437],[-1.79799568022,51.343443237937],[-1.79799579213479,51.3434432543146],[-1.79799589969126,51.3434432823742],[-1.79799599715442,51.3434433203074],[-1.79799608452823,51.3434433672151],[-1.79799615894519,51.3434434221932],[-1.79805104896491,51.3434917747777],[-1.79809861837123,51.3435332270186],[-1.79809865840208,51.3435332657522],[-1.7980986783998,51.3435332891653],[-1.7981388582427,51.343583919241],[-1.7981388910557,51.343583966954],[-1.79813892372314,51.3435840479366],[-1.79814971652909,51.3436298924283],[-1.79815302248231,51.3436319833117],[-1.79842449991344,51.3436508204998],[-1.79880273060424,51.3436767447035],[-1.79880285400957,51.3436767602009],[-1.79880297018139,51.3436767882744],[-1.79880307768398,51.3436768289217],[-1.79880317078232,51.3436768803345],[-1.79880324948032,51.3436769416137],[-1.79880330948258,51.3436770100543],[-1.79880334935729,51.3436770847548],[-1.79880336912015,51.3436771621183],[-1.79880336590756,51.3436772403417],[-1.79880334116309,51.3436773176291],[-1.79880329633812,51.3436773903861],[-1.79880323143659,51.3436774577137],[-1.79880314934563,51.3436775160201],[-1.79880305150094,51.3436775653076],[-1.79880294222147,51.3436776028862],[-1.79880282294685,51.3436776278591],[-1.79880269941998,51.3436776402362],[-1.79880257452011,51.343677638224],[-1.79842434382214,51.3436517140197],[-1.79815261233829,51.3436328593104],[-1.79815249323652,51.3436328447189],[-1.79815237993271,51.3436328175488],[-1.79815227529436,51.3436327787042],[-1.79815218218896,51.3436327290893],[-1.79814853117544,51.3436304209101],[-1.79814845818585,51.3436303677329],[-1.79814840101672,51.3436303082887],[-1.79814835822839,51.343630243474],[-1.79814833268048,51.3436301759914],[-1.79813752154197,51.3435842559368],[-1.79809741880788,51.3435337222057],[-1.79804988086586,51.3434922978931],[-1.79799498798318,51.3434439435048],[-1.79799492653096,51.343443878658],[-1.79799488377056,51.343443807549],[-1.79799485968625,51.3434437337746],[-1.79799485714553,51.3434436582389],[-1.79799487326513,51.3434435836344],[-1.79799490947291,51.3434435117621],[-1.79799496432528,51.3434434444176],[-1.79799503637472,51.3434433842962],[-1.79799512418158,51.3434433322945],[-1.79799522486656,51.343443290206],[-1.79799533411857,51.3434432589224],[-1.79799545049404,51.3434432402396]]],[[[-1.79737864329793,51.3433824186514],[-1.79737875818645,51.343382411656],[-1.79737887302362,51.3433824163499],[-1.79737898493805,51.3433824327282],[-1.797379092494,51.3433824607883],[-1.79737918995654,51.3433824987221],[-1.79802802539152,51.3436800942262],[-1.79802811562936,51.3436801429372],[-1.79802819147459,51.343680199716],[-1.79802825005574,51.3436802645579],[-1.79802829282427,51.3436803338685],[-1.79802831547696,51.3436804067412],[-1.79802831802563,51.3436804804786],[-1.79802830190993,51.3436805541839],[-1.79802826714168,51.3436806251596],[-1.79802821372872,51.3436806916073],[-1.79802814455039,51.3436807517336],[-1.79802805961458,51.3436808037403],[-1.79802796180055,51.3436808458337],[-1.79802785398373,51.3436808771198],[-1.79802774047125,51.3436808976059],[-1.79802762270278,51.3436809063954],[-1.79802750498942,51.3436809025963],[-1.79802738876688,51.3436808862113],[-1.79802727833841,51.3436808581468],[-1.79802717800722,51.3436808193095],[-1.79737834256757,51.3433832238007],[-1.79737825233098,51.3433831750892],[-1.79737817505922,51.3433831165091],[-1.79737811647936,51.3433830516669],[-1.79737807515172,51.3433829814594],[-1.79737805250413,51.3433829076874],[-1.79737804996046,51.3433828330508],[-1.79737806751674,51.3433827584489],[-1.79737810372149,51.3433826874759],[-1.79737816000644,51.3433826210334],[-1.79737823205658,51.3433825609124],[-1.79737831842435,51.3433825098079],[-1.79737841910976,51.3433824677199],[-1.79737852835809,51.3433824373361],[-1.79737864329793,51.3433824186514]]],[[[-1.79897150522297,51.3436724432106],[-1.79897163016201,51.3436724362309],[-1.79897169763305,51.3436724381447],[-1.79928382944497,51.3436913599646],[-1.7992839528544,51.3436913745623],[-1.79928406903046,51.3436914017362],[-1.79928417653743,51.3436914414839],[-1.79928427250777,51.3436914929013],[-1.79928435121034,51.3436915532809],[-1.79928441408476,51.3436916217262],[-1.79928445539989,51.3436916955298],[-1.79928447516357,51.3436917728933],[-1.79928447482323,51.3436918511216],[-1.79928445151526,51.3436919284115],[-1.79928440812675,51.3436920011712],[-1.79928434466162,51.3436920685015],[-1.79928426256341,51.3436921286065],[-1.79928416615493,51.3436921778969],[-1.79928405686798,51.3436922172743],[-1.79928393902539,51.3436922431493],[-1.79928381549859,51.3436922555269],[-1.79928369059084,51.3436922553136],[-1.79897155877299,51.3436733334932],[-1.79897143966695,51.3436733198017],[-1.79897132635863,51.3436732935316],[-1.79897122027986,51.3436732555844],[-1.79897112716567,51.3436732077685],[-1.79897104845179,51.3436731500861],[-1.79897098556218,51.3436730852374],[-1.79897093992472,51.343673015023],[-1.79897091584267,51.3436729403496],[-1.79897091042889,51.343672864809],[-1.79897092655093,51.3436727893053],[-1.7989709627574,51.3436727174326],[-1.79897101761255,51.3436726491885],[-1.798971089665,51.3436725881673],[-1.7989711774712,51.3436725361649],[-1.79897127815972,51.3436724931764],[-1.79897138884733,51.3436724618944],[-1.79897150522297,51.3436724432106]]],[[[-1.79805155263174,51.3433494799594],[-1.79805167757005,51.3433494729806],[-1.7980517708755,51.3433494767377],[-1.7985836348323,51.3433939801188],[-1.79900158046139,51.343414512802],[-1.79900165078389,51.3434145192165],[-1.79900178133582,51.3434145419194],[-1.7996661566912,51.3435821465911],[-1.80021660045551,51.3437297241871],[-1.80021670941466,51.3437297603397],[-1.80021680683741,51.343729808162],[-1.8002168898601,51.3437298658508],[-1.80021695561518,51.3437299325021],[-1.8002170026864,51.3437300036176],[-1.80021702963415,51.343730080094],[-1.80021703504216,51.3437301574329],[-1.80021701747861,51.3437302347327],[-1.80021698126625,51.3437303084042],[-1.80021692353751,51.3437303775431],[-1.80021684861126,51.3437304394594],[-1.80021675793099,51.343730492357],[-1.80021665294024,51.3437305344401],[-1.80021653938577,51.3437305648193],[-1.80021641870719,51.3437305825978],[-1.80021629377986,51.3437305868813],[-1.80021617178239,51.3437305776821],[-1.80021605271477,51.3437305550001],[-1.79966560463914,51.3435829764949],[-1.79900135834703,51.3434154044115],[-1.79858348448384,51.343394874548],[-1.79805156454393,51.3433503665741],[-1.79805144976186,51.3433503492924],[-1.79805134077381,51.3433503203312],[-1.79805124045117,51.3433502796956],[-1.79805115165358,51.3433502300879],[-1.79805107868815,51.3433501715157],[-1.7980510201074,51.3433501066738],[-1.7980509816502,51.3433500364715],[-1.79805096043333,51.3433499636012],[-1.79805095932429,51.3433498889671],[-1.79805097831125,51.3433498152668],[-1.79805101594672,51.3433497451952],[-1.79805107222674,51.3433496796515],[-1.79805114427202,51.3433496204293],[-1.798051230639,51.3433495693243],[-1.79805132988014,51.3433495290316],[-1.79805143769224,51.3433494986447],[-1.79805155263174,51.3433494799594]]],[[[-1.79991428693056,51.3431175928482],[-1.79991441186797,51.3431175858674],[-1.79991455252791,51.3431175950987],[-1.80015299368772,51.3431515897997],[-1.80033178199357,51.3431817483727],[-1.80033184511013,51.3431817610685],[-1.80047483108818,51.3432155901983],[-1.80062970610638,51.3432531547477],[-1.80076675365059,51.3432795075309],[-1.80076688557657,51.343279544621],[-1.80076695723386,51.3432795744155],[-1.80086219689926,51.3433245223411],[-1.80086225705159,51.343324556612],[-1.80099307948078,51.3434068619293],[-1.80115965971195,51.3434966908246],[-1.80132024539471,51.3435827570582],[-1.80151075924139,51.3436464955939],[-1.80167146704152,51.3437027175796],[-1.80190378423563,51.3437441308989],[-1.80212428329671,51.3437780849272],[-1.80212436506348,51.3437781012501],[-1.80220181981595,51.3437968905391],[-1.80220193165584,51.3437969248963],[-1.80220203339555,51.3437969709258],[-1.80220211929603,51.3437970277188],[-1.80220218936886,51.3437970925779],[-1.80220223931456,51.3437971636974],[-1.8022022705766,51.3437972392814],[-1.8022022788555,51.3437973175242],[-1.80220226559855,51.3437973957308],[-1.8022022322569,51.3437974703069],[-1.80220217739482,51.34379754125],[-1.80220210390305,51.3437976040692],[-1.802202014653,51.3437976587692],[-1.80220191109201,51.3437977026549],[-1.80220179753108,51.3437977348344],[-1.80220167684936,51.3437977535142],[-1.80220155191445,51.3437977595983],[-1.80220142847311,51.3437977521971],[-1.80220130796489,51.343797730414],[-1.80212389624049,51.3437789510881],[-1.80190341582453,51.3437450006872],[-1.80167099246818,51.343703567406],[-1.8016709422605,51.3437035574303],[-1.80167083901622,51.3437035275831],[-1.80151006957102,51.343647283912],[-1.80131948833938,51.3435835227813],[-1.80131937225921,51.34358347313],[-1.8011587235514,51.3434973726197],[-1.80099212183435,51.3434075319973],[-1.80099208173525,51.3434075085506],[-1.80086127648795,51.3433252140515],[-1.80076619299584,51.343280340123],[-1.80062926021287,51.3432540091142],[-1.8006292171805,51.3432540000494],[-1.80047431921578,51.3432164291661],[-1.80033137482429,51.3431826108965],[-1.80015264820787,51.3431524623188],[-1.79991425008767,51.3431184739847],[-1.79991413389707,51.3431184504081],[-1.79991402493958,51.3431184142553],[-1.79991392607491,51.3431183682287],[-1.79991384304979,51.3431183114388],[-1.79991377585249,51.3431182465832],[-1.79991372734665,51.3431181754652],[-1.79991369895625,51.3431181007846],[-1.79991369211311,51.3431180234433],[-1.79991370536592,51.3431179470353],[-1.79991374014258,51.3431178733615],[-1.79991379499959,51.3431178042178],[-1.79991386705775,51.3431177413977],[-1.79991395486966,51.3431176875962],[-1.7999140569918,51.3431176446093],[-1.79991416768137,51.3431176124272],[-1.79991428693056,51.3431175928482]]],[[[-1.79888289113648,51.3437780085132],[-1.79888301607582,51.3437780015335],[-1.79888309646459,51.3437780043686],[-1.79927600585811,51.3438062630658],[-1.79927612208923,51.3438062776512],[-1.79927623252658,51.3438063039162],[-1.79927633429873,51.3438063418557],[-1.79927642598169,51.3438063887698],[-1.79927650326827,51.3438064446511],[-1.79927656472668,51.3438065085981],[-1.79927660893683,51.3438065770115],[-1.79927663446299,51.3438066498889],[-1.79927664132082,51.3438067236336],[-1.79927662807458,51.3438067982432],[-1.79927659474386,51.3438068692217],[-1.79927654420009,51.3438069365741],[-1.7992764764589,51.3438069967036],[-1.79927639295215,51.3438070505119],[-1.7992762965708,51.3438070935081],[-1.79927619161422,51.3438071274977],[-1.79927607809808,51.3438071488843],[-1.79927596032561,51.3438071585741],[-1.79927584116828,51.3438071565722],[-1.79888293176732,51.3437788978745],[-1.79888281410067,51.3437788832862],[-1.7988827022318,51.3437788561193],[-1.7988825975925,51.3437788172753],[-1.79888250591784,51.3437787685626],[-1.79888242863961,51.3437787108826],[-1.79888236718571,51.3437786460363],[-1.79888232441972,51.3437785758268],[-1.79888230033383,51.3437785020526],[-1.79888229779165,51.3437784265169],[-1.79888231390995,51.3437783519123],[-1.79888235011662,51.3437782800397],[-1.79888240496811,51.3437782126948],[-1.79888247845266,51.3437781525753],[-1.79888256482343,51.3437781005705],[-1.79888266550832,51.3437780584813],[-1.79888277476053,51.3437780271968],[-1.79888289113648,51.3437780085132]]],[[[-1.80045441659597,51.3437118280683],[-1.80045453004911,51.3437118210675],[-1.80045464345171,51.3437118257559],[-1.80045475393618,51.3437118412297],[-1.80097316194596,51.3438134656804],[-1.80153924890181,51.3439263748035],[-1.80153936219271,51.343926405567],[-1.80153946537938,51.343926448902],[-1.80153955559808,51.3439265030052],[-1.80153962854937,51.3439265660712],[-1.80153968424486,51.3439266354023],[-1.80153971981696,51.3439267100945],[-1.80153973384155,51.3439267874479],[-1.80153972633023,51.343926864765],[-1.80153969728687,51.3439269411465],[-1.80153964816654,51.343927012099],[-1.80153958040497,51.343927077625],[-1.80153949545337,51.3439271341301],[-1.80153939618704,51.34392718072],[-1.80153928548131,51.3439272165004],[-1.80153916621539,51.3439272396779],[-1.80153904413603,51.3439272493628],[-1.80153891924324,51.3439272455552],[-1.80153879871567,51.3439272282672],[-1.80097273039895,51.3438143227701],[-1.80045430803115,51.3437126964946],[-1.80045420048035,51.343712666639],[-1.80045410015483,51.3437126260054],[-1.8004540127897,51.343712576402],[-1.80045393982069,51.3437125178312],[-1.80045388410757,51.3437124529954],[-1.80045384421073,51.3437123827914],[-1.80045382442565,51.343712309924],[-1.80045382331275,51.3437122352899],[-1.80045384229217,51.3437121624884],[-1.80045388136003,51.3437120924184],[-1.80045393620139,51.3437120268712],[-1.80045400824419,51.3437119676475],[-1.80045409604103,51.3437119174423],[-1.80045419384904,51.343711876246],[-1.80045430165653,51.343711846756],[-1.80045441659597,51.3437118280683]]],[[[-1.80058582256375,51.3436635402046],[-1.80058594032393,51.343663533211],[-1.80058605802969,51.3436635388058],[-1.80058617137775,51.3436635560826],[-1.80111051383746,51.3437726514153],[-1.80156338213865,51.3438629772909],[-1.80171229480279,51.3438968031455],[-1.80220697692073,51.343953604322],[-1.8022070974332,51.343953625206],[-1.80220721071304,51.3439536586663],[-1.80220731245695,51.3439537037967],[-1.80220739979731,51.343953759693],[-1.80220747130611,51.3439538245544],[-1.80220752268772,51.3439538956763],[-1.80220755538559,51.3439539712627],[-1.80220756510026,51.343954049508],[-1.80220755328285,51.3439541268178],[-1.80220751993724,51.3439542022931],[-1.80220746651071,51.3439542732386],[-1.80220739445057,51.3439543369594],[-1.80220730519639,51.3439543925586],[-1.80220720306692,51.3439544373459],[-1.8022070895056,51.3439544695254],[-1.80220696881578,51.3439544900035],[-1.80220684388045,51.3439544960876],[-1.80220671900296,51.3439544886841],[-1.80171197660255,51.3438976811104],[-1.80171186182948,51.3438976611348],[-1.80156291903979,51.3438638289346],[-1.80111007081533,51.3437735066876],[-1.80058570826639,51.3436644068229],[-1.80058560071561,51.3436643769674],[-1.8005855018258,51.3436643363364],[-1.80058541590023,51.3436642858363],[-1.80058534292724,51.3436642281648],[-1.80058528721788,51.3436641624299],[-1.80058525018843,51.34366409313],[-1.80058523040707,51.3436640193634],[-1.80058523072579,51.343663945631],[-1.80058524970498,51.3436638728294],[-1.80058528733689,51.343663802757],[-1.80058534360984,51.3436637381113],[-1.80058541564851,51.3436636797866],[-1.8005855020094,51.3436636295789],[-1.80058560125291,51.3436635883849],[-1.80058570906409,51.3436635579956],[-1.80058582256375,51.3436635402046]]],[[[-1.79836041779952,51.3439526534436],[-1.79829069589985,51.3439364465101],[-1.79829058835778,51.3439364148541],[-1.79829048947728,51.3439363724228],[-1.79829040499729,51.3439363201252],[-1.79829033347425,51.3439362597572],[-1.79826108483381,51.3439063243106],[-1.79826103627857,51.3439062648812],[-1.79822819687381,51.3438556519493],[-1.79820264244425,51.3438188296956],[-1.79818074631161,51.3437843039376],[-1.79818072211276,51.3437842562393],[-1.79814829781475,51.3437044349432],[-1.79722678518504,51.3436699770341],[-1.79722670050519,51.3436699705937],[-1.79722658573055,51.3436699515128],[-1.7962837251631,51.3434582617876],[-1.79628361188463,51.3434582292206],[-1.79628350871172,51.3434581840826],[-1.79628341993963,51.3434581290786],[-1.79628334843581,51.3434580651126],[-1.79628329562802,51.3434579939857],[-1.79628326294008,51.3434579183976],[-1.79628325179579,51.3434578410486],[-1.79628326219116,51.3434577628377],[-1.79628329411034,51.3434576873617],[-1.79628334754537,51.3434576164189],[-1.79628341818118,51.3434575518002],[-1.79628350600585,51.3434574962031],[-1.79628360814002,51.343457451421],[-1.79628372171226,51.343457417449],[-1.79628384240352,51.343457396977],[-1.79628396590666,51.3434573899976],[-1.79628409078597,51.3434573965084],[-1.79628421129859,51.3434574164993],[-1.79722697288524,51.3436690835703],[-1.79814803188022,51.3437035245134],[-1.7981480723794,51.3437034562451],[-1.7981481315233,51.3437033925047],[-1.79814820499292,51.3437033359824],[-1.7981482927883,51.3437032866781],[-1.79814839202225,51.3437032481837],[-1.7981484998233,51.3437032204942],[-1.79814861475577,51.3437032036072],[-1.79814873107282,51.3437031984119],[-1.79814884733478,51.343703205805],[-1.79814896067811,51.3437032239834],[-1.79814906822346,51.3437032547403],[-1.7981491656755,51.3437032953709],[-1.79814925016671,51.3437033449711],[-1.79814932169708,51.3437034035408],[-1.79814937740698,51.3437034683777],[-1.79814941443283,51.3437035376784],[-1.7981494314884,51.3437035772717],[-1.79844918066416,51.3437147839399],[-1.79844930552483,51.3437147949443],[-1.79844942314404,51.3437148203231],[-1.79844953353357,51.3437148573789],[-1.79844963238627,51.3437149061044],[-1.79844971540281,51.3437149646936],[-1.79844978115535,51.3437150313459],[-1.79844982678026,51.343715104258],[-1.79844985228938,51.3437151807323],[-1.79844985481907,51.3437152589655],[-1.79844983724867,51.3437153371643],[-1.79844979672635,51.3437154108278],[-1.79844973755929,51.3437154799634],[-1.79844965975926,51.3437155418735],[-1.79844956620952,51.3437155938657],[-1.7984494597854,51.3437156350456],[-1.79844934336623,51.3437156636198],[-1.79844922125916,51.3437156795956],[-1.7984490963435,51.3437156811798],[-1.79814980221488,51.3437044914782],[-1.79818210151305,51.3437840059379],[-1.79820396770084,51.3438184848868],[-1.79822951927555,51.3438553035385],[-1.79826234443038,51.3439058921677],[-1.7982914287016,51.3439356582854],[-1.79836070167298,51.343951760143],[-1.79840091196097,51.3439449701656],[-1.79840098666602,51.3439449595036],[-1.79845244604041,51.3439404520491],[-1.79845254799679,51.343940447728],[-1.7984526269501,51.343940450561],[-1.79848568173128,51.343942809156],[-1.79848580513721,51.3439428246537],[-1.79848592130556,51.3439428536268],[-1.79848602737277,51.3439428942719],[-1.79848612190309,51.3439429465866],[-1.79848619916539,51.3439430078635],[-1.79848625916752,51.3439430763043],[-1.79848629904195,51.3439431510048],[-1.79848631736868,51.343943228366],[-1.79848631415553,51.3439433065894],[-1.79848628941038,51.3439433838767],[-1.79848624314894,51.3439434566311],[-1.7984861782505,51.3439435230594],[-1.79848609471902,51.3439435822622],[-1.79848599687736,51.3439436306503],[-1.79848588759701,51.3439436682286],[-1.79848576832154,51.3439436932011],[-1.7984856447978,51.3439437046787],[-1.79848551989724,51.3439437026662],[-1.79845255553886,51.3439413505205],[-1.79840124122712,51.3439458456353],[-1.79836085277832,51.3439526649801],[-1.79836074503968,51.343952678283],[-1.79836063447674,51.3439526807909],[-1.79836052396489,51.3439526716094],[-1.79836041779952,51.3439526534436]]],[[[-1.80023946024516,51.3437711596271],[-1.80023957656994,51.3437711526314],[-1.80023969284019,51.3437711582241],[-1.80023980762412,51.3437711755037],[-1.80049601060315,51.3438238487511],[-1.80097275978493,51.3439030200152],[-1.80141373591089,51.3439895992996],[-1.80141384919799,51.3439896309624],[-1.80141395238468,51.3439896742975],[-1.80141404260723,51.3439897275017],[-1.80141411555845,51.3439897905677],[-1.80141417125382,51.3439898598989],[-1.80141420682577,51.3439899345912],[-1.80141422228977,51.3439900110478],[-1.80141421477436,51.343990089264],[-1.80141418717035,51.3439901647488],[-1.8014141380459,51.3439902366004],[-1.80141407028795,51.3439903012271],[-1.8014139853322,51.3439903586313],[-1.80141388750134,51.3439904052236],[-1.80141377679536,51.3439904410039],[-1.80141365752921,51.3439904641811],[-1.8014135354458,51.3439904747651],[-1.80141341055286,51.3439904709574],[-1.8014132900213,51.3439904545685],[-1.80097235979206,51.3439038843517],[-1.80049562208016,51.3438247149038],[-1.80049558191484,51.343824706743],[-1.80023934737291,51.3437720271467],[-1.8002392398221,51.3437719972908],[-1.80023914093238,51.3437719566595],[-1.80023905357126,51.3437719061568],[-1.80023898203814,51.3437718475883],[-1.80023892632525,51.3437717827524],[-1.8002388878644,51.3437717125508],[-1.80023886807965,51.3437716396834],[-1.80023886839892,51.3437715659509],[-1.8002388873787,51.3437714931494],[-1.80023892501121,51.3437714230771],[-1.80023898128867,51.3437713575324],[-1.80023905332793,51.343771299208],[-1.8002391396894,51.3437712490005],[-1.80023923893345,51.3437712078068],[-1.8002393467451,51.3437711774178],[-1.80023946024516,51.3437711596271]]],[[[-1.80156273864669,51.3439301289804],[-1.8015628635859,51.3439301219979],[-1.80156300138089,51.3439301303231],[-1.80217692232533,51.3440132621952],[-1.80217704139449,51.3440132848751],[-1.80217715179144,51.3440133210282],[-1.802177252092,51.3440133679545],[-1.80217733655713,51.3440134247451],[-1.80217740375877,51.3440134895994],[-1.80217745370083,51.3440135616181],[-1.8021774820915,51.3440136371972],[-1.80217748893466,51.3440137154376],[-1.80217747424573,51.3440137927426],[-1.80217743803243,51.3440138673139],[-1.80217738317392,51.3440139373578],[-1.80217730824988,51.3440139992754],[-1.80217721900327,51.3440140530762],[-1.8021771140099,51.3440140960603],[-1.80217700045227,51.3440141273406],[-1.80217687976999,51.3440141460204],[-1.80217675627409,51.3440141512077],[-1.8021766314003,51.3440141429049],[-1.80156271044484,51.3439310110312],[-1.80156259137618,51.3439309883507],[-1.80156248241176,51.3439309530986],[-1.80156238354385,51.3439309070734],[-1.80156229907964,51.3439308502823],[-1.80156223044322,51.3439307854253],[-1.80156218049833,51.3439307143055],[-1.80156215210484,51.3439306396254],[-1.80156214382313,51.3439305622817],[-1.80156215707731,51.3439304849743],[-1.80156219041622,51.3439304112976],[-1.80156224527555,51.343930341254],[-1.80156231733268,51.3439302784328],[-1.80156240514411,51.34393022463],[-1.80156250727027,51.3439301807425],[-1.80156261939624,51.3439301485612],[-1.80156273864669,51.3439301289804]]],[[[-1.79878370129244,51.3437801406249],[-1.79878382336035,51.3437801336405],[-1.79878394680516,51.3437801401461],[-1.79878406588396,51.343780160132],[-1.79878417773317,51.343780191795],[-1.79878427804561,51.3437802351275],[-1.79878436682519,51.3437802892305],[-1.79878443834081,51.3437803513965],[-1.79878449260028,51.3437804198273],[-1.79878452817179,51.3437804936212],[-1.7987845421957,51.3437805700758],[-1.79879795102199,51.3440770787742],[-1.79879794206643,51.3440771569878],[-1.79879791158663,51.344077232467],[-1.79879785959044,51.3440773034134],[-1.79879779039291,51.3440773680361],[-1.79879770400189,51.3440774245367],[-1.79879760330057,51.3440774702226],[-1.79879749116438,51.3440775041995],[-1.79879737190441,51.3440775255757],[-1.79879724839216,51.3440775343561],[-1.7987971235069,51.3440775287472],[-1.79879700298374,51.3440775105571],[-1.79879688826235,51.3440774788893],[-1.7987967850778,51.3440774355519],[-1.79879669485797,51.3440773823456],[-1.79879662047436,51.3440773192755],[-1.79879656478272,51.3440772499431],[-1.79879652921486,51.34407717525],[-1.79879651519477,51.3440770978963],[-1.79878310637764,51.3437805891977],[-1.79878311386214,51.3437805190743],[-1.79878313857142,51.3437804498795],[-1.79878318049369,51.3437803843109],[-1.7987832381854,51.3437803241645],[-1.79878331021081,51.3437802694376],[-1.79878339368673,51.3437802228231],[-1.79878348860922,51.3437801852199],[-1.79878359210291,51.3437801575225],[-1.79878370129244,51.3437801406249]]],[[[-1.80144910983448,51.3440045692999],[-1.80144923190246,51.3440045623126],[-1.80144935247663,51.3440045688105],[-1.80144947012518,51.344004587892],[-1.80158646971871,51.3440346630764],[-1.80183674414274,51.3440686616057],[-1.80211688666369,51.3440989845665],[-1.80211700861222,51.344099005453],[-1.80211712189621,51.3440990380142],[-1.80211722364034,51.3440990831446],[-1.80211731242047,51.3440991381442],[-1.80211738393321,51.3440992021066],[-1.80211743675059,51.3440992732309],[-1.80211746944841,51.3440993488174],[-1.80211748059868,51.344099427065],[-1.80211747021297,51.3440995052765],[-1.80211743830284,51.3440995807541],[-1.802117384876,51.3440996516996],[-1.80211731425124,51.3440997154227],[-1.80211722499668,51.3440997710218],[-1.80211712286295,51.3440998167082],[-1.8021170107331,51.3440998497893],[-1.80211689004285,51.3440998702673],[-1.80211676510328,51.3440998772505],[-1.80211664022156,51.344099870746],[-1.80183647330348,51.3440695441467],[-1.80158612138803,51.3440355355951],[-1.80158603674568,51.3440355201661],[-1.80144898981342,51.3440054350102],[-1.80144888370103,51.3440054042588],[-1.80144878624557,51.344005363631],[-1.80144870031853,51.3440053131316],[-1.80144862878362,51.3440052545639],[-1.80144857306883,51.3440051897286],[-1.80144853604173,51.3440051195298],[-1.80144851769074,51.344005046665],[-1.80144851800809,51.3440049729326],[-1.80144853698606,51.3440049001308],[-1.80144857604876,51.3440048309597],[-1.80144863232086,51.3440047663136],[-1.80144870435891,51.3440047079884],[-1.8014487907194,51.34400465778],[-1.80144888852316,51.3440046174819],[-1.80144899633446,51.3440045870918],[-1.80144910983448,51.3440045692999]]],[[[-1.79886980479036,51.3441230627942],[-1.79895105881986,51.3439288021165],[-1.79893776593819,51.3439329407918],[-1.79893765670133,51.3439329684796],[-1.7989375403407,51.3439329835666],[-1.79893742259136,51.343932987861],[-1.7989373063326,51.3439329795695],[-1.79893719300017,51.3439329586944],[-1.7989370868934,51.3439329270414],[-1.79893698944411,51.3439328855123],[-1.79893690495949,51.3439328341143],[-1.79893683486742,51.3439327746484],[-1.79893678203152,51.3439327089176],[-1.79893674644789,51.3439326378213],[-1.79893672953655,51.3439325649585],[-1.79893673272935,51.343932491231],[-1.7989367545827,51.3439324184346],[-1.79895894088551,51.3438820491042],[-1.79891876412695,51.3438297890975],[-1.79891574450493,51.3438295213692],[-1.79891562398629,51.3438295022801],[-1.79891551070116,51.3438294706149],[-1.79891540751703,51.3438294272775],[-1.79891531730148,51.3438293731722],[-1.79891524435382,51.3438293101046],[-1.79891518866622,51.343829239873],[-1.79891515453409,51.3438291651825],[-1.79891514051387,51.3438290878288],[-1.79891514802954,51.3438290105119],[-1.79891517707718,51.343828934131],[-1.79891522763718,51.3438288631821],[-1.79891529540237,51.3438287976577],[-1.7989153817928,51.343828741157],[-1.79891548106165,51.3438286945694],[-1.79891559176535,51.3438286596907],[-1.79891571102855,51.3438286374152],[-1.79891583454404,51.3438286277355],[-1.79891595943256,51.3438286324452],[-1.79891801461541,51.343828814],[-1.79884705665595,51.3437365128365],[-1.79883543304902,51.3437361629395],[-1.79870243486333,51.3437398898023],[-1.79850605653816,51.3437474840444],[-1.79850596178045,51.3437474838819],[-1.7985058684938,51.3437474756293],[-1.79850577667429,51.3437474601858],[-1.79850569063302,51.3437474366595],[-1.79842977301409,51.3437235230795],[-1.79842967124674,51.3437234842401],[-1.79842958100446,51.3437234364286],[-1.79842950659832,51.3437233787533],[-1.79842944657692,51.3437233148084],[-1.79842940524346,51.3437232455004],[-1.79842938115439,51.3437231726253],[-1.79842937860902,51.3437230979887],[-1.7984293947241,51.3437230242834],[-1.79842942949177,51.3437229533076],[-1.7984294829042,51.3437228868597],[-1.79842955207815,51.3437228276323],[-1.79842963701361,51.3437227756253],[-1.79842973483127,51.3437227326324],[-1.79842984121221,51.3437227013434],[-1.79842995616033,51.3437226808594],[-1.79843007392883,51.3437226720696],[-1.79843019164233,51.3437226758682],[-1.79843030786511,51.3437226922529],[-1.79843041685822,51.3437227203145],[-1.79850616242897,51.3437465787489],[-1.79870235837823,51.3437389922868],[-1.79883540107659,51.343735263702],[-1.79883545133079,51.3437352628888],[-1.79884634855205,51.3437355908612],[-1.79884583174513,51.3437349191862],[-1.79884578755528,51.3437348462767],[-1.79884576492088,51.3437347689083],[-1.79884576239052,51.343734690675],[-1.7988457828278,51.3437346133803],[-1.79884582478522,51.3437345397191],[-1.79884588538745,51.3437344705858],[-1.79884596461485,51.3437344104762],[-1.798846059596,51.3437343593853],[-1.7988461674516,51.3437343191067],[-1.79884628386666,51.3437342914313],[-1.79884640740153,51.3437342772559],[-1.79884653231723,51.3437342756713],[-1.79884665573447,51.3437342884711],[-1.79884677335003,51.3437343147487],[-1.798846883736,51.3437343527034],[-1.7988469797138,51.3437344023227],[-1.79884706129123,51.3437344618084],[-1.79884712560471,51.3437345293572],[-1.79884797932902,51.3437356404101],[-1.79897480254823,51.3437394586524],[-1.79897485279069,51.3437394605367],[-1.79919012062562,51.3437556892664],[-1.79930410702078,51.3437598394942],[-1.79930422901032,51.3437598504928],[-1.79930434663402,51.3437598749716],[-1.79930445702826,51.3437599111274],[-1.79930455445012,51.3437599589505],[-1.79930463747174,51.34376001664],[-1.79930470322947,51.3437600823926],[-1.79930475029541,51.3437601544076],[-1.79930477724559,51.343760229985],[-1.79930478264818,51.3437603082232],[-1.79930476652274,51.3437603846262],[-1.79930472886927,51.343760459194],[-1.79930467113915,51.3437605283325],[-1.79930459621163,51.3437605902482],[-1.79930450553028,51.3437606431451],[-1.79930440197434,51.3437606852298],[-1.79930428698348,51.3437607156057],[-1.79930416630449,51.3437607333832],[-1.79930404281272,51.3437607376682],[-1.79919001478722,51.3437565855708],[-1.79918997172336,51.3437565836988],[-1.79897470675187,51.343740355873],[-1.79884868743295,51.3437365623854],[-1.79891972391778,51.34382896529],[-1.79928680948386,51.3438614400896],[-1.79928693000273,51.3438614591783],[-1.79928704328821,51.3438614908431],[-1.79928714647274,51.3438615341801],[-1.7992872366888,51.3438615882852],[-1.79928730963701,51.3438616513526],[-1.79928736388949,51.3438617215815],[-1.79928739945796,51.3438617962744],[-1.7992874134788,51.3438618736281],[-1.79928740596374,51.343861950945],[-1.79928737692062,51.3438620264267],[-1.79928732635723,51.343862098275],[-1.79928725859643,51.3438621629004],[-1.79928717220248,51.3438622203006],[-1.79928707293392,51.3438622668885],[-1.79928696223042,51.3438623017676],[-1.79928684296732,51.3438623240435],[-1.7992867194518,51.3438623337235],[-1.79928659456316,51.3438623290143],[-1.79892047342935,51.3438299403874],[-1.79896035181568,51.3438818114362],[-1.79896038888599,51.3438818708457],[-1.79896041301907,51.3438819338297],[-1.79896042278704,51.3438819985876],[-1.79896041676595,51.3438820624193],[-1.79896039638757,51.3438821262264],[-1.79893856536268,51.3439316877996],[-1.79895169142903,51.3439276108824],[-1.79895179641747,51.3439275696996],[-1.79895183523308,51.3439275580767],[-1.79895193298016,51.3439275312684],[-1.79895203642315,51.3439275152601],[-1.79895214268665,51.3439275109459],[-1.79895228050483,51.3439275138793],[-1.79928275058275,51.3439211874509],[-1.7992828740319,51.3439211930569],[-1.79928299455094,51.3439212121456],[-1.79928310927228,51.3439212438129],[-1.79928321245303,51.3439212880491],[-1.79928330123347,51.3439213421517],[-1.79928337418177,51.3439214052191],[-1.79928342987395,51.3439214745513],[-1.79928346400673,51.3439215492418],[-1.79928347802367,51.3439216274946],[-1.79928346907287,51.343921704809],[-1.79928344002969,51.3439217802908],[-1.79928339090197,51.3439218521415],[-1.79928332170534,51.3439219167645],[-1.79928323675092,51.3439219732679],[-1.79928313604651,51.3439220198534],[-1.79928302534286,51.3439220547324],[-1.7992829060796,51.3439220770083],[-1.79928278256393,51.3439220866884],[-1.79895271167879,51.3439283985136],[-1.79887135319816,51.3441229080874],[-1.79926335601835,51.3442222600619],[-1.79926346785329,51.3442222953211],[-1.79926356671575,51.3442223422474],[-1.79926365117778,51.3442223990402],[-1.79926371980757,51.3442224647978],[-1.79926376831358,51.3442225359161],[-1.7992637981315,51.3442226123976],[-1.79926380497372,51.344222689739],[-1.79926379027988,51.3442227670436],[-1.79926375549745,51.3442228416163],[-1.79926369919851,51.3442229116564],[-1.79926362570203,51.3442229744737],[-1.7992635350158,51.3442230282697],[-1.7992634314549,51.3442230712536],[-1.79926331789469,51.344223102531],[-1.79926319577483,51.3442231212053],[-1.79926307227791,51.3442231263894],[-1.7992629488397,51.3442231180859],[-1.79926282833162,51.3442230962997],[-1.79887023033035,51.3441235931412],[-1.79887012709859,51.3441235605939],[-1.79887003395616,51.3441235190721],[-1.79886995234274,51.344123467679],[-1.79886988511801,51.344123409117],[-1.79886983370988,51.3441233451871],[-1.79886979955018,51.3441232767907],[-1.79886978263105,51.3441232057263],[-1.79886978438431,51.3441231328955],[-1.79886980479036,51.3441230627942]]]]},"properties":{"OBJECTID":1039088,"LAYER":"DITCH","project":"Avebury World Heritage Site","PERIOD":"MEDIEVAL\\POST MEDIEVAL","MONUMENT_TYPE":"WATER MEADOW","EVIDENCE_1":"EARTHWORK","HE_UID":"1177093","HE_URL1":"https://www.heritagegateway.org.uk/Gateway/Results_Single.aspx?uid=1177093&resourceID=19191","HER_NO":" NONE GIVEN"}},{"type":"Feature","id":1020708,"geometry":{"type":"MultiPolygon","coordinates":[[[[-1.79876879924237,51.3445590789166],[-1.79876886434819,51.3445441525955],[-1.79876887617539,51.3445440743869],[-1.79876890809129,51.3445439989102],[-1.79879293487684,51.3445029923615],[-1.79879295511062,51.344502961824],[-1.79884696884756,51.3444284131379],[-1.79890088643266,51.3443613904204],[-1.79891904826948,51.3442906666087],[-1.79890147437034,51.3442311205305],[-1.79884818006799,51.3441901308901],[-1.79878887372657,51.3441677287282],[-1.79869362076473,51.3441601122695],[-1.79869347585744,51.3441600886425],[-1.79861602183637,51.3441412969942],[-1.79861592003263,51.3441412662476],[-1.79861580396573,51.344141213896],[-1.79853250056218,51.3440925530069],[-1.79853241754093,51.3440924953169],[-1.79853235178775,51.3440924286647],[-1.79853230472267,51.3440923566493],[-1.79853227777356,51.3440922810718],[-1.79853227236831,51.3440922037328],[-1.7985322899348,51.3440921264332],[-1.79853232615403,51.3440920518631],[-1.79853238388572,51.344091982725],[-1.79853245881087,51.3440919217091],[-1.79853255092948,51.3440918688152],[-1.79853265448684,51.3440918267312],[-1.79853276947903,51.3440917963561],[-1.79853289015917,51.3440917785793],[-1.79853301365189,51.3440917742951],[-1.7985331370857,51.3440917834986],[-1.79853325615342,51.3440918061823],[-1.79853336655178,51.3440918414397],[-1.79853346685286,51.34409188747],[-1.79861666857417,51.3441404897372],[-1.79869390602565,51.3441592288615],[-1.79878922357032,51.3441668508257],[-1.79878936274257,51.3441668726444],[-1.79878948175571,51.3441669079163],[-1.79884902890415,51.3441894013075],[-1.79884912061096,51.3441894428269],[-1.79884921224718,51.3441895005314],[-1.79890270402309,51.344230641572],[-1.79890277123232,51.3442307037306],[-1.7989028211892,51.3442307712548],[-1.79890285245796,51.3442308441422],[-1.79892048295359,51.3442905818429],[-1.79892049408679,51.3442906627884],[-1.79892048516666,51.3442907329094],[-1.79890228535208,51.3443616059207],[-1.79890225198119,51.3443616858908],[-1.7989022187514,51.3443617334907],[-1.79884826507427,51.3444288020052],[-1.79879427445599,51.3445033174617],[-1.79877029975056,51.3445442341816],[-1.79877023775927,51.3445584465569],[-1.79887067041724,51.3445103863347],[-1.79887073946243,51.3445103567799],[-1.7990798282394,51.3444323488849],[-1.79907996623922,51.344432310456],[-1.79927694472219,51.3443953264948],[-1.79927706682686,51.3443953114173],[-1.79927719031248,51.3443953089306],[-1.79927731373943,51.3443953199316],[-1.79927743136863,51.3443953435113],[-1.79927754032861,51.3443953796647],[-1.79927763918752,51.3443954274903],[-1.79927772221024,51.3443954851798],[-1.79927778796882,51.3443955509324],[-1.79927783503928,51.3443956220483],[-1.79927786198587,51.3443956985248],[-1.79927786882813,51.3443957758662],[-1.79927785269851,51.3443958531684],[-1.79927781504839,51.3443959268371],[-1.79927775875318,51.344395995978],[-1.7992776838246,51.3443960578936],[-1.79927759313807,51.3443961116897],[-1.7992774895807,51.3443961537744],[-1.79927737602398,51.3443961841526],[-1.79908048231711,51.3444331520742],[-1.79887151002517,51.3445111161097],[-1.7987161569243,51.344585457101],[-1.79871592257163,51.3445855313318],[-1.7984950830627,51.3446262005454],[-1.79849500404539,51.3446262120993],[-1.79849490351148,51.3446262191204],[-1.79832192526881,51.3446296539867],[-1.79832180038213,51.3446296483772],[-1.79832167986167,51.3446296292876],[-1.79832156657499,51.3446295976218],[-1.79832146338965,51.3446295542839],[-1.79832137317324,51.3446295001781],[-1.79832130022514,51.3446294371101],[-1.79832124453748,51.3446293668783],[-1.79832121040572,51.3446292921876],[-1.79832119638626,51.3446292148338],[-1.79832120390698,51.3446291366178],[-1.79832123438791,51.3446290611388],[-1.79832128351787,51.3446289892885],[-1.79832135271688,51.3446289246661],[-1.79832143767377,51.3446288681634],[-1.79832153694492,51.3446288215763],[-1.79832164908673,51.3446287867006],[-1.79832176835225,51.3446287644257],[-1.79832189186999,51.3446287547467],[-1.79849476672747,51.3446253215015],[-1.79871539069365,51.3445846923825],[-1.79876880619363,51.3445591310811],[-1.79876879924237,51.3445590789166]]],[[[-1.79930688089373,51.3443879027179],[-1.79930700583464,51.3443878957378],[-1.79930708478876,51.3443878985702],[-1.79968269088788,51.3444146606889],[-1.79968281429546,51.3444146761853],[-1.79968293046576,51.3444147051572],[-1.79968303653508,51.3444147458012],[-1.7996831310677,51.344414798115],[-1.79968320833236,51.3444148593911],[-1.79968326833687,51.3444149278313],[-1.79968330821363,51.3444150025314],[-1.79968332654251,51.3444150798924],[-1.79968332333135,51.3444151581158],[-1.79968329858794,51.3444152354033],[-1.79968325232789,51.3444153081583],[-1.79968318743051,51.3444153745872],[-1.79968310389969,51.3444154337908],[-1.79968300605829,51.3444154821799],[-1.79968289677779,51.3444155197593],[-1.79968277750175,51.3444155447331],[-1.79968265397704,51.3444155562119],[-1.79968252907515,51.3444155542007],[-1.79930692296891,51.3443887920814],[-1.79930680530059,51.3443887774936],[-1.79930669199425,51.3443887503246],[-1.79930658878898,51.3443887114835],[-1.79930649567302,51.3443886636677],[-1.79930641839326,51.3443886059881],[-1.79930635694187,51.3443885402428],[-1.79930631417468,51.3443884700335],[-1.79930629008781,51.3443883962594],[-1.79930628754491,51.3443883207237],[-1.79930630366274,51.3443882461191],[-1.79930633986924,51.3443881742463],[-1.79930639472083,51.3443881069012],[-1.79930646677005,51.344388046779],[-1.79930655457724,51.3443879947764],[-1.79930665526306,51.3443879526868],[-1.79930676451642,51.3443879214019],[-1.79930688089373,51.3443879027179]]],[[[-1.79965891662437,51.3443474557063],[-1.79965902577196,51.3443474486989],[-1.7996591348727,51.3443474524816],[-1.79965924249083,51.344347467052],[-1.79965934432305,51.3443474915035],[-1.79965944037325,51.344347524937],[-1.79965952489847,51.3443475673427],[-1.79965960077411,51.3443476178263],[-1.79977846968285,51.3444448494241],[-1.79977853687795,51.344444915179],[-1.79977858394532,51.3444449871938],[-1.79977861089666,51.344445062771],[-1.79977861773586,51.3444451410116],[-1.79977860160706,51.3444452183138],[-1.79977856539343,51.3444452919851],[-1.79977850766316,51.3444453611238],[-1.79977843273126,51.344445423939],[-1.79977834204911,51.3444454768362],[-1.79977823849209,51.3444455189214],[-1.79977812349593,51.3444455501968],[-1.79977800281534,51.3444455679749],[-1.7997778793218,51.3444455722604],[-1.79977775588679,51.3444455630582],[-1.79977763681755,51.3444455403758],[-1.79977752497778,51.3444455060163],[-1.79977742467469,51.3444454599871],[-1.79977733877587,51.3444454031922],[-1.79965846986809,51.3443481715933],[-1.79965840410513,51.34434810674],[-1.79965835559841,51.3443480356219],[-1.79965832864341,51.3443479609437],[-1.79965832179661,51.3443478845015],[-1.79965833648594,51.344347808096],[-1.79965837126394,51.3443477344223],[-1.79965842468704,51.3443476652764],[-1.7996584981793,51.344347603358],[-1.79965858598991,51.344347550456],[-1.79965868668316,51.3443475065677],[-1.79965879880766,51.3443474752874],[-1.79965891662437,51.3443474557063]]],[[[-1.80059497498669,51.344419943825],[-1.80070235779586,51.3444126627673],[-1.80070244825935,51.3444126602232],[-1.80088731285936,51.3444167051968],[-1.80106616776737,51.3444170080972],[-1.80116755051329,51.3444097191536],[-1.80116763379804,51.3444097165969],[-1.80116773140923,51.344409721258],[-1.80134063115301,51.3444249409969],[-1.80134075167419,51.3444249600834],[-1.80134086496243,51.3444249917463],[-1.80134096815013,51.3444250350815],[-1.80134105836967,51.344425089185],[-1.80134113132155,51.3444251522511],[-1.80134118558166,51.3444252215799],[-1.80134122115386,51.3444252962722],[-1.80134123517829,51.3444253736257],[-1.80134122766268,51.3444254518419],[-1.80134119862251,51.3444255273241],[-1.80134114806169,51.3444255991733],[-1.80134108030291,51.3444256637999],[-1.80134099535005,51.3444257203048],[-1.80134089464661,51.3444257668921],[-1.80134078393941,51.3444258026722],[-1.80134066467585,51.3444258249502],[-1.80134054115927,51.3444258346324],[-1.80134041770464,51.3444258299278],[-1.80116762272816,51.3444106193577],[-1.80106628881108,51.3444179047874],[-1.8010662055263,51.3444179073439],[-1.80088728600637,51.3444176043341],[-1.80070246159975,51.3444135603278],[-1.80059523964236,51.3444208299691],[-1.80048786202497,51.3444504727131],[-1.80048774274927,51.3444504976878],[-1.80048761922078,51.3444505100666],[-1.80048749431876,51.3444505080562],[-1.80048737234657,51.344450492563],[-1.80048725473605,51.3444504644887],[-1.80048714866593,51.3444504238453],[-1.80048705412844,51.3444503724314],[-1.80048697542692,51.3444503111534],[-1.80048691542119,51.3444502427136],[-1.80048687554311,51.3444501680138],[-1.80048685577713,51.3444500906505],[-1.80048685898694,51.344450012427],[-1.80048688372515,51.3444499360385],[-1.80048692855213,51.3444498623816],[-1.80048699344841,51.3444497959523],[-1.80048707554252,51.3444497367456],[-1.80048717338705,51.3444496874566],[-1.80048728266698,51.3444496498765],[-1.80059476234114,51.3444199794315],[-1.80059497498669,51.344419943825]]],[[[-1.8006723930698,51.3444536578411],[-1.80067251079311,51.3444536598391],[-1.80067262846591,51.3444536735265],[-1.80067273890948,51.3444536988909],[-1.8006728421277,51.3444537350333],[-1.80067293381333,51.3444537819463],[-1.80067301253842,51.3444538378292],[-1.80067307543922,51.3444539008786],[-1.80067312108778,51.344453969294],[-1.80067314805224,51.3444540421735],[-1.80067315491238,51.3444541159181],[-1.80067314310782,51.3444541896311],[-1.80067311121062,51.3444542615116],[-1.80067306066816,51.3444543288646],[-1.80067299435969,51.3444543898966],[-1.80067291228912,51.3444544437083],[-1.8006728173357,51.3444544885064],[-1.80067271094681,51.3444545215957],[-1.8006725988577,51.3444545447843],[-1.80067248107999,51.3444545553748],[-1.80048756793355,51.3444617048048],[-1.80048745021023,51.3444617028065],[-1.80048733253746,51.344461689119],[-1.80048722209398,51.3444616637544],[-1.80048711887588,51.3444616276119],[-1.80048702719041,51.3444615806987],[-1.80048694846554,51.3444615248157],[-1.80048688556497,51.3444614617661],[-1.80048683991668,51.3444613933507],[-1.80048681295251,51.3444613204712],[-1.80048680609268,51.3444612467265],[-1.80048681789752,51.3444611730136],[-1.80048684979502,51.3444611011331],[-1.80048690033775,51.3444610337802],[-1.80048696664647,51.3444609727484],[-1.80048704871727,51.3444609189367],[-1.80048714367088,51.3444608741388],[-1.80048725005991,51.3444608410497],[-1.80048736214914,51.3444608178612],[-1.8004874799269,51.344460807271],[-1.8006723930698,51.3444536578411]]],[[[-1.8001891841243,51.3444910516153],[-1.79996853659011,51.3444832121292],[-1.79996843468725,51.3444832038632],[-1.7998611343857,51.3444680929397],[-1.79986106265306,51.344468080229],[-1.7998074330328,51.3444567922578],[-1.79980731974552,51.3444567605934],[-1.79980721799883,51.3444567163601],[-1.79980712778492,51.3444566613563],[-1.79980705483508,51.3444565982893],[-1.79980700058112,51.3444565280606],[-1.7998069664471,51.3444564533703],[-1.79980695386097,51.3444563760191],[-1.79980696281491,51.3444562978055],[-1.79980699329332,51.344456222326],[-1.79980704385655,51.3444561504776],[-1.79980711305324,51.3444560858543],[-1.79980719944376,51.3444560293529],[-1.79980730014489,51.3444559836662],[-1.79980741228518,51.3444559487891],[-1.79980753154565,51.3444559274119],[-1.79980765505873,51.3444559186304],[-1.79980777994901,51.3444559233391],[-1.79980790046965,51.3444559424273],[-1.79986148562384,51.3444672204314],[-1.7999686768692,51.344482316782],[-1.80018922534827,51.3444901525027],[-1.80032041950747,51.3444903754959],[-1.80032054438624,51.3444903829016],[-1.80032066490327,51.3444904028884],[-1.80032077818319,51.3444904363506],[-1.80032087992655,51.3444904814826],[-1.80032096870151,51.3444905373828],[-1.80032104021247,51.3444906013463],[-1.80032109302759,51.3444906724715],[-1.80032112428707,51.3444907480559],[-1.80032113543444,51.3444908263038],[-1.80032112360986,51.3444909045126],[-1.80032109169652,51.3444909799897],[-1.80032103826645,51.3444910509344],[-1.80032096620282,51.3444911146539],[-1.80032087694525,51.3444911702515],[-1.80032077481268,51.3444912150371],[-1.80032066124475,51.3444912481139],[-1.80032054055646,51.3444912676909],[-1.80032041561542,51.344491274672],[-1.8001891841243,51.3444910516153]]],[[[-1.79859166044475,51.3442859256524],[-1.79859178107827,51.3442859186657],[-1.79859190165292,51.3442859251666],[-1.79859201930505,51.3442859433519],[-1.79859212972353,51.3442859741134],[-1.79859223004079,51.3442860165469],[-1.7985923188329,51.3442860679525],[-1.79859239035295,51.3442861292195],[-1.79859244605631,51.3442861958545],[-1.7985924830715,51.3442862678526],[-1.79868088983833,51.3445289855636],[-1.79868090385834,51.3445290629173],[-1.79868089634217,51.3445291402342],[-1.79868086729764,51.3445292157157],[-1.79868081817227,51.344529286667],[-1.79868075184539,51.3445293512945],[-1.79868066688912,51.3445294077975],[-1.79868056905429,51.3445294543874],[-1.79868045834482,51.344529490165],[-1.79868034051154,51.3445295133419],[-1.79833421253202,51.3445774235692],[-1.79833408901836,51.344577432349],[-1.79833396556757,51.3445774267421],[-1.79833384504331,51.3445774085516],[-1.79833373031706,51.3445773777825],[-1.79833362713183,51.3445773344446],[-1.79833353691157,51.344577281238],[-1.79833346252385,51.3445772190668],[-1.79833340683624,51.344577148835],[-1.79833337126482,51.3445770750409],[-1.7983333558096,51.3445769976847],[-1.7983333633303,51.3445769194687],[-1.79833339093968,51.3445768439848],[-1.79833343863382,51.344576772132],[-1.79833350640091,51.344576706608],[-1.79833359135769,51.3445766501052],[-1.79833369063264,51.3445766026189],[-1.79833379990675,51.3445765668392],[-1.79833391917606,51.3445765436651],[-1.79867932596488,51.3445287329116],[-1.79859107951786,51.3442864569729],[-1.79859106690632,51.3442863859159],[-1.79859107152757,51.3442863139892],[-1.79859109336985,51.3442862438903],[-1.79859113386496,51.3442861765211],[-1.79859119156539,51.3442861145763],[-1.79859126359968,51.3442860580513],[-1.79859134851635,51.3442860105401],[-1.7985914448797,51.3442859720405],[-1.7985915498143,51.3442859434465],[-1.79859166044475,51.3442859256524]]],[[[-1.80069617615646,51.3444537044727],[-1.80069631832628,51.3444536975203],[-1.80130456595085,51.3444733864399],[-1.80130468220751,51.3444733956282],[-1.80130479553847,51.3444734174002],[-1.80130490020846,51.3444734499478],[-1.80130499478176,51.3444734932685],[-1.80130507783423,51.3444735446623],[-1.80130514649052,51.3444736050236],[-1.80132295838184,51.3444922958778],[-1.80132301690277,51.344492376004],[-1.80135259915549,51.3445484064336],[-1.80135262472403,51.3445484703188],[-1.80135263452645,51.344548527883],[-1.80135824079377,51.3446306345435],[-1.80135823184628,51.3446307118581],[-1.80135820280603,51.3446307873403],[-1.80135815224887,51.3446308582903],[-1.80135808448595,51.3446309238161],[-1.80135799809699,51.3446309803186],[-1.80135789883273,51.3446310260092],[-1.80135778812894,51.3446310608902],[-1.80135766886486,51.3446310831681],[-1.80135754534773,51.3446310928504],[-1.80135742189255,51.3446310881458],[-1.80135729992734,51.3446310708551],[-1.80135718663471,51.3446310400914],[-1.80135708200691,51.344630997653],[-1.80135699034347,51.3446309453454],[-1.80135691595161,51.3446308831761],[-1.80135685881975,51.3446308138424],[-1.80135682181161,51.3446307391477],[-1.80135680634748,51.3446306626911],[-1.80135120551204,51.3445486288735],[-1.80132168164235,51.3444927109402],[-1.80130410987607,51.3444742713638],[-1.80069626275858,51.3444545957097],[-1.80069614076298,51.3444545856118],[-1.80069602313291,51.3444545620335],[-1.8006959141678,51.3444545267806],[-1.80069581673916,51.3444544798579],[-1.80069573227495,51.3444544230661],[-1.80069566507464,51.344454358211],[-1.80069561656621,51.3444542870933],[-1.8006955896095,51.3444542124154],[-1.80069558132913,51.3444541350716],[-1.80069559458103,51.3444540586636],[-1.80069562935747,51.3444539849896],[-1.80069568421491,51.3444539158455],[-1.80069575627408,51.3444538530249],[-1.80069584408761,51.3444537992229],[-1.80069594477622,51.3444537562329],[-1.80069605690417,51.3444537240525],[-1.80069617615646,51.3444537044727]]],[[[-1.79825988573628,51.3446527077442],[-1.79826001067413,51.3446527016644],[-1.79826013554906,51.3446527099714],[-1.79826025462594,51.344652730857],[-1.79826036790085,51.3446527652204],[-1.79826046963864,51.3446528112534],[-1.79826055553991,51.3446528671502],[-1.79826062704828,51.3446529311149],[-1.79826067842076,51.3446530031377],[-1.79826070824125,51.3446530787203],[-1.79826071794943,51.3446531569658],[-1.79826070612529,51.3446532342752],[-1.798260671337,51.3446533097469],[-1.79826061790359,51.3446533806906],[-1.79826054584082,51.3446534435096],[-1.79826045658442,51.3446534982065],[-1.79826035301377,51.3446535429879],[-1.79826023944791,51.3446535751635],[-1.79826011875834,51.3446535947383],[-1.79793750044834,51.3446860044738],[-1.79793740566115,51.3446860106051],[-1.79765284809545,51.3446907991624],[-1.79765272464445,51.3446907935547],[-1.7976526041241,51.3446907744643],[-1.79765249084167,51.3446907418987],[-1.79765238765683,51.3446906985603],[-1.79765229744107,51.344690644454],[-1.79765222449772,51.3446905804864],[-1.79765217024281,51.3446905111559],[-1.79765213611603,51.3446904355658],[-1.79765212209766,51.3446903582119],[-1.79765213105133,51.3446902808977],[-1.79765216010158,51.3446902045172],[-1.79765221066444,51.3446901335688],[-1.79765227986842,51.3446900680476],[-1.79765236625804,51.3446900124471],[-1.79765246552998,51.3446899658605],[-1.79765257767242,51.3446899309855],[-1.79765269693843,51.3446899087113],[-1.79765282045252,51.3446898999321],[-1.79793731914297,51.3446851121729],[-1.79825988573628,51.3446527077442]]],[[[-1.8007246425693,51.3447671988562],[-1.80072473736019,51.3447671918235],[-1.80072483211222,51.3447671937825],[-1.80072492683318,51.3447672029349],[-1.80072501721191,51.3447672201727],[-1.80114802137133,51.3448686919247],[-1.80114813321701,51.3448687253837],[-1.80114823352238,51.3448687714118],[-1.8011483208594,51.3448688282081],[-1.80114839093633,51.3448688921686],[-1.80114844231352,51.3448689641902],[-1.80114847213884,51.344869039772],[-1.80114848185192,51.3448691180173],[-1.80114846859675,51.3448691953246],[-1.80114843524874,51.3448692707995],[-1.80114838038761,51.3448693408429],[-1.80114830832452,51.344869404563],[-1.8011482190711,51.3448694592621],[-1.80114811550661,51.3448695031468],[-1.8011480019422,51.3448695353252],[-1.80114788125328,51.344869554903],[-1.80114775631522,51.3448695609859],[-1.80114763287106,51.3448695535835],[-1.80114751235657,51.3448695326984],[-1.80072450819062,51.3447680609445],[-1.80072439634548,51.3447680274851],[-1.80072429604076,51.3447679814567],[-1.80072420870056,51.3447679255593],[-1.80072413862437,51.3447678615985],[-1.80072408867981,51.3447677904783],[-1.80072405741949,51.344767714894],[-1.80072404770714,51.3447676366486],[-1.80072405952723,51.3447675593389],[-1.80072409287587,51.3447674838642],[-1.80072414630176,51.3447674138185],[-1.80072421836527,51.3447673500987],[-1.80072430761899,51.3447672953999],[-1.8007244097479,51.3447672515132],[-1.80072452188047,51.3447672184336],[-1.8007246425693,51.3447671988562]]],[[[-1.80044844768467,51.3450581984493],[-1.80045456721357,51.3450246144772],[-1.80045463965904,51.3450244626384],[-1.80049660320855,51.3449722913733],[-1.80049662341031,51.3449722680288],[-1.80049666233917,51.3449722303292],[-1.80060440300462,51.3448791355731],[-1.80068221484511,51.3448009613499],[-1.80069418190835,51.3447787070924],[-1.80070089634159,51.3446033863914],[-1.80071321577057,51.3445138437369],[-1.80071323474992,51.3445137709352],[-1.80071327381807,51.3445137008652],[-1.8007133315315,51.3445136353228],[-1.80071340357133,51.3445135769981],[-1.80071349136942,51.3445135267927],[-1.80071359061073,51.3445134864978],[-1.80071369985567,51.34451345701],[-1.80071381479311,51.3445134392213],[-1.80071393255153,51.3445134331267],[-1.80071405169131,51.344513439623],[-1.80071416647335,51.3445134578013],[-1.80071427402618,51.3445134876567],[-1.80071437291402,51.3445135291868],[-1.80071446027704,51.3445135796892],[-1.80071453324763,51.3445136382598],[-1.80071458896207,51.3445137030955],[-1.80071462742036,51.3445137741961],[-1.80071464577043,51.344513847061],[-1.80071464544802,51.3445139216927],[-1.80070233045139,51.3446034360306],[-1.80069561441491,51.3447787967427],[-1.80069560263363,51.3447788650606],[-1.80069557651421,51.3447789288582],[-1.80068354575385,51.3448013043975],[-1.80068348365893,51.344801387017],[-1.80060560837444,51.3448796240762],[-1.80060558098234,51.344879650106],[-1.80049785905294,51.3449727287097],[-1.80045597922984,51.3450247958122],[-1.80045469821014,51.345031837834],[-1.80045478602892,51.345031783133],[-1.80045488959831,51.3450317383497],[-1.80045500172783,51.3450317061695],[-1.80045512242136,51.3450316856933],[-1.80045524736383,51.345031678712],[-1.80045537224796,51.3450316852183],[-1.80045549276645,51.345031705205],[-1.80045560604778,51.3450317386671],[-1.80083075225654,51.3451667039712],[-1.80083085400188,51.3451667491027],[-1.80083094277872,51.3451668050025],[-1.80083101429142,51.3451668689657],[-1.8008310671081,51.3451669400906],[-1.80083109980463,51.3451670156774],[-1.80083111095689,51.345167093026],[-1.80083110056876,51.3451671712373],[-1.80083106722001,51.3451672467121],[-1.80083101522571,51.3451673176594],[-1.80083094315783,51.3451673822784],[-1.80083085533535,51.3451674378789],[-1.80083075320178,51.3451674826649],[-1.80083063963255,51.3451675157422],[-1.80083051893885,51.3451675362189],[-1.80083039399606,51.3451675432006],[-1.80083026911152,51.3451675366946],[-1.80083014859251,51.3451675167083],[-1.80083003531056,51.3451674832466],[-1.80045488909763,51.3450325179402],[-1.80045480167557,51.3450324809253],[-1.80045472433886,51.3450324358348],[-1.80045465851547,51.3450323844696],[-1.80045460707695,51.3450323268346],[-1.80044987736282,51.345058280005],[-1.80044367832482,51.3451142247157],[-1.80044367388917,51.3451142543812],[-1.80041932861991,51.3452261504857],[-1.80038854036691,51.345449983873],[-1.80038852138667,51.3454500566746],[-1.80038848231724,51.3454501267445],[-1.80038842460219,51.3454501922867],[-1.8003883525605,51.3454502506113],[-1.80038826476029,51.3454503008163],[-1.80038816551669,51.345450341111],[-1.80038805626935,51.3454503705984],[-1.80038794132948,51.3454503883868],[-1.80038782356864,51.3454503944811],[-1.8003877044265,51.3454503879844],[-1.80038758964228,51.3454503698058],[-1.80038748208751,51.3454503399501],[-1.80038738319797,51.3454502984197],[-1.80038729583355,51.3454502479171],[-1.8003872228619,51.3454501893463],[-1.8003871671468,51.3454501245105],[-1.80038712868824,51.3454500534097],[-1.80038711033832,51.3454499805448],[-1.80038711066127,51.3454499059132],[-1.80041790188598,51.3452260509509],[-1.80044224718974,51.3451141476533],[-1.80044844768467,51.3450581984493]]],[[[-1.79739304457466,51.3446605777737],[-1.79739316233783,51.3446605707833],[-1.79739328148146,51.3446605763838],[-1.79739339626257,51.3446605945653],[-1.79739350525328,51.3446606235271],[-1.79739360557816,51.3446606641633],[-1.7973936929418,51.344660713769],[-1.79739376590845,51.3446607723416],[-1.79739382305418,51.3446608371813],[-1.79752142147709,51.344840255214],[-1.79752144785115,51.3448402979706],[-1.79760951727271,51.3450258355104],[-1.79768771726467,51.3452113429496],[-1.79768773284914,51.3452113906331],[-1.79772642091871,51.3453968416981],[-1.79772642640161,51.3453969010536],[-1.79772602002837,51.3454895880878],[-1.79772601110621,51.3454896582087],[-1.79772598352289,51.3454897273983],[-1.79772594016575,51.3454897920648],[-1.79772588103477,51.3454898522082],[-1.79772580757363,51.3454899060327],[-1.79769610623957,51.3455083870543],[-1.79769601125748,51.345508437245],[-1.79769590196887,51.3455084757217],[-1.79769578411685,51.3455085024943],[-1.79769566058088,51.3455085157693],[-1.79769553566827,51.3455085155543],[-1.79769541225057,51.3455085018541],[-1.79769529463513,51.3455084746761],[-1.79769518712534,51.345508434927],[-1.79769509114907,51.3455083844075],[-1.79769501100578,51.3455083249235],[-1.79769494956702,51.3455082564799],[-1.79769490681703,51.3455081826733],[-1.79769488561947,51.3455081053071],[-1.7976948859625,51.3455080270788],[-1.79769490783825,51.3455079497868],[-1.79769495123488,51.3455078761285],[-1.79769501470479,51.3455078087991],[-1.7976950953725,51.3455077486928],[-1.79772458506787,51.345489399487],[-1.79772499049781,51.3453969282549],[-1.79768631793157,51.3452115446549],[-1.79760813499652,51.3450260777073],[-1.79752009046699,51.34484059461],[-1.79739251203035,51.3446612035858],[-1.7973924721373,51.3446611333808],[-1.79739245235664,51.3446610605128],[-1.79739245124863,51.3446609858788],[-1.79739247023717,51.3446609121786],[-1.7973925078747,51.3446608421072],[-1.79739256415723,51.3446607765639],[-1.79739263620144,51.3446607182413],[-1.79739272257157,51.3446606671368],[-1.79739282182003,51.3446606259455],[-1.79739292963165,51.3446605964583],[-1.79739304457466,51.3446605777737]]],[[[-1.79700940601936,51.3462472335564],[-1.7970095237866,51.3462472265663],[-1.79700964293425,51.3462472321673],[-1.79700975771912,51.3462472503492],[-1.79700986671332,51.3462472793113],[-1.79700996704127,51.3462473199478],[-1.79701005440746,51.3462473695538],[-1.79701012737611,51.3462474281267],[-1.79701018452325,51.3462474929665],[-1.79701022441706,51.3462475631717],[-1.79701024419385,51.3462476369388],[-1.79701024530524,51.3462477106737],[-1.7969860382931,51.346443312951],[-1.79698603094393,51.3464433516032],[-1.79693857041244,51.3466243109659],[-1.7968768659562,51.3468578064824],[-1.79684353244743,51.3470095892686],[-1.79680548932992,51.3471701372181],[-1.7967534593644,51.3473248243665],[-1.79675342313977,51.347324898936],[-1.79675336683726,51.3473249680756],[-1.79675329189663,51.3473250308887],[-1.79675320120147,51.3473250846828],[-1.7967530976353,51.3473251267652],[-1.79675298263,51.3473251580377],[-1.79675286194079,51.3473251758126],[-1.79675273699954,51.3473251809915],[-1.7967526135575,51.3473251717862],[-1.79675249447843,51.3473251499998],[-1.79675238263398,51.3473251156375],[-1.79675228233165,51.3473250687065],[-1.79675219642727,51.3473250128086],[-1.79675212635666,51.3473249479463],[-1.79675207641546,51.3473248768245],[-1.79675204659572,51.3473248012416],[-1.79675203832537,51.3473247229985],[-1.79675205158855,51.3473246456917],[-1.79680407574394,51.3471699747192],[-1.79684211152869,51.3470094627248],[-1.7968754450816,51.3468576709472],[-1.7969371524639,51.3466241646463],[-1.79698460861023,51.3464432241595],[-1.7970088126697,51.3462476416593],[-1.79700883165951,51.3462475679592],[-1.7970088692989,51.346247497888],[-1.7970089255839,51.3462474323449],[-1.79700899763105,51.3462473740225],[-1.79700908400455,51.3462473229183],[-1.79700918325674,51.3462472817274],[-1.79700929107228,51.3462472522406],[-1.79700940601936,51.3462472335564]]]]},"properties":{"OBJECTID":1020708,"LAYER":"DITCH","project":"Avebury World Heritage Site","PERIOD":"MEDIEVAL\\POST MEDIEVAL","MONUMENT_TYPE":"BUILDING PLATFORM\\DRAIN\\ENCLOSURE\\HOLLOW WAY\\RIDGE AND FURROW\\SETTLEMENT","EVIDENCE_1":"CROPMARK\\EARTHWORK","HE_UID":"221163","HE_URL1":"https://www.heritagegateway.org.uk/Gateway/Results_Single.aspx?uid=221163&resourceID=19191","HER_NO":" NONE GIVEN"}},{"type":"Feature","id":1084864,"geometry":{"type":"Polygon","coordinates":[[[-1.81695674009003,51.3491632303739],[-1.81690617412381,51.3491218881039],[-1.81686830606973,51.3490757999219],[-1.81687351982962,51.3490393101902],[-1.81688882852745,51.3490171152149],[-1.81691938280883,51.3489885957464],[-1.8169600887449,51.3489600920764],[-1.81702866053215,51.3489363974382],[-1.81707945502078,51.3489237800149],[-1.81711499589707,51.348915895521],[-1.81713782641357,51.3489159310358],[-1.81716313997234,51.3489270843152],[-1.81721115361286,51.3489747707421],[-1.81722373802973,51.3489985916938],[-1.81722616620476,51.3490271625263],[-1.81725142496761,51.3490557688516],[-1.81725393325736,51.3490605294311],[-1.81718785073882,51.3490937594154],[-1.81706845890445,51.3491364197797],[-1.81695674009003,51.3491632303739]],[[-1.81715253236198,51.3489334070601],[-1.81713326769386,51.348924915779],[-1.81711744427625,51.3489248911641],[-1.81708449030184,51.3489321952146],[-1.81703480250625,51.3489445446075],[-1.81696916394861,51.3489672277388],[-1.81693074746337,51.348994125439],[-1.81690149027043,51.3490214420248],[-1.81688761139551,51.3490415531235],[-1.8168829736899,51.3490740064198],[-1.81691835535474,51.349117060477],[-1.81696162197922,51.349152429791],[-1.81706230254049,51.34912827259],[-1.81717975316483,51.3490863015842],[-1.81723668514482,51.3490576701897],[-1.81721199821085,51.3490297031706],[-1.81720950163957,51.3490002780072],[-1.81719807166038,51.3489786348731],[-1.81715253236198,51.3489334070601]]]},"properties":{"OBJECTID":1084864,"LAYER":"DITCH","project":"Avebury World Heritage Site","PERIOD":"PREHISTORIC\\ROMAN","MONUMENT_TYPE":"DITCHED ENCLOSURE\\RECTILINEAR ENCLOSURE","EVIDENCE_1":"CROPMARK","HE_UID":"1176734","HE_URL1":"https://www.heritagegateway.org.uk/Gateway/Results_Single.aspx?uid=1176734&resourceID=19191","HER_NO":" NONE GIVEN"}},{"type":"Feature","id":1039116,"geometry":{"type":"MultiPolygon","coordinates":[[[[-1.80069236946855,51.3610104632978],[-1.8006621514833,51.3606212680484],[-1.80045528047467,51.3606322277675],[-1.80045516126645,51.3606322275651],[-1.80045504354527,51.3606322156759],[-1.80045493161981,51.3606321921072],[-1.80045482692634,51.3606321568615],[-1.80045473376969,51.3606321108452],[-1.80045465357437,51.3606320567583],[-1.80045458777665,51.3606319946032],[-1.80045454067742,51.3606319261857],[-1.80045451082873,51.3606318542006],[-1.80045450109525,51.3606317804514],[-1.80045451003294,51.3606317067339],[-1.80045453907024,51.3606316348489],[-1.80045458676308,51.3606315665923],[-1.8004546516635,51.3606315046591],[-1.80045473233136,51.3606314499462],[-1.80045482588635,51.3606314042469],[-1.8004549294521,51.3606313684555],[-1.80045504158453,51.3606313443681],[-1.80045515797492,51.3606313319772],[-1.80066208213231,51.3606203696509],[-1.80063565966416,51.3602800511901],[-1.80063566861711,51.3602799738759],[-1.80063569767342,51.360279897495],[-1.80063574681357,51.3602798265431],[-1.80063581459744,51.3602797619173],[-1.80063589958097,51.3602797054131],[-1.80063599888392,51.3602796588243],[-1.800636109626,51.3602796239441],[-1.80063622893476,51.3602796007679],[-1.80063635249369,51.3602795910865],[-1.8006364759902,51.3602795957919],[-1.80063659799974,51.3602796121841],[-1.80063671132947,51.3602796429484],[-1.80063681599497,51.3602796844882],[-1.80063690768755,51.3602797367961],[-1.80063698353866,51.3602797989681],[-1.80063704069143,51.3602798674027],[-1.80063707770964,51.3602799420974],[-1.80063709461278,51.3602800185563],[-1.80066351440611,51.3606202938516],[-1.80078994382575,51.3606135962281],[-1.80074948996205,51.3602652863841],[-1.80074949174145,51.3602652072594],[-1.80074951648887,51.3602651308711],[-1.8007495598956,51.360265057212],[-1.80074962481852,51.3602649898836],[-1.80074970694114,51.360264930677],[-1.80074980338317,51.3602648813857],[-1.8007499127045,51.3602648429063],[-1.80075003058474,51.3602648179292],[-1.80075015415919,51.360264804651],[-1.80075028054373,51.3602648057644],[-1.80075040255718,51.3602648212573],[-1.80075052021124,51.3602648484322],[-1.80075062775318,51.3602648890776],[-1.80075072232223,51.3602649404911],[-1.80075080105373,51.3602650008696],[-1.80075086251534,51.3602650693114],[-1.80075090241009,51.3602651431117],[-1.8007509236182,51.3602652204771],[-1.80079137609913,51.3606135204273],[-1.8011615289173,51.3605939103231],[-1.80116121337483,51.3605918191979],[-1.80116121371341,51.3605917409699],[-1.80116123415548,51.3605916636751],[-1.80116127612564,51.3605915900134],[-1.80116133817982,51.3605915217808],[-1.8011614174339,51.3605914616699],[-1.80116151244772,51.3605914105775],[-1.80116162033712,51.3605913711961],[-1.80116173822963,51.360591343521],[-1.80116186180874,51.3605913293432],[-1.80116198676182,51.3605913295546],[-1.80116211022416,51.360591342352],[-1.80116222788317,51.3605913686273],[-1.80116233687024,51.3605914074763],[-1.80116243288443,51.3605914570936],[-1.80116251449339,51.3605915165775],[-1.80116257739617,51.3605915841224],[-1.80116262160057,51.3605916579298],[-1.80116264424574,51.3605917352975],[-1.80116296118951,51.3605938345176],[-1.80144887102771,51.3605786856636],[-1.80144868446712,51.3605773212937],[-1.80144868335344,51.36057724666],[-1.80144870377555,51.360577173861],[-1.80144874142088,51.3605771037886],[-1.80144879771787,51.3605770382437],[-1.80144886978627,51.3605769790197],[-1.80144895761444,51.360576928814],[-1.80144905688977,51.3605768885187],[-1.80144916473979,51.3605768581289],[-1.80144927972046,51.3605768394404],[-1.80144939751921,51.3605768333452],[-1.80144951670368,51.3605768389416],[-1.80144963152503,51.3605768571192],[-1.80144974055091,51.3605768869764],[-1.80144983947647,51.3605769276066],[-1.80144992687327,51.3605769772091],[-1.80144999986884,51.3605770357791],[-1.80145005703468,51.3605771015157],[-1.80145009550999,51.3605771717167],[-1.80145011530256,51.3605772445836],[-1.8014503018593,51.3605786098527],[-1.80172970324272,51.3605638054674],[-1.80168429766782,51.3602197883614],[-1.80120808600404,51.3602415252732],[-1.80121779275994,51.3603034510706],[-1.80121779531337,51.3603035248077],[-1.80121777775954,51.3603035985106],[-1.80121774011011,51.3603036694821],[-1.80121768524922,51.3603037350294],[-1.801217614617,51.3603037942557],[-1.80121752822123,51.3603038453628],[-1.80121743037839,51.3603038865596],[-1.8012173225247,51.3603039178484],[-1.80121720754044,51.3603039374359],[-1.80121708973817,51.3603039444301],[-1.80121697198648,51.360303939735],[-1.80121685572549,51.360303922454],[-1.80121674669624,51.3603038934958],[-1.80121664633108,51.3603038537622],[-1.8012165574986,51.3603038041571],[-1.80121648306346,51.3603037464838],[-1.80121642589424,51.3603036816462],[-1.80121638598318,51.3603036114427],[-1.80121636475481,51.3603035385733],[-1.80120665235314,51.3602415902867],[-1.80102961344702,51.3602496710483],[-1.80104381434631,51.3603818213635],[-1.80104381258688,51.3603818959924],[-1.80104379072792,51.3603819687889],[-1.80104375020959,51.3603820388563],[-1.8010436924798,51.3603821034995],[-1.80104361898254,51.3603821609225],[-1.80104352972176,51.3603822102263],[-1.80104342901002,51.3603822505188],[-1.80104331973148,51.3603822791076],[-1.80104320475864,51.3603822959973],[-1.80104308696393,51.360382301193],[-1.80104296778751,51.3603822937978],[-1.80104285440664,51.3603822747231],[-1.80104274538511,51.3603822439665],[-1.8010426479002,51.3603822024392],[-1.80104256194801,51.3603821510405],[-1.80104249039322,51.3603820915735],[-1.80104243610052,51.3603820258416],[-1.80104239906211,51.3603819556429],[-1.80104238071036,51.3603818818791],[-1.80102818123185,51.360249736062],[-1.80052269898933,51.3602728063561],[-1.80052257404102,51.3602728052449],[-1.8005224505914,51.3602727897493],[-1.80052233293745,51.3602727625742],[-1.80052222539569,51.3602727219286],[-1.80052213082688,51.3602726705149],[-1.80052205209566,51.3602726101363],[-1.80052199063436,51.3602725416943],[-1.80052195073998,51.3602724678939],[-1.80052192953223,51.3602723905285],[-1.80052193130812,51.360272312303],[-1.80052195605981,51.3602722350156],[-1.8005219994669,51.3602721613565],[-1.80052206439015,51.3602720940283],[-1.80052214651307,51.3602720348219],[-1.80052224295536,51.3602719855307],[-1.8005223522769,51.3602719470516],[-1.80052247015727,51.3602719220746],[-1.80052259373182,51.3602719087967],[-1.80102808601442,51.3602488394193],[-1.80098482394889,51.3598462333449],[-1.8009848257084,51.3598461587161],[-1.80098484756719,51.3598460859196],[-1.80098488808514,51.3598460158522],[-1.80098494581436,51.3598459512091],[-1.80098501931082,51.359845893786],[-1.80098510857066,51.3598458444823],[-1.80098520928129,51.3598458041898],[-1.8009853185586,51.3598457756011],[-1.80098543353017,51.3598457587114],[-1.80098555132353,51.3598457535158],[-1.80098567049858,51.359845760911],[-1.80098578387811,51.3598457799858],[-1.80098589289836,51.3598458107425],[-1.80098599038211,51.3598458522698],[-1.80098607633326,51.3598459036686],[-1.80098614788716,51.3598459631356],[-1.80098620217917,51.3598460288676],[-1.80098623921705,51.3598460990663],[-1.80098625756852,51.35984617283],[-1.80102951822955,51.3602487744055],[-1.80120651260135,51.3602406953671],[-1.8011406120788,51.3598202904714],[-1.80114060954498,51.3598202122386],[-1.80114062998676,51.3598201349437],[-1.80114067195624,51.3598200612821],[-1.80114073400944,51.3598199930494],[-1.80114081326612,51.3598199320394],[-1.8011409082784,51.3598198809469],[-1.80114101616603,51.3598198415656],[-1.8011411326204,51.3598198138881],[-1.80114125619748,51.3598197997103],[-1.80114138115628,51.3598197981234],[-1.80114150461659,51.3598198109208],[-1.80114162227365,51.3598198371961],[-1.80114173125891,51.3598198760452],[-1.80114182870772,51.3598199256649],[-1.80114191031531,51.3598199851488],[-1.80114197321702,51.3598200526937],[-1.80114201742455,51.359820125602],[-1.80114204006934,51.3598202029697],[-1.80120794625223,51.3602406303536],[-1.80168417945841,51.3602188916803],[-1.80164898249881,51.3599522256691],[-1.80164898282103,51.3599521510378],[-1.80164900181023,51.3599520773372],[-1.80164904089095,51.3599520072672],[-1.801649097183,51.3599519426213],[-1.80164916925017,51.3599518833972],[-1.80164925707692,51.3599518331913],[-1.80164935635073,51.3599517928959],[-1.80164946419913,51.3599517625058],[-1.80164957917429,51.3599517447163],[-1.80164969840763,51.3599517386233],[-1.80164981615041,51.3599517451163],[-1.80164993097028,51.3599517632937],[-1.80165003999481,51.3599517931507],[-1.8016501389192,51.3599518337807],[-1.80165022631503,51.3599518833831],[-1.80165029930987,51.359951941953],[-1.801650355039,51.3599520076871],[-1.80165039351411,51.359952077888],[-1.80165041330671,51.3599521507549],[-1.80168561166806,51.360218826659],[-1.80196266042013,51.3602061802759],[-1.80191856245195,51.3599189845744],[-1.80191856133364,51.3599189108398],[-1.80191857888616,51.3599188371367],[-1.80191861653409,51.359918766165],[-1.80191867139339,51.3599187006175],[-1.80191874346016,51.3599186413931],[-1.80191882985421,51.3599185902855],[-1.80191892769538,51.3599185490882],[-1.80191903554354,51.3599185186979],[-1.80191915052625,51.3599184991098],[-1.80191926832713,51.359918492115],[-1.80191938607374,51.3599184977085],[-1.80191950233372,51.3599185149889],[-1.80191961136222,51.3599185439464],[-1.80191971172688,51.3599185836795],[-1.80191979912295,51.3599186332817],[-1.80191987355816,51.3599186909546],[-1.80191993216396,51.3599187557943],[-1.80191997207566,51.3599188259975],[-1.80191999330489,51.3599188988669],[-1.80196409406523,51.3602061152536],[-1.80202577248722,51.3602032986511],[-1.80202589743508,51.3602032997608],[-1.8020260208847,51.3602033152548],[-1.80202613853905,51.3602033424284],[-1.80202624608169,51.3602033830727],[-1.80202634065179,51.3602034344852],[-1.80202641938465,51.3602034948628],[-1.80202648084792,51.360203563304],[-1.80202652074453,51.3602036371039],[-1.8020265419547,51.360203714469],[-1.80202654018136,51.3602037926946],[-1.80202651543227,51.3602038699823],[-1.80202647202772,51.3602039436419],[-1.8020264071069,51.3602040109709],[-1.80202632498623,51.3602040701784],[-1.80202622854592,51.3602041194708],[-1.80202611922606,51.3602041579513],[-1.80202600134697,51.3602041829297],[-1.80202587777335,51.3602041962092],[-1.80196423095878,51.3602070101675],[-1.80201317440099,51.3605257589995],[-1.80201317551948,51.3605258327341],[-1.80201315796686,51.3605259064372],[-1.80201312031857,51.3605259774089],[-1.80201306545869,51.3605260429565],[-1.80201299339109,51.3605261021809],[-1.80201290699599,51.3605261532886],[-1.80201280915362,51.3605261944859],[-1.80201270130411,51.3605262248763],[-1.8020125863199,51.3605262444645],[-1.80201246851748,51.3605262514595],[-1.80201235076931,51.360526245866],[-1.80201223450775,51.3605262285857],[-1.80201212547775,51.3605261996283],[-1.80201202511169,51.3605261598953],[-1.80201193771438,51.3605261102932],[-1.80201186327806,51.3605260526203],[-1.80201180467137,51.3605259877807],[-1.80201176475901,51.3605259175775],[-1.80201174352934,51.3605258447082],[-1.80196279731365,51.3602070751897],[-1.80168572987751,51.3602197233401],[-1.80173113550963,51.3605637296555],[-1.8019180614298,51.3605538248355],[-1.80186338483001,51.3602185007213],[-1.80186338227556,51.3602184269843],[-1.80186339982829,51.3602183532812],[-1.80186343604034,51.3602182823071],[-1.80186349090007,51.3602182167595],[-1.80186356153502,51.3602181566336],[-1.80186364649348,51.3602181055237],[-1.80186374577155,51.3602180643288],[-1.80186385218809,51.360218033037],[-1.80186396717159,51.360218013449],[-1.80186408497712,51.360218005555],[-1.80186420416459,51.3602180102518],[-1.80186431898909,51.3602180275299],[-1.80186442802213,51.3602180555883],[-1.80186452838741,51.3602180953214],[-1.80186461722409,51.3602181440268],[-1.80186469309593,51.3602182017022],[-1.80186475026581,51.3602182665395],[-1.80186479161391,51.3602183367452],[-1.80186481284321,51.3602184096145],[-1.80191949225984,51.3605537490189],[-1.80264713338189,51.3605151909533],[-1.80264725258953,51.3605151911535],[-1.80264737031071,51.3605152030406],[-1.80264748223673,51.3605152266072],[-1.80264758693136,51.360515261851],[-1.80264768008972,51.3605153078656],[-1.80264776028722,51.360515361951],[-1.80264782608756,51.3605154241049],[-1.8026478731898,51.3605154925216],[-1.80264790304175,51.3605155645061],[-1.80264791277866,51.3605156382551],[-1.8026479038445,51.3605157119728],[-1.80264787481074,51.3605157838583],[-1.80264782712136,51.3605158521158],[-1.80264776222419,51.3605159140502],[-1.80264768155932,51.3605159687647],[-1.80264758800694,51.3605160144657],[-1.80264748444339,51.3605160502589],[-1.80264737231265,51.3605160743484],[-1.8026472559234,51.3605160867414],[-1.80191963777096,51.3605546439473],[-1.80198148223285,51.3609339211716],[-1.80198148476815,51.3609339994044],[-1.80198146432734,51.3609340766994],[-1.80198142379066,51.3609341512629],[-1.80198136173736,51.3609342194959],[-1.8019812839202,51.3609342796098],[-1.80198118890293,51.3609343316021],[-1.80198108101367,51.3609343709841],[-1.80198096455344,51.3609343995616],[-1.80198084097396,51.3609344137402],[-1.80198071601249,51.360934415328],[-1.80198059254928,51.3609344025314],[-1.80198047344909,51.3609343771537],[-1.80198036446078,51.3609343383054],[-1.80198026844136,51.3609342895879],[-1.80198018539469,51.3609342301021],[-1.80198012249039,51.3609341625577],[-1.80198007684436,51.3609340896473],[-1.80198005419769,51.3609340122797],[-1.80191820694089,51.3605547197639],[-1.80173125372082,51.3605646263364],[-1.80177797425843,51.3609186058265],[-1.8017779739364,51.3609186804578],[-1.80177795494701,51.3609187541585],[-1.80177791586567,51.3609188242285],[-1.8017778595726,51.3609188888744],[-1.80177778750408,51.3609189480987],[-1.80177769967562,51.3609189983045],[-1.80177760039985,51.3609190386001],[-1.80177749254925,51.3609190689903],[-1.80177737757172,51.3609190867799],[-1.80177725833588,51.360919092873],[-1.80177714059062,51.3609190863801],[-1.80177702576829,51.3609190682029],[-1.80177691674139,51.3609190383461],[-1.80177681781479,51.3609189977161],[-1.80177673041699,51.3609189481139],[-1.80177665742048,51.3609188895441],[-1.80177660168999,51.36091882381],[-1.80177656321389,51.3609187536091],[-1.80177654342067,51.3609186807423],[-1.8017298214539,51.3605647021483],[-1.80145042437378,51.3605795065411],[-1.80150235239711,51.3609593400437],[-1.80150235351088,51.3609594146774],[-1.80150233308869,51.3609594874764],[-1.80150229544313,51.3609595575488],[-1.80150223914575,51.3609596230937],[-1.80150216707681,51.3609596823178],[-1.80150207924797,51.3609597325235],[-1.80150197997185,51.3609597728188],[-1.80150187212098,51.3609598032087],[-1.80150175713937,51.3609598218972],[-1.80150163933964,51.3609598279925],[-1.80150152015418,51.3609598223961],[-1.80150140533185,51.3609598042186],[-1.80150129630503,51.3609597743615],[-1.8015011973786,51.3609597337313],[-1.80150110998102,51.3609596841288],[-1.80150103698478,51.3609596255589],[-1.80150097981839,51.3609595598222],[-1.80150094134268,51.3609594896213],[-1.80150092154989,51.3609594167544],[-1.80144899354216,51.3605795823521],[-1.80116309519652,51.3605947294275],[-1.80122085211637,51.3609775815554],[-1.80122085323359,51.3609776552899],[-1.80122083424326,51.3609777289905],[-1.80122079803343,51.3609777990652],[-1.80122074173161,51.3609778655092],[-1.80122067110226,51.3609779238364],[-1.80122058470525,51.3609779749435],[-1.80122048542474,51.3609780161378],[-1.80122037756951,51.3609780474266],[-1.80122026258747,51.3609780661149],[-1.80122014478351,51.3609780731091],[-1.80122002703401,51.3609780675149],[-1.80121991077135,51.3609780502339],[-1.80121980174054,51.3609780212757],[-1.80121970281019,51.3609779815445],[-1.80121961397643,51.3609779319394],[-1.8012195395441,51.3609778733669],[-1.80121948237407,51.3609778085294],[-1.80121944245854,51.360977739225],[-1.80121942123376,51.3609776654565],[-1.80116166436054,51.3605948052354],[-1.80079147993021,51.3606144170848],[-1.8008375004226,51.3610106517757],[-1.80083749864332,51.3610107309004],[-1.80083747389564,51.3610108072887],[-1.80083743048836,51.3610108809478],[-1.80083736556453,51.3610109482762],[-1.80083728344071,51.3610110074829],[-1.80083718699723,51.3610110567743],[-1.80083707767422,51.3610110952537],[-1.80083695979216,51.361011120231],[-1.80083683621576,51.3610111335093],[-1.80083670982921,51.3610111323959],[-1.80083658781378,51.3610111169031],[-1.8008364701578,51.3610110897284],[-1.80083636261408,51.3610110490831],[-1.80083626804343,51.3610109976696],[-1.80083618931056,51.3610109372912],[-1.80083612784786,51.3610108688494],[-1.80083608795234,51.3610107950491],[-1.80083606674376,51.3610107176838],[-1.80079004765679,51.3606144928857],[-1.80066358375712,51.3606211922491],[-1.80069380443951,51.3610104306633],[-1.80069379548651,51.3610105079775],[-1.80069376642984,51.3610105843585],[-1.80069371728901,51.3610106553103],[-1.80069364950416,51.3610107199362],[-1.80069356451937,51.3610107764404],[-1.80069346521492,51.3610108230293],[-1.80069335447115,51.3610108579094],[-1.80069323516056,51.3610108810858],[-1.80069311159971,51.3610108907672],[-1.80069298810127,51.3610108860619],[-1.80069286608981,51.3610108696698],[-1.80069275275827,51.3610108389055],[-1.80069264809109,51.3610107973657],[-1.80069255639702,51.3610107450579],[-1.80069248054465,51.3610106828859],[-1.80069242339091,51.3610106144514],[-1.80069238637204,51.3610105397567],[-1.80069236946855,51.3610104632978]]],[[[-1.79916403231659,51.3567040447233],[-1.7991641515226,51.3567040431287],[-1.79916426780151,51.3567040541175],[-1.79916438115721,51.3567040767907],[-1.79916448584524,51.3567041111385],[-1.79916458043339,51.3567041562591],[-1.79916466206118,51.3567042094502],[-1.79916472929245,51.3567042707094],[-1.79916477926284,51.3567043382332],[-1.79916480910791,51.3567044102186],[-1.79916482171166,51.3567044839729],[-1.79916481420578,51.356704558592],[-1.79916478660595,51.3567046304792],[-1.7991647403522,51.3567046987378],[-1.79916467832461,51.3567047615744],[-1.7991645990949,51.3567048171881],[-1.79916450697928,51.356704863788],[-1.79916440341777,51.3567049004774],[-1.79916429129048,51.3567049254628],[-1.79916417490576,51.3567049387516],[-1.79779727592023,51.3567904175986],[-1.79779715671396,51.3567904191919],[-1.79779704043516,51.3567904082016],[-1.79779692707991,51.3567903855271],[-1.7977968223927,51.3567903511781],[-1.79779672780571,51.3567903060564],[-1.79779664617934,51.3567902528643],[-1.79779657894974,51.3567901916044],[-1.79779652898125,51.35679012408],[-1.79779649913824,51.3567900520942],[-1.79779648653663,51.3567899783398],[-1.79779649404472,51.3567899037208],[-1.79779652164671,51.356789831834],[-1.79779656790255,51.3567897635759],[-1.7977966299321,51.35678970074],[-1.79779670916359,51.3567896451272],[-1.79779680128075,51.3567895985284],[-1.79779690484351,51.3567895618402],[-1.79779701697173,51.3567895368561],[-1.79779713335705,51.3567895235687],[-1.79916403231659,51.3567040447233]]],[[[-1.79873257082728,51.356914082359],[-1.79873269002991,51.3569140816639],[-1.79873280630531,51.3569140935524],[-1.79873291965348,51.3569141180244],[-1.79873302433773,51.3569141532717],[-1.79873311748976,51.3569141983902],[-1.79873319767735,51.3569142524783],[-1.7987332634683,51.3569143146344],[-1.79873331200216,51.356914382156],[-1.79873334184669,51.3569144541415],[-1.79873335157364,51.3569145287901],[-1.79873334263484,51.3569146025075],[-1.79873331359808,51.3569146743921],[-1.79873326590736,51.3569147426481],[-1.7987332024467,51.3569148045828],[-1.79873312177999,51.3569148601938],[-1.79873302823132,51.3569149058917],[-1.79873292467294,51.3569149416816],[-1.79873281254884,51.3569149657674],[-1.79873269616741,51.3569149781566],[-1.79800246034752,51.3569547098165],[-1.79800233396806,51.3569547095993],[-1.79800221195611,51.3569546959018],[-1.79800209430773,51.3569546696234],[-1.79800198533525,51.3569546298722],[-1.79800188933524,51.3569545793531],[-1.79800180917208,51.3569545198695],[-1.79800174628189,51.3569544514237],[-1.79800170352116,51.3569543776175],[-1.79800168231423,51.3569543011507],[-1.79800168266107,51.3569542220235],[-1.79800170453802,51.3569541456309],[-1.798001746509,51.3569540719703],[-1.79800180999826,51.3569540037417],[-1.79800189068562,51.3569539436354],[-1.79800198569092,51.3569538934446],[-1.79800209501024,51.3569538540686],[-1.79800221289115,51.3569538272959],[-1.79800233502133,51.3569538140181],[-1.79873257082728,51.356914082359]]],[[[-1.79880697469372,51.3570195945206],[-1.79880709390054,51.3570195929263],[-1.79880721018408,51.3570196030164],[-1.7988073235443,51.3570196247908],[-1.79880742966892,51.3570196591413],[-1.79880752570134,51.3570197024663],[-1.79880760732926,51.3570197556577],[-1.79880767599666,51.3570198169194],[-1.79880772596685,51.3570198844435],[-1.79880775868776,51.3570199555347],[-1.79880777129104,51.357020029289],[-1.79880776378454,51.357020103908],[-1.7988077376201,51.3570201757976],[-1.79880769423384,51.3570202449602],[-1.79880763076922,51.3570203077941],[-1.79880755297076,51.3570203643092],[-1.79880746229028,51.3570204109113],[-1.79880735872387,51.3570204484995],[-1.79880724802784,51.3570204743862],[-1.79880713163831,51.3570204885738],[-1.79814238499464,51.3570661868702],[-1.79814226578767,51.3570661884638],[-1.79814214950416,51.3570661783731],[-1.79814203614414,51.357066156598],[-1.79814193001991,51.3570661222469],[-1.79814183398801,51.3570660789213],[-1.79814175236078,51.3570660257295],[-1.79814168369418,51.3570659644674],[-1.79814163372491,51.357065896943],[-1.79814160100497,51.3570658258516],[-1.79814158840275,51.3570657520973],[-1.79814159591032,51.3570656774783],[-1.79814162207582,51.3570656055888],[-1.79814166546309,51.3570655364265],[-1.79814172892868,51.357065473593],[-1.79814180672803,51.3570654170783],[-1.79814189740926,51.3570653704767],[-1.7981420009763,51.3570653328891],[-1.79814211167281,51.357065307003],[-1.79814222806266,51.357065292816],[-1.79880697469372,51.3570195945206]]],[[[-1.79864902339611,51.356744152535],[-1.79864914406193,51.3567441455483],[-1.79864926610496,51.3567441520517],[-1.79864938235241,51.3567441702345],[-1.79864949423256,51.3567442018975],[-1.7986495945805,51.3567442434317],[-1.79864968195618,51.3567442957338],[-1.79912558902033,51.3570788380204],[-1.7991256619888,51.3570789010877],[-1.79912571625616,51.3570789713164],[-1.79912575039805,51.3570790460067],[-1.79912576298617,51.3570791233577],[-1.79912575402836,51.357079201571],[-1.79912572354029,51.35707927705],[-1.79912567296595,51.3570793479987],[-1.7991256037493,51.3570794126213],[-1.79912551877044,51.3570794691244],[-1.79912541803723,51.3570795157095],[-1.79912530586982,51.3570795496866],[-1.79912518657269,51.3570795719622],[-1.79912506302596,51.3570795807428],[-1.79912493810188,51.3570795760334],[-1.79912481754501,51.3570795578437],[-1.79912470279147,51.3570795261762],[-1.79912459957402,51.3570794837384],[-1.79912450932884,51.3570794305325],[-1.79864860226641,51.3567448882416],[-1.79864853358784,51.3567448296773],[-1.79864848073413,51.3567447648458],[-1.79864844656968,51.3567446955504],[-1.79864842965443,51.3567446226878],[-1.79864843140878,51.3567445498573],[-1.79864845326102,51.3567444788596],[-1.79864849233888,51.3567444096897],[-1.79864854862665,51.3567443459443],[-1.79864862068428,51.3567442885203],[-1.79864870706779,51.3567442392134],[-1.79864880489707,51.3567441998172],[-1.79864891129988,51.3567441703265],[-1.79864902339611,51.356744152535]]],[[[-1.80191774301029,51.3573447721649],[-1.80178503137605,51.3573320848479],[-1.80178493521283,51.357332071198],[-1.8015262715933,51.357281811048],[-1.8015262285518,51.3572818010844],[-1.80127427533652,51.3572190954053],[-1.80102226073828,51.3571730050451],[-1.80079677569298,51.3571311034327],[-1.80051820644178,51.3570932699952],[-1.8001798124419,51.3570719366391],[-1.79993427530684,51.3570632194573],[-1.79948294984122,51.3570499885046],[-1.79915772110429,51.3570452789088],[-1.79915759619598,51.3570452706027],[-1.79915747709491,51.3570452479196],[-1.79915736522545,51.3570452135596],[-1.799157264896,51.35704516753],[-1.79915717753486,51.3570451116316],[-1.79915710888264,51.3570450467733],[-1.79915705749538,51.3570449747511],[-1.79915702766578,51.357044899169],[-1.79915701938994,51.3570448209263],[-1.79915703265216,51.3570447436195],[-1.79915706744856,51.3570446681479],[-1.79915712089116,51.3570445981032],[-1.79915719440829,51.3570445352863],[-1.79915728368759,51.3570444805889],[-1.7991573872812,51.3570444367061],[-1.79915750087681,51.3570444045298],[-1.79915762159428,51.3570443858533],[-1.7991577465653,51.3570443797727],[-1.79948299971022,51.35704908941],[-1.79993434813745,51.3570623222001],[-1.80017992547567,51.3570710403492],[-1.80051839126025,51.3570923774236],[-1.80051845873134,51.3570923838324],[-1.80079710691826,51.3571302281933],[-1.80079715858416,51.3571302363735],[-1.8010226665844,51.3571721425199],[-1.80127471131402,51.3572182383253],[-1.80127476583687,51.3572182501068],[-1.80152672334751,51.3572809575905],[-1.80178530947714,51.3573312023227],[-1.80191788903835,51.3573438768282],[-1.80205724533679,51.3573399592496],[-1.80205736882151,51.3573399648527],[-1.80205749081601,51.3573399830418],[-1.80205760413958,51.3573400138048],[-1.80205770735611,51.3573400571392],[-1.8020577976049,51.3573401103429],[-1.80205787201753,51.3573401725116],[-1.8020579277256,51.3573402427414],[-1.80205796331229,51.3573403165341],[-1.80205797877758,51.3573403938896],[-1.80205797126079,51.3573404721056],[-1.80205794364965,51.3573405475901],[-1.80205789594804,51.3573406194441],[-1.8020578281714,51.3573406840709],[-1.80205774319199,51.3573407414752],[-1.80205764532985,51.3573407889669],[-1.80205753459267,51.3573408247475],[-1.80205741529273,51.3573408479252],[-1.80205729317849,51.3573408576105],[-1.801917866495,51.3573447777681],[-1.80191774301029,51.3573447721649]]],[[[-1.79870238817583,51.3573824187214],[-1.79870253182159,51.357382411774],[-1.79904882687148,51.3573947126623],[-1.7990489503328,51.3573947236636],[-1.79904906799465,51.3573947472434],[-1.79904917698082,51.3573947842962],[-1.79904927443078,51.3573948321193],[-1.79904935891232,51.3573948898113],[-1.79904942468868,51.3573949555639],[-1.79904947177166,51.3573950266795],[-1.7990494987251,51.3573951031559],[-1.79904950413247,51.3573951804946],[-1.79904948799766,51.3573952577964],[-1.79904945033639,51.3573953314648],[-1.79904939402485,51.3573954006053],[-1.7990493190748,51.3573954625205],[-1.79904922836639,51.357395515417],[-1.79904912333966,51.357395558398],[-1.79904900975098,51.3573955887759],[-1.79904888903647,51.3573956065531],[-1.79904876550849,51.3573956108378],[-1.79870247045194,51.3573833099493],[-1.79870234842687,51.3573832989502],[-1.79870223220137,51.3573832753724],[-1.79870212321159,51.3573832392185],[-1.79870202575808,51.3573831922942],[-1.79870194270529,51.3573831364029],[-1.79870187692548,51.3573830715492],[-1.79870182840691,51.3573830004309],[-1.79870180001005,51.3573829257504],[-1.79870179316713,51.3573828484092],[-1.79870180786243,51.3573827720041],[-1.79870184121581,51.3573826983285],[-1.79870189609171,51.3573826291857],[-1.79870196816992,51.3573825672658],[-1.79870205601034,51.3573825134655],[-1.79870215816899,51.3573824695807],[-1.79870226888951,51.357382438299],[-1.79870238817583,51.3573824187214]]],[[[-1.79821637745167,51.3571247003779],[-1.79806952593978,51.3570132223018],[-1.79806774880224,51.3570133658143],[-1.79806762527913,51.3570133691988],[-1.79806750181906,51.3570133581965],[-1.7980673827186,51.3570133355123],[-1.79806727229404,51.3570132993554],[-1.79806717340581,51.3570132524281],[-1.79806709036232,51.3570131947379],[-1.79806702171167,51.357013129879],[-1.79806697463451,51.3570130578638],[-1.79806694624284,51.3570129822839],[-1.79806693940496,51.3570129040435],[-1.79806695410513,51.3570128267393],[-1.79806699033546,51.3570127521696],[-1.79806704664799,51.3570126830296],[-1.79806712159871,51.357012621115],[-1.79806721087531,51.3570125673176],[-1.79806731590206,51.3570125243374],[-1.79806742949439,51.3570124930613],[-1.79806755020829,51.3570124752852],[-1.79806844668168,51.3570124021938],[-1.79794582334113,51.3569193142504],[-1.79760073509294,51.3566376799751],[-1.7973063038895,51.3563829581819],[-1.79704083191795,51.3564378013258],[-1.79704071120121,51.3564378200001],[-1.79704058623948,51.3564378242801],[-1.79704046277325,51.3564378150751],[-1.79704034367081,51.356437793289],[-1.79704023180834,51.3564377580278],[-1.79704013148229,51.3564377119964],[-1.79704004556491,51.3564376551997],[-1.79703997691653,51.3564375903402],[-1.79703992696933,51.3564375183195],[-1.79703989714355,51.3564374427369],[-1.79703988887137,51.356437364494],[-1.79703990213695,51.3564372871874],[-1.79703993693235,51.3564372126156],[-1.79703999181355,51.3564371425743],[-1.79704006533255,51.3564370797587],[-1.7970401560493,51.3564370250655],[-1.79704025820744,51.3564369811821],[-1.79704037323516,51.3564369499095],[-1.79730541972552,51.3563821941523],[-1.79730235950782,51.3563795452852],[-1.79730229803182,51.3563794822365],[-1.79730225381685,51.3563794129234],[-1.79730222828716,51.3563793400458],[-1.797302222867,51.3563792663037],[-1.79730223755241,51.3563791925963],[-1.79730227089542,51.3563791216187],[-1.79730232145596,51.3563790542674],[-1.79730239065827,51.3563789932425],[-1.79730247275002,51.3563789403325],[-1.79730256915937,51.3563788973382],[-1.79730267557801,51.3563788642521],[-1.79730278912581,51.3563788428677],[-1.79730290693052,51.3563788331799],[-1.79730302468383,51.3563788351813],[-1.79730314094566,51.3563788497688],[-1.79730325140767,51.3563788769347],[-1.79730335464562,51.3563789139791],[-1.7973034449111,51.3563789617914],[-1.79730352221202,51.356379018573],[-1.79730685140651,51.3563818980941],[-1.7977992144702,51.3562801804901],[-1.79779933518624,51.356280161815],[-1.79779946014747,51.3562801575341],[-1.79779958361343,51.3562801667384],[-1.79779970271583,51.3562801885236],[-1.7977998145785,51.3562802237841],[-1.79779991490496,51.3562802698149],[-1.79780000082298,51.3562803266111],[-1.79780006947219,51.3562803914702],[-1.7978001194204,51.3562804634905],[-1.79780014924731,51.3562805390729],[-1.79780015752074,51.3562806173158],[-1.79780014425649,51.3562806946224],[-1.79780010946241,51.3562807691945],[-1.79780005458253,51.3562808392361],[-1.7977999810648,51.3562809020522],[-1.79779989034925,51.356280956746],[-1.79779978819218,51.3562810006301],[-1.79779967316534,51.3562810319034],[-1.79730773557049,51.3563826621237],[-1.79760188635865,51.3566371424501],[-1.79794694598187,51.3569187550925],[-1.79807013043512,51.3570122666134],[-1.79877916658099,51.3569551485611],[-1.7987792901039,51.3569551451759],[-1.798779413564,51.3569551561775],[-1.79877953266465,51.3569551788609],[-1.79877964308963,51.3569552150172],[-1.79877974197845,51.3569552619439],[-1.79877982502273,51.3569553196335],[-1.79877989367429,51.356955384492],[-1.79877994075249,51.356955456507],[-1.79877996914528,51.3569555320867],[-1.79877997598434,51.3569556103271],[-1.79877996128538,51.3569556876313],[-1.79877992505624,51.3569557622012],[-1.79877986874484,51.3569558313416],[-1.79877979379514,51.3569558932567],[-1.79877970308336,51.3569559470521],[-1.79877959949352,51.3569559900354],[-1.79877948590179,51.3569560213122],[-1.79877936518833,51.3569560390891],[-1.79807120969327,51.3570130867214],[-1.79821746288454,51.3571241114807],[-1.79864681517306,51.3573941549199],[-1.7986468924773,51.3573942117007],[-1.7986469525164,51.3573942756453],[-1.79864699529818,51.3573943449555],[-1.79864701939438,51.3573944178303],[-1.79864702481679,51.3573944915723],[-1.79864700869703,51.3573945652774],[-1.79864697535141,51.3573946371546],[-1.79864692335949,51.3573947036048],[-1.79864685416135,51.3573947637313],[-1.79864676920099,51.3573948157382],[-1.79864667279077,51.3573948587336],[-1.79864656637075,51.3573948918209],[-1.79864645282502,51.3573949123075],[-1.79864633501801,51.3573949219966],[-1.79864621583378,51.3573949181957],[-1.79864610100907,51.3573949027129],[-1.79864599054386,51.3573948755482],[-1.79864588874266,51.3573948376082],[-1.79864579847383,51.357394789797],[-1.79821642183801,51.3571247310262],[-1.79821637745167,51.3571247003779]]],[[[-1.80075699278297,51.3571301574926],[-1.80075710770495,51.3571301504941],[-1.80075722257637,51.3571301551847],[-1.80075733452498,51.3571301715597],[-1.80075744211464,51.3571301996167],[-1.80075753960859,51.3571302375475],[-1.80175791010626,51.3575886676228],[-1.80175800037452,51.3575887163308],[-1.80175807624651,51.3575887731071],[-1.8017581348538,51.3575888370478],[-1.80175817620026,51.3575889072535],[-1.80175820030136,51.3575889801277],[-1.80175820285639,51.3575890538647],[-1.80175818674154,51.3575891275702],[-1.8017581519684,51.3575891985468],[-1.8017580985447,51.3575892649959],[-1.80175802935047,51.3575893251242],[-1.80175794439734,51.3575893762341],[-1.80175784655371,51.3575894192297],[-1.8017577401435,51.3575894505214],[-1.80175762516284,51.3575894710086],[-1.80175750736018,51.3575894798016],[-1.80175738961169,51.3575894760063],[-1.80175727335351,51.3575894596249],[-1.80175716289021,51.357589431564],[-1.80175706252637,51.3575893927299],[-1.80075669201906,51.3571309626476],[-1.80075660175247,51.3571309139389],[-1.80075652588999,51.3571308553636],[-1.80075646585223,51.3571307905209],[-1.80075642450757,51.3571307203148],[-1.80075640184822,51.3571306465436],[-1.80075639929867,51.3571305719074],[-1.80075641685502,51.3571304973053],[-1.80075645306558,51.3571304263315],[-1.8007565093626,51.3571303598876],[-1.8007565814299,51.3571302997648],[-1.80075666781968,51.357130248658],[-1.80075676853194,51.3571302065673],[-1.80075687781045,51.3571301761805],[-1.80075699278297,51.3571301574926]]],[[[-1.79845756766107,51.3575756715934],[-1.79844850582159,51.3575585212859],[-1.79829928564678,51.3575582652629],[-1.79723216420483,51.3575739897978],[-1.79723202923845,51.3575739823715],[-1.79723198043706,51.357573975993],[-1.79715715114546,51.3575621395337],[-1.79715707939738,51.3575621259222],[-1.79715696035138,51.3575620906487],[-1.79711024363266,51.3575444472243],[-1.79711014330417,51.3575444011929],[-1.79711005737674,51.3575443461946],[-1.7971099872905,51.3575442813327],[-1.79710993733408,51.3575442111104],[-1.79710990606738,51.3575441364245],[-1.79710989635478,51.3575440590783],[-1.79710990818441,51.3575439817693],[-1.79710994010824,51.3575439071925],[-1.79710999355846,51.3575438362496],[-1.79711006420683,51.357543773429],[-1.79725093870008,51.357438614734],[-1.79736355536102,51.3573627275945],[-1.79744809177898,51.3572751331859],[-1.79749523226273,51.3571874823715],[-1.79752396433765,51.3570353726981],[-1.79752447866203,51.3569183084822],[-1.79752448317585,51.3569182617326],[-1.79754367840366,51.356807162488],[-1.79749730075573,51.3567370050059],[-1.79734813265952,51.3566314449185],[-1.79727344940905,51.3565962139225],[-1.79727336060699,51.3565961598186],[-1.79727328620171,51.3565960976468],[-1.79727323049763,51.3565960283139],[-1.79727319492294,51.3565959536206],[-1.79727317946183,51.3565958771636],[-1.79727318698654,51.356595798948],[-1.79727321460506,51.3565957234645],[-1.79727326231342,51.3565956516124],[-1.79727333009579,51.3565955869884],[-1.79727341507996,51.3565955295875],[-1.79727351294569,51.3565954820998],[-1.79727362368507,51.3565954463237],[-1.79727374154968,51.3565954231484],[-1.79727386509942,51.3565954134705],[-1.79727398859379,51.3565954163811],[-1.79727410915659,51.3565954327743],[-1.79727422391956,51.3565954617461],[-1.79727433001042,51.3565955032914],[-1.79734907058661,51.356630761361],[-1.79734916082494,51.3566308154674],[-1.79749846206611,51.3567364701969],[-1.79749854074867,51.3567365395693],[-1.79749858073097,51.3567365917906],[-1.79754508251357,51.3568069338179],[-1.79754511524425,51.3568070022119],[-1.79754512929345,51.3568070732713],[-1.79754512610914,51.356807144301],[-1.79752591468837,51.3569183343352],[-1.79752540035574,51.3570354012486],[-1.79752539582216,51.357035452494],[-1.79749664686093,51.3571876475607],[-1.79749661708032,51.3571877248388],[-1.79744942447106,51.3572754726754],[-1.7974493652376,51.3572755526002],[-1.79736474658554,51.35736323229],[-1.79736466874521,51.3573632977959],[-1.79725201463416,51.3574392100489],[-1.79711170352813,51.3575439489018],[-1.79715760586393,51.3575612842996],[-1.79723223710417,51.3575730889456],[-1.79829926947636,51.3575573660556],[-1.79844902676795,51.3575576229998],[-1.79844913732781,51.3575576285845],[-1.79844924496818,51.3575576449544],[-1.79844934682069,51.3575576712053],[-1.7984494428893,51.357557706438],[-1.79844952742543,51.357557751542],[-1.79844960044093,51.3575578038197],[-1.7984496590674,51.3575578623669],[-1.79844970331273,51.3575579253853],[-1.79845899304486,51.3575755085889],[-1.79845902143752,51.3575755841687],[-1.79845902971621,51.3575756615123],[-1.79845901501652,51.3575757388165],[-1.79837374290416,51.3578097946462],[-1.79837370524149,51.3578098683143],[-1.79837364749228,51.357809937452],[-1.79837357110452,51.3578099993643],[-1.79837347896231,51.3578100513586],[-1.79837337393797,51.3578100934399],[-1.79837326035176,51.3578101229179],[-1.7983731382037,51.3578101397928],[-1.79837301467455,51.3578101440767],[-1.79837289120836,51.3578101339739],[-1.79837277210572,51.3578101112901],[-1.79837266167509,51.3578100760326],[-1.79837256278488,51.3578100291056],[-1.79837247829949,51.3578099723123],[-1.79837240965118,51.3578099065544],[-1.79837236113266,51.357809835436],[-1.79837233274,51.3578097598562],[-1.79837232446141,51.3578096825126],[-1.79837233916133,51.3578096052084],[-1.79845756766107,51.3575756715934]]],[[[-1.79726231202705,51.3575785718804],[-1.7972624283868,51.3575785648877],[-1.79726254325502,51.3575785704809],[-1.79726265663962,51.3575785868618],[-1.79726276279205,51.3575786149195],[-1.79726286172021,51.3575786528557],[-1.79726294911567,51.357578700663],[-1.7972630235502,51.3575787565405],[-1.79726308215542,51.3575788195842],[-1.79726312350709,51.357578887094],[-1.79726314760913,51.3575789581708],[-1.7972631530333,51.3575790310137],[-1.79726313835537,51.3575791029227],[-1.79726310645153,51.3575791730037],[-1.79706810156306,51.3578958997232],[-1.79706804668018,51.3578959697644],[-1.7970679731589,51.35789603258],[-1.79706788387549,51.3578960872758],[-1.79706778027802,51.3578961311567],[-1.79706766524672,51.3578961624293],[-1.79706754452223,51.3578961820028],[-1.79706742098879,51.3578961871845],[-1.79706729607858,51.3578961788762],[-1.79706717553228,51.3578961579869],[-1.79706706366232,51.3578961236249],[-1.79706696189695,51.357896077591],[-1.79706687597289,51.3578960216935],[-1.79706680444606,51.3578959577282],[-1.79706675449725,51.3578958857076],[-1.79706672323435,51.3578958101225],[-1.79706671352176,51.3578957327763],[-1.7970667253555,51.3578956545681],[-1.79706676015592,51.3578955790971],[-1.79726176505216,51.3575788523799],[-1.79726181849428,51.3575787832353],[-1.79726189057469,51.3575787213163],[-1.79726197985724,51.3575786666203],[-1.79726208057758,51.3575786236335],[-1.79726219273963,51.3575785914565],[-1.79726231202705,51.3575785718804]]],[[[-1.80206259172632,51.3576181725965],[-1.80206270952127,51.3576181656015],[-1.80206282582598,51.3576181711924],[-1.80206294064434,51.3576181884703],[-1.80206304823172,51.3576182174252],[-1.80206314859589,51.357618256259],[-1.80206323598838,51.3576183058611],[-1.80206330898849,51.3576183626324],[-1.80206336759237,51.357618427472],[-1.80206340750703,51.3576184967761],[-1.80206342874019,51.3576185687462],[-1.80211518553376,51.3579300687412],[-1.80211518808938,51.3579301424782],[-1.80211517053881,51.3579302161814],[-1.80211513576595,51.357930287158],[-1.80211508091007,51.3579303527057],[-1.80211501027965,51.3579304128318],[-1.80211492389012,51.3579304639396],[-1.80211482604997,51.3579305060362],[-1.80211471820307,51.3579305373258],[-1.80211460466175,51.3579305569166],[-1.80211448686217,51.3579305648108],[-1.80211436768048,51.3579305601142],[-1.8021142528575,51.3579305437356],[-1.8021141438332,51.3579305147783],[-1.80211404203217,51.3579304759421],[-1.80211395320289,51.3579304263377],[-1.80211387876993,51.3579303686649],[-1.80211382016174,51.3579303047244],[-1.80211377881444,51.3579302345188],[-1.80211375758494,51.3579301616495],[-1.80206200080073,51.3576186616539],[-1.80206199824908,51.3576185870177],[-1.80206201580348,51.3576185124154],[-1.80206205201234,51.3576184414412],[-1.80206210830793,51.3576183749967],[-1.8020621803741,51.3576183148731],[-1.80206226676311,51.3576182637654],[-1.80206236747495,51.3576182216736],[-1.80206247675346,51.3576181912856],[-1.80206259172632,51.3576181725965]]],[[[-1.80188134129724,51.3579505302709],[-1.80182971475829,51.3576271333514],[-1.80092744764681,51.357666969694],[-1.80092732127315,51.3576669676816],[-1.80092719926236,51.357666953088],[-1.80092708161829,51.3576669250142],[-1.80092697408168,51.3576668843689],[-1.80092687951318,51.3576668338547],[-1.80092680078897,51.3576667725771],[-1.80092674076583,51.3576667041378],[-1.80092669943597,51.3576666303351],[-1.80092667966395,51.3576665529722],[-1.80092668287812,51.3576664738498],[-1.80092670618678,51.357666397459],[-1.80092675102608,51.3576663238023],[-1.8009268159443,51.3576662564738],[-1.80092689662524,51.3576661972646],[-1.80092699449728,51.3576661479755],[-1.80092710380802,51.3576661103952],[-1.80092722168518,51.3576660845186],[-1.80092734524868,51.3576660721394],[-1.80182979332483,51.3576262298085],[-1.80182988260186,51.3576261751092],[-1.80182998619396,51.3576261312241],[-1.80183009978882,51.3576260990452],[-1.80183022051025,51.3576260794668],[-1.80183034548212,51.3576260733833],[-1.80183046895596,51.3576260816842],[-1.80183058950335,51.3576261025686],[-1.80183070137972,51.3576261360269],[-1.80183080314892,51.3576261820567],[-1.80192300898742,51.3576221221691],[-1.8019230491802,51.3576221267328],[-1.80192309665037,51.3576221088292],[-1.80192314840964,51.3576220954288],[-1.80192320158573,51.3576220865266],[-1.80192325760706,51.3576220839235],[-1.80192331360519,51.3576220867154],[-1.80192336814398,51.3576220949],[-1.80192341978729,51.3576221084747],[-1.80219545664552,51.3576100816178],[-1.8021955830187,51.3576100836289],[-1.8021957050294,51.3576100982212],[-1.80219582267375,51.3576101262937],[-1.80219593021102,51.3576101669379],[-1.80219602478051,51.3576102174511],[-1.80219610350605,51.3576102787278],[-1.8021961635308,51.3576103471665],[-1.8021962048625,51.3576104209688],[-1.80219622463654,51.3576104983315],[-1.80219622142453,51.3576105774539],[-1.80219619811803,51.3576106538449],[-1.80219615328092,51.3576107275022],[-1.80219608836479,51.3576107948314],[-1.80219600768579,51.3576108540414],[-1.80219590981548,51.3576109033315],[-1.80219580050621,51.357610940913],[-1.80219568263023,51.3576109667908],[-1.80219555906757,51.3576109791713],[-1.80192408386905,51.3576229764032],[-1.80197575648181,51.3579381431704],[-1.80197575903722,51.3579382169074],[-1.80197574148642,51.3579382906105],[-1.80197570527719,51.3579383615847],[-1.80197565185727,51.3579384271347],[-1.80197557979436,51.3579384863591],[-1.80197549483696,51.3579385383684],[-1.80197539700053,51.3579385795658],[-1.80197528915351,51.3579386108553],[-1.80197517417596,51.3579386304435],[-1.80197505637634,51.3579386383376],[-1.80197493863082,51.3579386336432],[-1.80197482237556,51.3579386163629],[-1.80197471334746,51.3579385883046],[-1.80197461298654,51.3579385485716],[-1.80197452415354,51.3579384998662],[-1.80197444972075,51.3579384421933],[-1.80197439111659,51.3579383773536],[-1.80197434976564,51.3579383080471],[-1.8019743285402,51.3579382342786],[-1.80192265031218,51.3576230396268],[-1.80183114831541,51.357627070129],[-1.80188276923167,51.3579504409622],[-1.80188277178693,51.3579505146992],[-1.80188275423598,51.3579505884023],[-1.8018827180266,51.3579506593765],[-1.80188266317037,51.3579507249241],[-1.80188259110733,51.3579507841484],[-1.80188250615367,51.3579508352584],[-1.80188240831327,51.3579508773549],[-1.80188230046616,51.3579509086443],[-1.8018821854924,51.3579509273333],[-1.80188206769272,51.3579509352272],[-1.80188194851103,51.3579509305304],[-1.80188183369194,51.3579509132524],[-1.80188172466774,51.3579508842948],[-1.80188162430301,51.3579508454609],[-1.80188153547394,51.3579507958563],[-1.80188146104123,51.3579507381833],[-1.8018814024372,51.3579506733435],[-1.8018813625264,51.3579506031403],[-1.80188134129724,51.3579505302709]]],[[[-1.8014769575647,51.3579710108514],[-1.80130442792993,51.357958265626],[-1.80130418828486,51.3579582202618],[-1.80125115071347,51.3579415137427],[-1.80125111342758,51.3579415010911],[-1.80125099732351,51.3579414487424],[-1.80115828340305,51.3578873069761],[-1.80115821037622,51.3578872564985],[-1.80105898711471,51.3578040394616],[-1.80105894563311,51.3578040007267],[-1.80097968084308,51.3577208443807],[-1.80090034945554,51.3576584831904],[-1.80081430517475,51.3576085273375],[-1.80072166834994,51.3575544294113],[-1.80066213772043,51.3575336041609],[-1.80061581683244,51.3575210980218],[-1.8004566479653,51.3575000730056],[-1.80030412219049,51.357474904852],[-1.80014489815237,51.3574663374502],[-1.79989937491866,51.3574493118037],[-1.79959409674154,51.3574321837557],[-1.79932200521882,51.3574151115878],[-1.79909637231641,51.3574022634393],[-1.79909624886681,51.3574022497406],[-1.7990961312206,51.357402222564],[-1.7990960236823,51.3574021828163],[-1.79909592768018,51.3574021322981],[-1.79909584751483,51.3574020728152],[-1.79909578605858,51.3574020043725],[-1.79909574329572,51.3574019305667],[-1.7990957220907,51.357401853201],[-1.79909572243176,51.3574017749729],[-1.79909574431107,51.3574016976809],[-1.79909578771684,51.3574016240224],[-1.7990958512012,51.3574015566924],[-1.79909593188794,51.3574014965854],[-1.79909602689298,51.3574014463937],[-1.7990961362085,51.3574014079159],[-1.79909625408993,51.357401381142],[-1.79909637765711,51.3574013678656],[-1.79909650260165,51.3574013680792],[-1.79932214124434,51.3574142162373],[-1.79959423276188,51.3574312884049],[-1.79989951667777,51.3574484164622],[-1.80014503990681,51.3574654421085],[-1.80030430557845,51.3574740122783],[-1.8003043716178,51.3574740177856],[-1.80030442759635,51.3574740250742],[-1.80045697919961,51.3574991977672],[-1.80061618394815,51.3575202273398],[-1.80061630161501,51.3575202500189],[-1.80066274013419,51.3575327869293],[-1.80066280610753,51.3575328077224],[-1.80072245002099,51.3575536727284],[-1.80072257186031,51.3575537268858],[-1.80081528461029,51.3576078689998],[-1.80090136613763,51.3576578464954],[-1.80090143487478,51.35765789247],[-1.80098083352897,51.3577203077242],[-1.80098088932148,51.3577203581728],[-1.80106015983418,51.3578035199227],[-1.80115931011257,51.3578866765901],[-1.8012518893713,51.3579407398992],[-1.80130472185018,51.3579573813304],[-1.80147707057929,51.3579701136613],[-1.80164964422715,51.3579662517866],[-1.80164976914962,51.3579662573926],[-1.80164988970555,51.3579662764789],[-1.8016500030265,51.3579663081414],[-1.80165010624403,51.3579663514763],[-1.80165019649356,51.3579664046802],[-1.80165026946661,51.3579664677459],[-1.80165032517482,51.357966537976],[-1.80165036075745,51.3579666126679],[-1.80165037478612,51.357966690021],[-1.80165036727243,51.3579667673378],[-1.8016503382241,51.3579668428198],[-1.80165028908507,51.3579669146712],[-1.80165021986692,51.3579669801945],[-1.80165013488977,51.3579670366994],[-1.8016500355936,51.3579670832891],[-1.80164992485851,51.3579671181701],[-1.80164980555679,51.3579671413474],[-1.80164968200466,51.3579671510298],[-1.80147705377565,51.3579710137115],[-1.8014769575647,51.3579710108514]]],[[[-1.80055223093199,51.3584852530677],[-1.8009695662509,51.3584754779576],[-1.80092924480376,51.3580328272757],[-1.80049430887573,51.3580399350657],[-1.80049418538899,51.358039929461],[-1.80049406483688,51.3580399094744],[-1.80049395008003,51.3580398778083],[-1.80049384686312,51.3580398344725],[-1.80049375805845,51.3580397794718],[-1.80049368508662,51.3580397164054],[-1.80049363081609,51.3580396461772],[-1.80049359667129,51.3580395714873],[-1.80049358264448,51.3580394941341],[-1.80049359160018,51.3580394159207],[-1.80049362065051,51.3580393404389],[-1.80049367122771,51.3580392685905],[-1.8004937404439,51.358039203967],[-1.80049382685901,51.3580391474654],[-1.80049392758905,51.3580391017783],[-1.80049403832551,51.3580390668983],[-1.80049415762444,51.3580390446213],[-1.80049428260963,51.3580390358417],[-1.800929162515,51.3580319288561],[-1.80091895303338,51.3579198495269],[-1.80089935974232,51.3578493008837],[-1.8008730494781,51.3578120024027],[-1.80074742208353,51.357724678764],[-1.8006878424743,51.3576955351353],[-1.80068775223002,51.3576954810314],[-1.80068767925846,51.3576954179651],[-1.80068762498802,51.3576953477371],[-1.80068759084318,51.3576952730473],[-1.80068757681615,51.357695195694],[-1.80068758576757,51.3576951183798],[-1.80068761482125,51.3576950419988],[-1.80068766395774,51.357694971047],[-1.80068773317315,51.3576949064234],[-1.80068781958738,51.3576948499217],[-1.80068791888421,51.3576948033327],[-1.8006880296197,51.3576947684526],[-1.80068814891767,51.3576947461754],[-1.80068827246963,51.357694736494],[-1.80068839739552,51.3576947412017],[-1.80068851795849,51.3576947584906],[-1.80068863271851,51.3576947892574],[-1.80068873737489,51.3576948316963],[-1.80074836570804,51.3577239996851],[-1.80074844736274,51.35772404748],[-1.80087420219079,51.3578114603523],[-1.80087428230859,51.3578115315232],[-1.80087431659371,51.3578115738427],[-1.80090070965465,51.3578489884579],[-1.80090072820037,51.3578490172631],[-1.80090075946947,51.3578490928471],[-1.80092037396307,51.3579197206537],[-1.80092038379474,51.3579197719236],[-1.80093059879134,51.3580319052128],[-1.80118469316062,51.3580277522303],[-1.80146354126624,51.3580199152333],[-1.80164277679278,51.3580202179345],[-1.80164290457997,51.3580202253437],[-1.80174907358582,51.3580328680433],[-1.80174918696117,51.3580328871173],[-1.80174923286798,51.3580328988841],[-1.80180890135663,51.3580496064845],[-1.80185530327291,51.3580621365763],[-1.80185552690401,51.3580622322664],[-1.80189524449549,51.3580872154956],[-1.80189528745275,51.358087245241],[-1.80189534326198,51.3580872920924],[-1.80194162825279,51.3581330484302],[-1.80194165684076,51.3581330799497],[-1.80197466807975,51.3581746596913],[-1.80203408134595,51.3582494870052],[-1.80208025008401,51.3582993055839],[-1.80215294243593,51.3583367151715],[-1.80221905090102,51.3583575264703],[-1.80230510993508,51.3583618156084],[-1.80236480632939,51.3583577663158],[-1.80236493128385,51.3583577647276],[-1.80236505474429,51.3583577766246],[-1.80236517383835,51.3583578020019],[-1.80236528282522,51.3583578399507],[-1.80236538027644,51.3583578886703],[-1.80236546331969,51.3583579481558],[-1.80236552766187,51.3583580148033],[-1.80236557330685,51.3583580877136],[-1.80236559739,51.3583581650835],[-1.80236559992674,51.3583582433164],[-1.80236558092481,51.3583583206139],[-1.8023655403919,51.3583583951776],[-1.80236547977962,51.3583584634133],[-1.80236540196416,51.3583585244266],[-1.80236530695324,51.3583585764192],[-1.80236520050312,51.3583586167032],[-1.80236508404995,51.3583586452811],[-1.80236496047379,51.3583586603593],[-1.80230519799525,51.3583627140368],[-1.80230511899435,51.3583627166014],[-1.80230506442376,51.3583627156104],[-1.80221879718594,51.3583584162308],[-1.8022185316953,51.3583583690267],[-1.80215222674058,51.3583374953533],[-1.80215218801808,51.3583374826996],[-1.80215209340856,51.358337441178],[-1.80207923482384,51.3582999467871],[-1.80207914315633,51.3582998890852],[-1.80207907305064,51.3582998269238],[-1.8020328271197,51.3582499245908],[-1.80203280568152,51.3582499002769],[-1.8019733824178,51.358175060357],[-1.80194038688855,51.3581335013226],[-1.80189417196881,51.3580878152384],[-1.80185460763278,51.3580629284795],[-1.80180832334952,51.358050429158],[-1.8017487222744,51.3580337414529],[-1.80164270685828,51.3580211169959],[-1.80146357185945,51.3580208144644],[-1.80118474385483,51.3580286514955],[-1.80093068108013,51.3580328036324],[-1.80097100258364,51.358475444423],[-1.80220531808103,51.3584465230114],[-1.80220544156868,51.3584465286144],[-1.80220556212607,51.3584465477],[-1.8022056768886,51.3584465784653],[-1.80220578010769,51.3584466217997],[-1.80220587035491,51.3584466759023],[-1.80220594332945,51.3584467389677],[-1.80220599904293,51.3584468082983],[-1.80220603462681,51.3584468829901],[-1.80220604865653,51.3584469603431],[-1.80220604114367,51.3584470376599],[-1.80220601209209,51.3584471140413],[-1.80220596295726,51.3584471849937],[-1.80220589517536,51.3584472505197],[-1.80220581019799,51.358447307025],[-1.80220571089749,51.3584473545144],[-1.80220560016167,51.358447389396],[-1.80220548085901,51.3584474125738],[-1.80220535730573,51.3584474222568],[-1.80097106618423,51.3584763473067],[-1.80097103713442,51.3584764227886],[-1.80097098799753,51.3584764937405],[-1.80097091878136,51.3584765583643],[-1.80097083380219,51.3584766148686],[-1.80097073450785,51.3584766605586],[-1.8009706237707,51.3584766954391],[-1.80097050447087,51.3584767177165],[-1.80097038235308,51.3584767274007],[-1.80097025886124,51.3584767226957],[-1.80097013685996,51.3584767054046],[-1.800970023534,51.3584766746406],[-1.80096991887173,51.3584766331011],[-1.80096982862172,51.3584765798967],[-1.80096975420463,51.3584765186264],[-1.80096969705662,51.3584764492929],[-1.80096966003451,51.3584763754974],[-1.80055227012503,51.3584861523136],[-1.80055214663711,51.3584861467089],[-1.80055202607992,51.3584861276216],[-1.80055191131805,51.3584860968547],[-1.80055180810009,51.3584860535189],[-1.80055171785443,51.358485999415],[-1.80055164488183,51.3584859363486],[-1.80055158917061,51.3584858670172],[-1.80055155358923,51.358485792325],[-1.80055153956219,51.3584857149717],[-1.80055154707781,51.3584856376551],[-1.80055157613222,51.3584855612741],[-1.80055162526975,51.3584854903224],[-1.80055169305424,51.3584854247973],[-1.80055177803392,51.3584853682932],[-1.80055187733648,51.3584853208052],[-1.80055198807395,51.3584852859252],[-1.80055210737789,51.358485262749],[-1.80055223093199,51.3584852530677]]],[[[-1.80352838688268,51.3577622991716],[-1.8035182367589,51.3577382363422],[-1.80233417049126,51.3577939068084],[-1.80233404554601,51.3577939065983],[-1.80233392209864,51.3577938920037],[-1.80233380445375,51.3577938639313],[-1.80233369691209,51.3577938241865],[-1.80233360234595,51.3577937727741],[-1.80233352361606,51.3577937123967],[-1.80233346215471,51.3577936439557],[-1.80233342082265,51.3577935701534],[-1.80233340104829,51.3577934927907],[-1.80233340138393,51.3577934145627],[-1.80233342469415,51.3577933372724],[-1.80233346953122,51.3577932636152],[-1.80233353301126,51.3577931962835],[-1.80233361512655,51.3577931370758],[-1.80233371156093,51.3577930877831],[-1.80233382087439,51.3577930493023],[-1.80233393875075,51.3577930234244],[-1.80233406231386,51.3577930110437],[-1.80351786425745,51.3577373518259],[-1.80350212510936,51.35770004103],[-1.80350210276383,51.357699892628],[-1.80350892910122,51.3576422540478],[-1.80345662029411,51.3576421665683],[-1.80320434510007,51.3576541970808],[-1.80279936931489,51.3576701259957],[-1.80234788958323,51.3576942828165],[-1.80234777037899,51.3576942835152],[-1.80234765410491,51.3576942707311],[-1.80234754218558,51.3576942471641],[-1.80234743749714,51.35769421192],[-1.80234734290417,51.357694166802],[-1.80234726271513,51.3576941118171],[-1.80234719835459,51.3576940496655],[-1.80234714981485,51.3576939821454],[-1.80234711996432,51.3576939101608],[-1.80234711022761,51.3576938364117],[-1.80234711916469,51.3576937617948],[-1.80234714819629,51.3576936899093],[-1.80234719588239,51.3576936216519],[-1.80234726077527,51.3576935597177],[-1.80234733999879,51.357693505001],[-1.80234743354523,51.3576934593002],[-1.80234753853842,51.3576934235096],[-1.80234765066221,51.3576933994203],[-1.8023477670443,51.3576933870276],[-1.80279926400503,51.357669229337],[-1.80320424553093,51.3576532995329],[-1.80345653939008,51.3576412690519],[-1.80345659540752,51.3576412673472],[-1.80350970414787,51.3576413561643],[-1.80350982188513,51.3576413626554],[-1.8035099352641,51.3576413808286],[-1.80351004285243,51.3576414097823],[-1.80351014177404,51.3576414504107],[-1.8035102291681,51.3576415000118],[-1.80351030216233,51.3576415585805],[-1.80351035789594,51.3576416234146],[-1.80351039781276,51.3576416927181],[-1.80351041760817,51.3576417655848],[-1.80351041872982,51.3576418393194],[-1.80350354470391,51.357699884249],[-1.80351932081713,51.3577372832262],[-1.80395407626156,51.357716839972],[-1.80395420120661,51.3577168401805],[-1.80395432465428,51.3577168547733],[-1.80395444229995,51.3577168828442],[-1.80395454984282,51.3577169225875],[-1.80395464441059,51.3577169739985],[-1.80395472314245,51.3577170343749],[-1.80395478460606,51.3577171028151],[-1.80395482594061,51.3577171766167],[-1.80395484571761,51.3577172539792],[-1.80395484538467,51.3577173322072],[-1.80395482207717,51.3577174094978],[-1.80395477724271,51.3577174831557],[-1.8039547137651,51.3577175504883],[-1.80395463165198,51.3577176096971],[-1.80395453521944,51.3577176589911],[-1.8039544259075,51.3577176974734],[-1.80395430803222,51.357717723353],[-1.80395418446973,51.3577177357354],[-1.80351969331862,51.3577381677425],[-1.80352980221275,51.3577621324922],[-1.80352981497705,51.3577621702791],[-1.80352982610577,51.3577622548206],[-1.80352253914802,51.3579117285283],[-1.80352253322697,51.3579117698806],[-1.80349540562314,51.3580487630656],[-1.80349539251742,51.3580488053052],[-1.80344171636558,51.3581815872775],[-1.80340147496647,51.3582811463398],[-1.80338121987041,51.3583640806326],[-1.80340066759374,51.3584720048078],[-1.80342018172079,51.3585633796927],[-1.80342018856783,51.3585634579328],[-1.8034201724399,51.3585635352352],[-1.80342013478083,51.3585636098041],[-1.80342007847451,51.3585636789467],[-1.80342000352861,51.3585637408647],[-1.80341991282312,51.3585637937646],[-1.8034198077981,51.3585638367495],[-1.80341969420973,51.3585638671316],[-1.80341957205805,51.3585638849108],[-1.80341944852773,51.3585638892],[-1.80341932505497,51.3585638800017],[-1.8034192059483,51.3585638573229],[-1.8034190940724,51.358563822967],[-1.8034189951758,51.3585637760442],[-1.80341890924316,51.3585637201513],[-1.80341884058299,51.3585636552955],[-1.8034187906238,51.3585635832776],[-1.80341876078644,51.3585635076966],[-1.80339924243418,51.3584721139216],[-1.80337978208024,51.3583641213874],[-1.8033797779905,51.3583640701273],[-1.80337978689152,51.358364003603],[-1.80340006246483,51.3582809830234],[-1.80340007410766,51.3582809470757],[-1.8034403242148,51.3581813673474],[-1.80349398876598,51.3580486123316],[-1.80352110462383,51.3579116802715],[-1.80352838688268,51.3577622991716]]],[[[-1.800591681606,51.3585725233264],[-1.80227138923026,51.3585172287809],[-1.80227151272195,51.3585172334846],[-1.80227163471959,51.3585172516735],[-1.80227174804615,51.3585172824363],[-1.80227185126932,51.3585173248714],[-1.80227194152062,51.3585173780749],[-1.80227201737158,51.3585174402459],[-1.80227207308522,51.3585175095764],[-1.80227211010544,51.3585175842706],[-1.80227212557532,51.3585176607269],[-1.80227211949489,51.3585177389453],[-1.80227209188339,51.3585178144299],[-1.8022720441809,51.358517886284],[-1.80227197783517,51.3585179518124],[-1.80227189429006,51.3585180092193],[-1.80227179642567,51.3585180567112],[-1.80227168568587,51.358518092492],[-1.80227156781537,51.3585181165715],[-1.80227144569423,51.3585181271561],[-1.80059173803793,51.3585734217023],[-1.80059161454588,51.3585734169969],[-1.80059149254838,51.3585733988063],[-1.80059137922244,51.3585733680419],[-1.80059127600036,51.3585733256053],[-1.8005911857506,51.3585732724006],[-1.80059110990156,51.3585732102285],[-1.80059105419018,51.3585731408972],[-1.80059101717248,51.3585730662025],[-1.80059100170528,51.358572989746],[-1.80059100778857,51.3585729115277],[-1.80059103540288,51.3585728360435],[-1.80059108310815,51.3585727641901],[-1.80059114945654,51.3585726986626],[-1.80059123300405,51.3585726412569],[-1.80059133087057,51.3585725937664],[-1.80059144161212,51.3585725579872],[-1.80059155948398,51.3585725339093],[-1.800591681606,51.3585725233264]]],[[[-1.80059128913613,51.3586638702897],[-1.80223115558287,51.3586126629098],[-1.80223127907096,51.3586126685127],[-1.80223139963265,51.3586126866992],[-1.8022315143956,51.3586127174645],[-1.80223161761894,51.3586127598996],[-1.80223170787036,51.3586128131031],[-1.80223178228525,51.3586128752717],[-1.80223183799895,51.3586129446023],[-1.80223187501918,51.3586130192965],[-1.80223189048903,51.3586130957528],[-1.8022318844085,51.3586131739711],[-1.80223185679689,51.3586132494558],[-1.80223180909424,51.3586133213098],[-1.80223174131214,51.3586133868358],[-1.80223165776681,51.3586134442427],[-1.80223155990218,51.3586134917345],[-1.80223144916212,51.3586135275153],[-1.80223133129522,51.3586135506956],[-1.80223120773765,51.3586135612777],[-1.80059134125961,51.3586647686583],[-1.8005912177712,51.3586647630537],[-1.80059109720965,51.3586647448655],[-1.8005909824473,51.3586647140987],[-1.80059087922502,51.3586646716621],[-1.80059078897509,51.3586646184574],[-1.80059071456208,51.3586645562878],[-1.80059065885059,51.3586644869564],[-1.80059062183282,51.3586644122617],[-1.80059060636559,51.3586643358052],[-1.80059061244889,51.358664257587],[-1.80059064006326,51.3586641821027],[-1.80059068776863,51.3586641102494],[-1.80059075555333,51.3586640447243],[-1.80059083910101,51.3586639873186],[-1.80059093696772,51.3586639398281],[-1.80059104770948,51.3586639040488],[-1.80059116557768,51.3586638808702],[-1.80059128913613,51.3586638702897]]],[[[-1.80065729084414,51.3587511756804],[-1.80223077984266,51.3586998556969],[-1.80223090477102,51.3586998604031],[-1.80223102533293,51.3586998785896],[-1.80223113865991,51.3586999093524],[-1.80223124187959,51.3586999526868],[-1.80223133356736,51.3587000058927],[-1.80223140798625,51.3587000671621],[-1.80223146370005,51.3587001364927],[-1.80223150072035,51.3587002111869],[-1.80223151618637,51.3587002885423],[-1.80223151010969,51.3587003658615],[-1.80223148249802,51.3587004413461],[-1.80223143479528,51.3587005132002],[-1.80223136844923,51.3587005787286],[-1.80223128490374,51.3587006361355],[-1.80223118560275,51.3587006836248],[-1.80223107629867,51.3587007194081],[-1.80223095842769,51.3587007434875],[-1.80223083486989,51.3587007540697],[-1.80065734584135,51.3587520740538],[-1.80065722091264,51.358752069346],[-1.80065710035083,51.3587520511579],[-1.80065698702442,51.3587520203936],[-1.80065688380577,51.3587519770579],[-1.8006567921194,51.3587519238508],[-1.80065671770228,51.3587518625804],[-1.80065666199058,51.3587517932491],[-1.80065662497265,51.3587517185544],[-1.80065660950917,51.3587516411987],[-1.80065661558847,51.3587515638796],[-1.8006566432028,51.3587514883954],[-1.80065669090815,51.358751416542],[-1.80065675725669,51.3587513510144],[-1.80065684080446,51.3587512936086],[-1.80065694010746,51.3587512461206],[-1.80065704941319,51.3587512103388],[-1.80065716728547,51.3587511862609],[-1.80065729084414,51.3587511756804]]],[[[-1.80160485268053,51.3591264843757],[-1.80160497335181,51.3591264773861],[-1.80160509253255,51.3591264829823],[-1.80160520878264,51.3591265020614],[-1.80160531924137,51.3591265319208],[-1.80160541959628,51.3591265734525],[-1.80160550841892,51.3591266248557],[-1.80160558140463,51.3591266852239],[-1.80160563712882,51.3591267518573],[-1.80160567416309,51.359126822955],[-1.80160569251132,51.3591268976178],[-1.80164394058184,51.3594923526586],[-1.80164393882341,51.3594924272875],[-1.80164391696588,51.3594925000841],[-1.80164387645322,51.3594925692525],[-1.80164381872164,51.3594926347952],[-1.80164374379053,51.3594926922162],[-1.80164365453233,51.3594927415203],[-1.80164355526339,51.3594927809166],[-1.80164344455141,51.3594928095035],[-1.80164332958129,51.3594928263938],[-1.80164321178923,51.35949283159],[-1.80164309405151,51.3594928241979],[-1.80164297924055,51.3594928042221],[-1.8016428716572,51.3594927734684],[-1.80164277273768,51.3594927319392],[-1.80164268678669,51.3594926805409],[-1.80164261523269,51.3594926210743],[-1.80164256094032,51.3594925553425],[-1.80164252533802,51.3594924851464],[-1.80164250698571,51.3594924113828],[-1.80160425892653,51.3591269563415],[-1.80160426067724,51.359126883511],[-1.80160428109459,51.3591268116111],[-1.80160432017079,51.3591267424403],[-1.8016043778942,51.359126678696],[-1.80160444995236,51.3591266212702],[-1.80160453490132,51.3591265719587],[-1.80160463273718,51.3591265316609],[-1.80160474057981,51.35912650217],[-1.80160485268053,51.3591264843757]]],[[[-1.80073334685496,51.3595817416815],[-1.80102548233148,51.3595739363173],[-1.80102560582228,51.3595739419215],[-1.80102572638612,51.3595739601092],[-1.8010258397105,51.3595739917723],[-1.80102594437088,51.3595740342109],[-1.80102603461853,51.3595740883145],[-1.8010261075966,51.3595741504814],[-1.80102616330897,51.3595742198125],[-1.80102619889104,51.3595742945046],[-1.80102621435446,51.3595743718602],[-1.8010262068385,51.3595744491769],[-1.80102617921948,51.3595745255604],[-1.80102613007677,51.3595745974115],[-1.80102606229447,51.3595746620377],[-1.801025978745,51.3595747194437],[-1.80102587944393,51.3595747660329],[-1.8010257686999,51.3595748018125],[-1.80102564939314,51.3595748249892],[-1.80102552727236,51.3595748346734],[-1.80073339179023,51.3595826400377],[-1.80073326829945,51.3595826344333],[-1.8007331477357,51.3595826162453],[-1.80073303441149,51.3595825845819],[-1.80073292975136,51.359582542143],[-1.80073283950404,51.3595824880392],[-1.80073276652634,51.3595824258721],[-1.80073271081439,51.3595823565408],[-1.8007326752328,51.3595822818486],[-1.80073265976986,51.359582204493],[-1.8007326672863,51.3595821271763],[-1.8007326949058,51.3595820507929],[-1.80073274404896,51.3595819789419],[-1.80073281183169,51.359581914316],[-1.80073289538152,51.3595818569102],[-1.8007329946829,51.3595818103212],[-1.80073310542716,51.3595817745418],[-1.80073322473409,51.3595817513654],[-1.80073334685496,51.3595817416815]]],[[[-1.80166917089634,51.3596206946282],[-1.80166929009776,51.3596206957285],[-1.80166940637631,51.3596207085133],[-1.80166951829189,51.3596207338792],[-1.80166962298372,51.3596207691239],[-1.80166971469922,51.359620816036],[-1.80166979489011,51.3596208710213],[-1.80166985781545,51.3596209331709],[-1.80166990491532,51.359621001588],[-1.80166993332896,51.3596210735703],[-1.80166994162402,51.3596211482162],[-1.80166993125225,51.3596212219313],[-1.80166990078134,51.3596212938143],[-1.80166985165911,51.3596213611698],[-1.80166978532568,51.3596214231012],[-1.8016697046651,51.3596214769158],[-1.80166960967736,51.3596215226136],[-1.80166950468662,51.3596215566052],[-1.80166939255755,51.3596215806938],[-1.80166927617419,51.3596215921867],[-1.80061355940288,51.3596696293065],[-1.80061343301995,51.3596696281929],[-1.80061331100809,51.3596696126998],[-1.80061319335562,51.3596695855248],[-1.80061308581516,51.3596695448793],[-1.80061299124746,51.3596694934657],[-1.80061291251714,51.3596694330871],[-1.8006128510565,51.3596693646452],[-1.80061281116248,51.3596692908448],[-1.80061278995486,51.3596692134794],[-1.80061279173445,51.3596691343547],[-1.80061281648177,51.3596690579665],[-1.80061285988817,51.3596689843074],[-1.80061292481046,51.3596689169791],[-1.80061300693219,51.3596688577726],[-1.80061310337315,51.3596688084814],[-1.80061321269321,51.3596687700021],[-1.80061333057201,51.3596687450251],[-1.80061345414493,51.359668731747],[-1.80166917089634,51.3596206946282]]],[[[-1.80206281440863,51.3599299719438],[-1.80206293364573,51.3599299649512],[-1.80206305139238,51.3599299705447],[-1.80206316621235,51.3599299887217],[-1.80206327667719,51.3599300176815],[-1.80206337560192,51.3599300583112],[-1.80206346299428,51.3599301088124],[-1.80206353742582,51.3599301673844],[-1.80206359459561,51.3599302322216],[-1.80206363307133,51.3599303024224],[-1.8020636528607,51.3599303761884],[-1.80214492213526,51.360522244816],[-1.80214492325394,51.3605223185506],[-1.80214490282908,51.3605223922489],[-1.80214486518486,51.3605224623215],[-1.80214480888893,51.3605225278667],[-1.80214473682151,51.3605225870912],[-1.8021446489942,51.3605226372974],[-1.80214455115583,51.3605226775957],[-1.80214444187016,51.3605227079838],[-1.80214432688991,51.3605227266729],[-1.80214420909138,51.3605227327688],[-1.80214409134321,51.3605227271755],[-1.80214397508548,51.3605227089962],[-1.80214386749551,51.3605226791421],[-1.80214376713322,51.36052263851],[-1.80214367973577,51.360522588908],[-1.80214360673941,51.3605225303385],[-1.80214354957264,51.3605224646022],[-1.80214351109244,51.3605223953006],[-1.80214349130268,51.3605223215346],[-1.8020622220464,51.359930452906],[-1.80206222092785,51.3599303791714],[-1.80206224135259,51.3599303054731],[-1.80206227899645,51.3599302354006],[-1.80206233385168,51.3599301707521],[-1.8020624073545,51.3599301115301],[-1.80206249374454,51.3599300613216],[-1.80206259158559,51.3599300201242],[-1.80206269942981,51.3599299906329],[-1.80206281440863,51.3599299719438]]],[[[-1.80132349974283,51.3605878675051],[-1.80132361754579,51.3605878605108],[-1.80132373673057,51.3605878661074],[-1.80132385155216,51.360587884285],[-1.80132396058214,51.3605879132431],[-1.80132405951175,51.3605879529742],[-1.80132414690865,51.3605880025768],[-1.80132422134048,51.3605880611493],[-1.8013242785102,51.3605881259868],[-1.80132431698541,51.3605881961878],[-1.80132433821407,51.3605882690572],[-1.80138249885677,51.3609853458978],[-1.80138249997037,51.3609854205316],[-1.80138248098416,51.360985493333],[-1.80138244333444,51.3609855643045],[-1.80138238847298,51.3609856298518],[-1.80138231640758,51.3609856881767],[-1.80138223001072,51.3609857392839],[-1.80138213073034,51.3609857804783],[-1.80138202287908,51.3609858108681],[-1.80138190789709,51.3609858295566],[-1.80138179009313,51.3609858365509],[-1.80138167090735,51.3609858309545],[-1.80138155608085,51.360985813676],[-1.80138144705381,51.3609857838189],[-1.80138134668705,51.3609857440854],[-1.80138125928935,51.3609856944828],[-1.80138118629308,51.3609856359128],[-1.80138112768654,51.3609855710729],[-1.80138108921092,51.3609855008719],[-1.80138106798199,51.3609854280026],[-1.80132290735132,51.3605883511612],[-1.80132290623782,51.3605882765275],[-1.80132292522396,51.3605882037261],[-1.80132296287345,51.3605881327546],[-1.80132301917078,51.3605880672097],[-1.80132309123954,51.3605880079857],[-1.80132317763183,51.3605879577777],[-1.80132327691141,51.3605879165833],[-1.80132338476179,51.3605878861935],[-1.80132349974283,51.3605878675051]]],[[[-1.80159899212633,51.3605733526273],[-1.80159911136519,51.3605733456352],[-1.80159923054966,51.3605733512315],[-1.80159934537105,51.3605733694089],[-1.80159945439702,51.3605733992659],[-1.80159955475895,51.3605734398984],[-1.80159964358826,51.3605734904024],[-1.801599716584,51.3605735489723],[-1.80159977231383,51.3605736147065],[-1.80159981222172,51.360573685809],[-1.80159983057827,51.3605737586735],[-1.80170411415688,51.3613828810554],[-1.80170411381532,51.3613829601825],[-1.80170409050519,51.3613830365734],[-1.80170404709902,51.3613831102329],[-1.80170398361233,51.3613831775641],[-1.80170390292152,51.3613832376729],[-1.80170380647451,51.3613832878642],[-1.80170369715158,51.3613833263444],[-1.8017035792654,51.3613833522217],[-1.80170345712477,51.3613833655033],[-1.80170333073358,51.36138336529],[-1.80170320871328,51.3613833506972],[-1.80170309105611,51.3613833235233],[-1.80170298350711,51.3613832837779],[-1.80170288749481,51.3613832332619],[-1.8017028073241,51.3613831728816],[-1.80170274585975,51.3613831044403],[-1.80170270452636,51.3613830306379],[-1.80170268331234,51.3613829541719],[-1.80159839975873,51.3605738317887],[-1.80159840008104,51.3605737571574],[-1.80159841906669,51.360573684356],[-1.8015984567079,51.3605736151827],[-1.80159851300467,51.3605735496377],[-1.801598585069,51.3605734913128],[-1.80159867146076,51.3605734411046],[-1.80159877073594,51.3605734008092],[-1.80159887858585,51.3605733704192],[-1.80159899212633,51.3605733526273]]],[[[-1.80177087189705,51.3609818609767],[-1.80177099113692,51.3609818539845],[-1.80177110888623,51.3609818595782],[-1.80177122514495,51.3609818777579],[-1.801771334172,51.3609819076147],[-1.80177143310261,51.3609819473455],[-1.80177152193289,51.3609819978493],[-1.8017715949295,51.3609820564191],[-1.80177165209631,51.3609821221556],[-1.80177169057246,51.3609821923565],[-1.80177171036181,51.3609822661225],[-1.80182972979367,51.361413052705],[-1.80182972945621,51.361413130933],[-1.80182970757867,51.3614132082255],[-1.80182966417266,51.361413281885],[-1.80182960068611,51.3614133492163],[-1.80182951999541,51.3614134093252],[-1.80182942498473,51.361413459519],[-1.80182931566184,51.3614134979994],[-1.80182919777178,51.3614135247759],[-1.80182907419485,51.3614135380552],[-1.80182894923984,51.3614135378445],[-1.80182882577926,51.3614135241486],[-1.80182870812194,51.3614134969748],[-1.80182860057276,51.3614134572295],[-1.80182850456026,51.3614134067136],[-1.80182842438546,51.3614133472326],[-1.80182836292088,51.3614132787913],[-1.80182832015101,51.3614132049866],[-1.80182829894063,51.3614131276214],[-1.80177027952208,51.3609823410382],[-1.80177027984023,51.3609822673061],[-1.80177029882577,51.3609821945046],[-1.80177033647094,51.3609821244321],[-1.80177039276797,51.360982058887],[-1.80177046483272,51.360982000562],[-1.80177055122506,51.3609819503537],[-1.8017706490686,51.3609819091565],[-1.80177075835172,51.360981879668],[-1.80177087189705,51.3609818609767]]]]},"properties":{"OBJECTID":1039116,"LAYER":"DITCH","project":"Avebury World Heritage Site","PERIOD":"MEDIEVAL\\POST MEDIEVAL","MONUMENT_TYPE":"WATER MEADOW","EVIDENCE_1":"EARTHWORK","HE_UID":"1176935","HE_URL1":"https://www.heritagegateway.org.uk/Gateway/Results_Single.aspx?uid=1176935&resourceID=19191","HER_NO":" NONE GIVEN"}},{"type":"Feature","id":920631,"geometry":{"type":"Polygon","coordinates":[[[-1.83023340217485,51.3511698507999],[-1.8303904982326,51.3511615621358],[-1.83055112167034,51.3511624230339],[-1.83069365137135,51.3511517661123],[-1.83086905791527,51.3511389982475],[-1.83104456139519,51.3511193694902],[-1.83122004194507,51.3511020333528],[-1.83140640433904,51.3510893163649],[-1.83159302032609,51.3510583190448],[-1.83171367429513,51.3510452557159],[-1.83180882849287,51.3510274800561],[-1.83191781686668,51.3510669301333],[-1.83210045748602,51.3510587745726],[-1.83220292045226,51.3510410359974],[-1.83224688727777,51.3510298409201],[-1.83229434472298,51.3510300974079],[-1.83229015350902,51.3510689361603],[-1.83211829798421,51.3510885899801],[-1.83197219569014,51.3510946577023],[-1.83184099582903,51.3510779522445],[-1.83175725356795,51.3510614943545],[-1.83155971862511,51.3510901474195],[-1.83127428632449,51.3511388967513],[-1.83100752934799,51.3511580351305],[-1.83070800074562,51.3511701300995],[-1.83043389730738,51.3511915135458],[-1.83025133864304,51.3511928148433],[-1.8301965865311,51.3511925110301],[-1.83015287332097,51.3511854253056],[-1.83023340217485,51.3511698507999]]]},"properties":{"OBJECTID":920631,"LAYER":"BANK","project":"Avebury World Heritage Site","PERIOD":"MEDIEVAL\\POST MEDIEVAL","MONUMENT_TYPE":"STRIP LYNCHET","EVIDENCE_1":"EARTHWORK","HE_UID":"221181","HE_URL1":"https://www.heritagegateway.org.uk/Gateway/Results_Single.aspx?uid=221181&resourceID=19191","HER_NO":" NONE GIVEN"}},{"type":"Feature","id":1020437,"geometry":{"type":"MultiPolygon","coordinates":[[[[-1.83914977749591,51.3405672573986],[-1.83906675509652,51.3405005233276],[-1.83885033796098,51.3403119289614],[-1.83841631389465,51.3400238771406],[-1.83841623944456,51.3400238194906],[-1.83841618224699,51.3400237546707],[-1.83841614229561,51.3400236844795],[-1.83841612101659,51.3400236116162],[-1.8384161198424,51.3400235369823],[-1.83841613876358,51.3400234632751],[-1.83841617489947,51.3400233931882],[-1.83841622968252,51.3400233276229],[-1.83841630167083,51.3400232683755],[-1.83841638798688,51.3400232172405],[-1.83841648718877,51.3400231760141],[-1.83841659496651,51.3400231455898],[-1.8384167098845,51.3400231259655],[-1.83841682762962,51.3400231189336],[-1.83841694533064,51.3400231244903],[-1.83841706011949,51.3400231417323],[-1.83841717056058,51.3400231706579],[-1.83841726947901,51.3400232103578],[-1.83841735831352,51.3400232599349],[-1.83885141532442,51.3403113333774],[-1.83885144396452,51.3403113540979],[-1.83885147546016,51.3403113793182],[-1.83906790548077,51.3404999844901],[-1.83909933805988,51.3405252504897],[-1.83909940854034,51.3405252119211],[-1.83909948761259,51.3405251796585],[-1.83909957239911,51.3405251554964],[-1.83909966290618,51.3405251376364],[-1.83930448013461,51.340494224668],[-1.8394250957201,51.3404765862862],[-1.83953495593943,51.3404451953761],[-1.83959358347699,51.3404272223403],[-1.8395936783093,51.3404271990907],[-1.83959377742346,51.3404271830404],[-1.83959387937447,51.3404271768851],[-1.8395939798586,51.3404271797195],[-1.83966326046255,51.3404321207029],[-1.83966330638681,51.3404321252614],[-1.83966342691027,51.3404321452076],[-1.8397143654387,51.3404438410313],[-1.83971445149167,51.3404438654264],[-1.83971453321591,51.34044389611],[-1.83971460630141,51.3404439339753],[-1.83971467219318,51.3404439763266],[-1.8397508057278,51.3404716107073],[-1.83979052393064,51.3405038339982],[-1.83979057830948,51.3405038844266],[-1.83979063117461,51.3405039573325],[-1.83980488696785,51.340529181779],[-1.83980491828931,51.3405292573532],[-1.83980492806703,51.3405293355956],[-1.83980491631038,51.3405294138086],[-1.83980488302872,51.3405294892949],[-1.83980482966706,51.3405295593587],[-1.83980475622538,51.340529624],[-1.83980466702618,51.3405296787289],[-1.83980456494383,51.3405297226501],[-1.83980445141395,51.3405297557654],[-1.83980432931715,51.3405297753814],[-1.83980420583158,51.3405297815076],[-1.83980408095721,51.3405297741442],[-1.83980396043654,51.340529753299],[-1.83980384713773,51.340529719875],[-1.8398037453645,51.3405296747772],[-1.83980365798499,51.3405296189089],[-1.83980358642857,51.3405295540702],[-1.83980353499275,51.3405294829646],[-1.83978931772782,51.3405043260092],[-1.83974968112164,51.3404721702677],[-1.83971368790643,51.3404446430808],[-1.83966301332229,51.3404330078617],[-1.83959402694752,51.3404280879603],[-1.83953557042946,51.3404460090768],[-1.83942562686421,51.3404774223534],[-1.83942557226046,51.3404774366658],[-1.83942549181236,51.3404774518422],[-1.83930481015473,51.3404950991262],[-1.83910023997864,51.3405259755662],[-1.8391509307427,51.3405667212617],[-1.83915096795297,51.3405667545824],[-1.83921221474531,51.3406265270365],[-1.83921226905784,51.3406265963479],[-1.8392123046884,51.3406266710289],[-1.83921231877515,51.340626748378],[-1.83921231132748,51.3406268256977],[-1.83921228235166,51.3406269011897],[-1.8392122332896,51.3406269730575],[-1.83921216558945,51.3406270377063],[-1.83921208068997,51.340627094239],[-1.83921198146555,51.3406271417603],[-1.83921187079999,51.3406271766773],[-1.8392117515614,51.3406271998933],[-1.83921162806294,51.3406272096156],[-1.8392115046115,51.3406272058503],[-1.83921138407832,51.3406271886012],[-1.83921126933153,51.3406271587714],[-1.83921116467488,51.3406271172659],[-1.83921107297961,51.3406270640888],[-1.83921099710446,51.3406270028406],[-1.83914977749591,51.3405672573986]]],[[[-1.84033984481265,51.3397796251813],[-1.84033994820083,51.3397796181281],[-1.84034005155479,51.3397796209658],[-1.84034015343891,51.3397796336926],[-1.84034025098822,51.3397796545061],[-1.84034034419961,51.3397796843057],[-1.84077957018898,51.3399580543085],[-1.84077963612449,51.3399580840707],[-1.84108046986173,51.340112855382],[-1.84108055868072,51.3401129103522],[-1.8410806302414,51.3401129742909],[-1.84108068454994,51.3401130453998],[-1.84108071731194,51.3401131200763],[-1.84108072852735,51.3401131983205],[-1.8410807182086,51.3401132765356],[-1.84108068636496,51.3401133520241],[-1.84108063443823,51.3401134229896],[-1.84108056387024,51.3401134876356],[-1.84108047610589,51.3401135432666],[-1.84108037402258,51.340113588088],[-1.84108026192716,51.3401136221057],[-1.84108014126454,51.3401136426241],[-1.84108001777405,51.3401136505501],[-1.8410798928975,51.3401136440872],[-1.84107977237116,51.3401136250416],[-1.84107965763372,51.3401135925161],[-1.84107955442145,51.3401135483167],[-1.84077875507527,51.3399587950334],[-1.84033957782397,51.3397804448757],[-1.84033948036491,51.3397803979859],[-1.84033939873167,51.3397803412265],[-1.84033933291807,51.339780276396],[-1.84033928435347,51.3397802052945],[-1.84033925733533,51.3397801306255],[-1.84033925042183,51.3397800541854],[-1.84033926504235,51.3397799777746],[-1.84033929975197,51.3397799040885],[-1.84033935310882,51.3397798349237],[-1.84033942653922,51.3397797729795],[-1.84033951429449,51.3397797200466],[-1.84033961493907,51.3397796761231],[-1.84033972702488,51.3397796448036],[-1.84033984481265,51.3397796251813]]],[[[-1.84001613535841,51.3399476839223],[-1.84001625310309,51.3399476768889],[-1.84001637080412,51.3399476824439],[-1.8400164855934,51.3399476996844],[-1.84001659316409,51.3399477286045],[-1.84001669351935,51.3399477683051],[-1.84001678091984,51.339947817879],[-1.84001685393622,51.3399478755261],[-1.84050578551458,51.3404032746463],[-1.84050584415121,51.340403339467],[-1.84050588410611,51.3404034096575],[-1.84050590538861,51.3404034825203],[-1.84050590656622,51.3404035571542],[-1.84050588908696,51.3404036299645],[-1.84050585151524,51.3404037009492],[-1.84050579673471,51.3404037665155],[-1.8405057247485,51.3404038257641],[-1.84050563843405,51.3404038769007],[-1.84050554066883,51.3404039181308],[-1.84050543289158,51.340403948557],[-1.84050531797352,51.3404039681834],[-1.84050520022774,51.3404039752174],[-1.84050508108987,51.3404039696608],[-1.84050496629927,51.3404039524208],[-1.84050485729157,51.3404039234992],[-1.8405047569349,51.3404038837992],[-1.84050466809738,51.3404038342236],[-1.84050459507968,51.3404037765769],[-1.84001566350781,51.3399483774517],[-1.84001560343684,51.3399483126287],[-1.84001556491557,51.3399482433392],[-1.84001554507277,51.3399481695791],[-1.84001554389286,51.3399480958443],[-1.84001556281145,51.3399480221369],[-1.84001560038355,51.3399479511523],[-1.84001565659984,51.3399478855882],[-1.84001572858286,51.339947827239],[-1.84001581489699,51.3399477761028],[-1.84001591266167,51.3399477348732],[-1.84001602187378,51.3399477044493],[-1.84001613535841,51.3399476839223]]],[[[-1.83793346695943,51.3401302829234],[-1.83793358614051,51.340130275894],[-1.83793370671296,51.3401302814551],[-1.8379338229312,51.340130300498],[-1.83793393336908,51.3401303303231],[-1.83793403371661,51.3401303718238],[-1.83793412110888,51.3401304231977],[-1.8379341941166,51.3401304826444],[-1.83854655738055,51.3407281320923],[-1.8385466116922,51.3407282014041],[-1.83854664732175,51.3407282760853],[-1.83854666140741,51.3407283534345],[-1.8385466539586,51.3407284307542],[-1.83854662498164,51.340728506246],[-1.83854657591841,51.3407285781135],[-1.83854650821718,51.340728642762],[-1.83854642331668,51.3407286992942],[-1.83854632409137,51.3407287468149],[-1.83854621342504,51.3407287817313],[-1.83854609418586,51.3407288049466],[-1.838545970687,51.3407288146683],[-1.83854584723533,51.3407288109022],[-1.83854572670214,51.3407287936524],[-1.83854561195553,51.3407287638219],[-1.83854550729925,51.3407287223159],[-1.83854541560455,51.3407286691383],[-1.83854533973012,51.3407286078896],[-1.83793297647571,51.3401309584353],[-1.83793292502112,51.3401308936231],[-1.83793289080969,51.3401308243388],[-1.83793287383507,51.3401307523806],[-1.83793287696217,51.3401306795509],[-1.83793289731347,51.3401306076441],[-1.83793293631509,51.3401305393597],[-1.83793299252825,51.340130475595],[-1.83793306594349,51.3401304190474],[-1.83793315081835,51.3401303697091],[-1.83793324857896,51.3401303302795],[-1.83793335491851,51.3401303007528],[-1.83793346695943,51.3401302829234]]],[[[-1.83937914392877,51.3406432081864],[-1.83937926454658,51.3406432011575],[-1.83937938511743,51.3406432076163],[-1.83937950134071,51.3406432257585],[-1.83937961177763,51.3406432564815],[-1.83937971356322,51.3406432979829],[-1.83937980095495,51.3406433502548],[-1.83937987396224,51.3406434105998],[-1.83937992972006,51.3406434772155],[-1.83961244438129,51.3409922121078],[-1.8396124800128,51.3409922867886],[-1.83961249410033,51.3409923641377],[-1.83961248665328,51.3409924414575],[-1.83961245767788,51.3409925169495],[-1.83961240718354,51.3409925879163],[-1.83961233948028,51.3409926534646],[-1.83961225458061,51.3409927099975],[-1.83961215535895,51.34099275662],[-1.83961204469281,51.3409927915374],[-1.83961192545346,51.3409928147538],[-1.83961180338975,51.3409928244785],[-1.83961167850165,51.3409928207117],[-1.83961155796736,51.340992803463],[-1.83961144322252,51.3409927727344],[-1.83961133856467,51.3409927312293],[-1.83961124686508,51.3409926789517],[-1.83961117099193,51.3409926168045],[-1.83961111380395,51.3409925483886],[-1.83937859915114,51.3406438134937],[-1.83937856493713,51.3406437442098],[-1.83937855082819,51.340643673155],[-1.83937855395304,51.3406436003252],[-1.83937857573167,51.3406435302185],[-1.8393786161672,51.3406434619357],[-1.83937867237585,51.3406433990694],[-1.8393787443545,51.340643342519],[-1.83937883066126,51.3406432940807],[-1.8393789269861,51.340643254648],[-1.83937903188716,51.3406432260172],[-1.83937914392877,51.3406432081864]]],[[[-1.83910725769023,51.3410441071458],[-1.83910736825965,51.3410441001034],[-1.83910747879145,51.3410441038512],[-1.83910758641119,51.3410441192844],[-1.83910768969265,51.3410441437035],[-1.8391077857614,51.3410441780038],[-1.83910787174931,51.3410442212822],[-1.83910794622386,51.3410442726375],[-1.8391080077557,51.3410443302694],[-1.83917987945592,51.3411270140897],[-1.83917992945578,51.3411270851936],[-1.8391799579022,51.3411271616632],[-1.83917996624647,51.3411272390045],[-1.83917995305297,51.3411273172156],[-1.83917991690169,51.3411273917985],[-1.83917986210273,51.3411274618601],[-1.8391797886655,51.3411275247027],[-1.83917969946438,51.3411275794311],[-1.83917959594759,51.3411276224506],[-1.83917948098328,51.3411276546642],[-1.8391793603234,51.3411276733823],[-1.83917923540363,51.3411276786068],[-1.83917911196651,51.3411276703455],[-1.83917899144771,51.3411276486004],[-1.8391788795835,51.3411276151778],[-1.83917877924835,51.3411275691823],[-1.83917869186845,51.3411275133135],[-1.83917862174764,51.3411274484764],[-1.83910675004901,51.3410447646553],[-1.83910670148497,51.3410446935533],[-1.83910667159683,51.3410446188801],[-1.83910666325269,51.3410445415388],[-1.83910667644317,51.341044464227],[-1.83910670972321,51.3410443896401],[-1.83910676451904,51.3410443204778],[-1.83910683652374,51.3410442567341],[-1.839106924286,51.3410442029029],[-1.83910702637016,51.3410441589824],[-1.83910713846305,51.3410441267649],[-1.83910725769023,51.3410441071458]]],[[[-1.83865508599249,51.3407445093701],[-1.83865520230379,51.3407445023361],[-1.83865531713542,51.3407445078886],[-1.8386554304937,51.3407445242293],[-1.83865553806854,51.3407445522514],[-1.83865563699502,51.3407445901528],[-1.83865572440185,51.3407446379294],[-1.83865579742091,51.3407446946781],[-1.83909211673338,51.3411356549363],[-1.83909217966646,51.3411357224611],[-1.83909222247857,51.3411357962528],[-1.83909224374349,51.3411358736118],[-1.83909224347062,51.3411359518405],[-1.83909222166623,51.3411360291406],[-1.83909217833973,51.3411361028145],[-1.83909211637182,51.3411361701687],[-1.83909203576564,51.3411362303039],[-1.83909193940186,51.3411362805265],[-1.83909183159059,51.3411363199433],[-1.83909171377372,51.3411363467578],[-1.83909159026132,51.3411363600768],[-1.83909146536032,51.3411363599061],[-1.83909134194203,51.3411363462497],[-1.83909122431335,51.3411363191134],[-1.83909111677494,51.3411362803014],[-1.83909102076246,51.3411362298159],[-1.83909094057656,51.3411361694609],[-1.83865462126924,51.3407452091983],[-1.83865456119916,51.3407451443747],[-1.83865451837554,51.3407450741796],[-1.83865449566333,51.3407450004153],[-1.83865449305625,51.3407449248802],[-1.83865451054171,51.340744851171],[-1.83865454668409,51.3407447792857],[-1.83865460147081,51.3407447128211],[-1.8386546734631,51.3407446526744],[-1.83865476121902,51.3407446006419],[-1.83865486042539,51.3407445585162],[-1.83865496964031,51.3407445280936],[-1.83865508599249,51.3407445093701]]],[[[-1.83945734837816,51.3410665521285],[-1.83945747043271,51.3410665451015],[-1.83945759387597,51.3410665515641],[-1.83945771296537,51.3410665715085],[-1.83945782340024,51.3410666031306],[-1.83945792518057,51.3410666464302],[-1.83945801400573,51.3410666996032],[-1.83945808557188,51.3410667617446],[-1.8394581398853,51.3410668310559],[-1.83945817551972,51.3410669048376],[-1.83945818961015,51.3410669812875],[-1.83945818216282,51.3410670586072],[-1.83945815462591,51.341067133202],[-1.83945810700253,51.3410672041727],[-1.8394580407377,51.3410672688236],[-1.83945795727336,51.3410673253585],[-1.83945786091951,51.3410673728839],[-1.83875318271937,51.3413516636845],[-1.83875307061607,51.3413516985992],[-1.83875295281416,51.3413517209175],[-1.83875282931679,51.3413517297402],[-1.83875270443093,51.3413517250732],[-1.83875258389917,51.3413517069244],[-1.83875247058965,51.341351676197],[-1.83875236593491,51.341351633792],[-1.83875227567439,51.3413515806164],[-1.83875220123745,51.3413515184707],[-1.83875214405346,51.3413514491552],[-1.83875210841993,51.3413513753732],[-1.83875209146244,51.3413512980201],[-1.83875209747536,51.3413512206985],[-1.83875212501988,51.3413511443055],[-1.83875217264779,51.3413510724359],[-1.83875223891717,51.3413510068862],[-1.83875232238604,51.3413509494527],[-1.83875242017685,51.3413509019298],[-1.83945709837,51.3410666111338],[-1.83945722771543,51.341066571746],[-1.83945734837816,51.3410665521285]]],[[[-1.83755750954177,51.3425423502137],[-1.83755762155076,51.3425423431747],[-1.83755773495421,51.3425423478271],[-1.83755784401253,51.3425423632637],[-1.83755794872573,51.3425423894845],[-1.83755804622876,51.3425424246873],[-1.8375581322114,51.3425424697651],[-1.83755820667999,51.3425425229198],[-1.83755826676951,51.3425425823489],[-1.83755831248312,51.3425426471533],[-1.8375583395201,51.3425427155287],[-1.83763138398321,51.3428059645918],[-1.83773107467986,51.342989349636],[-1.83773109604428,51.3429893982214],[-1.83776622017497,51.3430901832185],[-1.83776623425957,51.3430902605679],[-1.83776622537289,51.3430903378855],[-1.83776619639267,51.3430904133771],[-1.83776614588957,51.3430904852424],[-1.83776607818335,51.3430905498904],[-1.83776599184149,51.3430906064201],[-1.83776589261632,51.3430906521418],[-1.8377657805078,51.3430906870556],[-1.83776566126512,51.3430907093709],[-1.83776553919539,51.3430907190938],[-1.83776541430494,51.3430907144258],[-1.83776529376596,51.3430906971752],[-1.8377651790173,51.3430906664448],[-1.83776507435978,51.3430906240389],[-1.8377649840973,51.3430905708626],[-1.83776490822356,51.3430905087143],[-1.83776485247503,51.3430904394003],[-1.8377648154065,51.343090365616],[-1.83772970264393,51.3429896148032],[-1.83763000624109,51.3428062207582],[-1.83762997920068,51.342806153282],[-1.83755692625172,51.3425428700372],[-1.83755691504218,51.3425427917926],[-1.83755692680366,51.3425427135797],[-1.83755695865524,51.3425426380921],[-1.83755701202627,51.3425425671301],[-1.83755708403586,51.3425425033873],[-1.83755717324515,51.3425424477609],[-1.83755727533756,51.3425424029425],[-1.83755738887425,51.3425423698293],[-1.83755750954177,51.3425423502137]]],[[[-1.83795555983239,51.3430634099317],[-1.8379556775854,51.3430634029002],[-1.83795579529412,51.3430634084573],[-1.83795591152599,51.3430634257018],[-1.83795601909934,51.3430634555229],[-1.83795611945937,51.3430634952252],[-1.83795620686326,51.3430635448006],[-1.83795628131416,51.3430636033501],[-1.83795633851448,51.3430636681702],[-1.83795637703166,51.3430637383596],[-1.8379563983109,51.3430638112229],[-1.83795639948713,51.3430638849577],[-1.8379563805635,51.3430639586648],[-1.83795634298838,51.3430640287495],[-1.83795628820065,51.3430640943146],[-1.83795621620661,51.3430641535618],[-1.83795612988718,51.3430642037973],[-1.83795603211377,51.3430642450253],[-1.83795592432523,51.3430642763484],[-1.83778384707586,51.3431022188164],[-1.83778372640695,51.3431022384323],[-1.83778360147847,51.3431022445545],[-1.83778347659748,51.343102237189],[-1.83778335750683,51.3431022163437],[-1.83778324420652,51.3431021820185],[-1.83778314242985,51.3431021369191],[-1.83778305504826,51.3431020810492],[-1.83778298349109,51.3431020162093],[-1.83778293205597,51.3431019451028],[-1.83778290073655,51.3431018695282],[-1.83778289096221,51.3431017912856],[-1.83778290272345,51.3431017130727],[-1.83778293601075,51.343101637587],[-1.83778298937892,51.3431015675241],[-1.83778306282478,51.3431015037831],[-1.83778315059917,51.3431014481546],[-1.83778325412514,51.3431014042371],[-1.83778336766304,51.3431013711237],[-1.83795544490963,51.3430634286564],[-1.83795555983239,51.3430634099317]]],[[[-1.83728722743974,51.3431561779913],[-1.83721874752662,51.3429845817784],[-1.83721873758797,51.3429845502932],[-1.83721872631216,51.3429844909313],[-1.83720668325913,51.3427969699156],[-1.83720476013182,51.3426712863569],[-1.83718701279821,51.3426369606043],[-1.83718698435146,51.3426368850334],[-1.83718697744961,51.3426368067948],[-1.83718699207994,51.3426367294851],[-1.83718702823609,51.3426366549027],[-1.83718708447282,51.3426365857432],[-1.83718715935126,51.3426365229038],[-1.83718724999052,51.342636469078],[-1.83718735350965,51.3426364269594],[-1.83718746847616,51.3426363956469],[-1.83718758913773,51.34263637783],[-1.83718771406186,51.3426363726077],[-1.83718783749944,51.3426363817702],[-1.83718795658544,51.3426364035153],[-1.83718806844847,51.342636437839],[-1.83718816878465,51.3426364838362],[-1.83718825472577,51.3426365406037],[-1.83718832340999,51.34263660544],[-1.83718837484368,51.3426366765467],[-1.83720615924868,51.3426710751844],[-1.83720618343927,51.3426711363624],[-1.8372061946673,51.342671209212],[-1.83720811904347,51.3427969467234],[-1.83722015800503,51.3429844083872],[-1.83728847854114,51.3431556033425],[-1.83734841702021,51.3431538895805],[-1.83746177242335,51.3431339367319],[-1.83746185573556,51.3431339251575],[-1.8376117007181,51.343121002001],[-1.83777968457562,51.3431104747941],[-1.83797731093511,51.3430658334928],[-1.83797743303954,51.3430658138787],[-1.83797755653537,51.3430658068552],[-1.83797768141629,51.3430658142205],[-1.83797780194581,51.3430658341684],[-1.83797791524933,51.3430658675942],[-1.8379780184618,51.3430659126954],[-1.83797810584357,51.3430659685651],[-1.83797817740412,51.3430660325057],[-1.83797823027521,51.3430661036141],[-1.83797826159492,51.3430661791887],[-1.8379782728053,51.3430662574333],[-1.8379782610444,51.3430663356462],[-1.83797822919314,51.3430664111339],[-1.83797817582215,51.3430664820961],[-1.83797810380916,51.3430665467383],[-1.83797801460253,51.3430666014658],[-1.83797791250936,51.3430666462846],[-1.8379777989717,51.3430666793982],[-1.8377800878359,51.3431113394665],[-1.83777996716698,51.3431113590823],[-1.83777991546575,51.343111363507],[-1.83761186985704,51.3431218942258],[-1.83746211247509,51.34313481031],[-1.83734872546216,51.3431547694095],[-1.8373486550776,51.3431547792033],[-1.83734856460586,51.3431547853726],[-1.83728793978483,51.3431565188676],[-1.83728781920135,51.343156514205],[-1.83728770153379,51.3431564969579],[-1.83728758965354,51.3431564671302],[-1.83728748786135,51.3431564265262],[-1.83728739902549,51.3431563760491],[-1.83728732457845,51.3431563166],[-1.83728726738532,51.3431562499813],[-1.83728722743974,51.3431561779913]]],[[[-1.83788031786279,51.3434591473845],[-1.83781945849861,51.3433928475972],[-1.83756389251105,51.3434393815315],[-1.83744685899292,51.3434684291533],[-1.83742119274836,51.3434842364591],[-1.83742110212993,51.3434842839908],[-1.83742100006069,51.3434843216156],[-1.83742088941843,51.3434843475392],[-1.8374207730714,51.3434843626647],[-1.83742065390056,51.3434843642986],[-1.83742053620353,51.3434843551442],[-1.83742042285811,51.3434843334073],[-1.83742031673253,51.3434842999909],[-1.83742022069191,51.3434842566974],[-1.83742013760766,51.3434842035308],[-1.83742007034486,51.3434841422933],[-1.837420018894,51.3434840756826],[-1.83741998612332,51.3434840046017],[-1.8374199720265,51.3434839308491],[-1.83741997803288,51.343483856225],[-1.83742000413295,51.3434837834271],[-1.83742004744574,51.3434837151489],[-1.83742010940698,51.3434836513923],[-1.8374201871357,51.3434835948509],[-1.8374459569772,51.3434677238462],[-1.83744619564893,51.3434676270637],[-1.83756340591386,51.3434385356264],[-1.83756345907655,51.3434385240103],[-1.83781959828019,51.3433918856618],[-1.83781971605941,51.343391871437],[-1.83781983523318,51.3433918689036],[-1.83781995293003,51.3433918780576],[-1.83782006770797,51.3433919006953],[-1.83782017383363,51.3433919341113],[-1.83782026987127,51.3433919783036],[-1.83782035295265,51.3433920323692],[-1.83782042165156,51.3433920936084],[-1.83788157850535,51.3434587175113],[-1.83788160852557,51.3434587544192],[-1.83801777896298,51.3436446504832],[-1.83801782035218,51.3436447206766],[-1.83801784162862,51.343644794439],[-1.83801784279863,51.3436448699722],[-1.8380178238717,51.3436449445785],[-1.83801778629304,51.3436450155624],[-1.83801772863009,51.3436450820227],[-1.83801765519951,51.3436451412679],[-1.83801756744016,51.3436451924007],[-1.83801746679413,51.3436452336248],[-1.83801735613917,51.3436452631457],[-1.83784899124945,51.343678651048],[-1.83755605745362,51.3437479494208],[-1.83755593821548,51.3437479699376],[-1.83755581328203,51.3437479769587],[-1.83755568839616,51.3437479704921],[-1.83755556786504,51.3437479505438],[-1.83755545455697,51.3437479180168],[-1.83755535134022,51.3437478738144],[-1.83755526251878,51.3437478188416],[-1.83755519095776,51.3437477549007],[-1.83755513664765,51.3437476846894],[-1.83755510389243,51.3437476091127],[-1.83755509124373,51.3437475317653],[-1.83755510156979,51.3437474535504],[-1.83755513198649,51.3437473780609],[-1.83755518392319,51.3437473070969],[-1.83755525450212,51.343747242453],[-1.83755534084547,51.3437471859234],[-1.83755544294056,51.343747141105],[-1.83755555504765,51.3437471070907],[-1.83784852332157,51.3436778015731],[-1.83801613536202,51.3436445627997],[-1.83788031786279,51.3434591473845]]]]},"properties":{"OBJECTID":1020437,"LAYER":"DITCH","project":"Avebury World Heritage Site","PERIOD":"MEDIEVAL\\POST MEDIEVAL","MONUMENT_TYPE":"BOUNDARY\\CROFT\\HOLLOW WAY\\SETTLEMENT\\TOFT","EVIDENCE_1":"DOCUMENTARY EVIDENCE\\EARTHWORK","HE_UID":"1094889","HE_URL1":"https://www.heritagegateway.org.uk/Gateway/Results_Single.aspx?uid=1094889&resourceID=19191","HER_NO":" NONE GIVEN"}},{"type":"Feature","id":1039100,"geometry":{"type":"MultiPolygon","coordinates":[[[[-1.83381938206789,51.3443974093624],[-1.8336945224545,51.3439882009726],[-1.83288568495597,51.3441435448434],[-1.83288556285962,51.3441435608554],[-1.8328854393765,51.3441435633776],[-1.83288531593905,51.3441435533113],[-1.8328851982935,51.3441435297654],[-1.83288508787232,51.3441434936412],[-1.83288498897618,51.3441434467432],[-1.83288490591231,51.3441433890774],[-1.83288483867091,51.3441433233414],[-1.83288479011366,51.3441432522369],[-1.83288476311205,51.3441431757678],[-1.83288475621401,51.3441430984281],[-1.83288477228775,51.344143021121],[-1.832884808452,51.34414294654],[-1.83288486469699,51.3441428773827],[-1.83288493814473,51.3441428154432],[-1.83288502879192,51.3441427616208],[-1.83288513231832,51.3441427195062],[-1.83288524729145,51.344142688198],[-1.83369425143503,51.3439873130941],[-1.83369361858423,51.3439852395785],[-1.8336936073809,51.3439851613336],[-1.83369361771032,51.3439850840183],[-1.83369364956921,51.3439850085318],[-1.83369370151534,51.3439849366704],[-1.83369377209677,51.343984872928],[-1.83369385844202,51.3439848173006],[-1.83369396054459,51.3439847715864],[-1.83369407265507,51.3439847375758],[-1.83369419333123,51.3439847170651],[-1.83369431826911,51.343984709149],[-1.83369444172254,51.3439847147185],[-1.8336945636883,51.343984734673],[-1.83369467699743,51.3439847663046],[-1.83369478021098,51.3439848105105],[-1.83369486902826,51.3439848654863],[-1.83369494202324,51.3439849285324],[-1.83369499632774,51.3439849987455],[-1.83369503051251,51.3439850743254],[-1.83369563213776,51.3439870479872],[-1.83471492427434,51.3437912746651],[-1.83471469229274,51.3437895056425],[-1.83471469255741,51.3437894319096],[-1.83471471148652,51.343789358203],[-1.83471475050288,51.3437892881214],[-1.8347148067318,51.3437892225599],[-1.8347148801636,51.343789164216],[-1.8347149664879,51.3437891139829],[-1.83471506569822,51.3437890736589],[-1.83471517492312,51.34378904324],[-1.83471528984572,51.3437890254177],[-1.83471540759782,51.3437890192887],[-1.83471552674045,51.3437890257504],[-1.83471564153396,51.3437890438953],[-1.83471574910688,51.3437890737194],[-1.8347158480267,51.3437891143217],[-1.83471593542521,51.3437891647988],[-1.83471600843743,51.3437892233484],[-1.83471606563406,51.34378928817],[-1.8347161041469,51.3437893583605],[-1.83471612254666,51.3437894321195],[-1.83471632938888,51.3437910050846],[-1.83480309741926,51.3437743399786],[-1.8348025936605,51.3437670855464],[-1.83480260255229,51.343767008229],[-1.83480263153777,51.3437669327381],[-1.83480268204302,51.3437668617734],[-1.8348027497576,51.3437667962279],[-1.83480283610113,51.3437667405995],[-1.83480293533394,51.3437666939812],[-1.83480304601061,51.3437666590682],[-1.83480316525646,51.3437666367559],[-1.83480328876433,51.3437666270382],[-1.83480341222057,51.3437666317073],[-1.83480353419594,51.3437666489629],[-1.83480364750856,51.3437666796942],[-1.8348037521649,51.3437667221027],[-1.83480384386421,51.3437667743841],[-1.83480391829935,51.3437668365323],[-1.83480397547996,51.3437669058498],[-1.8348040125443,51.343766979635],[-1.83480402805984,51.3437670569866],[-1.83480451546758,51.3437740668176],[-1.83486521124698,51.3437624086033],[-1.83486533334167,51.3437623925892],[-1.83486545682372,51.3437623900649],[-1.83486558026061,51.343762400129],[-1.83486569790623,51.3437624236728],[-1.83486580832809,51.3437624597951],[-1.83486590722545,51.3437625066914],[-1.83486599029113,51.3437625643558],[-1.83486605753481,51.3437626300906],[-1.83486610609471,51.3437627011943],[-1.83486613309939,51.3437627776629],[-1.83486614000069,51.3437628550025],[-1.83486612393039,51.3437629323099],[-1.8348660877696,51.3437630068915],[-1.83486603152801,51.3437630760499],[-1.83486595808352,51.3437631379906],[-1.83486586743933,51.3437631918146],[-1.83486576391555,51.3437632339311],[-1.83486564894467,51.3437632652413],[-1.8348045796175,51.3437749948665],[-1.83483452871166,51.3442061556088],[-1.83483451981985,51.3442062329262],[-1.83483449083413,51.3442063084171],[-1.83483444032846,51.3442063793819],[-1.83483437261326,51.3442064449274],[-1.83483428626894,51.3442065005557],[-1.83483418703523,51.3442065471741],[-1.83483407635751,51.3442065820871],[-1.83483395711054,51.3442066043995],[-1.83483383360151,51.3442066141172],[-1.83483371014407,51.3442066094481],[-1.83483358816752,51.3442065921925],[-1.8348334748538,51.3442065614613],[-1.83483337019645,51.3442065190528],[-1.83483327849622,51.3442064667714],[-1.83483320406035,51.3442064046232],[-1.83483314687914,51.3442063353058],[-1.83483310981442,51.3442062615206],[-1.83483309429867,51.344206184169],[-1.83480316156915,51.3437752680275],[-1.83471644956908,51.3437919224221],[-1.83477231829948,51.3442172263121],[-1.83477231801876,51.3442173045408],[-1.83477229620519,51.3442173818401],[-1.83477225286842,51.3442174555125],[-1.83477218945389,51.3442175228624],[-1.8347721088363,51.3442175829946],[-1.8347720124643,51.3442176323146],[-1.83477190320613,51.3442176717254],[-1.83477178538192,51.3442176976364],[-1.83477166185993,51.3442177109508],[-1.8347715369506,51.3442177107756],[-1.83477141352541,51.3442176971146],[-1.83477129589158,51.344217669974],[-1.83477118835309,51.3442176302589],[-1.83477109233925,51.3442175797698],[-1.83477101358976,51.3442175194139],[-1.83477095066245,51.3442174509875],[-1.8347709092906,51.3442173771963],[-1.834770888032,51.3442172998366],[-1.83471504445451,51.3437921920026],[-1.83369590315724,51.3439879358657],[-1.83382079400829,51.3443972441078],[-1.83382080521192,51.3443973223527],[-1.83382079488263,51.344397399668],[-1.83382076302367,51.3443974751545],[-1.83382071251299,51.344397547018],[-1.83382064049537,51.3443976107584],[-1.8338205541495,51.344397666386],[-1.83382045204614,51.3443977121002],[-1.83382033993476,51.3443977461109],[-1.83382021925759,51.3443977666218],[-1.83382009431861,51.344397774538],[-1.83381997086406,51.3443977689686],[-1.83381984889718,51.3443977490143],[-1.83381973558693,51.3443977173828],[-1.83381963237234,51.344397673177],[-1.83381954355414,51.3443976182014],[-1.83381947055834,51.3443975551553],[-1.83381941625317,51.3443974849422],[-1.83381938206789,51.3443974093624]]],[[[-1.83409417597842,51.3427661116837],[-1.83409429947401,51.3427661046643],[-1.8340944243567,51.3427661111346],[-1.83409454488697,51.3427661301874],[-1.83409465819016,51.3427661627178],[-1.83409476140139,51.3427662069233],[-1.83409485021679,51.3427662618988],[-1.83409492321042,51.3427663249447],[-1.83409497751086,51.3427663960569],[-1.83409501026294,51.3427664707354],[-1.83409502290234,51.3427665489823],[-1.83409501400632,51.3427666271989],[-1.83409498214893,51.3427667026855],[-1.83409493164372,51.34276677365],[-1.83409486106146,51.3427668382918],[-1.83409477471572,51.3427668948187],[-1.83409467261623,51.3427669405333],[-1.834094560509,51.3427669745443],[-1.83409444126865,51.3427669959566],[-1.83259175739091,51.3429486534083],[-1.8325916338946,51.3429486604262],[-1.83259150901163,51.3429486539542],[-1.83259138848152,51.3429486348999],[-1.83259127517894,51.342948602368],[-1.83259117196874,51.3429485581612],[-1.83259108315477,51.3429485031845],[-1.83259101016291,51.3429484401377],[-1.83259095586457,51.3429483690249],[-1.83259092311479,51.342948294346],[-1.83259091047788,51.3429482160989],[-1.83259091937646,51.3429481378824],[-1.83259095123643,51.3429480623962],[-1.83259100174415,51.3429479914325],[-1.83259107232877,51.3429479267915],[-1.83259115867667,51.3429478702657],[-1.83259126077804,51.3429478245525],[-1.83259137288683,51.3429477905429],[-1.83259149212833,51.3429477691321],[-1.83409417597842,51.3427661116837]]],[[[-1.83412567373964,51.3428645817825],[-1.83412579723874,51.3428645738639],[-1.83412592212495,51.3428645794351],[-1.83412604265547,51.3428645984878],[-1.83412615596218,51.342864630119],[-1.83412625917689,51.3428646734253],[-1.83412634943145,51.3428647275037],[-1.83412642242528,51.3428647905495],[-1.83412647816482,51.3428648607645],[-1.83412651235271,51.342864935445],[-1.83412652643113,51.3428650127948],[-1.83412651897085,51.3428650910134],[-1.83412648854913,51.3428651665021],[-1.83412643947632,51.3428652383677],[-1.83412637032965,51.3428653030116],[-1.83412628541947,51.3428653595406],[-1.83412618475225,51.3428654061563],[-1.83412607407726,51.3428654410685],[-1.83412595483343,51.3428654633801],[-1.83264135470207,51.3430586484194],[-1.83264123120221,51.3430586563365],[-1.83264110631566,51.3430586507638],[-1.83264098578524,51.3430586317095],[-1.83264087247908,51.3430586000769],[-1.83264076926533,51.3430585567692],[-1.83264067901212,51.3430585026898],[-1.83264060602003,51.343058439643],[-1.8326405502825,51.3430583694273],[-1.83264051609686,51.3430582947464],[-1.83264050202087,51.3430582173964],[-1.83264050948369,51.3430581391779],[-1.83264053990795,51.3430580636897],[-1.83264058898327,51.3430579918246],[-1.8326406581323,51.3430579271817],[-1.83264074304465,51.3430578706538],[-1.83264084371377,51.3430578240393],[-1.83264095439035,51.3430577891285],[-1.83264107363538,51.3430577668184],[-1.83412567373964,51.3428645817825]]],[[[-1.83417104479076,51.3430156998243],[-1.83417116972595,51.3430156919077],[-1.83417129317685,51.3430156974767],[-1.8341714137078,51.3430157165294],[-1.83417152844736,51.3430157490618],[-1.83417163022675,51.343015792366],[-1.83417172047844,51.3430158473435],[-1.83417179347255,51.3430159103893],[-1.83417184777664,51.3430159806023],[-1.83417188196471,51.3430160552828],[-1.83417189604325,51.3430161326326],[-1.83417188714732,51.3430162108491],[-1.83417185816128,51.3430162863398],[-1.83417180765591,51.3430163573043],[-1.83417173850584,51.3430164228474],[-1.83417165215974,51.3430164793744],[-1.83417155149548,51.343016525091],[-1.83417144082015,51.3430165600033],[-1.83417132157595,51.3430165823149],[-1.83265386969697,51.3432095944197],[-1.83265374476102,51.3432096023347],[-1.83265362130976,51.343209596764],[-1.83265350077895,51.3432095777098],[-1.83265338603997,51.343209545176],[-1.83265328426158,51.3432095018703],[-1.83265319401133,51.3432094468917],[-1.83265312101897,51.343209383845],[-1.83265306671696,51.3432093136313],[-1.83265303253119,51.3432092389504],[-1.83265301845513,51.3432091616005],[-1.83265302735366,51.343209083384],[-1.8326530563423,51.3432090078937],[-1.8326531068502,51.3432089369299],[-1.8326531760027,51.3432088713877],[-1.83265326235102,51.3432088148619],[-1.8326533630172,51.3432087691466],[-1.83265347369412,51.3432087342357],[-1.83265359293953,51.3432087119257],[-1.83417104479076,51.3430156998243]]],[[[-1.83421299791638,51.3431508075364],[-1.83421312141621,51.3431507996177],[-1.8342132463032,51.3431508051887],[-1.83421336683451,51.3431508242414],[-1.83421348014197,51.3431508558724],[-1.83421358335416,51.3431509000779],[-1.83421367217368,51.3431509541541],[-1.83421374660378,51.3431510172019],[-1.83421380090809,51.3431510874149],[-1.83421383509633,51.3431511620954],[-1.83421384917498,51.3431512394451],[-1.8342138402791,51.3431513176617],[-1.83421381129304,51.3431513931524],[-1.83421376078435,51.3431514650161],[-1.83421369307308,51.343151529662],[-1.83421360672677,51.343151586189],[-1.83421350605901,51.3431516328049],[-1.8342133953834,51.3431516677172],[-1.83421327613888,51.3431516900288],[-1.83272870421118,51.3433425913571],[-1.83272858071057,51.3433425992742],[-1.83272845582326,51.3433425937016],[-1.83272833529206,51.3433425746474],[-1.83272822198516,51.3433425430149],[-1.83272811877396,51.3433424988081],[-1.83272802995579,51.3433424447308],[-1.83272795552743,51.3433423816821],[-1.83272790122514,51.3433423114685],[-1.83272786703916,51.3433422367875],[-1.83272785296293,51.3433421594376],[-1.83272786186136,51.3433420812211],[-1.83272789084996,51.3433420057308],[-1.83272794136116,51.3433419338678],[-1.83272800907477,51.3433418692227],[-1.83272809542324,51.3433418126968],[-1.8327281960929,51.3433417660823],[-1.83272830677008,51.3433417311714],[-1.8327284260158,51.3433417088612],[-1.83421299791638,51.3431508075364]]],[[[-1.8342407885712,51.3432538312451],[-1.83424091063885,51.3432538224252],[-1.83424103552936,51.343253827097],[-1.83424115606418,51.3432538452505],[-1.83424126937514,51.3432538759823],[-1.83424137402654,51.3432539192906],[-1.83424146428523,51.3432539724697],[-1.83424153871877,51.3432540346183],[-1.83424159446219,51.343254103934],[-1.83424163152521,51.3432541777194],[-1.83424164703965,51.3432542550711],[-1.83424164101844,51.3432543323926],[-1.83424161346483,51.3432544087845],[-1.83424156582749,51.3432544806522],[-1.83424149811288,51.3432545461974],[-1.83424141463459,51.3432546036276],[-1.83424131683806,51.3432546502475],[-1.83424120615575,51.3432546869582],[-1.83424108834345,51.3432547101711],[-1.83275621596808,51.3434661865649],[-1.83275609389961,51.3434661953833],[-1.83275596900869,51.3434661907099],[-1.8327558484739,51.3434661725549],[-1.8327557351634,51.3434661418216],[-1.83275563051292,51.343466098512],[-1.83275554025551,51.3434660453318],[-1.83275546582364,51.3434659831823],[-1.83275541008219,51.3434659138658],[-1.83275537302137,51.34346584008],[-1.83275535750934,51.343465762728],[-1.83275536353306,51.3434656854067],[-1.83275539108923,51.3434656090151],[-1.83275543872909,51.343465537148],[-1.83275550644612,51.3434654716037],[-1.83275558992662,51.3434654141746],[-1.8327556877251,51.3434653675559],[-1.83275579840908,51.3434653308466],[-1.83275591622266,51.3434653076352],[-1.8342407885712,51.3432538312451]]],[[[-1.83574603225738,51.3436893967416],[-1.83574615573918,51.3436893942163],[-1.83574627917287,51.3436894051788],[-1.83574639681877,51.3436894287217],[-1.83574650580542,51.3436894648411],[-1.83574660470031,51.3436895126359],[-1.83574668776696,51.3436895702996],[-1.83574675357606,51.3436896360319],[-1.83574680213405,51.3436897080344],[-1.83574682770763,51.3436897836016],[-1.8357468346104,51.3436898609412],[-1.83574681854159,51.3436899382487],[-1.83574678094656,51.3436900128286],[-1.83574672470638,51.3436900819874],[-1.83574664982747,51.3436901439267],[-1.83574655918767,51.3436901968522],[-1.83574645566485,51.3436902389694],[-1.83574634213368,51.3436902693833],[-1.83574622003306,51.3436902871967],[-1.83488753451705,51.343754260923],[-1.83488741103503,51.3437542634473],[-1.83488728760137,51.343754252484],[-1.83488716995576,51.3437542289402],[-1.83488706096963,51.34375419282],[-1.83488696207549,51.3437541450245],[-1.8348868790098,51.3437540873602],[-1.83488681320183,51.3437540216274],[-1.83488676464513,51.3437539496245],[-1.83488673907293,51.3437538740571],[-1.83488673217159,51.3437537967175],[-1.83488674824186,51.3437537194102],[-1.83488678583832,51.3437536448305],[-1.83488684207988,51.3437535756721],[-1.83488691696005,51.3437535137334],[-1.83488700760097,51.3437534608086],[-1.83488711112471,51.3437534186921],[-1.8348872246566,51.343753388279],[-1.83488734675772,51.3437533704665],[-1.83574603225738,51.3436893967416]]],[[[-1.83486469877541,51.3432731756935],[-1.83486481652942,51.3432731686652],[-1.83486493567401,51.3432731742274],[-1.83486505046631,51.3432731923721],[-1.83486515947708,51.3432732212989],[-1.83486525839919,51.3432732610018],[-1.83486534579691,51.3432733114787],[-1.83486542024745,51.343273369131],[-1.83486547744368,51.3432734339525],[-1.83486551595631,51.343273504143],[-1.83486553723076,51.3432735770068],[-1.83486553839882,51.3432736516408],[-1.83484076939084,51.3434838014065],[-1.83486063352133,51.343632473546],[-1.83486685713589,51.3437102141215],[-1.83491906313649,51.3438956417256],[-1.83495687239695,51.3440673203651],[-1.8349806047825,51.3442000427533],[-1.83498060886413,51.344200105702],[-1.83497630046282,51.3442481017517],[-1.83497628729946,51.3442481691721],[-1.83497625691365,51.34424823477],[-1.83497621075083,51.3442482958499],[-1.8349761502467,51.3442483524137],[-1.83492816409012,51.344286966286],[-1.83492807774577,51.3442870219144],[-1.8349279785152,51.3442870676337],[-1.8349278678406,51.3442871016476],[-1.83489126581363,51.3442960448742],[-1.83483265008627,51.344314010205],[-1.8348323828769,51.3443140547894],[-1.83478490971475,51.3443160832867],[-1.83478479198709,51.3443160822223],[-1.8347846743046,51.3443160685694],[-1.83478456384277,51.3443160432373],[-1.83478445916263,51.344316007123],[-1.83478436743965,51.3443159611359],[-1.83478428867385,51.3443159052759],[-1.83478422428806,51.3443158431418],[-1.83478417858951,51.3443157747396],[-1.83478415157175,51.3443157018677],[-1.83478414322186,51.3443156281228],[-1.83478415497236,51.3443155544061],[-1.83478418538106,51.344315482514],[-1.83478423443828,51.344315415144],[-1.83478430070505,51.3443153531932],[-1.83478438273597,51.3443152993572],[-1.83478447765629,51.3443152545312],[-1.83478458258809,51.3443152205094],[-1.83478469465988,51.3443151972878],[-1.83478481243271,51.3443151857637],[-1.83483214486862,51.3443131633633],[-1.83489066141928,51.3442952284659],[-1.83489071602905,51.3442952141556],[-1.83492716142102,51.3442863093745],[-1.8349748797566,51.3442479109316],[-1.83497917024733,51.3442001054841],[-1.83495544774198,51.3440674316654],[-1.83491764555577,51.3438957836077],[-1.83486543530513,51.34371034161],[-1.83486542545178,51.3437102867459],[-1.83485920045229,51.3436325326806],[-1.83483933352269,51.3434838416541],[-1.83483933078995,51.3434838029853],[-1.83483933234177,51.3434837706168],[-1.8348641057924,51.3432735848902],[-1.83486412471784,51.3432735120828],[-1.83486416230105,51.3432734410999],[-1.83486421852915,51.3432733755382],[-1.83486429052749,51.343273316293],[-1.83486437685067,51.3432732660597],[-1.83486447606299,51.3432732248363],[-1.83486458385089,51.3432731944152],[-1.83486469877541,51.3432731756935]]],[[[-1.83411862588223,51.343911555027],[-1.83411874938088,51.3439115480076],[-1.83411887426667,51.3439115544779],[-1.8341189933577,51.343911575327],[-1.83411910666371,51.3439116078574],[-1.83411920844178,51.3439116520609],[-1.83411929725942,51.3439117070363],[-1.83411936881914,51.3439117700801],[-1.83411942168846,51.3439118402911],[-1.83411945443815,51.3439119158688],[-1.83424156044113,51.3443240602751],[-1.83424157164545,51.34432413852],[-1.83424156131364,51.3443242167345],[-1.83424152945541,51.3443242922212],[-1.83424147751297,51.3443243631836],[-1.8342414054928,51.3443244278235],[-1.83424131771183,51.3443244834493],[-1.83424121561229,51.3443245282648],[-1.83424110350463,51.3443245613767],[-1.8342409828246,51.3443245827872],[-1.83424085788913,51.3443245898047],[-1.83424073443795,51.3443245833365],[-1.83424061247108,51.3443245633827],[-1.83424049916396,51.3443245308525],[-1.83424039594913,51.344324486647],[-1.83424030713057,51.3443244316716],[-1.83424023557005,51.3443243686279],[-1.83424018126757,51.3443242975158],[-1.8342401485174,51.3443242219382],[-1.83411804252654,51.3439120775304],[-1.83411803129661,51.343912006479],[-1.83411803872793,51.343911936353],[-1.83411806194902,51.3439118671485],[-1.83411810382488,51.3439118006678],[-1.83411816147433,51.3439117396045],[-1.83411823345839,51.3439116848557],[-1.83411831689915,51.3439116382157],[-1.83411841322907,51.3439116005857],[-1.83411851670524,51.3439115719576],[-1.83411862588223,51.343911555027]]],[[[-1.8339940324089,51.3439474636398],[-1.83399415447192,51.3439474566185],[-1.83399427648633,51.3439474630849],[-1.83399439558389,51.3439474821357],[-1.83399450745416,51.3439475146642],[-1.83399460923867,51.3439475570694],[-1.83399469662373,51.3439476111438],[-1.83399476962233,51.3439476732905],[-1.83399482393372,51.3439477417052],[-1.83399485812543,51.3439478154866],[-1.83412451050897,51.3443417225965],[-1.83412452315208,51.3443417999443],[-1.83412451425905,51.3443418772616],[-1.83412448383635,51.3443419527503],[-1.83412443332623,51.3443420246139],[-1.83412436274161,51.3443420892557],[-1.83412427639621,51.3443421448835],[-1.83412417572577,51.3443421914992],[-1.83412406361475,51.3443422255102],[-1.83412394437036,51.3443422469226],[-1.83412382086408,51.3443422557403],[-1.83412369597389,51.3443422501692],[-1.83412357543629,51.3443422320156],[-1.83412346212275,51.3443422012836],[-1.834123357469,51.3443421579752],[-1.83412326721157,51.3443421038969],[-1.83412319277644,51.3443420417482],[-1.83412313847088,51.3443419715353],[-1.83412310284617,51.3443418968527],[-1.83399345047411,51.3439479897413],[-1.8339934378054,51.343947919587],[-1.83399344380441,51.3439478485598],[-1.83399346702895,51.3439477784562],[-1.83399350890503,51.3439477119755],[-1.8339935651222,51.3439476500111],[-1.83399363710647,51.3439475952623],[-1.83399372198638,51.3439475477253],[-1.83399381831972,51.3439475091962],[-1.83399392179605,51.3439474805682],[-1.8339940324089,51.3439474636398]]],[[[-1.83386961746376,51.3439696508093],[-1.83386973091249,51.343969643776],[-1.8338698428833,51.34396964843],[-1.83386995337945,51.3439696638721],[-1.83387005809375,51.3439696900963],[-1.83387015559372,51.3439697262013],[-1.83387024300787,51.3439697721831],[-1.83387031747448,51.3439698253401],[-1.83387037756109,51.3439698847712],[-1.83387042183193,51.3439699504742],[-1.83387044886428,51.3439700188504],[-1.83398135853664,51.3444004020658],[-1.8339813683048,51.3444004803087],[-1.83398135510104,51.3444005585192],[-1.83398132180984,51.3444006331045],[-1.83398126699542,51.3444007040628],[-1.83398119498126,51.3444007669042],[-1.83398110433158,51.3444008216266],[-1.83398100223485,51.3444008655426],[-1.83398088869433,51.3444008977531],[-1.83398076658471,51.3444009173629],[-1.83398064308799,51.344400923483],[-1.83398051820414,51.3444009161133],[-1.8339803976794,51.3444008943629],[-1.83398028581128,51.3444008609352],[-1.83398018403551,51.3444008158324],[-1.8339800966561,51.3444007599597],[-1.8339800251023,51.3444006951174],[-1.8339799736716,51.3444006240093],[-1.83397994235755,51.3444005484336],[-1.83386903269801,51.3439701652168],[-1.83386902292689,51.3439700878731],[-1.83386903469497,51.3439700096606],[-1.83386906942179,51.3439699350773],[-1.83386912279687,51.3439698650162],[-1.83386919481052,51.3439698021749],[-1.83386928258803,51.3439697474486],[-1.83386938468715,51.3439697026334],[-1.8338694982267,51.343969670423],[-1.83386961746376,51.3439696508093]]],[[[-1.83357319509838,51.3440252062611],[-1.83357332003315,51.3440251992443],[-1.83357344348018,51.3440252066123],[-1.83357356401025,51.3440252265649],[-1.83357367731291,51.3440252599949],[-1.83357378052643,51.3440253042009],[-1.83357386790465,51.344025360074],[-1.83357393946055,51.3440254240173],[-1.83357399232594,51.3440254951277],[-1.83357402507805,51.3440255698063],[-1.83369936298741,51.3444674544741],[-1.83369937419085,51.344467532719],[-1.8336993638581,51.3444676109335],[-1.83369933056314,51.344467686418],[-1.83369927861971,51.3444677573802],[-1.83369920659856,51.3444678220197],[-1.83369911738417,51.3444678767439],[-1.83369901528379,51.3444679215589],[-1.83369890173965,51.3444679546683],[-1.83369878106223,51.344467975179],[-1.83369865612629,51.3444679821959],[-1.83369853267482,51.3444679757272],[-1.83369841071104,51.3444679548736],[-1.83369829740397,51.3444679223428],[-1.83369819562834,51.3444678772398],[-1.83369810681015,51.344467822264],[-1.83369803525662,51.3444677574215],[-1.83369798238731,51.3444676872104],[-1.83369794963792,51.3444676116326],[-1.83357261174162,51.3440257269634],[-1.83357260050925,51.3440256568111],[-1.83357260794466,51.344025585786],[-1.83357263260236,51.3440255165836],[-1.83357267304012,51.3440254510003],[-1.83357273068717,51.3440253908364],[-1.83357280267207,51.344025336088],[-1.8335728875493,51.3440252894504],[-1.83357298244417,51.3440252518188],[-1.83357308592093,51.3440252231912],[-1.83357319509838,51.3440252062611]]],[[[-1.83344160550364,51.3440382201345],[-1.83344171751686,51.3440382130995],[-1.83344183092352,51.3440382177559],[-1.83344194141971,51.3440382331985],[-1.83344204613392,51.344038259423],[-1.83344214363368,51.3440382955284],[-1.83344222961506,51.3440383406093],[-1.83344230408131,51.3440383937666],[-1.83344236416419,51.344038454097],[-1.83344240843775,51.344038518901],[-1.83344243690524,51.3440385872794],[-1.83356391107483,51.3444964550257],[-1.83356392084231,51.3444965332686],[-1.83356390907682,51.3444966105818],[-1.83356387578162,51.3444966860663],[-1.83356382096645,51.3444967570244],[-1.83356374894832,51.3444968207646],[-1.83356365973372,51.3444968754887],[-1.83356355619738,51.3444969203015],[-1.83356344265633,51.3444969525116],[-1.83356332198204,51.344496972123],[-1.83356319704925,51.3444969782406],[-1.83356307360096,51.3444969708726],[-1.83356295307292,51.3444969500209],[-1.83356283976912,51.3444969165908],[-1.83356273799355,51.3444968714876],[-1.83356265061446,51.3444968156146],[-1.83356257906109,51.3444967507721],[-1.83356252619519,51.3444966796617],[-1.83356249488176,51.3444966040859],[-1.83344102072577,51.3440387363381],[-1.83344101095535,51.3440386589944],[-1.83344102272417,51.344038580782],[-1.83344105601599,51.3440385061968],[-1.83344110939507,51.3440384352367],[-1.83344118141265,51.3440383714965],[-1.83344127062651,51.3440383167725],[-1.83344137272295,51.3440382728569],[-1.8334414848305,51.3440382397457],[-1.83344160550364,51.3440382201345]]],[[[-1.83331352069513,51.3440626764558],[-1.83331363270842,51.344062669421],[-1.83331374611515,51.3440626740775],[-1.83331385661133,51.3440626895201],[-1.83331396132552,51.3440627157448],[-1.83331405882524,51.3440627518503],[-1.83331414480654,51.3440627969313],[-1.83331421927268,51.3440628500887],[-1.83331427935542,51.3440629104192],[-1.83331432362883,51.3440629752232],[-1.83331435209614,51.3440630436016],[-1.83343927862322,51.3445346469147],[-1.8334392883905,51.3445347251577],[-1.83343927662478,51.3445348024709],[-1.83343924332935,51.3445348779553],[-1.83343918851395,51.3445349489133],[-1.83343911649559,51.3445350126535],[-1.83343902728077,51.3445350673775],[-1.83343892374424,51.3445351121902],[-1.83343881020299,51.3445351444002],[-1.83343868952855,51.3445351640115],[-1.83343856459564,51.3445351701289],[-1.83343843971152,51.3445351627587],[-1.83343832061919,51.3445351419089],[-1.83343820731538,51.3445351084787],[-1.83343810554311,51.3445350624762],[-1.83343801816084,51.3445350075023],[-1.83343794660759,51.3445349426597],[-1.83343789374185,51.3445348715493],[-1.83343786242859,51.3445347959734],[-1.83331293591552,51.3440631926588],[-1.83331292614531,51.3440631153151],[-1.83331293791435,51.3440630371027],[-1.83331297120639,51.3440629625175],[-1.8333130245857,51.3440628915575],[-1.8333130966035,51.3440628278174],[-1.83331318581756,51.3440627730934],[-1.83331328791417,51.344062729178],[-1.83331340002186,51.3440626960669],[-1.83331352069513,51.3440626764558]]],[[[-1.83321452718062,51.3440941515435],[-1.83321464062974,51.3440941445108],[-1.83321475403653,51.3440941491675],[-1.83321486453276,51.3440941646102],[-1.83321496924371,51.3440941917342],[-1.83321506674342,51.3440942278397],[-1.83321515416042,51.3440942729229],[-1.83321522718749,51.3440943269775],[-1.83321528727016,51.344094387308],[-1.83321533154019,51.3440944530112],[-1.83321535857164,51.3440945213876],[-1.83332595146117,51.3445477548375],[-1.8333259597925,51.3445478330784],[-1.83332594659086,51.3445479103896],[-1.83332591185948,51.3445479858719],[-1.8333258556114,51.3445480559287],[-1.83332578216036,51.3445481187676],[-1.83332569294864,51.3445481725923],[-1.83332558941521,51.3445482165058],[-1.83332547443812,51.3445482487136],[-1.83332535376684,51.3445482674256],[-1.8333252302729,51.3445482726458],[-1.83332510539201,51.3445482643762],[-1.83332498630295,51.3445482426271],[-1.83332487299919,51.3445482091968],[-1.83332477266276,51.3445481631963],[-1.83332468528385,51.3445481073231],[-1.8333246151665,51.3445480424825],[-1.83332456373665,51.344547971374],[-1.83332453385931,51.3445478958002],[-1.83321394098332,51.344094662349],[-1.833213932649,51.3440945850072],[-1.8332139458507,51.3440945076961],[-1.83321398057541,51.3440944340121],[-1.83321403395163,51.3440943639513],[-1.83321410596637,51.3440943011105],[-1.83321419374162,51.3440942472838],[-1.83321429583839,51.3440942033684],[-1.83321440794296,51.3440941711566],[-1.83321452718062,51.3440941515435]]],[[[-1.83309024511844,51.3441071933612],[-1.83309036861776,51.3441071863429],[-1.83309049206819,51.3441071928122],[-1.83309061259827,51.3441072127653],[-1.83309072590077,51.3441072461958],[-1.83309082767828,51.3441072904002],[-1.83309091506259,51.3441073444752],[-1.83309098805368,51.3441074084209],[-1.83309104092168,51.3441074786323],[-1.83309107367307,51.3441075533111],[-1.83323067483501,51.3445746646418],[-1.83323068603768,51.3445747428867],[-1.83323067570737,51.344574820202],[-1.83323064384406,51.3445748965875],[-1.83323059189979,51.3445749675495],[-1.83323052131682,51.3445750312916],[-1.83323043353417,51.3445750869167],[-1.83323033142984,51.3445751326304],[-1.8332302178851,51.3445751657394],[-1.8332300986397,51.3445751871508],[-1.83322997370341,51.3445751941672],[-1.83322984881596,51.344575187696],[-1.83322972828136,51.3445751686423],[-1.83322961497434,51.3445751361111],[-1.83322951175992,51.3445750919047],[-1.83322942294208,51.3445750369286],[-1.83322934995005,51.344574972983],[-1.83322929564556,51.3445749027697],[-1.83322926289687,51.3445748271917],[-1.8330896617487,51.3441077158594],[-1.83308965051705,51.3441076457071],[-1.83308965795321,51.344107574682],[-1.83308968117593,51.3441075054777],[-1.83308972305019,51.3441074398966],[-1.83308978070123,51.3441073788338],[-1.83308985125108,51.3441073240836],[-1.83308993613222,51.3441072765472],[-1.83309003246338,51.344107238918],[-1.83309013594062,51.3441072102909],[-1.83309024511844,51.3441071933612]]],[[[-1.83285218887612,51.3441653474656],[-1.83285230232547,51.3441653404332],[-1.83285241429665,51.3441653450882],[-1.83285252479292,51.3441653605313],[-1.8328526295071,51.3441653867564],[-1.83285272700667,51.3441654228622],[-1.83285281442018,51.3441654688448],[-1.83285288888595,51.3441655220025],[-1.83285294897149,51.344165581434],[-1.83285299324109,51.3441656471374],[-1.83285302027204,51.3441657155139],[-1.83297778606074,51.3446487486108],[-1.83297779582726,51.3446488268537],[-1.832977782625,51.3446489041649],[-1.83297774932874,51.3446489796492],[-1.83297769451249,51.344649050607],[-1.83297762249658,51.3446491134477],[-1.832977533281,51.3446491681713],[-1.83297742974701,51.3446492120845],[-1.83297731620518,51.344649244294],[-1.83297719409448,51.3446492639027],[-1.83297707059697,51.3446492700217],[-1.83297694571262,51.344649262651],[-1.83297682518772,51.3446492408995],[-1.83297671331971,51.3446492074709],[-1.83297661154438,51.3446491623672],[-1.83297652416571,51.3446491064937],[-1.83297645261293,51.3446490416509],[-1.83297640118352,51.3446489705423],[-1.83297636987094,51.3446488949663],[-1.83285160409661,51.3441658618679],[-1.83285159432713,51.3441657845242],[-1.83285160609373,51.344165707211],[-1.83285164082559,51.3441656317288],[-1.83285169420245,51.3441655616682],[-1.83285176621778,51.3441654988275],[-1.83285185399685,51.3441654441019],[-1.83285195609738,51.3441653992877],[-1.83285206963812,51.3441653670783],[-1.83285218887612,51.3441653474656]]],[[[-1.83581769672577,51.3440509816328],[-1.8358178173531,51.3440509746075],[-1.83581793793235,51.3440509810699],[-1.83581805416269,51.3440509992157],[-1.83581816460522,51.344051029942],[-1.83581826495914,51.3440510714445],[-1.83581835378872,51.344051123721],[-1.83581842679635,51.3440511840682],[-1.83581848255273,51.3440512506857],[-1.83581851962533,51.3440513226721],[-1.83581853658803,51.3440513973282],[-1.83581853344724,51.3440514728553],[-1.83581851020938,51.3440515474552],[-1.83581846831978,51.3440516184325],[-1.83581840635237,51.3440516830874],[-1.83575189308831,51.3441107566933],[-1.83575185565012,51.3441107872134],[-1.83575179808595,51.3441108248989],[-1.8356671697845,51.3441606655323],[-1.83566694835998,51.3441607551417],[-1.83544715113566,51.3442167317564],[-1.8352054941004,51.3442703035179],[-1.83520541364741,51.3442703177923],[-1.8349420923773,51.3443077686729],[-1.8347116867015,51.3443408204907],[-1.83444457925243,51.344389680817],[-1.83414452786449,51.344442931587],[-1.83414445604157,51.3444429413768],[-1.83414434115598,51.3444429484084],[-1.83396193979545,51.3444442548921],[-1.83363243649212,51.3445247494551],[-1.83319662408652,51.3446298479112],[-1.83279367047317,51.3447328369845],[-1.83279358426585,51.3447328539465],[-1.8325924033909,51.3447637795308],[-1.83247168919083,51.3447814125032],[-1.8324716489733,51.3447814169419],[-1.83247158721615,51.3447814222491],[-1.83239487357093,51.3447855841429],[-1.83239474866012,51.344785583965],[-1.83239462523417,51.3447855703015],[-1.83239450760033,51.3447855431584],[-1.83239440005933,51.3447855043403],[-1.83239430404694,51.3447854538492],[-1.83239422386385,51.3447853934896],[-1.83239416093603,51.3447853259611],[-1.83239411813172,51.344785252167],[-1.83239409687683,51.3447851748068],[-1.83239409716157,51.3447850965782],[-1.83239411897938,51.3447850192794],[-1.83239416232044,51.3447849456079],[-1.83239422430343,51.3447848782574],[-1.83239430492506,51.3447848181268],[-1.83239440130403,51.3447847679097],[-1.83239450912975,51.3447847284992],[-1.83239462695996,51.3447847016915],[-1.8323947504841,51.3447846883796],[-1.83247141243081,51.3447805291098],[-1.83259207060153,51.3447629050498],[-1.83279319113528,51.3447319892714],[-1.83319609588116,51.344629012719],[-1.83363191690757,51.3445239106803],[-1.83396154810071,51.3444433848277],[-1.83396167739567,51.3444433634297],[-1.83396179228127,51.3444433563983],[-1.83414422953192,51.3444420499654],[-1.83444418321922,51.3443888170424],[-1.83471130503406,51.3443399531405],[-1.83471134525745,51.3443399469027],[-1.83494177391056,51.3443068924204],[-1.83520505495586,51.3442694468793],[-1.83544664014232,51.3442158912036],[-1.83566628359812,51.3441599539394],[-1.83575076226831,51.344110201218],[-1.83581723376205,51.3440511653202],[-1.83581730574434,51.3440511105703],[-1.83581738918366,51.344051063929],[-1.83581748407679,51.3440510262956],[-1.83581758754905,51.3440509985651],[-1.83581769672577,51.3440509816328]]]]},"properties":{"OBJECTID":1039100,"LAYER":"DITCH","project":"Avebury World Heritage Site","PERIOD":"MEDIEVAL\\POST MEDIEVAL","MONUMENT_TYPE":"WATER MEADOW","EVIDENCE_1":"EARTHWORK","HE_UID":"1176934","HE_URL1":"https://www.heritagegateway.org.uk/Gateway/Results_Single.aspx?uid=1176934&resourceID=19191","HER_NO":" NONE GIVEN"}},{"type":"Feature","id":1280161,"geometry":{"type":"Polygon","coordinates":[[[-1.8381035032996,51.3452649546409],[-1.83811382453792,51.3452614440263],[-1.83812600599278,51.3452638076439],[-1.83813159302377,51.3452714494019],[-1.83812688973898,51.345277890091],[-1.83811255095821,51.3452806488604],[-1.83809877531462,51.3452743356288],[-1.8381035032996,51.3452649546409]]]},"properties":{"OBJECTID":1280161,"LAYER":"STRUCTURE","project":"Avebury World Heritage Site","PERIOD":"20TH CENTURY","MONUMENT_TYPE":"ANTI TANK OBSTACLE\\TANK TRAP","EVIDENCE_1":"STRUCTURE","HE_UID":"1423084","HE_URL1":"https://www.heritagegateway.org.uk/Gateway/Results_Single.aspx?uid=1423084&resourceID=19191","HER_NO":" NONE GIVEN"}},{"type":"Feature","id":1104195,"geometry":{"type":"MultiPolygon","coordinates":[[[[-1.82742127441991,51.3339076755809],[-1.82740379516645,51.3338708749902],[-1.82741569109182,51.333830440712],[-1.82744516254333,51.3338010643086],[-1.82746859661871,51.3338158084937],[-1.82746852783954,51.3338341958882],[-1.82746253175771,51.3338672834707],[-1.82750355665483,51.3338894087779],[-1.82755047994481,51.3339041873672],[-1.82760333196982,51.3339042648259],[-1.82763866332552,51.3338785746689],[-1.82762701352475,51.333852814777],[-1.82762706849671,51.3338381050578],[-1.82768584767822,51.3338234813507],[-1.82771514038491,51.3338419117381],[-1.82773264734813,51.3338713569732],[-1.8277148793993,51.3339117835783],[-1.82765601910666,51.3339484714177],[-1.82756203204323,51.3339556890477],[-1.82746227038697,51.3339371553101],[-1.82742127441991,51.3339076755809]]],[[[-1.82803981686197,51.3334777363252],[-1.82802511458378,51.3334240521896],[-1.82803276437857,51.3333704016245],[-1.82807015205862,51.3333354589668],[-1.8281261248029,51.333312208616],[-1.82814099233043,51.3333215630079],[-1.82813722257016,51.3333332235677],[-1.82812602047753,51.3333402064837],[-1.82809244465167,51.3333518234954],[-1.82808121646035,51.3333658056491],[-1.8280774205933,51.3333844654488],[-1.82806619238942,51.3333984476008],[-1.82806982159119,51.3334241175309],[-1.82805855858294,51.3334474332036],[-1.8280696911419,51.3334591146397],[-1.82808086861998,51.3334591309735],[-1.82809946249098,51.3334684908156],[-1.82810683541204,51.3334895003273],[-1.82810303954505,51.3335081601274],[-1.8280769336038,51.3335151212618],[-1.82806947372359,51.3335174437535],[-1.82803981686197,51.3334777363252]]],[[[-1.82822393398806,51.3335429131799],[-1.82824066955627,51.3335324809552],[-1.82826151401032,51.3335403541026],[-1.82829076517872,51.3335325540791],[-1.82831170551105,51.3335142852624],[-1.82834789356277,51.3334749734095],[-1.82835402146606,51.3334301919924],[-1.828354243699,51.3333704718395],[-1.82833055451764,51.3333293794481],[-1.82828886101989,51.333321853545],[-1.82827102195484,51.3333106299183],[-1.82828894438874,51.3332994584875],[-1.82834260051476,51.3332958042552],[-1.82837826478954,51.3333219839937],[-1.8283840856915,51.3333593177833],[-1.82840175817489,51.3334153315078],[-1.82841359587181,51.3334377439516],[-1.82840154988906,51.3334713191511],[-1.82837769539707,51.3334750168861],[-1.82835366033589,51.3335272372396],[-1.82831891970425,51.3335644704847],[-1.82828162031985,51.3335760821164],[-1.82824066410605,51.3335690230515],[-1.82822387557436,51.3335585985314],[-1.82822393398806,51.3335429131799]]]]},"properties":{"OBJECTID":1104195,"LAYER":"DITCH","project":"Marden Environs","PERIOD":"UNCERTAIN","MONUMENT_TYPE":"ENCLOSURE\\RING DITCH","EVIDENCE_1":"CROPMARK","HE_UID":"1477208","HE_URL1":"https://www.heritagegateway.org.uk/Gateway/Results_Single.aspx?uid=1477208&resourceID=19191","HER_NO":" NONE GIVEN"}},{"type":"Feature","id":921044,"geometry":{"type":"Polygon","coordinates":[[[-1.79736091634548,51.3438969831974],[-1.79698286085771,51.3438342780664],[-1.79650945410741,51.343736931972],[-1.79631860794454,51.3436998247604],[-1.79614257553166,51.343637466911],[-1.79615014978827,51.3435869190045],[-1.79621658939555,51.3435134900824],[-1.79626790088826,51.343536562165],[-1.79621628488314,51.3435824388885],[-1.79621985462658,51.3436031262823],[-1.79629681312365,51.3436446311119],[-1.79654267671333,51.3436979200075],[-1.79682887127497,51.3437673645035],[-1.7971555025666,51.343832283284],[-1.79730599483723,51.3438555260715],[-1.79743082813396,51.3438695257979],[-1.7977100167457,51.3438608170844],[-1.79803339705014,51.3438291915608],[-1.79847802087493,51.3437885924662],[-1.79847416905289,51.3438322501771],[-1.79828673510729,51.3438549117088],[-1.79802220392448,51.3438705437223],[-1.79771722661045,51.3438930022544],[-1.79745270508932,51.3439063400818],[-1.79736091634548,51.3438969831974]]]},"properties":{"OBJECTID":921044,"LAYER":"BANK","project":"Avebury World Heritage Site","PERIOD":"MEDIEVAL\\POST MEDIEVAL","MONUMENT_TYPE":"WATER MEADOW","EVIDENCE_1":"EARTHWORK","HE_UID":"1177093","HE_URL1":"https://www.heritagegateway.org.uk/Gateway/Results_Single.aspx?uid=1177093&resourceID=19191","HER_NO":" NONE GIVEN"}},{"type":"Feature","id":908111,"geometry":{"type":"Polygon","coordinates":[[[-1.80262872283568,51.3453133758733],[-1.80190211336303,51.3452675631693],[-1.80189735870194,51.3452313091021],[-1.80209209501661,51.3452375807155],[-1.80235329791707,51.3452528836706],[-1.80267152642122,51.3452623381849],[-1.80289472489514,51.3452775671405],[-1.8028995916027,51.3452508246129],[-1.80290511872731,51.3450695316526],[-1.80295819142079,51.3448764311923],[-1.80298773220836,51.3446327571874],[-1.80302183456321,51.344433681288],[-1.80309781741263,51.3444397521768],[-1.80304424128248,51.344787987898],[-1.8029660740368,51.3452931347123],[-1.80288998985744,51.3453138142505],[-1.80262872283568,51.3453133758733]]]},"properties":{"OBJECTID":908111,"LAYER":"BANK","project":"Avebury World Heritage Site","PERIOD":"MEDIEVAL\\POST MEDIEVAL","MONUMENT_TYPE":"BUILDING PLATFORM\\DRAIN\\ENCLOSURE\\HOLLOW WAY\\RIDGE AND FURROW\\SETTLEMENT","EVIDENCE_1":"CROPMARK\\EARTHWORK","HE_UID":"221163","HE_URL1":"https://www.heritagegateway.org.uk/Gateway/Results_Single.aspx?uid=221163&resourceID=19191","HER_NO":" NONE GIVEN"}},{"type":"Feature","id":931732,"geometry":{"type":"Polygon","coordinates":[[[-1.83667791848394,51.3482883731934],[-1.83676803515704,51.3482151247065],[-1.83736905963821,51.348370283261],[-1.83796987088318,51.3485871764157],[-1.83835376927799,51.3487914231444],[-1.83872769838346,51.3490265239425],[-1.83915051249673,51.3493552773843],[-1.83961283087611,51.3497016171659],[-1.84001623934558,51.349973791325],[-1.84005551953759,51.3500170594543],[-1.84003571854793,51.3500417241525],[-1.83995672883003,51.3500663084324],[-1.83992717031629,51.3500600908689],[-1.83942544453653,51.3497013618301],[-1.83881467024672,51.3492234833956],[-1.83820462572122,51.3488275543679],[-1.8378009987391,51.3486232799804],[-1.8372198075609,51.3484372730852],[-1.83667791848394,51.3482883731934]]]},"properties":{"OBJECTID":931732,"LAYER":"BANK","project":"Avebury World Heritage Site","PERIOD":"POST MEDIEVAL","MONUMENT_TYPE":"FIELD BOUNDARY","EVIDENCE_1":"CROPMARK","HE_UID":"1492178","HE_URL1":"https://www.heritagegateway.org.uk/Gateway/Results_Single.aspx?uid=1492178&resourceID=19191","HER_NO":" NONE GIVEN"}},{"type":"Feature","id":1085921,"geometry":{"type":"MultiPolygon","coordinates":[[[[-1.8164076382188,51.3555861443364],[-1.81632236450355,51.3555440149016],[-1.81632227568167,51.3555439608119],[-1.81632220269263,51.3555438977553],[-1.81632214840139,51.3555438275344],[-1.81632211279721,51.3555437528468],[-1.81632210018473,51.3555436745984],[-1.81632210910993,51.3555435972829],[-1.81632213813314,51.3555435217971],[-1.81632218868324,51.3555434499417],[-1.81632225787374,51.3555433853088],[-1.81632234426495,51.3555433287955],[-1.81632244497391,51.3555432830947],[-1.81632255569242,51.3555432481997],[-1.81632267497717,51.3555432259066],[-1.81632279995241,51.3555432171101],[-1.81632292343772,51.355543221799],[-1.81632304399704,51.355543239971],[-1.81632315876175,51.3555432707224],[-1.81632326342362,51.3555433140466],[-1.81640818885484,51.3555852711934],[-1.81646277029923,51.3555702025537],[-1.81678048293241,51.3554714512306],[-1.81678053900407,51.3554714351328],[-1.81704320376947,51.355406949551],[-1.81726921959223,51.355353851174],[-1.8172692770818,51.355353839574],[-1.81731076241023,51.3553466998295],[-1.81726964981503,51.3551291008571],[-1.81726964581395,51.3551290235214],[-1.81726966335393,51.3551289462191],[-1.81726970098465,51.3551288725449],[-1.81726976013857,51.3551288033999],[-1.81726983505716,51.3551287423722],[-1.81726992717288,51.3551286903629],[-1.81727003217399,51.3551286482647],[-1.81727014717758,51.3551286187705],[-1.81727026787546,51.3551286018737],[-1.817270392828,51.3551285984713],[-1.81727051485483,51.355128608552],[-1.81727063395595,51.3551286321158],[-1.8172707443942,51.3551286673555],[-1.81727084329746,51.3551287142666],[-1.81727092780071,51.3551287710464],[-1.81727099503896,51.3551288358919],[-1.81727104357971,51.3551289079018],[-1.81727107200117,51.3551289834771],[-1.81731216355083,51.3553464592286],[-1.81737852453192,51.35533503756],[-1.81735452142466,51.3552743523596],[-1.81735451149349,51.3552743217721],[-1.81735450303053,51.3552742830942],[-1.81733670838211,51.3551444587815],[-1.8173367086927,51.3551443805533],[-1.8173367305408,51.3551443032577],[-1.8173367739157,51.3551442295924],[-1.81733683593456,51.3551441622502],[-1.8173369165938,51.3551441021305],[-1.81733701301057,51.3551440519262],[-1.81733712087307,51.3551440125299],[-1.8173372387381,51.3551439857377],[-1.81733736229387,51.355143972442],[-1.81733748723217,51.3551439726362],[-1.81733761068084,51.3551439863157],[-1.81733772833168,51.3551440134739],[-1.81733783588359,51.3551440523058],[-1.81733793190052,51.3551441028091],[-1.81733801208139,51.3551441631788],[-1.81733807500083,51.3551442307151],[-1.81733811779026,51.3551443045144],[-1.81733813902434,51.3551443818769],[-1.81735592950767,51.3552741711149],[-1.8173800861641,51.3553352467978],[-1.81738010596938,51.3553353223597],[-1.81738010422636,51.3553353996865],[-1.81738008094929,51.3553354751814],[-1.81738003757785,51.3553355479476],[-1.81737997556237,51.3553356143906],[-1.81737989634608,51.3553356727143],[-1.81737980136504,51.3553357229208],[-1.81737969494177,51.3553357614202],[-1.81737957994845,51.3553357882169],[-1.8173123337316,51.35534736227],[-1.81731291882228,51.355350465351],[-1.81731292282346,51.3553505426867],[-1.81731290528346,51.3553506199889],[-1.81731286765263,51.3553506936632],[-1.81731280849849,51.3553507628081],[-1.8173127335796,51.3553508238359],[-1.81731264146349,51.3553508758452],[-1.81731253646193,51.3553509179435],[-1.81731242145782,51.3553509474377],[-1.81731230075936,51.3553509643345],[-1.81731217580623,51.355350967737],[-1.81731205377883,51.3553509576564],[-1.81731193467713,51.3553509340926],[-1.81731182423832,51.3553508988529],[-1.81731172533455,51.3553508519418],[-1.81731164083084,51.3553507951621],[-1.81731157359223,51.3553507303167],[-1.81731152505119,51.3553506583068],[-1.81731149662953,51.3553505827315],[-1.81731093259097,51.3553476028709],[-1.81726969012337,51.3553547016308],[-1.81704371742595,51.3554077883864],[-1.81678109290266,51.3554722650403],[-1.81646337882915,51.3555710163628],[-1.81640837326511,51.3555862030321],[-1.81640826833757,51.3555862262469],[-1.81640815914481,51.3555862386648],[-1.81640804855903,51.3555862402905],[-1.81640793801271,51.3555862320252],[-1.8164078318177,51.3555862129765],[-1.8164077314101,51.3555861831467],[-1.8164076382188,51.3555861443364]]],[[[-1.81714864252042,51.3550138967356],[-1.81714876748694,51.3550138897366],[-1.81714889096381,51.355013896223],[-1.81714901151135,51.3550139170916],[-1.81714912483211,51.3550139496384],[-1.81714922661429,51.3550139947558],[-1.81714931399647,51.3550140497417],[-1.81714938698223,51.355014113697],[-1.81714943983803,51.3550141839153],[-1.81714947256742,51.3550142594973],[-1.81714948374866,51.3550143368442],[-1.81714947338884,51.3550144141576],[-1.81714944293124,51.3550144896414],[-1.81714939095047,51.3550145605957],[-1.81714932032582,51.3550146252269],[-1.81714923250409,51.3550146808394],[-1.81714913179706,51.3550147265409],[-1.81714901965151,51.3550147596361],[-1.8167153271685,51.3551171499931],[-1.81671520645611,51.355117170486],[-1.81671508292531,51.3551171774869],[-1.81671495801216,51.3551171709978],[-1.81671483746096,51.3551171510278],[-1.81671472414027,51.3551171184807],[-1.81671462091864,51.3551170742599],[-1.81671453210069,51.3551170192714],[-1.81671446055143,51.355116955318],[-1.8167144062601,51.3551168850973],[-1.81671437353134,51.3551168095151],[-1.81671436091473,51.3551167321659],[-1.81671437127887,51.3551166539534],[-1.81671440173724,51.3551165784698],[-1.81671445372236,51.3551165066165],[-1.81671452434418,51.3551164428848],[-1.81671461217019,51.3551163863734],[-1.81671471287787,51.3551163406722],[-1.81671482502397,51.3551163075774],[-1.81714851750028,51.3550139172223],[-1.81714864252042,51.3550138967356]]],[[[-1.81720272280584,51.3552277519538],[-1.81720283915649,51.3552277449413],[-1.8172029568932,51.3552277505195],[-1.81720307027525,51.3552277677802],[-1.81720317787011,51.3552277958222],[-1.81720327680566,51.3552278346408],[-1.81720336421331,51.3552278833324],[-1.81720343866056,51.3552279409958],[-1.81720349728956,51.3552280040295],[-1.81720353722457,51.3552280733285],[-1.81720355991597,51.3552281452982],[-1.81720356249874,51.3552282181358],[-1.81720354784862,51.3552282909466],[-1.81720351310417,51.3552283610287],[-1.81720346114468,51.355228426588],[-1.8172033919773,51.3552284858263],[-1.81709322504583,51.3553084790542],[-1.81709314298923,51.3553085292806],[-1.81709304947619,51.3553085713966],[-1.81709294595351,51.3553086027068],[-1.81709283528976,51.3553086241149],[-1.81703786056938,51.3553161833837],[-1.81703773703094,51.3553161921832],[-1.81703761211364,51.3553161865937],[-1.81703749155465,51.3553161684224],[-1.81703737822608,51.3553161376739],[-1.81703727500013,51.3553160943525],[-1.81703718474179,51.3553160402612],[-1.81703711031248,51.3553159781019],[-1.81703705458078,51.3553159087783],[-1.81703701897564,51.3553158340909],[-1.8170370034863,51.3553157567373],[-1.81703701097418,51.3553156794195],[-1.8170370385636,51.3553156030321],[-1.81703708767272,51.3553155320733],[-1.8170371554294,51.3553154665387],[-1.81703723895073,51.3553154091211],[-1.81703733822603,51.3553153625183],[-1.81703744894703,51.3553153267234],[-1.81703756823443,51.3553153035305],[-1.81709229437663,51.3553077780438],[-1.81720230287894,51.3552279005646],[-1.81720239069385,51.3552278467504],[-1.81720249139058,51.3552278037464],[-1.81720260353303,51.3552277715503],[-1.81720272280584,51.3552277519538]]],[[[-1.81663558155733,51.3551276170579],[-1.81663569934389,51.3551276100482],[-1.81663581708027,51.3551276156269],[-1.81663593189792,51.3551276328905],[-1.81663604092113,51.3551276627335],[-1.81663613985242,51.3551277024518],[-1.81663622869178,51.3551277520453],[-1.8166363017021,51.3551278097067],[-1.81663635888698,51.3551278745369],[-1.81663639881749,51.3551279447352],[-1.81663642006831,51.355128017602],[-1.81663642121055,51.3551280913365],[-1.81663640368743,51.3551281641428],[-1.81663636606648,51.3551282351194],[-1.81663631123416,51.355128300674],[-1.81663623919765,51.3551283590083],[-1.81663615426516,51.3551284101291],[-1.81663605644745,51.3551284513388],[-1.81663594861664,51.3551284826418],[-1.81636722262689,51.3551891399263],[-1.81622726902116,51.355226938527],[-1.81628143947676,51.3553870071418],[-1.8163114431444,51.3555130453569],[-1.8163114514486,51.3555131235985],[-1.81631143677905,51.3555132009051],[-1.81631140201511,51.3555132754827],[-1.81631134716394,51.355513345533],[-1.81631127223631,51.3555134083585],[-1.81631118298375,51.3555134621699],[-1.81631107940985,51.3555135060678],[-1.81631096439752,51.3555135373594],[-1.81631084369112,51.3555135560535],[-1.81631071873031,51.3555135612533],[-1.81631059525942,51.3555135529677],[-1.81631047471456,51.355513531199],[-1.81631036283645,51.3555134968554],[-1.81631026249367,51.3555134508403],[-1.81631017655122,51.3555133949569],[-1.81631010644158,51.3555133301063],[-1.81631005502616,51.3555132589907],[-1.81631002516994,51.3555131834129],[-1.81628002715341,51.3553871694842],[-1.81622573888009,51.3552267571977],[-1.81622572625708,51.3552266816468],[-1.81622573374271,51.3552266052282],[-1.81622576275869,51.3552265315408],[-1.81622580899321,51.355226461477],[-1.81622587530762,51.3552263977389],[-1.81622595738655,51.3552263421181],[-1.81622605235782,51.3552262946101],[-1.81622616020707,51.3552262588115],[-1.81636667449043,51.3551883082275],[-1.81636671473997,51.3551882983994],[-1.81663546084847,51.3551276366515],[-1.81663558155733,51.3551276170579]]]]},"properties":{"OBJECTID":1085921,"LAYER":"DITCH","project":"Avebury World Heritage Site","PERIOD":"PREHISTORIC\\ROMAN","MONUMENT_TYPE":"RECTILINEAR ENCLOSURE","EVIDENCE_1":"CROPMARK","HE_UID":"1176733","HE_URL1":"https://www.heritagegateway.org.uk/Gateway/Results_Single.aspx?uid=1176733&resourceID=19191","HER_NO":" NONE GIVEN"}},{"type":"Feature","id":1039111,"geometry":{"type":"MultiPolygon","coordinates":[[[[-1.79400445122397,51.3534408070053],[-1.7939371625648,51.3532690372877],[-1.79393370213777,51.3532695905091],[-1.79393358576418,51.3532696028935],[-1.79393346657484,51.3532696026845],[-1.79393335030977,51.3532695907912],[-1.79393323696898,51.3532695672138],[-1.79393313229656,51.3532695319622],[-1.79393303916049,51.3532694859406],[-1.79393295898474,51.3532694318492],[-1.79393289320534,51.3532693696904],[-1.79393284611825,51.3532693021693],[-1.79393281628346,51.3532692301825],[-1.79393280656495,51.3532691555335],[-1.79393281551063,51.3532690818164],[-1.7939328445525,51.3532690099329],[-1.7939328922465,51.3532689416789],[-1.79393295714456,51.3532688797492],[-1.79393303780666,51.3532688250407],[-1.7939331313527,51.3532687793466],[-1.79393323490664,51.353268743561],[-1.79393334702442,51.3532687194797],[-1.79393682038358,51.3532681644826],[-1.79368240951893,51.3526187057924],[-1.79368238975704,51.3526186293273],[-1.7936823929751,51.3526185520035],[-1.79368241629309,51.3526184756141],[-1.79368246113491,51.3526184028592],[-1.79368252461652,51.3526183364313],[-1.7936826052979,51.3526182772271],[-1.79368270173096,51.3526182279415],[-1.79368280960371,51.3526181894661],[-1.79368292603608,51.3526181635944],[-1.79399853074242,51.3525669695187],[-1.79399864855022,51.3525669571367],[-1.7939987663058,51.352566956444],[-1.79399888400512,51.3525669683397],[-1.79399899590822,51.3525669919145],[-1.79399910057912,51.3525670271661],[-1.79399919515388,51.3525670722909],[-1.79399927532448,51.3525671272815],[-1.793999341107,51.3525671885411],[-1.79399938962545,51.3525672569639],[-1.79399941802391,51.3525673289481],[-1.79399942918239,51.3525674027005],[-1.79399942023695,51.3525674764176],[-1.79399939119563,51.3525675483011],[-1.79399934493844,51.3525676165577],[-1.79399928003743,51.3525676793866],[-1.79399920081263,51.3525677340977],[-1.79399910726806,51.3525677797919],[-1.79399900371574,51.3525678155775],[-1.79399889159564,51.352567840558],[-1.79368397235698,51.3526189234408],[-1.79381049329027,51.3529419054541],[-1.79381074348912,51.3529418312611],[-1.7942091218236,51.3528810706951],[-1.79420923963214,51.3528810583129],[-1.79420935738048,51.3528810594183],[-1.79420947507663,51.352881072213],[-1.79420958697659,51.3528810966868],[-1.79420969020834,51.3528811328349],[-1.7942097833439,51.3528811788562],[-1.79420986207929,51.3528812338441],[-1.79420992641852,51.3528812968994],[-1.7942099735016,51.3528813653196],[-1.79421000190056,51.3528814373038],[-1.79421001018744,51.3528815110511],[-1.79420999980627,51.3528815847657],[-1.79420996932907,51.3528816566467],[-1.79420992019986,51.3528817248984],[-1.79420985530271,51.3528817868282],[-1.79420977320962,51.3528818406352],[-1.79420967966866,51.3528818854304],[-1.79420957468379,51.3528819203146],[-1.7942094625711,51.3528819434969],[-1.7938110842296,51.3529427040641],[-1.79381080417623,51.3529427107661],[-1.79393821288807,51.3532679421297],[-1.79439383588797,51.3531951279919],[-1.79439395944132,51.3531951156195],[-1.79439408437454,51.3531951158381],[-1.79439420780756,51.353195130441],[-1.79439432400037,51.3531951585189],[-1.79439443296098,51.3531951982735],[-1.7943945275093,51.3531952496923],[-1.79439460622138,51.3531953100751],[-1.79439466766519,51.3531953785203],[-1.79439470898073,51.3531954523254],[-1.79439472874004,51.3531955296895],[-1.79439472839113,51.3531956079176],[-1.79439470507001,51.3531956852063],[-1.79439466022873,51.3531957579614],[-1.79439459673933,51.353195826188],[-1.79439451462185,51.3531958853902],[-1.79439441818834,51.3531959346764],[-1.79439430887883,51.3531959731499],[-1.79439419100938,51.3531959990199],[-1.7939385550693,51.3532688149347],[-1.79400567191136,51.3534401509454],[-1.79451719809513,51.3533570703693],[-1.79451731446878,51.3533570579843],[-1.79451743366236,51.3533570572936],[-1.79451755136381,51.3533570691888],[-1.79451766326908,51.3533570927631],[-1.79451776794215,51.3533571280142],[-1.79451786108298,51.3533571731361],[-1.79451794269158,51.3533572281288],[-1.7945180084759,51.3533572893882],[-1.79451805699593,51.3533573578107],[-1.79451808539968,51.3533574288956],[-1.79451809655515,51.3533575035471],[-1.79451808761038,51.3533575772643],[-1.79451805856936,51.3533576491479],[-1.79451801231214,51.3533577174047],[-1.79451794741073,51.3533577802338],[-1.79451786818519,51.3533578349453],[-1.79451777463954,51.3533578806399],[-1.79451767108586,51.353357916426],[-1.79451755896414,51.353357941407],[-1.7940053286066,51.3534411358452],[-1.79400521654066,51.3534411482372],[-1.79400510309095,51.3534411489375],[-1.79400499112547,51.3534411388502],[-1.79400488208025,51.3534411179779],[-1.79400478026335,51.3534410863281],[-1.79400468710677,51.3534410448025],[-1.79400460691056,51.353440995207],[-1.79400453823466,51.3534409384382],[-1.79400448681915,51.3534408754054],[-1.79400445122397,51.3534408070053]]],[[[-1.79458325504518,51.3524677184236],[-1.79458337570052,51.3524677114411],[-1.79458349773176,51.3524677179487],[-1.79458361396695,51.3524677361355],[-1.79458372583405,51.3524677678024],[-1.79458382616515,51.3524678102393],[-1.79458391496824,51.3524678616478],[-1.79458398649537,51.3524679229172],[-1.79458404219854,51.3524679904531],[-1.79458407920978,51.3524680633514],[-1.79458409467314,51.3524681380104],[-1.79458409146058,51.3524682144351],[-1.79458406671618,51.3524682890239],[-1.79458402188793,51.3524683590816],[-1.7945839598478,51.3524684246133],[-1.79458388061184,51.3524684820223],[-1.79458378705602,51.3524685304145],[-1.79458368206036,51.3524685679965],[-1.79458356849682,51.3524685947734],[-1.79402476402121,51.352564647068],[-1.7940246404614,51.3525646612383],[-1.79402451552988,51.3525646610193],[-1.7940243920906,51.3525646482143],[-1.79402427445556,51.3525646219319],[-1.79402416549273,51.3525645830761],[-1.79402406950206,51.3525645334529],[-1.79402398791954,51.3525644730648],[-1.79402392503709,51.352564405516],[-1.79402388084669,51.3525643326049],[-1.79402385821628,51.3525642552357],[-1.7940238585658,51.3525641770077],[-1.79402387901522,51.352564099714],[-1.79402392098849,51.3525640260548],[-1.79402398304158,51.3525639578258],[-1.79402406229045,51.3525638977197],[-1.79402415873108,51.3525638466355],[-1.79402426660743,51.3525638072606],[-1.79402438304753,51.3525637795902],[-1.7945831875135,51.3524677272973],[-1.79458325504518,51.3524677184236]]],[[[-1.79470195343056,51.3525164456572],[-1.794702075522,51.3525164386771],[-1.79470219611738,51.352516445182],[-1.79470231522071,51.3525164642729],[-1.79470242565204,51.3525164959372],[-1.79470252741933,51.3525165383765],[-1.79470261478266,51.3525165906816],[-1.79470268774601,51.3525166519534],[-1.79470274200942,51.3525167203859],[-1.79470277758488,51.3525167932817],[-1.79470279304444,51.3525168688398],[-1.7947027883961,51.352516945262],[-1.79470276221586,51.3525170198483],[-1.79470271738373,51.3525170908052],[-1.79470265391171,51.3525171554353],[-1.79470257323983,51.3525172128419],[-1.79470247824805,51.3525172612316],[-1.79470237182037,51.3525172979121],[-1.7947022568248,51.3525173237874],[-1.79407103456962,51.3526197148559],[-1.79407091101773,51.3526197272279],[-1.79407078608606,51.3526197270089],[-1.79407066265464,51.3526197124057],[-1.79407054502345,51.3526196852241],[-1.79407043750046,51.3526196454717],[-1.79407034151365,51.3526195949494],[-1.79407026280297,51.3526195345664],[-1.79407020136039,51.352619466121],[-1.79407015860988,51.3526193923132],[-1.79407013885135,51.3526193149491],[-1.79407013920079,51.352619236721],[-1.79407016252216,51.3526191594324],[-1.79407020593141,51.3526190857756],[-1.79407026941649,51.3526190184484],[-1.79407035010139,51.3526189583447],[-1.79407044653404,51.3526189090588],[-1.79407055584246,51.3526188705856],[-1.79407067371465,51.3526188438168],[-1.79470189595879,51.3525164527502],[-1.79470195343056,51.3525164456572]]],[[[-1.79403967032397,51.3526284844387],[-1.79403979241581,51.3526284774592],[-1.79403991301139,51.3526284839649],[-1.79404003067874,51.3526285030539],[-1.79404014111388,51.3526285338197],[-1.79404024288082,51.3526285762595],[-1.79404033024361,51.3526286285651],[-1.79404040320627,51.3526286898373],[-1.79404045890483,51.3526287582727],[-1.79404049447934,51.3526288311686],[-1.79404050994188,51.3526289058277],[-1.79404050529244,51.3526289822499],[-1.79404048054707,51.3526290568385],[-1.79404043571382,51.3526291277952],[-1.79404037224074,51.3526291924249],[-1.79404029300383,51.3526292498335],[-1.79404019801114,51.3526292982228],[-1.79404009301468,51.3526293358043],[-1.79403997801845,51.352629361679],[-1.79377092819199,51.352674172481],[-1.79377080463583,51.3526741857518],[-1.79377067970403,51.3526741855325],[-1.79377055626855,51.3526741718282],[-1.79377043863739,51.3526741446463],[-1.79377033111051,51.3526741057928],[-1.79377023512391,51.3526740552702],[-1.79377015497754,51.3526739948844],[-1.79377009209531,51.3526739273355],[-1.79377004934521,51.3526738535277],[-1.79377002815118,51.352673776161],[-1.79377002850112,51.3526736979329],[-1.79377005038701,51.3526736206418],[-1.79377009379679,51.3526735469852],[-1.79377015584637,51.3526734796556],[-1.79377023653175,51.3526734195521],[-1.79377033296886,51.3526733693672],[-1.79377044084568,51.3526733299926],[-1.79377055871818,51.3526733032241],[-1.79403960853997,51.352628492423],[-1.79403967032397,51.3526284844387]]],[[[-1.79475338994931,51.35257798551],[-1.7947535120409,51.3525779785298],[-1.79475363263647,51.3525779850348],[-1.79475375030398,51.3525780041231],[-1.79475386217547,51.3525780348906],[-1.79475396250696,51.3525780773274],[-1.79475405130245,51.3525781305341],[-1.79475412282997,51.3525781918034],[-1.79475417853351,51.3525782593392],[-1.79475421410912,51.3525783322349],[-1.79475422956878,51.3525784077931],[-1.7947542249205,51.3525784842153],[-1.79475420017631,51.3525785588041],[-1.7947541553482,51.3525786288618],[-1.79475409187217,51.3525786943911],[-1.79475401120023,51.3525787517978],[-1.79475391764838,51.3525787992909],[-1.79475381121661,51.3525788368706],[-1.79475369622091,51.352578862746],[-1.794096596362,51.3526876828454],[-1.7940964799859,51.3526876961292],[-1.79409636079403,51.3526876968195],[-1.79409624453037,51.3526876849264],[-1.79409613118691,51.3526876622483],[-1.79409602651566,51.3526876269968],[-1.79409593194057,51.3526875818721],[-1.79409585176564,51.3526875277807],[-1.79409578454681,51.3526874665187],[-1.79409573602408,51.3526873989951],[-1.7940957061894,51.3526873270084],[-1.79409569503074,51.3526872532561],[-1.79409570398007,51.3526871786398],[-1.79409573158533,51.3526871067537],[-1.79409577784249,51.352687038497],[-1.79409584130754,51.3526869756656],[-1.79409592053243,51.3526869209545],[-1.79409601408116,51.352686874361],[-1.79409611763367,51.3526868385752],[-1.794096229754,51.3526868135947],[-1.79475332960149,51.3525779934972],[-1.79475338994931,51.35257798551]]],[[[-1.79405487564968,51.3526964351822],[-1.7940549977417,51.3526964282027],[-1.79405512120946,51.3526964347134],[-1.79405524030897,51.3526964547041],[-1.79405535074026,51.352696486369],[-1.79405545250335,51.352696529708],[-1.79405554129826,51.3526965829153],[-1.79405561282103,51.3526966450841],[-1.79405566707967,51.3526967144161],[-1.79405570265026,51.3526967882112],[-1.7940557166688,51.3526968646662],[-1.79405570914336,51.3526969419825],[-1.79405568152598,51.3526970165661],[-1.79405563382069,51.3526970875177],[-1.79405556747555,51.3526971521424],[-1.79405548393456,51.3526972086443],[-1.79405538750976,51.3526972561319],[-1.79405527821319,51.3526972919075],[-1.79405516178885,51.3526973159813],[-1.79377061726538,51.3527388625735],[-1.79377049372114,51.3527388731468],[-1.79377036879719,51.3527388711292],[-1.79377024537361,51.3527388547273],[-1.79377012918633,51.3527388257496],[-1.79377002310738,51.3527387842011],[-1.79376993000069,51.3527387318852],[-1.79376985273424,51.3527386697062],[-1.79376979416396,51.3527386012656],[-1.79376975428982,51.3527385265637],[-1.79376973740374,51.3527384492045],[-1.7937697406257,51.3527383709815],[-1.79376976681962,51.3527382936979],[-1.79376981309743,51.3527382209455],[-1.79376987945108,51.3527381545226],[-1.79376996300053,51.3527380962226],[-1.79377006230172,51.3527380478411],[-1.79377017160263,51.3527380111666],[-1.79377029090324,51.3527379861989],[-1.79405483542164,51.3526964396076],[-1.79405487564968,51.3526964351822]]],[[[-1.79469617889578,51.3526522747567],[-1.79469629955158,51.3526522677741],[-1.79469642158333,51.3526522742816],[-1.794696537819,51.3526522924683],[-1.79469664968664,51.3526523241351],[-1.79469675001823,51.3526523665719],[-1.79469683882181,51.3526524179803],[-1.79469691034937,51.3526524792496],[-1.79469696605292,51.3526525467854],[-1.79469700306449,51.3526526196837],[-1.79469701852808,51.3526526943427],[-1.7946970153157,51.3526527707674],[-1.79469699057137,51.3526528453562],[-1.79469694574312,51.3526529154139],[-1.7946968837029,51.3526529809457],[-1.79469680446676,51.3526530383548],[-1.7946967109107,51.3526530867471],[-1.79469660591471,51.3526531243292],[-1.79469649235078,51.3526531511062],[-1.79413768589119,51.352749203936],[-1.79413756233092,51.3527492181064],[-1.79413743739891,51.3527492178875],[-1.79413731395911,51.3527492050827],[-1.79413719632354,51.3527491788003],[-1.79413708736018,51.3527491399447],[-1.794136991369,51.3527490903215],[-1.79413690978602,51.3527490299335],[-1.79413684690316,51.3527489623848],[-1.7941368027124,51.3527488894738],[-1.79413678008171,51.3527488121046],[-1.79413678043104,51.3527487338765],[-1.79413680088037,51.3527486565828],[-1.79413684285363,51.3527485829236],[-1.7941369049068,51.3527485146946],[-1.79413698415584,51.3527484545883],[-1.79413708059672,51.352748403504],[-1.79413718847341,51.3527483641291],[-1.7941373049139,51.3527483364585],[-1.79469611136386,51.3526522836305],[-1.79469617889578,51.3526522747567]]],[[[-1.79462337235507,51.3527491780792],[-1.79462349444713,51.3527491710992],[-1.79462361647911,51.3527491776068],[-1.79462373414701,51.3527491966952],[-1.79462384601482,51.3527492283621],[-1.79462394634656,51.3527492707989],[-1.79462403514222,51.3527493240058],[-1.79462410666983,51.3527493852751],[-1.79462416236938,51.3527494537102],[-1.79462419794492,51.3527495266059],[-1.79462421340042,51.3527496030633],[-1.79462420731591,51.352749679483],[-1.79462418113542,51.3527497540692],[-1.79462413486694,51.3527498250236],[-1.7946240699585,51.3527498896511],[-1.79462398928611,51.3527499470577],[-1.79462389429778,51.3527499945482],[-1.79462378643352,51.352750031226],[-1.79462367144132,51.3527500562021],[-1.7942201107477,51.3528140371584],[-1.7942199871913,51.3528140504297],[-1.79421986226312,51.3528140493117],[-1.79421973883116,51.3528140347087],[-1.7942196226394,51.3528140066306],[-1.79421951511985,51.3528139659792],[-1.79421942056848,51.3528139154594],[-1.79421934042529,51.3528138541748],[-1.79421928041824,51.352813785732],[-1.79421923910331,51.3528137119269],[-1.79421921790845,51.3528136345602],[-1.79421921969366,51.3528135563347],[-1.79421924301487,51.352813479046],[-1.79421928785605,51.3528134062909],[-1.79421935277718,51.3528133389661],[-1.79421943345822,51.3528132797615],[-1.79421953133113,51.3528132295788],[-1.79421964063587,51.3528131920046],[-1.79421975850445,51.3528131661348],[-1.79462331919101,51.3527491851798],[-1.79462337235507,51.3527491780792]]],[[[-1.79411149552918,51.3527547563433],[-1.79411161762134,51.3527547493638],[-1.79411173821726,51.3527547558694],[-1.79411185588496,51.3527547749584],[-1.79411196775644,51.3527548057265],[-1.79411206808773,51.3527548481638],[-1.79411215544682,51.3527549013685],[-1.79411222841377,51.3527549617415],[-1.7941122841126,51.3527550301768],[-1.79411231968732,51.3527551030727],[-1.794112335146,51.352755178631],[-1.79411233050068,51.352755254154],[-1.79411230575535,51.3527553287426],[-1.7941122609221,51.3527553996993],[-1.79411219744493,51.3527554652282],[-1.79411211677189,51.3527555226344],[-1.79411202321903,51.3527555701271],[-1.79411191678633,51.3527556077062],[-1.79411180322585,51.3527556335834],[-1.79376513644038,51.3528132385545],[-1.79376501862788,51.3528132518354],[-1.79376490087168,51.3528132525279],[-1.7937647831718,51.3528132406319],[-1.79376467126418,51.352813217956],[-1.79376456515691,51.3528131827017],[-1.79376447201387,51.3528131384784],[-1.79376439040311,51.3528130843843],[-1.79376432462456,51.3528130222254],[-1.79376427466618,51.3528129546992],[-1.79376424483193,51.3528128827124],[-1.79376423367377,51.35281280896],[-1.79376424261963,51.3528127352429],[-1.79376427022949,51.3528126624578],[-1.79376431648727,51.3528125942012],[-1.79376437994892,51.3528125322692],[-1.79376445917843,51.3528124766591],[-1.79376455272774,51.3528124300659],[-1.79376465628079,51.3528123942804],[-1.79376476696558,51.3528123692977],[-1.79411143374502,51.3527547643277],[-1.79411149552918,51.3527547563433]]],[[[-1.79463860737202,51.352810663689],[-1.79463872946424,51.3528106567089],[-1.79463885149638,51.3528106632165],[-1.79463897060044,51.3528106823074],[-1.79463908103241,51.3528107139717],[-1.79463918279629,51.3528107573103],[-1.79463927015609,51.3528108105146],[-1.79463934311981,51.3528108717864],[-1.79463939738346,51.3528109402189],[-1.79463943295506,51.3528110140139],[-1.7946394484106,51.3528110904712],[-1.79463944232611,51.352811166891],[-1.79463941470961,51.3528112414747],[-1.7946393684411,51.352811312429],[-1.7946393035326,51.3528113770566],[-1.7946392214241,51.3528114344606],[-1.79463912643566,51.3528114819512],[-1.79463901857528,51.3528115177299],[-1.79463890214695,51.3528115427034],[-1.79426638752217,51.3528691039778],[-1.79426626396966,51.35286911635],[-1.79426613904534,51.3528691143329],[-1.79426601561321,51.3528690997299],[-1.7942658994253,51.3528690707526],[-1.79426579190158,51.3528690310004],[-1.79426569735806,51.3528689786824],[-1.79426562008272,51.352868918302],[-1.79426555863953,51.3528688498567],[-1.79426551876449,51.352868775155],[-1.79426549900553,51.3528686977908],[-1.79426550222666,51.3528686195678],[-1.79426552554783,51.3528685422791],[-1.79426557182499,51.3528684695265],[-1.79426563531013,51.3528684021991],[-1.79426571886321,51.3528683429995],[-1.79426581529216,51.3528682946127],[-1.79426592460101,51.3528682561393],[-1.79426604390169,51.3528682311711],[-1.79463855851991,51.3528106698978],[-1.79463860737202,51.352810663689]]],[[[-1.7941783970891,51.352822797644],[-1.79417851918142,51.3528227906644],[-1.79417864121354,51.3528227971725],[-1.79417875888143,51.3528228162614],[-1.79417887074911,51.3528228479286],[-1.79417897251259,51.3528228912676],[-1.7941790598759,51.3528229435731],[-1.79417913283502,51.3528230057443],[-1.79417918709801,51.3528230741771],[-1.7941792226729,51.352823147073],[-1.7941792381277,51.3528232235304],[-1.79417923204245,51.3528232999501],[-1.7941792058612,51.3528233745362],[-1.79417915959197,51.3528234454904],[-1.79417909468282,51.3528235101177],[-1.79417901257374,51.3528235675214],[-1.79417891758481,51.3528236150116],[-1.79417880972002,51.352823651689],[-1.79417869472742,51.3528236766647],[-1.79379065611609,51.3528844462822],[-1.79379053256341,51.3528844586539],[-1.79379040620308,51.3528844566337],[-1.79379028420705,51.3528844420328],[-1.79379016657938,51.3528844139517],[-1.79379006049204,51.3528843742016],[-1.79378996594501,51.3528843227824],[-1.79378988580225,51.3528842614975],[-1.79378982579576,51.3528841930544],[-1.79378978448144,51.3528841192491],[-1.79378976472327,51.3528840418849],[-1.79378976794922,51.3528839627627],[-1.79378979126716,51.3528838863733],[-1.79378983611311,51.3528838127192],[-1.79378989959493,51.3528837462913],[-1.79378998171262,51.3528836870895],[-1.79379007958616,51.3528836369072],[-1.79379018889141,51.3528835993334],[-1.79379030676041,51.3528835734641],[-1.7941783453649,51.3528228038477],[-1.7941783970891,51.352822797644]]],[[[-1.79463831920508,51.3528753502235],[-1.79463843986146,51.352875343241],[-1.79463856045777,51.352875349746],[-1.79463867812999,51.3528753679353],[-1.79463878856612,51.3528753987004],[-1.79463888889814,51.3528754411373],[-1.79463897769808,51.3528754934449],[-1.79463905066591,51.3528755538175],[-1.79463910493364,51.3528756213509],[-1.7946391419493,51.35287569335],[-1.79463915884888,51.3528757680115],[-1.79463915563639,51.3528758444363],[-1.79463913233186,51.3528759181283],[-1.79463908749929,51.3528759890852],[-1.7946390268947,51.3528760546195],[-1.79463894765811,51.3528761120285],[-1.79463885553753,51.3528761604233],[-1.79463875053699,51.3528761989045],[-1.7946386369725,51.3528762256814],[-1.79431264842105,51.352933868411],[-1.79431252629635,51.3529338825841],[-1.79431240135583,51.3529338841638],[-1.79431227647948,51.3529338713567],[-1.79431215883933,51.3529338459737],[-1.79431204987539,51.3529338071182],[-1.79431195244764,51.3529337574927],[-1.7943118708601,51.352933698004],[-1.79431180653673,51.352933631352],[-1.79431176234952,51.3529335575419],[-1.79431173971444,51.3529334810719],[-1.79431173719148,51.3529334028388],[-1.7943117576446,51.3529333246459],[-1.79431179818175,51.3529332509841],[-1.79431186023491,51.352933182755],[-1.79431193948804,51.3529331217495],[-1.79431203449311,51.3529330706625],[-1.79431214093809,51.3529330303857],[-1.79431225881495,51.3529330027175],[-1.79463824736081,51.3528753599889],[-1.79463831920508,51.3528753502235]]],[[[-1.79470522170812,51.3529433912221],[-1.79470534380069,51.352943384242],[-1.79470546439718,51.352943390747],[-1.79470558350161,51.3529434098379],[-1.79470569393393,51.3529434415021],[-1.79470579570217,51.3529434839415],[-1.7947058830663,51.3529435362465],[-1.79470595603033,51.3529435975183],[-1.79470601029422,51.3529436659508],[-1.79470604587003,51.3529437388466],[-1.79470606132973,51.3529438144047],[-1.79470605668133,51.352943890827],[-1.79470603050086,51.3529439654132],[-1.79470598566833,51.3529440363701],[-1.79470592219174,51.3529441018994],[-1.7947058415231,51.3529441584068],[-1.79470574653045,51.3529442067966],[-1.79470563866581,51.3529442434745],[-1.79470552366918,51.3529442693498],[-1.79436922422497,51.3529986661635],[-1.79436910067214,51.3529986785358],[-1.79436897573945,51.3529986783172],[-1.79436885374295,51.3529986637168],[-1.79436873611063,51.3529986365355],[-1.79436862858651,51.3529985967834],[-1.79436853260261,51.3529985453621],[-1.7943684538909,51.3529984849793],[-1.79436839244739,51.352998416534],[-1.79436834969604,51.3529983427264],[-1.79436832993687,51.3529982653623],[-1.79436833028582,51.3529981871342],[-1.79436835360287,51.3529981107447],[-1.794368397012,51.3529980370879],[-1.79436846049716,51.3529979697605],[-1.79436854261835,51.3529979096591],[-1.79436863905147,51.352997860373],[-1.79436874836054,51.3529978218995],[-1.79436886623351,51.3529977951304],[-1.79470516567185,51.3529433983177],[-1.79470522170812,51.3529433912221]]],[[[-1.79425542148568,51.3529426044636],[-1.79425554357831,51.352942597484],[-1.79425566417474,51.3529426039894],[-1.79425578327897,51.3529426230808],[-1.79425589371099,51.3529426547455],[-1.79425599547881,51.3529426971851],[-1.79425608284243,51.3529427494906],[-1.79425615580586,51.3529428107626],[-1.7942562100691,51.3529428791953],[-1.7942562456442,51.3529429520912],[-1.79425626110317,51.3529430276495],[-1.79425625645404,51.3529431040717],[-1.79425623027285,51.3529431786578],[-1.79425618543962,51.3529432496145],[-1.79425612196641,51.3529433142444],[-1.79425604129323,51.3529433716507],[-1.79425594630012,51.3529434200401],[-1.79425583987113,51.3529434567201],[-1.79425572487425,51.352943482595],[-1.7938418083081,51.3530106721729],[-1.79384168475511,51.3530106845446],[-1.79384155982239,51.3530106843254],[-1.79384143639002,51.3530106697219],[-1.79384131875797,51.3530106425401],[-1.79384121123428,51.3530106027875],[-1.79384111668292,51.3530105522675],[-1.79384103653587,51.3530104918818],[-1.79384097509312,51.3530104234363],[-1.7938409323426,51.3530103496285],[-1.7938409125843,51.3530102722643],[-1.79384091293413,51.3530101940362],[-1.79384093625607,51.3530101167476],[-1.79384097966606,51.353010043091],[-1.793841043152,51.3530099757639],[-1.79384112383384,51.3530099165595],[-1.79384122027157,51.3530098663746],[-1.7938413295811,51.3530098279017],[-1.79384144745441,51.3530098011331],[-1.79425536401333,51.3529426115564],[-1.79425542148568,51.3529426044636]]],[[[-1.79471006005556,51.3530177888685],[-1.79471018071231,51.3530177818859],[-1.79471030130899,51.3530177883908],[-1.7947104175456,51.3530178065775],[-1.79471052798211,51.3530178373426],[-1.79471062831851,51.3530178788802],[-1.79471071712279,51.3530179302886],[-1.79471079009095,51.3530179906612],[-1.79471084579496,51.3530180581971],[-1.79471088281483,51.353018129297],[-1.79471089971058,51.3530182048576],[-1.7947108965022,51.3530182803832],[-1.79471087319771,51.3530183540753],[-1.79471083123713,51.3530184250372],[-1.79471077063645,51.3530184896723],[-1.79471069283173,51.3530185479831],[-1.79471060070694,51.3530185972771],[-1.79471049714214,51.3530186357609],[-1.79471038501335,51.3530186625404],[-1.79443096547642,51.3530699218466],[-1.79443084334339,51.3530699378182],[-1.79443071696648,51.3530699393955],[-1.79443059352174,51.3530699274901],[-1.79443047588118,51.3530699021073],[-1.7944303654728,51.3530698650477],[-1.79443026804064,51.3530698163215],[-1.79443018501669,51.3530697568303],[-1.79443011925695,51.3530696901759],[-1.79443007506542,51.353069617265],[-1.79443004955807,51.3530695407901],[-1.79443004703889,51.3530694616578],[-1.79443006605187,51.3530693843615],[-1.79443010658894,51.3530693106997],[-1.7944301657741,51.3530692415663],[-1.79443024359131,51.3530691805582],[-1.79443033860053,51.353069128572],[-1.79443044504973,51.3530690873959],[-1.79443056149085,51.353069059725],[-1.79470998102304,51.3530178004197],[-1.79471006005556,51.3530177888685]]],[[[-1.79428099537747,51.3530040992301],[-1.79428111747027,51.3530040922504],[-1.79428123950286,51.3530040987583],[-1.79428135860726,51.3530041178497],[-1.79428146903944,51.3530041495143],[-1.79428157080341,51.3530041928531],[-1.79428165959918,51.3530042460603],[-1.79428173112272,51.3530043082289],[-1.79428178682208,51.3530043766641],[-1.79428182095723,51.3530044504567],[-1.79428183641627,51.3530045260149],[-1.79428183033118,51.3530046024346],[-1.79428180270996,51.3530046779174],[-1.79428175644071,51.3530047488716],[-1.79428169009543,51.3530048134965],[-1.79428160799017,51.3530048700011],[-1.79428151156497,51.3530049174888],[-1.79428140513586,51.3530049541689],[-1.79428128871086,51.3530049782429],[-1.79386221643234,51.3530689308085],[-1.79386209287919,51.3530689431803],[-1.79386196651835,51.3530689411602],[-1.79386184452584,51.3530689256602],[-1.79386172833368,51.3530688975817],[-1.79386162081385,51.35306885693],[-1.79386152627039,51.3530688046116],[-1.79386144899524,51.353068744231],[-1.7938613889924,51.3530686748888],[-1.79386134911382,51.3530686010861],[-1.79386132935547,51.3530685237219],[-1.7938613325813,51.3530684445997],[-1.79386135733523,51.3530683682127],[-1.79386140217722,51.3530682954578],[-1.79386146709922,51.3530682281332],[-1.79386155065317,51.3530681689339],[-1.79386164708296,51.3530681205473],[-1.7938617578246,51.353068082976],[-1.79386187568999,51.3530680580057],[-1.79428094796112,51.3530041054413],[-1.79428099537747,51.3530040992301]]],[[[-1.79475115647011,51.3530760753989],[-1.79475128000703,51.3530760666229],[-1.79475140491591,51.3530760722362],[-1.79475152546071,51.3530760904304],[-1.7947516387654,51.3530761220996],[-1.79475174340599,51.3530761645439],[-1.79475183219843,51.3530762186498],[-1.79475190659472,51.3530762808232],[-1.79475196229085,51.3530763501574],[-1.79475199785882,51.3530764248515],[-1.79475201331064,51.353076502208],[-1.79475200578628,51.3530765795243],[-1.79475197816178,51.3530766559064],[-1.79475192902115,51.3530767268558],[-1.79475186123642,51.3530767923776],[-1.79475177769159,51.3530768497792],[-1.79475167839869,51.3530768963631],[-1.79475156766575,51.3530769321369],[-1.7947514483728,51.3530769553072],[-1.79442550184737,51.3531216700089],[-1.79442537831027,51.3531216787846],[-1.7944252534013,51.353121673171],[-1.79442513285652,51.3531216549765],[-1.79442501955193,51.3531216233069],[-1.79442491491154,51.3531215808624],[-1.79442482611941,51.3531215267562],[-1.79442475172347,51.3531214645826],[-1.79442469602778,51.3531213952482],[-1.79442466046031,51.3531213205541],[-1.79442464500902,51.3531212431975],[-1.79442465253393,51.3531211658812],[-1.79442468015898,51.3531210894992],[-1.79442472930015,51.3531210185499],[-1.79442479708542,51.3531209530283],[-1.79442488063072,51.353120895627],[-1.79442497992404,51.3531208490433],[-1.79442509065733,51.3531208132698],[-1.79442520995056,51.3531207900998],[-1.79475115647011,51.3530760753989]]],[[[-1.79434791190241,51.3530721404564],[-1.79434803399537,51.3530721334766],[-1.79434815746417,51.353072139987],[-1.79434827513276,51.3530721590757],[-1.79434838699716,51.353072191642],[-1.79434848876134,51.3530722349808],[-1.7943485775573,51.3530722881878],[-1.79434864908103,51.3530723503564],[-1.79434870334055,51.3530724196883],[-1.79434873891188,51.3530724934834],[-1.79434875293502,51.3530725690391],[-1.79434874541001,51.3530726463554],[-1.79434871779288,51.353072720939],[-1.79434867008765,51.3530727918908],[-1.79434860374237,51.3530728565157],[-1.79434852163306,51.3530729139195],[-1.79434842521179,51.3530729605081],[-1.79434831591056,51.3530729971832],[-1.79434819948943,51.3530730203581],[-1.7938929103917,51.3531401376971],[-1.79389278684239,51.3531401491697],[-1.79389266191736,51.3531401471522],[-1.79389253849268,51.3531401307504],[-1.79389242230433,51.3531401017728],[-1.79389231622434,51.3531400602245],[-1.79389222311269,51.3531400088079],[-1.79389214584543,51.3531399466289],[-1.79389208583844,51.3531398781859],[-1.79389204739978,51.3531398034865],[-1.79389202907736,51.3531397261249],[-1.79389203229912,51.3531396479018],[-1.79389205849307,51.3531395706182],[-1.79389210477109,51.3531394978658],[-1.79389217112514,51.3531394314428],[-1.79389225323915,51.3531393731402],[-1.79389235254107,51.3531393247586],[-1.79389246184684,51.3531392871848],[-1.79389258114439,51.3531392631162],[-1.79434787023405,51.3530721457785],[-1.79434791190241,51.3530721404564]]],[[[-1.794755991992,51.3531504820284],[-1.79475611409312,51.3531504732499],[-1.79475623900619,51.353150477964],[-1.79475635955119,51.3531504961582],[-1.79475647286006,51.3531505269282],[-1.79475657750082,51.3531505693725],[-1.79475666773342,51.3531506225817],[-1.79475674212983,51.3531506847551],[-1.79475679926209,51.3531507540918],[-1.79475683483411,51.3531508278867],[-1.79475685172197,51.3531509052457],[-1.79475684563363,51.3531509825646],[-1.7947568180131,51.3531510580475],[-1.79475677030441,51.3531511298986],[-1.79475670395558,51.3531511954229],[-1.79475662041063,51.3531512528245],[-1.79475652254959,51.3531513003101],[-1.79475641324849,51.3531513369856],[-1.79475629538736,51.3531513610576],[-1.79451311465219,51.3531865102978],[-1.79451299255093,51.353186519076],[-1.79451286763778,51.3531865143617],[-1.7945127470928,51.3531864961673],[-1.79451263378399,51.353186465397],[-1.79451252914337,51.3531864229525],[-1.79451243891099,51.353186369743],[-1.79451236451483,51.3531863075695],[-1.79451230738291,51.3531862382327],[-1.79451227181125,51.3531861644377],[-1.79451225492377,51.3531860870786],[-1.79451226101253,51.3531860097598],[-1.79451228863348,51.3531859342769],[-1.79451233634258,51.3531858624259],[-1.7945124026918,51.3531857969018],[-1.79451248623712,51.3531857395004],[-1.79451258409848,51.353185692015],[-1.79451269339986,51.3531856553397],[-1.7945128112612,51.353185631268],[-1.794755991992,51.3531504820284]]],[[[-1.79437867006901,51.3531304072242],[-1.79437879216212,51.3531304002444],[-1.79437891419505,51.3531304067522],[-1.79437903329982,51.3531304258434],[-1.79437914373237,51.353130457508],[-1.7943792454967,51.3531305008467],[-1.79437933429282,51.3531305540538],[-1.79437940581668,51.3531306162224],[-1.79437946008033,51.3531306846551],[-1.79437949565174,51.3531307584501],[-1.79437951111097,51.3531308340083],[-1.79437950502603,51.353130910428],[-1.79437947740489,51.3531309859108],[-1.79437943113566,51.3531310568651],[-1.79437936479035,51.35313112149],[-1.79437928268498,51.3531311779946],[-1.79437918769562,51.353131225485],[-1.79437907983029,51.3531312621626],[-1.79437896340503,51.3531312862367],[-1.79391848962021,51.3532016406431],[-1.79391836606672,51.3532016530149],[-1.79391824114153,51.3532016509975],[-1.79391811771264,51.3532016354949],[-1.79391800152012,51.3532016074165],[-1.79391789399994,51.3532015667648],[-1.79391780088813,51.3532015153482],[-1.79391772218069,51.3532014540659],[-1.79391766217761,51.3532013847238],[-1.79391762229882,51.3532013109211],[-1.79391760254032,51.3532012335569],[-1.79391760576205,51.3532011553338],[-1.79391763051998,51.3532010780478],[-1.79391767536201,51.3532010052928],[-1.79391774028411,51.3532009379681],[-1.7939178223982,51.3532008796654],[-1.79391792026823,51.3532008303822],[-1.79391803101014,51.3532007928108],[-1.79391814887584,51.3532007678405],[-1.79437862265254,51.3531304134355],[-1.79437867006901,51.3531304072242]]],[[[-1.79479201972584,51.3531861165296],[-1.79479214326305,51.3531861077535],[-1.79479226674022,51.3531861124651],[-1.79479238728532,51.3531861306592],[-1.79479250203033,51.3531861614317],[-1.79479260523519,51.3531862038734],[-1.79479269690389,51.3531862570852],[-1.79479277130443,51.3531863183594],[-1.79479282843677,51.3531863876961],[-1.79479286400489,51.3531864623901],[-1.79479288089682,51.35318653885],[-1.79479287480853,51.3531866161688],[-1.79479284718404,51.3531866925509],[-1.79479280091138,51.3531867644045],[-1.79479273456255,51.3531868299288],[-1.79479265101758,51.3531868873305],[-1.7947925531565,51.3531869348161],[-1.79479244241932,51.3531869714891],[-1.79479232455813,51.3531869955612],[-1.79452845201823,51.3532253547351],[-1.79452832848087,51.3532253635109],[-1.79452820500362,51.3532253587991],[-1.79452808445853,51.3532253406047],[-1.79452796971361,51.3532253098319],[-1.79452786650889,51.3532252673899],[-1.79452777484041,51.353225214178],[-1.79452770044016,51.3532251529036],[-1.79452764330817,51.3532250835668],[-1.79452760774045,51.3532250088726],[-1.79452759084894,51.3532249324128],[-1.79452759693768,51.3532248550939],[-1.79452762456262,51.3532247787119],[-1.79452767083573,51.3532247068584],[-1.79452773718499,51.3532246413342],[-1.79452782073035,51.3532245839328],[-1.79452791859179,51.3532245364474],[-1.79452802932926,51.3532244997746],[-1.79452814719069,51.3532244757029],[-1.79479201972584,51.3531861165296]]],[[[-1.79441947909662,51.3532533875953],[-1.79441960119004,51.3532533806155],[-1.79441972465932,51.3532533871258],[-1.79441984232841,51.3532534062145],[-1.79441995419329,51.3532534387807],[-1.79442005595793,51.3532534821194],[-1.79442014475432,51.3532535353264],[-1.79442021627842,51.353253597495],[-1.79442027053826,51.3532536668268],[-1.79442030610984,51.3532537406218],[-1.79442032013316,51.3532538161775],[-1.79442031260822,51.3532538934939],[-1.7944202849911,51.3532539680775],[-1.7944202372858,51.3532540390293],[-1.79442017094036,51.3532541036542],[-1.79442008883082,51.3532541610581],[-1.79441999240925,51.3532542076467],[-1.79441988311165,51.3532542434227],[-1.7944197666861,51.3532542674969],[-1.79396449023823,51.3533213941284],[-1.79396436668845,51.3533214056011],[-1.79396424176293,51.3533214035837],[-1.79396411833773,51.353321387182],[-1.7939640021489,51.3533213582045],[-1.79396389606844,51.3533213166562],[-1.79396380295634,51.3533212652397],[-1.79396372568867,51.3533212030607],[-1.79396366568136,51.3533211346178],[-1.79396362724243,51.3533210599184],[-1.79396360891981,51.3533209825568],[-1.79396361214148,51.3533209043337],[-1.79396363833541,51.3533208270502],[-1.7939636846135,51.3533207542977],[-1.7939637509677,51.3533206878747],[-1.79396383308195,51.353320629572],[-1.79396393238418,51.3533205811904],[-1.79396404169032,51.3533205436165],[-1.7939641609883,51.3533205195478],[-1.7944194374281,51.3532533929175],[-1.79441947909662,51.3532533875953]]],[[[-1.79493643026674,51.3532704671862],[-1.79493655236012,51.3532704602058],[-1.79493667582953,51.3532704667155],[-1.79493679493088,51.3532704867054],[-1.79493690680016,51.3532705183719],[-1.79493700712931,51.3532705617077],[-1.79493709592232,51.3532706158135],[-1.79493716888316,51.3532706779842],[-1.79493722314378,51.3532707473158],[-1.79493725728018,51.3532708211082],[-1.79493727130035,51.353270897563],[-1.79493726378027,51.3532709739802],[-1.79493723615996,51.3532710494631],[-1.79493718845542,51.3532711204151],[-1.79493712067466,51.3532711850378],[-1.79493703856973,51.3532712415429],[-1.79493694071262,51.3532712881295],[-1.79493683141538,51.3532713239059],[-1.79455893918007,51.3533709268939],[-1.79455881989028,51.3533709491648],[-1.79455869635253,51.3533709579407],[-1.79455857287489,51.3533709532288],[-1.79455845232941,51.3533709350345],[-1.79455833902012,51.3533709042642],[-1.79455823437905,51.3533708618198],[-1.79455814414627,51.3533708086104],[-1.79455806974975,51.3533707464369],[-1.79455801261754,51.3533706771001],[-1.79455797560963,51.3533706033026],[-1.79455796015805,51.3533705259461],[-1.79455796624675,51.3533704486272],[-1.79455799387173,51.3533703722452],[-1.79455804158096,51.3533703003942],[-1.79455810793039,51.35337023487],[-1.79455819147597,51.3533701774686],[-1.79455828933768,51.3533701299831],[-1.79455840007147,51.3533700942095],[-1.79493629230116,51.3532704912233],[-1.79493643026674,51.3532704671862]]],[[[-1.79494633796835,51.3533675150253],[-1.79494645862597,51.3533675080425],[-1.79494657922361,51.3533675145472],[-1.79494669689718,51.3533675327361],[-1.79494680733069,51.3533675644002],[-1.79494690910406,51.3533676059401],[-1.79494699646927,51.353367658245],[-1.79494706943826,51.3533677186174],[-1.79494712514303,51.3533677861532],[-1.79494716071954,51.3533678590489],[-1.79494717761979,51.3533679337103],[-1.79494717440776,51.353368010135],[-1.79494714966345,51.3533680847238],[-1.7949471062709,51.3533681547842],[-1.79494704423008,51.3533682203161],[-1.79494696499303,51.3533682777253],[-1.79494687143578,51.3533683261178],[-1.79494676643438,51.3533683645993],[-1.79464132379514,51.3534583876127],[-1.79464120592115,51.353458414382],[-1.79464108379519,51.3534584285555],[-1.79464095886126,51.3534584283371],[-1.79464083541944,51.3534584155329],[-1.7946407177858,51.3534583883519],[-1.79464060882037,51.3534583494967],[-1.79464051282719,51.353458299874],[-1.79464043124232,51.3534582394863],[-1.79464036835778,51.3534581719379],[-1.79464032560558,51.3534580981304],[-1.79464030296972,51.3534580216605],[-1.79464030331822,51.3534579434324],[-1.79464032376701,51.3534578661386],[-1.79464036717615,51.3534577924817],[-1.79464042922952,51.3534577242525],[-1.79464050847912,51.3534576641459],[-1.79464060492093,51.3534576130612],[-1.79464071279883,51.3534575736858],[-1.79494615543391,51.353367550674],[-1.79494621725474,51.3533675345967],[-1.79494633796835,51.3533675150253]]],[[[-1.79490459207369,51.3534547705571],[-1.79490471416756,51.3534547635768],[-1.79490483620144,51.3534547700841],[-1.79490495387123,51.3534547891723],[-1.79490506574092,51.3534548208388],[-1.79490516750646,51.3534548641771],[-1.79490525487177,51.3534549164821],[-1.79490532783285,51.3534549786529],[-1.79490538209764,51.3534550470853],[-1.79490541767415,51.353455119981],[-1.79490543313034,51.3534551964383],[-1.7949054270462,51.353455272858],[-1.79490540086575,51.3534553474443],[-1.794905354597,51.3534554183988],[-1.79490528968797,51.3534554830264],[-1.79490520757867,51.3534555404306],[-1.79490511115316,51.3534555879189],[-1.79490500472351,51.3534556245995],[-1.79471863710628,51.3535070469755],[-1.7947185178042,51.3535070719441],[-1.79471839425011,51.3535070843168],[-1.79471826932406,51.3535070823002],[-1.79471814733013,51.353507066801],[-1.79471802970033,51.3535070387209],[-1.79471792361476,51.3535069980724],[-1.79471782906545,51.353506946654],[-1.79471775035644,51.3535068853722],[-1.79471769034777,51.3535068169297],[-1.79471765047145,51.353506742228],[-1.79471763071149,51.353506664864],[-1.7947176339319,51.353506586641],[-1.79471765868466,51.3535065102539],[-1.79471770352974,51.3535064365994],[-1.79471776844711,51.3535063701735],[-1.79471785056474,51.3535063109711],[-1.79471794843458,51.3535062616872],[-1.79471805774055,51.3535062241125],[-1.79490442535512,51.3534548017374],[-1.79490447135982,51.3534547901284],[-1.79490459207369,51.3534547705571]]],[[[-1.79492505497923,51.3535033170502],[-1.79492517563721,51.3535033100673],[-1.79492529480316,51.3535033156704],[-1.79492541247309,51.3535033347585],[-1.79492552147887,51.3535033646217],[-1.79492562181649,51.3535034061591],[-1.79492571062195,51.3535034575674],[-1.79492578359113,51.3535035179399],[-1.79492583930003,51.3535035845764],[-1.79492587631663,51.3535036565755],[-1.79492589465692,51.3535037303402],[-1.79492589144886,51.3535038058658],[-1.79492586957648,51.3535038804596],[-1.79492582761979,51.3535039505224],[-1.7949257684508,51.3535040160593],[-1.79492569064551,51.3535040743702],[-1.79492559995603,51.3535041236669],[-1.79492549639032,51.3535041621509],[-1.79475982172312,51.353555620706],[-1.79475970527698,51.3535556492763],[-1.79475958314277,51.3535556652483],[-1.79475945820058,51.3535556668284],[-1.79475933475447,51.3535556549234],[-1.79475921567249,51.3535556304375],[-1.7947591052667,51.3535555924791],[-1.79475900783317,51.3535555437532],[-1.79475892480394,51.3535554851614],[-1.79475886048306,51.3535554176106],[-1.79475881485454,51.3535553446973],[-1.79475878934637,51.3535552682224],[-1.79475878682263,51.3535551899893],[-1.79475880583524,51.353555112693],[-1.79475884494021,51.3535550381293],[-1.79475890556153,51.3535549689983],[-1.79475898337912,51.35355490799],[-1.79475907695295,51.353554856001],[-1.79475918483498,51.3535548157263],[-1.79492485950003,51.3535033571721],[-1.79492493426525,51.3535033366214],[-1.79492505497923,51.3535033170502]]],[[[-1.79499720043214,51.3535551907699],[-1.79499732109025,51.353555183787],[-1.79499744025634,51.35355518939],[-1.79499755792642,51.3535552084781],[-1.79499766693237,51.3535552383412],[-1.79499776727018,51.3535552798786],[-1.79499785607581,51.3535553312868],[-1.79499792904517,51.3535553916592],[-1.79499798475423,51.3535554582957],[-1.79499802177098,51.3535555302947],[-1.7949980401114,51.3535556040595],[-1.79499803690346,51.353555679585],[-1.79499801503117,51.3535557541788],[-1.79499797307454,51.3535558242417],[-1.79499791390559,51.3535558897786],[-1.79499783610031,51.3535559480896],[-1.79499774541079,51.3535559973863],[-1.79499764184503,51.3535560358704],[-1.7947387828975,51.3536364472381],[-1.79473866645114,51.3536364758084],[-1.79473854431673,51.3536364917803],[-1.79473841937432,51.3536364933604],[-1.79473829592799,51.3536364814554],[-1.79473817684581,51.3536364569695],[-1.79473806643984,51.3536364190111],[-1.79473796900618,51.3536363702851],[-1.79473788597682,51.3536363116934],[-1.79473782165587,51.3536362441425],[-1.7947377760273,51.3536361712292],[-1.79473775051914,51.3536360947543],[-1.79473774799541,51.3536360165212],[-1.79473776700811,51.3536359392249],[-1.79473780611317,51.3536358646613],[-1.79473786673462,51.3536357955303],[-1.79473794455237,51.353635734522],[-1.79473803812639,51.353635682533],[-1.79473814600864,51.3536356422583],[-1.79499700495277,51.353555230892],[-1.79499707971806,51.3535552103413],[-1.79499720043214,51.3535551907699]]],[[[-1.7956283329661,51.3534754359144],[-1.79562844931583,51.3534754289234],[-1.79562856417374,51.3534754345182],[-1.79562867754777,51.3534754509007],[-1.79562878368987,51.3534754789599],[-1.79562888260799,51.3534755168975],[-1.79600038414056,51.3536475821869],[-1.7960004786876,51.3536476345034],[-1.79600055596251,51.3536476957818],[-1.79600061597324,51.3536477642237],[-1.79600065585174,51.3536478389249],[-1.79600067417787,51.3536479162863],[-1.7960006709596,51.3536479945093],[-1.79600064620488,51.3536480717959],[-1.79600059992965,51.3536481445491],[-1.7960005350139,51.3536482109758],[-1.79600045146163,51.3536482701766],[-1.79600035359682,51.3536483185624],[-1.79600024429156,51.3536483561382],[-1.79600012498979,51.3536483811082],[-1.79600000143965,51.353648392583],[-1.79599987651317,51.3536483905678],[-1.7959997530824,51.3536483750674],[-1.79599963689147,51.3536483460919],[-1.79599953080447,51.3536483054446],[-1.7956280292693,51.3534762401526],[-1.79562793901914,51.3534761905407],[-1.79562786316508,51.3534761328612],[-1.79562780457519,51.3534760680183],[-1.79562776324547,51.3534759969112],[-1.79562774202806,51.3534759240407],[-1.79562773949088,51.3534758485051],[-1.79562775705007,51.3534757748029],[-1.7956277947016,51.3534757038331],[-1.79562784956547,51.3534756373892],[-1.79562792162973,51.3534755781687],[-1.79562800945834,51.353475526169],[-1.79562810872729,51.3534754849793],[-1.79562821800057,51.3534754545973],[-1.7956283329661,51.3534754359144]]],[[[-1.79560752517844,51.3535045061869],[-1.7956076444003,51.3535044992008],[-1.79560776356633,51.3535045048032],[-1.79560787836849,51.3535045229865],[-1.79560798737471,51.353504552849],[-1.79560808771694,51.3535045934867],[-1.79596924713166,51.3536798833273],[-1.79596933736269,51.3536799374348],[-1.79596941032156,51.3536800005041],[-1.79596946601625,51.3536800707369],[-1.79596950015059,51.3536801454281],[-1.7959695141686,51.353680222782],[-1.79596950664617,51.3536803000984],[-1.79596947759127,51.3536803755791],[-1.79596942701183,51.3536804474257],[-1.79596935923191,51.3536805120489],[-1.79596927425544,51.3536805685497],[-1.79596917352644,51.3536806151322],[-1.795969062793,51.3536806509072],[-1.79596894350309,51.3536806731795],[-1.7959688199608,51.353680682856],[-1.79596869648221,51.3536806781457],[-1.79596857593138,51.3536806608519],[-1.7959684611804,51.3536806309797],[-1.79596835653734,51.3536805885365],[-1.79560719712053,51.3535052986932],[-1.79560711118637,51.3535052472905],[-1.79560704108037,51.3535051887218],[-1.79560698679854,51.3535051238864],[-1.79560694977292,51.3535050536859],[-1.79560693142358,51.3535049817196],[-1.79560693318654,51.3535049079899],[-1.79560695360984,51.353504836091],[-1.79560699125743,51.3535047660204],[-1.79560704754543,51.3535047022765],[-1.79560711960577,51.3535046439551],[-1.79560720598648,51.3535045946505],[-1.79560730525153,51.35350455436],[-1.79560741165284,51.353504523973],[-1.79560752517844,51.3535045061869]]],[[[-1.79525524646282,51.353531506699],[-1.79525536712082,51.3535314997158],[-1.79525548771892,51.3535315062202],[-1.79525560539304,51.3535315244089],[-1.79525571582714,51.3535315560726],[-1.79525581760116,51.3535315976123],[-1.795255904967,51.353531649917],[-1.79525597793666,51.3535317102892],[-1.79525603364207,51.3535317778247],[-1.79525606921919,51.3535318507204],[-1.79525608611999,51.3535319253818],[-1.79525608291245,51.3535320009073],[-1.79525605816855,51.3535320754962],[-1.79525601477231,51.3535321464558],[-1.7952559527357,51.3535322110887],[-1.79525587349476,51.3535322693973],[-1.79525578137352,51.3535323177925],[-1.795255676372,51.3535323562743],[-1.79475104952852,51.3536816030199],[-1.79475093165403,51.3536816297894],[-1.79475080809148,51.3536816439604],[-1.79475068315695,51.3536816437422],[-1.79475055971451,51.3536816309381],[-1.79475044207623,51.3536816046563],[-1.7947503331102,51.3536815658012],[-1.79475023712045,51.3536815152795],[-1.79475015696706,51.3536814557936],[-1.79475009264603,51.3536813882427],[-1.79475004989345,51.3536813144352],[-1.79475002726131,51.3536812370662],[-1.79475002760963,51.3536811588381],[-1.79475004805834,51.3536810815443],[-1.79475009003147,51.3536810078849],[-1.794750152085,51.3536809396556],[-1.79475023277086,51.3536808795514],[-1.79475032777297,51.3536808293633],[-1.79475043565531,51.3536807890886],[-1.79525506249194,51.3535315423457],[-1.79525512574891,51.3535315262706],[-1.79525524646282,51.353531506699]]],[[[-1.79524304123495,51.3535765253709],[-1.79524316189306,51.3535765183877],[-1.7952432839273,51.3535765248946],[-1.79524340016551,51.3535765430808],[-1.79524351203573,51.353576574747],[-1.79524361237381,51.3535766162842],[-1.79524369973973,51.3535766685889],[-1.79524377270544,51.3535767298603],[-1.79524382841089,51.3535767973959],[-1.79524386542804,51.3535768693948],[-1.79524388088882,51.3535769449529],[-1.79524387768127,51.3535770204784],[-1.79524385293733,51.3535770950673],[-1.79524380810499,51.3535771660244],[-1.79524374606431,51.3535772315564],[-1.79524366682727,51.3535772889659],[-1.79524357326991,51.3535773373586],[-1.79524346827228,51.3535773749412],[-1.79481094372682,51.3537042231013],[-1.79481083303647,51.3537042489842],[-1.79481071665402,51.3537042631678],[-1.79481059745555,51.353704264758],[-1.79481048118117,51.353704254664],[-1.79481036783489,51.3537042319866],[-1.79481026171678,51.3537041985316],[-1.79481016713494,51.3537041543066],[-1.79481008408137,51.3537041011099],[-1.79481001686014,51.3537040398483],[-1.79480996689929,51.3537039723225],[-1.79480993418679,51.3537039012301],[-1.79480992159073,51.3537038274754],[-1.79480992910309,51.3537037528565],[-1.79480995527181,51.3537036809678],[-1.79481000009693,51.3537036118092],[-1.79481006212638,51.3537035489749],[-1.79481013992012,51.3537034933616],[-1.79481023203816,51.3537034458659],[-1.7948103355964,51.3537034091803],[-1.79524286013593,51.3535765610225],[-1.79524292052091,51.3535765449425],[-1.79524304123495,51.3535765253709]]],[[[-1.79525471300255,51.3536516092781],[-1.79525483509688,51.3536516022974],[-1.79525495713132,51.3536516088043],[-1.79525507480176,51.3536516278922],[-1.79525518667216,51.3536516595584],[-1.79525528843845,51.3536517028964],[-1.79525537580452,51.3536517552011],[-1.79525544876639,51.3536518173716],[-1.79525550303191,51.3536518858039],[-1.79525553860912,51.3536519586995],[-1.79525555406595,51.3536520351567],[-1.79525554798236,51.3536521115765],[-1.79525552180236,51.3536521861628],[-1.79525547553395,51.3536522571174],[-1.79525541062513,51.3536523217453],[-1.79525532851592,51.3536523791498],[-1.79525523209035,51.3536524266383],[-1.79525512566052,51.3536524633192],[-1.79482261950714,51.3537718033987],[-1.79482250020444,51.3537718283674],[-1.79482237664967,51.3537718407402],[-1.79482225172291,51.3537718387237],[-1.79482212972825,51.3537718232246],[-1.79482201209772,51.3537717951446],[-1.79482190601146,51.3537717544963],[-1.79482181146149,51.3537717030779],[-1.7948217327519,51.3537716417962],[-1.79482167274274,51.3537715733537],[-1.79482163286604,51.3537714986521],[-1.79482161310578,51.3537714212881],[-1.79482161632604,51.353771343065],[-1.79482164107878,51.353771266678],[-1.79482168592394,51.3537711930235],[-1.79482175084154,51.3537711265975],[-1.7948218329595,51.353771067395],[-1.79482193082978,51.353771018111],[-1.79482204013629,51.3537709805363],[-1.7952545462835,51.3536516404589],[-1.79525459228833,51.3536516288497],[-1.79525471300255,51.3536516092781]]],[[[-1.795254446291,51.3537116560709],[-1.7952545683855,51.3537116490902],[-1.79525469042009,51.3537116555971],[-1.79525480952671,51.3537116746874],[-1.79525491996123,51.3537117063512],[-1.79525502172765,51.3537117496891],[-1.79525510908984,51.353711802893],[-1.79525518205579,51.3537118641644],[-1.79525523632138,51.3537119325967],[-1.79525527189464,51.3537120063914],[-1.79525528735149,51.3537120828487],[-1.79525528126789,51.3537121592684],[-1.79525525365183,51.3537122338522],[-1.79525520738336,51.3537123048069],[-1.79525514247445,51.3537123694347],[-1.79525506036512,51.3537124268392],[-1.79525496393944,51.3537124743277],[-1.79525485750948,51.3537125110087],[-1.79484639465467,51.353824393905],[-1.79484628254001,51.3538244170879],[-1.79484616472924,51.3538244294707],[-1.79484604697451,51.3538244292651],[-1.7948459292718,51.3538244173703],[-1.79484581736923,51.3538243928971],[-1.79484571269486,51.3538243576463],[-1.79484561955678,51.3538243116255],[-1.79484553937902,51.3538242575347],[-1.79484547503365,51.3538241953789],[-1.79484542651265,51.3538241269565],[-1.79484539811212,51.3538240549725],[-1.79484538838804,51.3538239812227],[-1.79484539876842,51.353823907508],[-1.79484542781324,51.3538238347251],[-1.79484547550247,51.3538237673699],[-1.7948455404001,51.3538237054398],[-1.79484562106207,51.3538236507306],[-1.79484571460834,51.3538236050357],[-1.79484581816281,51.3538235692493],[-1.79525428101176,51.353711686355],[-1.79525432557663,51.3537116756425],[-1.795254446291,51.3537116560709]]],[[[-1.79532610117892,51.353786844474],[-1.7953262232736,51.3537868374932],[-1.79532634674443,51.3537868440026],[-1.79532646441124,51.3537868639895],[-1.79532657628202,51.3537868956557],[-1.79532667804867,51.3537869389936],[-1.79532676684711,51.3537869921999],[-1.79532683837324,51.3537870543679],[-1.79532689263505,51.3537871236993],[-1.79532692820848,51.3537871974941],[-1.79532694222944,51.3537872739488],[-1.79532693470992,51.353787350366],[-1.79532690709392,51.3537874249499],[-1.79532685938944,51.353787495902],[-1.79532679304051,51.3537875614266],[-1.79532671093514,51.3537876179319],[-1.79532661307733,51.3537876645188],[-1.79532650521121,51.3537877011974],[-1.79490601796066,51.3538995588594],[-1.79490589867368,51.3538995802315],[-1.7949057751306,51.3538995899068],[-1.79490565165154,51.3538995851954],[-1.79490553110454,51.3538995670014],[-1.79490541635771,51.353899536229],[-1.79490531314717,51.3538994946865],[-1.79490522291295,51.3538994414774],[-1.79490514707911,51.3538993793016],[-1.79490509138176,51.3538993099675],[-1.79490505437289,51.3538992361701],[-1.79490503748451,51.3538991588111],[-1.79490504357271,51.3538990814923],[-1.79490507119345,51.3538990060093],[-1.79490511746665,51.3538989341557],[-1.79490518382034,51.3538988677322],[-1.79490526736644,51.3538988103305],[-1.79490536522892,51.3538987628447],[-1.79490547453166,51.3538987261691],[-1.79532596177598,51.353786868509],[-1.79532610117892,51.353786844474]]],[[[-1.79433614412151,51.3533923179826],[-1.79433625616316,51.3533923109853],[-1.79433636815268,51.3533923156772],[-1.79433647865802,51.3533923311567],[-1.79433658337516,51.353392356517],[-1.79433667942804,51.3533923926524],[-1.79433676682468,51.3533924377644],[-1.79433684126506,51.3533924900471],[-1.79433690131313,51.3533925494981],[-1.79433694554092,51.3533926143165],[-1.7946035245226,51.3539041189387],[-1.79460355290676,51.3539041945194],[-1.79460355973838,51.3539042727601],[-1.79460354503346,51.3539043500638],[-1.79460350880003,51.3539044246325],[-1.79460345248614,51.3539044937709],[-1.79460337896784,51.353904556585],[-1.7946032882572,51.3539046103773],[-1.79460318467031,51.3539046533568],[-1.79460306964721,51.3539046846271],[-1.79460294894007,51.3539047023997],[-1.79460282398091,51.3539047075763],[-1.79460270051788,51.3539046992679],[-1.79460258142707,51.3539046765802],[-1.79460246956852,51.3539046422158],[-1.79460236925034,51.3539045961823],[-1.79460228333659,51.3539045402829],[-1.7946022132593,51.3539044754194],[-1.79460216331457,51.3539044042969],[-1.79433558434622,51.3533928996717],[-1.79433555595879,51.35339282499],[-1.79433554911968,51.3533927485477],[-1.79433556382086,51.3533926721431],[-1.79433559718228,51.3533925975695],[-1.79433565205994,51.3533925284287],[-1.79433572413774,51.3533924665114],[-1.79433581197565,51.3533924127143],[-1.79433591412965,51.3533923688333],[-1.79433602484359,51.3533923375558],[-1.79433614412151,51.3533923179826]]],[[[-1.79447067090444,51.353369912013],[-1.79447079587018,51.3533699050381],[-1.79447092077179,51.3533699124501],[-1.79447104130923,51.3533699324429],[-1.79447115460643,51.3533699659107],[-1.79447125636335,51.3533700110477],[-1.794471345152,51.353370066053],[-1.79447141666432,51.3533701309191],[-1.79447146948034,51.3533702020467],[-1.79478956999791,51.3539206067715],[-1.79478960125447,51.3539206823573],[-1.79478961239452,51.3539207606054],[-1.79478960055797,51.3539208388134],[-1.79478956862892,51.3539209142888],[-1.79478951517936,51.3539209852307],[-1.79478944309334,51.3539210489466],[-1.79478935524692,51.3539211045423],[-1.79478925165216,51.3539211493204],[-1.79478913805719,51.3539211823917],[-1.79478901734207,51.3539212019628],[-1.79478889237488,51.353921208938],[-1.79478876890777,51.353921201529],[-1.79478864693275,51.353921181534],[-1.79478853363397,51.3539211480664],[-1.79478843187553,51.3539211029297],[-1.79478834308546,51.3539210479246],[-1.79478827157185,51.3539209830588],[-1.79478821875473,51.3539209119313],[-1.79447011825106,51.3533705072029],[-1.79447008839934,51.3533704388129],[-1.79447007579187,51.3533703677556],[-1.79447008185266,51.353370296731],[-1.79447010514167,51.3533702266357],[-1.79447014564687,51.3533701601672],[-1.79447020336026,51.3533700991239],[-1.79447027540978,51.3533700435007],[-1.7944703603474,51.3533699959927],[-1.79447045673308,51.3533699574966],[-1.79447056025075,51.3533699298031],[-1.79447067090444,51.353369912013]]],[[[-1.79423266411476,51.3534083130654],[-1.7942327775925,51.3534083060707],[-1.79423289101805,51.3534083107652],[-1.7942330015234,51.3534083262448],[-1.79423310623651,51.3534083525044],[-1.79423320372134,51.3534083895415],[-1.7942332896819,51.353408434651],[-1.79423336411415,51.3534084887322],[-1.79423342415811,51.3534085490824],[-1.79423346838176,51.3534086148001],[-1.79448962176839,51.3539395093301],[-1.79448964727632,51.353939585805],[-1.79448965123969,51.3539396631415],[-1.79448963509853,51.3539397404427],[-1.79448959599682,51.3539398141071],[-1.79448953825069,51.3539398823438],[-1.79448946330016,51.3539399442562],[-1.7944893711613,51.3539399962475],[-1.79448926614219,51.3539400383253],[-1.79448915112695,51.3539400677971],[-1.79448903042368,51.3539400846704],[-1.79448890690447,51.3539400889502],[-1.79448878344938,51.3539400788433],[-1.79448866435853,51.3539400561555],[-1.79448855394003,51.3539400208944],[-1.79448845506193,51.3539399739641],[-1.79448837058829,51.353939917168],[-1.79448830194716,51.3539398523069],[-1.7944882534426,51.3539397802877],[-1.79423210007007,51.3534088857546],[-1.79423207455484,51.353408811078],[-1.79423206914789,51.3534087355374],[-1.79423208528126,51.3534086600345],[-1.79423212150688,51.3534085872643],[-1.79423217637668,51.3534085199219],[-1.79423224845063,51.3534084589038],[-1.79423233628468,51.353408406006],[-1.79423243699877,51.3534083630217],[-1.79423254627679,51.3534083317418],[-1.79423266411476,51.3534083130654]]],[[[-1.79645370576377,51.3538563586084],[-1.79645382785847,51.3538563516265],[-1.79645394845758,51.3538563581296],[-1.79645406612902,51.3538563772163],[-1.79645417656868,51.3538564079797],[-1.7964542783405,51.3538564504175],[-1.7964543657083,51.3538565027213],[-1.79645443867605,51.3538565639919],[-1.79645449438359,51.3538566315269],[-1.79645452996283,51.3538567044221],[-1.79645454542567,51.3538567799801],[-1.79645454078005,51.3538568564023],[-1.79645451603789,51.3538569309914],[-1.79645447120714,51.353857001949],[-1.79645440773572,51.35385706658],[-1.79645432849969,51.3538571239903],[-1.79645423494303,51.353857172384],[-1.79645412850969,51.3538572099652],[-1.79596154049115,51.3539989746153],[-1.79596142980471,51.3539989996001],[-1.79596131198982,51.3539990128832],[-1.79596119422667,51.3539990144771],[-1.79596107651924,51.3539990034826],[-1.79596096317167,51.3539989808062],[-1.79596085849208,51.3539989464556],[-1.79596076390855,51.3539989022316],[-1.79596068229316,51.353998848139],[-1.79596061506998,51.353998786878],[-1.79596056510715,51.3539987193528],[-1.79596053526876,51.3539986473665],[-1.79596052267079,51.3539985736119],[-1.79596053017737,51.3539984998921],[-1.79596055778452,51.3539984271065],[-1.79596060404025,51.3539983588491],[-1.79596066606855,51.3539982960142],[-1.79596074529746,51.3539982404026],[-1.79596083741093,51.3539981938052],[-1.79596094096892,51.3539981571186],[-1.79645352898063,51.353856392471],[-1.79645358504951,51.3538563781813],[-1.79645370576377,51.3538563586084]]],[[[-1.79408765110156,51.3534731776642],[-1.79408776314345,51.3534731706671],[-1.79408787656915,51.3534731753618],[-1.79408798563859,51.353473190839],[-1.79408809178777,51.3534732171012],[-1.79408818784062,51.3534732532368],[-1.79408827523719,51.3534732983489],[-1.79408834967339,51.353473351531],[-1.79408840972126,51.3534734109822],[-1.79408845394877,51.3534734758006],[-1.79438059080861,51.3540497136373],[-1.79438061775245,51.3540497901148],[-1.79438062458772,51.3540498674562],[-1.79438060844635,51.3540499447575],[-1.79438057221245,51.354050019326],[-1.79438051446201,51.3540500884619],[-1.79438043950715,51.3540501512733],[-1.79438034879998,51.3540502041662],[-1.79438024521655,51.3540502462464],[-1.79438013019296,51.3540502775164],[-1.79438000948534,51.3540502952888],[-1.79437988596583,51.3540502995685],[-1.79437976107043,51.3540502903582],[-1.79437964197935,51.3540502676703],[-1.79437953155666,51.3540502333082],[-1.79437943123839,51.3540501872745],[-1.79437934532865,51.3540501304757],[-1.79437927668749,51.3540500656146],[-1.79437922674294,51.354049994492],[-1.79408708989823,51.353473756652],[-1.79408706294717,51.3534736819728],[-1.79408705611247,51.3534736046313],[-1.79408707081007,51.3534735291259],[-1.79408710560395,51.3534734554541],[-1.79408716047805,51.3534733872126],[-1.79408723255631,51.3534733252954],[-1.79408732039466,51.3534732714986],[-1.79408742110903,51.3534732285144],[-1.79408753326337,51.3534731963405],[-1.79408765110156,51.3534731776642]]],[[[-1.79652532970697,51.3539390453819],[-1.79652545323792,51.3539390384024],[-1.79652557670932,51.3539390449105],[-1.79652569581307,51.3539390648987],[-1.79652580768107,51.3539390974629],[-1.79652590944918,51.3539391407998],[-1.79652599824531,51.3539391949043],[-1.79652606976931,51.3539392579708],[-1.79652612403308,51.3539393273017],[-1.7965261581685,51.3539394019927],[-1.79652617075148,51.353939479344],[-1.79652616179786,51.3539395557588],[-1.79652613274368,51.3539396312396],[-1.79652608360484,51.3539397021898],[-1.7965260158253,51.3539397668134],[-1.79652593084905,51.3539398233146],[-1.79652583299211,51.3539398699025],[-1.79652572226245,51.3539399047788],[-1.79599716668042,51.3540741018327],[-1.79599704739349,51.3540741232059],[-1.79599692385415,51.3540741319833],[-1.79599679894244,51.3540741263713],[-1.79599667839457,51.3540741081784],[-1.79599656508661,51.3540740765104],[-1.79599646188265,51.3540740331706],[-1.79599637164686,51.3540739799623],[-1.79599629725128,51.3540739168905],[-1.79599624155211,51.3540738475569],[-1.7959962059814,51.3540737728632],[-1.79599619196323,51.3540736955094],[-1.79599619948966,51.3540736172938],[-1.79599622854478,51.3540735418131],[-1.79599627768855,51.354073469964],[-1.79599634547299,51.3540734044415],[-1.79599643045014,51.3540733479407],[-1.79599652974392,51.3540733013557],[-1.79599664047828,51.3540732655808],[-1.79652519605232,51.3539390685292],[-1.79652532970697,51.3539390453819]]],[[[-1.79492124441627,51.3530880599335],[-1.79492136363716,51.3530880529481],[-1.79492148423805,51.3530880585537],[-1.79492160047092,51.3530880776393],[-1.79492171091174,51.3530881075051],[-1.79492181124848,51.3530881490425],[-1.79492189861712,51.3530882004482],[-1.79492197158965,51.3530882599215],[-1.79492202730205,51.3530883256589],[-1.79492206575432,51.3530883976604],[-1.79492208409445,51.3530884714253],[-1.79494512420933,51.3532985008177],[-1.79567506096431,51.3536974744313],[-1.79567513829069,51.3536975240207],[-1.79567520122887,51.3536975798793],[-1.79567525121887,51.3536976411105],[-1.79594940696285,51.3541109680169],[-1.79594944109748,51.3541110427081],[-1.79594945511558,51.354111120062],[-1.79594944759304,51.3541111973784],[-1.79594941853782,51.3541112728591],[-1.7959493679579,51.3541113447057],[-1.79594930017731,51.3541114093289],[-1.79594921520003,51.3541114658297],[-1.79594911590613,51.3541115124147],[-1.79594900517165,51.3541115481896],[-1.79594888588062,51.3541115704619],[-1.79594876233719,51.3541115801384],[-1.79594863885744,51.3541115754281],[-1.79594851686948,51.3541115581318],[-1.79594840211744,51.3541115282596],[-1.79594829746946,51.3541114867155],[-1.79594820723364,51.3541114335072],[-1.79594813139408,51.3541113722313],[-1.79594807425888,51.3541113028952],[-1.79567398985195,51.3536980831121],[-1.79494395568347,51.3532990562702],[-1.79494387692651,51.3532990057787],[-1.79494381256172,51.3532989481188],[-1.79494376258111,51.353298885089],[-1.79494372841669,51.3532988175908],[-1.79494371149246,51.3532987483244],[-1.79492065066773,51.3530885336644],[-1.79492065243176,51.3530884599347],[-1.79492067285592,51.3530883880359],[-1.79492071193623,51.3530883188672],[-1.79492076822466,51.3530882551237],[-1.79492084028521,51.3530881968027],[-1.79492092666587,51.3530881474986],[-1.79492102449462,51.3530881072062],[-1.79492113089141,51.3530880777189],[-1.79492124441627,51.3530880599335]]],[[[-1.79656106608745,51.3539991635028],[-1.79656118961854,51.3539991565232],[-1.79656131309011,51.3539991630312],[-1.79656143363007,51.3539991830219],[-1.79656154693031,51.3539992164877],[-1.79656164869461,51.3539992607237],[-1.79656173605486,51.3539993148258],[-1.79656180901107,51.3539993787939],[-1.79656186183496,51.3539994490214],[-1.79656189453445,51.35399952371],[-1.7965619071175,51.3539996010613],[-1.79656189815996,51.3539996783753],[-1.79656186766977,51.3539997538536],[-1.79656181565883,51.3539998247988],[-1.79656174644321,51.3539998894199],[-1.79656166003481,51.3539999450195],[-1.79656156074573,51.3539999907058],[-1.79656144857991,51.3540000255796],[-1.79600888752567,51.354134180223],[-1.79600876680653,51.3541342006946],[-1.79600864327101,51.3541342085728],[-1.79600851835915,51.3541342029608],[-1.79600839781907,51.3541341829696],[-1.79600828451095,51.3541341513016],[-1.79600818131084,51.3541341070626],[-1.79600809107889,51.3541340529551],[-1.79600801812323,51.3541339889867],[-1.79600796386399,51.3541339187564],[-1.79600792972925,51.3541338440652],[-1.79600791715107,51.3541337658147],[-1.79600792610955,51.3541336885008],[-1.79600795660073,51.3541336130226],[-1.79600800718058,51.354133541176],[-1.79600807639717,51.3541334765552],[-1.79600816281046,51.3541334200568],[-1.79600826353642,51.3541333743735],[-1.79600837570297,51.3541333395002],[-1.79656093674869,51.3539991848592],[-1.79656106608745,51.3539991635028]]],[[[-1.79669282068512,51.3540519306364],[-1.79669294421634,51.3540519236567],[-1.79669306625202,51.3540519301621],[-1.79669318535614,51.3540519501502],[-1.7966932972285,51.354051981815],[-1.79669339899302,51.3540520260509],[-1.79669348778958,51.3540520801554],[-1.79669355931794,51.3540521423226],[-1.79669361358209,51.3540522116533],[-1.79669364772184,51.3540522854452],[-1.79669366174116,51.3540523627989],[-1.79669365422383,51.3540524392162],[-1.79669362516985,51.3540525146971],[-1.79669357603115,51.3540525856473],[-1.79669350968772,51.3540526502735],[-1.79669342471146,51.3540527067748],[-1.79669332685446,51.3540527533629],[-1.79669321755672,51.354052789141],[-1.79611658633752,51.3542019207498],[-1.79611646705032,51.3542019421232],[-1.79611634351066,51.3542019509006],[-1.79611621859859,51.3542019452888],[-1.79611609805035,51.354201927096],[-1.796115984738,51.3542018963273],[-1.79611588009762,51.3542018529851],[-1.79611578986145,51.3542017997769],[-1.79611571546153,51.3542017376044],[-1.79611565976202,51.3542016682709],[-1.79611562419101,51.3542015935772],[-1.79611560873656,51.3542015162209],[-1.79611561625884,51.3542014389044],[-1.79611564388178,51.354201362522],[-1.79611569158548,51.3542012915696],[-1.79611575936993,51.3542012260471],[-1.79611584291511,51.3542011686445],[-1.79611594221303,51.3542011211602],[-1.79611605294759,51.3542010853852],[-1.79669268415815,51.3540519537789],[-1.79669282068512,51.3540519306364]]],[[[-1.79676451152544,51.354119610059],[-1.79676463649288,51.3541196030817],[-1.79676476139686,51.3541196104912],[-1.79676488193723,51.3541196304816],[-1.7967649952379,51.3541196639473],[-1.79676509699869,51.3541197090823],[-1.79676518579148,51.3541197640859],[-1.79676525730816,51.3541198289505],[-1.79676531012852,51.3541199000771],[-1.79676534138841,51.3541199756623],[-1.79676535253183,51.3541200539102],[-1.79676534069854,51.3541201321185],[-1.79676530877256,51.3541202075944],[-1.79676525532577,51.3541202785372],[-1.79676518324213,51.3541203422543],[-1.79676509539771,51.3541203978515],[-1.79676499180439,51.3541204426313],[-1.79676487821033,51.3541204757045],[-1.79614030126501,51.3542620127425],[-1.79614018054956,51.354262032315],[-1.79614005558167,51.3542620392917],[-1.79613993067739,51.3542620318815],[-1.79613981013692,51.3542620118904],[-1.79613969683636,51.3542619784242],[-1.79613959507587,51.3542619332887],[-1.79613950628354,51.3542618782846],[-1.79613943476753,51.3542618134196],[-1.79613938194796,51.3542617422927],[-1.79613935068899,51.3542616667073],[-1.79613933954659,51.3542615884593],[-1.79613935137699,51.3542615111503],[-1.79613938330806,51.3542614347755],[-1.79613943675597,51.3542613638329],[-1.79613950884068,51.3542613001162],[-1.79613959668611,51.3542612445194],[-1.79613970028034,51.3542611997402],[-1.79613981387519,51.3542611666676],[-1.79676439081062,51.3541196296322],[-1.79676451152544,51.354119610059]]],[[[-1.79676408126447,51.3542171883433],[-1.79676420623216,51.354217181366],[-1.79676432970433,51.3542171878738],[-1.79676445024099,51.3542172087634],[-1.79676456354586,51.3542172413299],[-1.79676466530686,51.3542172864649],[-1.79676475266379,51.354217341466],[-1.79676482418854,51.3542174045323],[-1.79676487844506,51.3542174756614],[-1.79676491114503,51.3542175503499],[-1.79676492228846,51.3542176285978],[-1.79676491189516,51.3542177059093],[-1.79676488140517,51.3542177813877],[-1.7967648293943,51.354217852333],[-1.79676475874259,51.3542179169518],[-1.79676467089799,51.354217972549],[-1.79676457017258,51.354218018233],[-1.79676445801432,51.3542180513087],[-1.79625996987026,51.3543372829544],[-1.79625985058675,51.3543373034288],[-1.79625972561866,51.3543373104055],[-1.79625960071019,51.3543373038947],[-1.79625948016947,51.3543372839037],[-1.79625936686467,51.3543372513368],[-1.79625926366387,51.354337207098],[-1.79625917487126,51.354337152094],[-1.79625910334701,51.3543370890274],[-1.79625904909113,51.3543370178981],[-1.79625901639585,51.3543369423103],[-1.79625900381323,51.354336864959],[-1.79625901421136,51.3543367867483],[-1.79625904470227,51.3543367112701],[-1.79625909671403,51.354336640325],[-1.79625916736662,51.3543365757066],[-1.79625925377998,51.3543365192081],[-1.79625935593821,51.3543364744262],[-1.79625946810109,51.3543364404518],[-1.7967639562373,51.3542172088082],[-1.79676408126447,51.3542171883433]]],[[[-1.79678782720829,51.3542772766604],[-1.79678795074009,51.3542772696806],[-1.79678807421244,51.3542772761883],[-1.79678819331716,51.3542772961763],[-1.79678830518615,51.3542773287402],[-1.79678840695128,51.354277372976],[-1.79678849574836,51.3542774270804],[-1.79678856727324,51.3542774901467],[-1.79678862153778,51.3542775594774],[-1.79678865567389,51.3542776341684],[-1.79678866825738,51.3542777115197],[-1.79678865930016,51.3542777888337],[-1.79678863025017,51.3542778634154],[-1.79678858111137,51.3542779343656],[-1.79678851189565,51.3542779989869],[-1.79678842691909,51.3542780554883],[-1.79678832762962,51.3542781011748],[-1.79678821689538,51.3542781369505],[-1.79628367486798,51.354404877658],[-1.79628355558033,51.3544048990315],[-1.79628343204415,51.3544049069099],[-1.79628330713152,51.3544049012983],[-1.79628318658665,51.3544048822065],[-1.79628307327768,51.3544048505388],[-1.79628297007274,51.3544048071992],[-1.79628287983597,51.3544047539911],[-1.79628280543949,51.3544046909195],[-1.79628275117952,51.3544046206894],[-1.79628271560808,51.3544045459958],[-1.79628270158935,51.354404468642],[-1.79628270911139,51.3544043913256],[-1.79628273817021,51.3544043149456],[-1.79628278730991,51.3544042439956],[-1.79628285653049,51.3544041784754],[-1.7962829415079,51.3544041219744],[-1.79628304080209,51.3544040753892],[-1.79628315297308,51.3544040396165],[-1.79678769499281,51.3542772989112],[-1.79678782720829,51.3542772766604]]],[[[-1.79693163997919,51.3543150570579],[-1.79693176351107,51.354315050078],[-1.79693188841957,51.3543150565881],[-1.79693200752051,51.354315077475],[-1.79693212082573,51.3543151100413],[-1.79693222259108,51.354315154277],[-1.79693231138444,51.3543152092805],[-1.79693238290956,51.3543152723467],[-1.79693243573436,51.354315342574],[-1.79693246843071,51.3543154181617],[-1.79693248101446,51.3543154955129],[-1.79693247205747,51.3543155728269],[-1.79693244013162,51.3543156483029],[-1.79693238955694,51.3543157192507],[-1.79693231890532,51.3543157838696],[-1.79693223249679,51.3543158394694],[-1.79693213177133,51.3543158851535],[-1.79693202104504,51.354315919131],[-1.79634343664441,51.3544575212438],[-1.79634331592456,51.3544575417157],[-1.79634319238825,51.3544575495943],[-1.79634306747945,51.3544575430835],[-1.79634294693441,51.3544575239918],[-1.79634283362925,51.3544574914249],[-1.79634273042811,51.3544574471863],[-1.79634264163121,51.3544573930815],[-1.79634256867457,51.3544573291133],[-1.79634251441445,51.3544572588832],[-1.79634248027894,51.3544571841921],[-1.79634246770011,51.3544571059416],[-1.7963424766581,51.3544570286277],[-1.79634250715292,51.3544569522502],[-1.79634255772865,51.3544568813026],[-1.79634262838131,51.3544568166841],[-1.79634271479478,51.3544567601856],[-1.79634281552111,51.3544567145019],[-1.79634292768422,51.3544566805275],[-1.79693151207577,51.3543150784172],[-1.79693163997919,51.3543150570579]]],[[[-1.79588562707206,51.3542018722589],[-1.79588573624335,51.3542018652551],[-1.7958858468029,51.3542018690438],[-1.79588595444256,51.3542018836177],[-1.79588605773031,51.354201908075],[-1.79588615235798,51.3542019424082],[-1.79588623832956,51.3542019857182],[-1.79588631421698,51.3542020362041],[-1.79588637427605,51.354202093856],[-1.79621235427636,51.354567602699],[-1.79621240566033,51.3545676738234],[-1.7962124354796,51.3545677503054],[-1.7962124451901,51.3545678276517],[-1.79621243191972,51.3545679058574],[-1.79621239855648,51.3545679813306],[-1.79621234511229,51.354568051374],[-1.79621227159116,51.3545681150883],[-1.79621218231315,51.3545681697834],[-1.79621207872227,51.3545682136636],[-1.7962119651307,51.3545682458371],[-1.7962118444145,51.3545682654097],[-1.79621171944976,51.3545682714872],[-1.7962115959807,51.3545682640796],[-1.7962114754434,51.3545682431895],[-1.796211362146,51.3545682088241],[-1.79621126038478,51.3545681636886],[-1.79621117303181,51.354568107788],[-1.79621110295128,51.3545680429255],[-1.79588512295773,51.3542025340789],[-1.79588507157466,51.3542024629545],[-1.79588504175219,51.3542023873715],[-1.7958850320423,51.3542023100252],[-1.7958850438731,51.3542022327162],[-1.79588507723661,51.354202157243],[-1.79588513068086,51.3542020871998],[-1.79588520276582,51.3542020234833],[-1.79588529204351,51.3542019687884],[-1.7958853942018,51.3542019240068],[-1.79588550635666,51.3542018918311],[-1.79588562707206,51.3542018722589]]],[[[-1.79701520469178,51.3544127894574],[-1.79701532678787,51.3544127824748],[-1.79701544738849,51.3544127889774],[-1.79701556506157,51.3544128080635],[-1.79701567693896,51.3544128388288],[-1.79701577727647,51.3544128812636],[-1.79701586607805,51.3544129344687],[-1.7970159390474,51.354412995739],[-1.79701599332037,51.3544130632712],[-1.7970160289009,51.3544131361663],[-1.79701604436483,51.3544132117241],[-1.79701603972008,51.3544132881464],[-1.79701601497853,51.3544133627356],[-1.79701597014808,51.3544134336934],[-1.79701590524063,51.3544134983222],[-1.79701582600435,51.3544135557329],[-1.79701573101109,51.3544136041245],[-1.79701562457694,51.3544136417062],[-1.79643893801249,51.3545777785211],[-1.79643882588887,51.3545778035039],[-1.7964387095087,51.35457781679],[-1.79643859174807,51.3545778174852],[-1.79643847403907,51.3545778064911],[-1.79643836212989,51.3545777829185],[-1.79643825601259,51.3545777485659],[-1.7964381614314,51.354577703443],[-1.79643807981444,51.3545776493508],[-1.79643801402587,51.3545775880926],[-1.79643796549777,51.35457752057],[-1.79643793422221,51.3545774485814],[-1.7964379230594,51.3545773748293],[-1.79643793200137,51.3545773011121],[-1.79643795960811,51.3545772283263],[-1.79643800586374,51.3545771600687],[-1.79643806932822,51.3545770972361],[-1.79643814855358,51.3545770425233],[-1.79643824066772,51.3545769959255],[-1.79643834422662,51.3545769592386],[-1.797015030783,51.3544128224266],[-1.79701508397632,51.3544128090308],[-1.79701520469178,51.3544127894574]]],[[[-1.79580033174784,51.3542101493802],[-1.7958004423552,51.3542101423789],[-1.79580055291077,51.354210147067],[-1.79580066198649,51.3542101616434],[-1.79580076527022,51.3542101869999],[-1.79580086133389,51.3542102213357],[-1.79580094730143,51.3542102655449],[-1.79580102174873,51.3542103169276],[-1.79580108324374,51.354210374582],[-1.79612697857887,51.354595535996],[-1.79612702709062,51.3545956071154],[-1.79612705547371,51.3545956835949],[-1.79612706231197,51.3545957609363],[-1.79612704760935,51.3545958382403],[-1.79612701137383,51.3545959137085],[-1.79612695506136,51.3545959828477],[-1.79612688010798,51.3545960456602],[-1.79612678940171,51.3545960985545],[-1.79612668581468,51.3545961415354],[-1.79612657222696,51.3545961728096],[-1.79612645008253,51.3545961905813],[-1.79612632655775,51.3545961957621],[-1.79612620309659,51.3545961865561],[-1.79612608256323,51.3545961647666],[-1.79612597213794,51.3545961304062],[-1.79612587181677,51.3545960843739],[-1.79612578446387,51.3545960284732],[-1.79612571581947,51.3545959636131],[-1.79579982049181,51.3542108021957],[-1.79579977197697,51.3542107319753],[-1.79579974359067,51.3542106563948],[-1.79579973674903,51.3542105799526],[-1.79579975144808,51.3542105035479],[-1.79579978480775,51.3542104289739],[-1.7957998396842,51.3542103598324],[-1.79579991176132,51.3542102979142],[-1.7957999995991,51.354210244116],[-1.79580010175351,51.3542102002338],[-1.79580021246842,51.3542101689549],[-1.79580033174784,51.3542101493802]]],[[[-1.79570608601602,51.3542127910023],[-1.79570619662341,51.3542127840012],[-1.79570630718297,51.3542127877902],[-1.79570641481863,51.3542128032634],[-1.7957065181063,51.3542128277208],[-1.79570661416593,51.3542128629558],[-1.79570670013736,51.354212906266],[-1.79570677458456,51.3542129576487],[-1.79570683607947,51.3542130153031],[-1.79605060347863,51.3546122415053],[-1.79605065342236,51.3546123135264],[-1.79605068180931,51.3546123891068],[-1.79605069007952,51.3546124673498],[-1.79605067537677,51.3546125446538],[-1.79605064057718,51.3546126201245],[-1.79605058426457,51.3546126892637],[-1.79605051074711,51.3546127520787],[-1.79605042003278,51.3546128067712],[-1.79605031644564,51.3546128497521],[-1.79605020285781,51.3546128810262],[-1.7960500821454,51.3546128996995],[-1.7960499571845,51.3546129048776],[-1.79604983371933,51.3546128965707],[-1.79604971318597,51.3546128747812],[-1.79604960132465,51.3546128404182],[-1.79604950100351,51.3546127943859],[-1.79604941508672,51.3546127384876],[-1.79604934500635,51.354612673625],[-1.7957055776148,51.3542134474191],[-1.79570552766805,51.3542133762971],[-1.7957054992819,51.3542133007166],[-1.79570549100836,51.3542132233727],[-1.79570550427152,51.3542131469654],[-1.79570553906738,51.354213072394],[-1.79570559250793,51.35421300325],[-1.79570566458917,51.3542129404327],[-1.79570575242706,51.3542128866347],[-1.79570585458156,51.3542128427524],[-1.79570596673657,51.3542128105769],[-1.79570608601602,51.3542127910023]]],[[[-1.79709883589948,51.3544954966107],[-1.79709895943182,51.3544954896306],[-1.79709908146872,51.3544954961356],[-1.79709920057414,51.3544955161232],[-1.79709931244784,51.3544955477877],[-1.79709941421374,51.3544955920232],[-1.7970995030116,51.3544956461274],[-1.79709957454118,51.3544957082943],[-1.79709962880645,51.3544957776249],[-1.79709966294716,51.3544958514166],[-1.79709967696729,51.3544959287703],[-1.79709966945055,51.3544960051876],[-1.79709964039697,51.3544960806686],[-1.7970995912584,51.354496151619],[-1.7970995249149,51.3544962162454],[-1.79709943993832,51.354496272747],[-1.79709934208079,51.3544963193354],[-1.79709923278233,51.3544963551139],[-1.79652259736154,51.354645488709],[-1.79652247807338,51.3546455100828],[-1.79652235453262,51.3546455188606],[-1.79652222961931,51.3546455132493],[-1.79652210906976,51.3546454950569],[-1.79652199575607,51.3546454642886],[-1.79652189111431,51.3546454209467],[-1.79652180087681,51.3546453677388],[-1.79652172647565,51.3546453055666],[-1.79652167077501,51.3546452362333],[-1.79652163520302,51.3546451615397],[-1.79652161974774,51.3546450841835],[-1.79652162726942,51.354645006867],[-1.79652165489195,51.3546449304845],[-1.79652170259549,51.3546448595319],[-1.79652177038003,51.3546447940091],[-1.7965218539255,51.3546447366063],[-1.79652195322395,51.3546446891217],[-1.79652206395926,51.3546446533463],[-1.79709869937141,51.3544955197537],[-1.79709883589948,51.3544954966107]]],[[[-1.79639997307113,51.3545901583634],[-1.79640009660382,51.354590151384],[-1.79640021864087,51.3545901578897],[-1.79640033774623,51.354590177878],[-1.79640044961967,51.3545902095432],[-1.79640055138908,51.3545902528802],[-1.79640063875026,51.3545903069823],[-1.79640071171512,51.3545903691522],[-1.79640076597945,51.3545904384831],[-1.79640080011913,51.354590512275],[-1.79640081414209,51.3545905887296],[-1.79640080662022,51.354590666046],[-1.79640077900547,51.3545907406302],[-1.79640072986574,51.3545908115802],[-1.79640066352114,51.3545908762063],[-1.79640057997562,51.354590933609],[-1.79640048211719,51.3545909801968],[-1.79640037281797,51.3545910159747],[-1.79611282467437,51.3546663128777],[-1.796112705382,51.3546663351503],[-1.79611258184111,51.3546663439277],[-1.79611245692382,51.354666339215],[-1.79611233637437,51.3546663210223],[-1.79611222306092,51.3546662902535],[-1.79611211841948,51.3546662469113],[-1.79611202818241,51.3546661937031],[-1.79611195378176,51.3546661315306],[-1.79611189808171,51.3546660621971],[-1.79611186107031,51.3546659884001],[-1.79611184561572,51.3546659110438],[-1.79611185170202,51.3546658337249],[-1.79611187932525,51.3546657573425],[-1.79611192703341,51.3546656854909],[-1.79611199481855,51.3546656199683],[-1.79611207836456,51.3546655625658],[-1.79611217622343,51.3546655159782],[-1.79611228696308,51.354665479304],[-1.79639983510239,51.3545901824022],[-1.79639997307113,51.3545901583634]]],[[[-1.79643558932709,51.3546547901911],[-1.79643571142388,51.3546547832092],[-1.79643583202506,51.3546547897124],[-1.79643595113457,51.3546548088015],[-1.79643606157213,51.3546548404641],[-1.79643616334568,51.3546548829019],[-1.79643625071099,51.3546549361049],[-1.79643632367996,51.3546549973755],[-1.79643637938445,51.3546550658097],[-1.79643641496427,51.3546551387049],[-1.79643643042734,51.3546552142629],[-1.79643642434555,51.3546552906826],[-1.79643639816687,51.3546553652692],[-1.79643635333531,51.3546554362268],[-1.79643628842672,51.3546555008553],[-1.79643620775326,51.3546555582631],[-1.79643611276288,51.3546556057551],[-1.7964360063277,51.3546556433362],[-1.79615743663194,51.3547337577473],[-1.79615732451178,51.3547337818307],[-1.79615720669508,51.354733795114],[-1.79615708893405,51.3547337958089],[-1.7961569712287,51.3547337839153],[-1.79615685931929,51.3547337603425],[-1.79615675464189,51.3547337250929],[-1.79615666006066,51.3547336799698],[-1.7961565798798,51.35473362588],[-1.79615651409138,51.3547335646216],[-1.79615646556752,51.3547334961997],[-1.79615643572835,51.3547334242135],[-1.79615642456593,51.3547333504614],[-1.7961564335084,51.3547332767442],[-1.79615646111169,51.3547332048576],[-1.79615650880395,51.3547331366027],[-1.79615657226902,51.3547330737702],[-1.79615665293104,51.3547330190601],[-1.79615674504576,51.3547329724626],[-1.79615684860126,51.354732936675],[-1.79643541829308,51.3546548222653],[-1.79643546861075,51.354654809764],[-1.79643558932709,51.3546547901911]]],[[[-1.79723052644761,51.3545632793286],[-1.797230647108,51.3545632723433],[-1.7972307691451,51.3545632788482],[-1.79723088681865,51.354563297934],[-1.7972309972605,51.3545633286967],[-1.79723109759852,51.3545633711313],[-1.79723118640458,51.354563423437],[-1.79723125937842,51.354563483808],[-1.79723131365187,51.3545635513402],[-1.79723135066891,51.3545636242376],[-1.79723136613324,51.3545636997954],[-1.79723136292884,51.354563775321],[-1.79723133818754,51.3545638499103],[-1.79723129335728,51.3545639208682],[-1.79723123132203,51.3545639855021],[-1.79723115208575,51.3545640429129],[-1.79723105852847,51.3545640913071],[-1.7972309520902,51.3545641297882],[-1.79664224017713,51.3547357550034],[-1.7966421294893,51.3547357799889],[-1.79664201310482,51.3547357941743],[-1.79664189390377,51.3547357957664],[-1.79664177619035,51.3547357856717],[-1.79664166427673,51.3547357629985],[-1.79664155815891,51.354735728646],[-1.79664146357324,51.3547356844225],[-1.79664138051573,51.3547356312271],[-1.79664131329061,51.3547355699666],[-1.79664126332599,51.3547355024416],[-1.79664123204605,51.3547354313522],[-1.79664121944682,51.3547353575976],[-1.79664122695641,51.3547352829787],[-1.79664125312289,51.3547352110896],[-1.79664129794629,51.3547351419303],[-1.79664136141071,51.3547350790975],[-1.79664143920401,51.354735023483],[-1.79664153132221,51.3547349759859],[-1.79664163488131,51.3547349392987],[-1.79723034678629,51.3545633140866],[-1.79723040573185,51.3545632989022],[-1.79723052644761,51.3545632793286]]],[[[-1.79600954756259,51.3546035129327],[-1.79600966532726,51.3546035113388],[-1.79600978304021,51.3546035214341],[-1.79600989639324,51.3546035432112],[-1.79601000251427,51.3546035766651],[-1.7960100985391,51.3546036199925],[-1.79601018159566,51.3546036731883],[-1.79601024881976,51.3546037344492],[-1.79601029878332,51.3546038019745],[-1.79601033149827,51.3546038730665],[-1.79601034553253,51.3546039468236],[-1.79601033946199,51.3546040205458],[-1.79601031329062,51.354604093334],[-1.79601026846642,51.3546041624931],[-1.79601020643738,51.354604225328],[-1.79601012863957,51.3546042818413],[-1.79601003795704,51.3546043293404],[-1.79600993439774,51.354604366027],[-1.79600982370192,51.3546043928102],[-1.79600970731759,51.3546044069951],[-1.79565960081067,51.3546290629438],[-1.79550246488439,51.3546484348649],[-1.79518369924101,51.3546787602109],[-1.79444747438535,51.354736434748],[-1.79444735087203,51.3547364372295],[-1.79444722741486,51.3547364271225],[-1.79444710976206,51.354736403538],[-1.79444699934571,51.3547363673777],[-1.79444690046597,51.3547363204473],[-1.79444681743102,51.3547362627545],[-1.79444675022883,51.3547361969968],[-1.7944467017195,51.3547361258768],[-1.79444667477515,51.3547360493993],[-1.79444666793967,51.3547359720579],[-1.79444668408117,51.3547358947566],[-1.79444672031551,51.354735820188],[-1.79444677663065,51.3547357510497],[-1.79444685014645,51.3547356891348],[-1.7944469408589,51.3547356353427],[-1.79444704444378,51.3547355932625],[-1.79444715946904,51.3547355619924],[-1.79444728017839,51.35473554422],[-1.79518350214808,51.354677869679],[-1.79550221893556,51.3546475496437],[-1.79565936060717,51.3546281768337],[-1.79565941089312,51.3546281715261],[-1.79600954756259,51.3546035129327]]],[[[-1.79643525459193,51.354730581499],[-1.79643537812499,51.3547305745195],[-1.79643550159847,51.3547305810277],[-1.79643562070421,51.354730601016],[-1.79643573257405,51.3547306335803],[-1.79643583433983,51.3547306778164],[-1.79643592313736,51.354730731921],[-1.79643599466245,51.3547307949876],[-1.796436048927,51.3547308643184],[-1.79643608306286,51.3547309390095],[-1.79643609564589,51.3547310163608],[-1.796436086688,51.3547310936748],[-1.79643605763318,51.3547311691556],[-1.79643600705731,51.3547312401032],[-1.79643593928045,51.3547313038275],[-1.79643585430265,51.3547313603287],[-1.79643575500789,51.354731406914],[-1.79643564427628,51.3547314417902],[-1.79620202649294,51.3547899897853],[-1.79620190720427,51.3547900111587],[-1.79620178366704,51.3547900190371],[-1.7962016587534,51.3547900134254],[-1.79620153820756,51.3547899943335],[-1.79620142489772,51.3547899626657],[-1.79620132025594,51.3547899193236],[-1.79620123145855,51.3547898652187],[-1.79620115705759,51.3547898030463],[-1.7962011027973,51.3547897328161],[-1.7962010672257,51.3547896581225],[-1.79620105320698,51.3547895807687],[-1.79620106073319,51.3547895025531],[-1.79620108978842,51.3547894270723],[-1.79620114036869,51.3547893552257],[-1.79620120814993,51.3547892906023],[-1.79620129312814,51.3547892341013],[-1.7962013938593,51.3547891875186],[-1.79620150459521,51.3547891517435],[-1.79643512237499,51.3547306037494],[-1.79643525459193,51.354730581499]]],[[[-1.79725407504167,51.3546684071345],[-1.79725419570232,51.3546684001492],[-1.79725431630365,51.3546684066516],[-1.79725443398143,51.3546684248382],[-1.79725454442354,51.3546684556009],[-1.79725464476181,51.3546684980355],[-1.7972547335681,51.3546685503412],[-1.79725480654212,51.3546686107121],[-1.79725486225179,51.3546686782468],[-1.79725489783685,51.3546687502426],[-1.79725491473731,51.3546688258028],[-1.79725491153295,51.3546689013284],[-1.79725488679163,51.3546689759177],[-1.79725484340131,51.3546690459789],[-1.797254781362,51.354669111512],[-1.79725470356163,51.3546691689253],[-1.79725461000022,51.3546692182187],[-1.79725450643778,51.3546692558056],[-1.79670181418497,51.3548334353079],[-1.79670170205691,51.3548334611901],[-1.79670158566824,51.3548334762748],[-1.79670146790301,51.3548334778694],[-1.79670135018933,51.3548334677748],[-1.79670123683541,51.3548334459984],[-1.79670113071336,51.3548334125451],[-1.79670103468741,51.3548333692183],[-1.79670095306573,51.3548333160255],[-1.79670088440432,51.3548332547624],[-1.79670083443555,51.3548331881367],[-1.79670080172334,51.3548331161457],[-1.79670078768793,51.3548330423886],[-1.7967007937574,51.3548329686664],[-1.79670081992783,51.3548328958781],[-1.79670086475122,51.3548328267187],[-1.79670092677963,51.3548327638835],[-1.79670100457699,51.3548327073697],[-1.79670109525926,51.3548326598701],[-1.79670119738246,51.3548326231804],[-1.79725388962781,51.354668443681],[-1.79725395432564,51.3546684267082],[-1.79725407504167,51.3546684071345]]],[[[-1.79636885172671,51.3545255433053],[-1.79636897238712,51.354525536321],[-1.79636909298794,51.3545255428242],[-1.79636921066502,51.3545255610118],[-1.79636932110223,51.3545255926745],[-1.79636942287941,51.3545256342131],[-1.79636951024838,51.354525686517],[-1.79636958322104,51.3545257468885],[-1.79636963892925,51.3545258144235],[-1.79636967450887,51.3545258873188],[-1.79636969141181,51.35452596198],[-1.79636968820203,51.3545260384048],[-1.79636966346335,51.3545261120947],[-1.79636962006788,51.3545261830547],[-1.79636955802751,51.3545262485873],[-1.79636947879024,51.3545263059975],[-1.79636938523213,51.3545263543911],[-1.79636928022929,51.3545263928739],[-1.79601050612328,51.3546322335097],[-1.79621107589731,51.3548567408251],[-1.7962111272816,51.3548568119494],[-1.79621115710502,51.3548568875323],[-1.7962111668116,51.3548569657778],[-1.79621115497719,51.3548570439859],[-1.79621112018166,51.3548571185575],[-1.79621106673316,51.3548571895],[-1.79621099321157,51.3548572532143],[-1.79621090393301,51.3548573079095],[-1.79621080034148,51.3548573517896],[-1.7962106867492,51.3548573839631],[-1.79621056603225,51.3548574035357],[-1.79621044106673,51.3548574096132],[-1.79621031759691,51.3548574022057],[-1.79621019705886,51.3548573813155],[-1.79621008376076,51.3548573469501],[-1.79620998199891,51.3548573018147],[-1.7962098946454,51.354857245914],[-1.79620982456047,51.3548571819507],[-1.79600887610544,51.3546322513611],[-1.79600882757394,51.3546321847375],[-1.79600879773109,51.3546321136505],[-1.79600878513287,51.3546320398958],[-1.7960087926355,51.3546319670753],[-1.79600881880292,51.3546318951863],[-1.79600886505922,51.3546318269289],[-1.79600892708829,51.354631764094],[-1.79600900488218,51.3546317084799],[-1.79600909556079,51.3546316618799],[-1.7960091976841,51.3546316251908],[-1.79636866918881,51.3545255789562],[-1.79636873101069,51.3545255628781],[-1.79636885172671,51.3545255433053]]],[[[-1.79453547729835,51.3550959037234],[-1.79439190942875,51.355090041711],[-1.79439179171894,51.3550900307148],[-1.79439167980556,51.3550900080395],[-1.79439157368861,51.355089973685],[-1.79439147910436,51.3550899294597],[-1.79439139748888,51.3550898753661],[-1.7943913302662,51.3550898141042],[-1.79439128030448,51.3550897465783],[-1.79439125046782,51.3550896745916],[-1.79439123787205,51.3550896008368],[-1.79439124538129,51.3550895271172],[-1.79439127299154,51.3550894543319],[-1.79439131925068,51.3550893860752],[-1.79439138128255,51.3550893232411],[-1.79439146051519,51.3550892676306],[-1.79439155263237,51.3550892210344],[-1.79439165619402,51.3550891843493],[-1.7943917668839,51.3550891593659],[-1.79439188470199,51.3550891460844],[-1.79439200246795,51.3550891444921],[-1.79453551720814,51.3550950046131],[-1.79474640702746,51.355084155012],[-1.79498392827239,51.3550621477163],[-1.79501989379147,51.3550091273674],[-1.79508783155051,51.3548661026894],[-1.79518737907325,51.3546837921426],[-1.79518743108704,51.354683721198],[-1.79518750174164,51.3546836565802],[-1.79518758958901,51.3546836009842],[-1.79518769031695,51.3546835553016],[-1.79518780247746,51.3546835222274],[-1.79518792320238,51.3546835008575],[-1.7951880467395,51.3546834929802],[-1.79518817165274,51.354683498593],[-1.79518829219787,51.3546835176859],[-1.79518840550277,51.3546835502539],[-1.7951885087073,51.3546835935944],[-1.79518859893537,51.3546836486017],[-1.79518867189476,51.3546837116715],[-1.7951887261534,51.3546837819021],[-1.79518876172329,51.354683856596],[-1.79518877430423,51.3546839339475],[-1.79518876534028,51.3546840121605],[-1.79518873628349,51.354684087641],[-1.79508920034987,51.3548663766288],[-1.79502125969451,51.3550094075968],[-1.79502123798551,51.3550094453245],[-1.79498509321104,51.3550627315183],[-1.79498503690431,51.3550627988586],[-1.79498496340071,51.3550628580762],[-1.7949848741323,51.3550629100729],[-1.79498477342333,51.3550629512595],[-1.79498466270984,51.3550629816384],[-1.79498454630805,51.3550629994189],[-1.79474659549329,51.3550850464286],[-1.79474654808689,51.3550850499425],[-1.79453558213565,51.3550959030076],[-1.79453552181259,51.3550959047004],[-1.79453547729835,51.3550959037234]]],[[[-1.79656947911022,51.3548098428848],[-1.79656959402707,51.3548098358903],[-1.79656970889235,51.3548098405851],[-1.7965698208339,51.3548098569641],[-1.79656992698358,51.3548098841233],[-1.79657002446924,51.3548099220576],[-1.79657011186277,51.3548099689663],[-1.79657018629601,51.3548100239451],[-1.79657024490476,51.3548100851908],[-1.79682084129577,51.3551257802661],[-1.79682088692905,51.3551258531786],[-1.79682091243749,51.3551259305521],[-1.79682091496477,51.3551260087852],[-1.79682089595493,51.3551260860818],[-1.79682085685194,51.3551261606461],[-1.79682079623558,51.355126228879],[-1.79682071841409,51.3551262907878],[-1.79682062484337,51.3551263418793],[-1.79682051839157,51.3551263830575],[-1.79682040194276,51.3551264116299],[-1.79682027836907,51.3551264276015],[-1.79682015342273,51.3551264291838],[-1.79682002997192,51.355126417281],[-1.79681991088482,51.3551263927973],[-1.7968198019097,51.3551263548433],[-1.79681970303466,51.3551263061166],[-1.79681962143611,51.3551262475288],[-1.79681955567005,51.3551261808758],[-1.79656895928562,51.3548104857978],[-1.79656891508116,51.354810414686],[-1.79656888955745,51.3548103409091],[-1.79656888415052,51.3548102644694],[-1.79656890027663,51.3548101898654],[-1.79656893649969,51.3548101170945],[-1.79656899137174,51.3548100488518],[-1.79656906344481,51.3548099878324],[-1.79656915127489,51.354809935832],[-1.79656925198987,51.3548098928457],[-1.79656936270569,51.3548098615661],[-1.79656947911022,51.3548098428848]]],[[[-1.7965918310947,51.3551701830114],[-1.79665979986769,51.3551584062949],[-1.79638909716723,51.3547801344684],[-1.79638905870335,51.3547800642657],[-1.79638903748415,51.3547799913954],[-1.79638903637777,51.3547799167615],[-1.79638905537232,51.3547798430617],[-1.79638909301977,51.3547797729909],[-1.79638914931621,51.3547797074483],[-1.79638922138151,51.3547796482273],[-1.79638930776774,51.3547795980229],[-1.79638940560273,51.3547795568301],[-1.79638951487857,51.3547795264473],[-1.79638962841096,51.3547795077613],[-1.79638974763596,51.3547795007744],[-1.7963898653693,51.3547795063735],[-1.79638998017887,51.3547795236569],[-1.79639008918858,51.3547795535187],[-1.79639018953822,51.3547795932565],[-1.79639027691959,51.3547796428628],[-1.79639035133668,51.3547797014385],[-1.7963904084932,51.3547797662785],[-1.79666119968347,51.3551581641402],[-1.7968920443459,51.3551181632187],[-1.79689216791163,51.3551181490454],[-1.79689229285398,51.3551181483622],[-1.79689241629686,51.3551181620632],[-1.79689253393997,51.3551181883428],[-1.79689264291513,51.3551182262967],[-1.79689274034624,51.3551182768192],[-1.79689282050483,51.3551183363036],[-1.79689288483095,51.3551184038533],[-1.79689292902827,51.3551184767633],[-1.79689295166468,51.3551185541319],[-1.79689295275602,51.3551186323624],[-1.79689293087414,51.3551187096541],[-1.79689288890309,51.3551187833143],[-1.79689282828685,51.3551188515472],[-1.79689274759729,51.355118912552],[-1.79689265259454,51.3551189627419],[-1.79689254471071,51.3551190030185],[-1.79689242826592,51.3551190306918],[-1.79666179343302,51.3551589942116],[-1.79666470224684,51.3551630581435],[-1.79666474356375,51.355163132847],[-1.79666476332766,51.3551632102107],[-1.79666476154647,51.3551632884363],[-1.79666473679601,51.3551633648237],[-1.79666469338848,51.3551634384814],[-1.79666462846759,51.3551635058075],[-1.79666454634952,51.3551635650113],[-1.79666444991431,51.3551636142993],[-1.79666434060206,51.3551636527749],[-1.7966642212928,51.3551636786447],[-1.79666409773483,51.3551636910194],[-1.79666397280028,51.355163689904],[-1.79666385080135,51.3551636744069],[-1.79666373316222,51.3551636472279],[-1.79666362563512,51.3551636065787],[-1.79666353108029,51.3551635551618],[-1.79666345236196,51.3551634947806],[-1.79666339091222,51.3551634263366],[-1.79666039361724,51.3551592363663],[-1.79659221500955,51.3551710504855],[-1.79659209862794,51.3551710637717],[-1.79659197942577,51.3551710653638],[-1.79659186171126,51.355171055269],[-1.79659174979662,51.3551710325958],[-1.79659164367785,51.3551709982433],[-1.79659154909134,51.3551709540197],[-1.79659146603312,51.3551709008243],[-1.79659139880743,51.3551708395637],[-1.79659134884243,51.3551707720387],[-1.79659131756624,51.3551707000502],[-1.79659130496696,51.3551706262956],[-1.79659131247274,51.3551705525758],[-1.79659133864352,51.3551704797876],[-1.79659138489951,51.35517041153],[-1.79659144692852,51.3551703486947],[-1.79659152472261,51.3551702930802],[-1.79659161684173,51.3551702455831],[-1.79659172040184,51.355170208896],[-1.7965918310947,51.3551701830114]]],[[[-1.79701156833628,51.3552384552369],[-1.79701168899846,51.3552384482519],[-1.79701180960122,51.3552384547545],[-1.79701192728035,51.3552384729413],[-1.79701203772364,51.3552385037042],[-1.79701213806292,51.3552385461391],[-1.79701222687002,51.3552385984449],[-1.79701229984462,51.355238658816],[-1.79701235411854,51.3552387263483],[-1.79701239113974,51.3552387983466],[-1.79701240804397,51.3552388730078],[-1.7970124048352,51.3552389494325],[-1.79701238153323,51.355239023125],[-1.79701233670198,51.3552390940828],[-1.79701227609765,51.3552391596182],[-1.79701219685995,51.3552392170289],[-1.79701210473716,51.3552392654255],[-1.79701199973324,51.3552393039088],[-1.79701188616432,51.355239330688],[-1.79667565096842,51.3552988056087],[-1.79667552883823,51.3552988197842],[-1.79667540389142,51.3552988213664],[-1.79667527900809,51.3552988085618],[-1.79667516136068,51.3552987831812],[-1.79667505238924,51.3552987443279],[-1.79667495495402,51.3552986947044],[-1.79667487335932,51.3552986352173],[-1.79667480902931,51.3552985685667],[-1.79667476483612,51.3552984947575],[-1.79667474219603,51.355298418288],[-1.79667473966898,51.355298340055],[-1.79667476011918,51.3552982618617],[-1.79667480065466,51.3552981881991],[-1.79667486270753,51.3552981199688],[-1.79667494196161,51.3552980589617],[-1.79667503696892,51.3552980078728],[-1.79667514341728,51.3552979675939],[-1.79667526129872,51.3552979399233],[-1.79701149648886,51.3552384650038],[-1.79701156833628,51.3552384552369]]],[[[-1.79504333905491,51.3553176076973],[-1.79504346401382,51.3553176034194],[-1.79504358747267,51.3553176135257],[-1.79504370657131,51.3553176353137],[-1.7950438169935,51.3553176705743],[-1.79504391731115,51.3553177175067],[-1.79504400322403,51.3553177743049],[-1.7950440704319,51.3553178391631],[-1.79504412037482,51.3553179111846],[-1.79504414876057,51.3553179867652],[-1.7950441570292,51.3553180650083],[-1.79504414232456,51.3553181423121],[-1.79504410752681,51.3553182168834],[-1.79504405264393,51.3553182869237],[-1.79504397912401,51.3553183497381],[-1.7950438884111,51.3553184035306],[-1.79504378482147,51.3553184465106],[-1.79504367122726,51.3553184786829],[-1.79504355051261,51.3553184973552],[-1.79428728532217,51.3553847320992],[-1.79428716036302,51.3553847363764],[-1.79428703690415,51.3553847262692],[-1.79428691780569,51.3553847044804],[-1.79428680738392,51.3553846692191],[-1.79428670706688,51.3553846222861],[-1.7942866211548,51.3553845654873],[-1.79428655394789,51.3553845006287],[-1.79428650400607,51.3553844286069],[-1.79428647562151,51.3553843530261],[-1.79428646735414,51.3553842747829],[-1.79428648206006,51.3553841974792],[-1.79428651685909,51.3553841229082],[-1.79428657174317,51.3553840528682],[-1.79428664526423,51.3553839900543],[-1.79428673597812,51.3553839362623],[-1.7942868395686,51.355383893283],[-1.7942869531635,51.3553838611114],[-1.79428707387861,51.35538384244],[-1.79504333905491,51.3553176076973]]],[[[-1.79713103829328,51.35535876502],[-1.79713116039182,51.3553587580374],[-1.797131282431,51.3553587645423],[-1.79713140010652,51.3553587836283],[-1.7971315119823,51.3553588152927],[-1.79713161375407,51.3553588586291],[-1.79713170112149,51.3553589118315],[-1.79713177409247,51.3553589731017],[-1.79713182836275,51.3553590415331],[-1.79713186394023,51.3553591153273],[-1.79713187940466,51.3553591908851],[-1.79713187331996,51.355359268204],[-1.79713184570592,51.3553593427883],[-1.79713179943866,51.3553594137436],[-1.79713173453005,51.3553594783725],[-1.79713165242012,51.3553595357783],[-1.79713155742901,51.3553595832708],[-1.79713144956462,51.3553596190518],[-1.79713133313125,51.3553596440278],[-1.79669906200786,51.3554264523389],[-1.79669893844919,51.3554264647136],[-1.7966988135179,51.3554264626991],[-1.79669869007824,51.3554264480987],[-1.79669857388243,51.3554264191239],[-1.79669846635072,51.3554263793739],[-1.79669837179929,51.3554263270579],[-1.79669829451655,51.3554262666791],[-1.79669823306641,51.3554261982351],[-1.79669819318529,51.3554261235342],[-1.79669817342124,51.3554260461705],[-1.79669817663846,51.3554259679474],[-1.79669819995689,51.3554258906583],[-1.79669824623281,51.3554258179048],[-1.79669830971793,51.3554257505762],[-1.79669839327251,51.3554256913748],[-1.79669848970426,51.3554256429859],[-1.79669859901711,51.3554256045103],[-1.79669871832305,51.3554255795397],[-1.79713098943883,51.35535877123],[-1.79713103829328,51.35535876502]]],[[[-1.7965163552694,51.3546577355225],[-1.79651647449407,51.3546577285355],[-1.79651659366317,51.354657734137],[-1.79651670990458,51.3546577523219],[-1.79651681891409,51.3546577821836],[-1.79651691925563,51.3546578237196],[-1.796517008069,51.3546578742275],[-1.79651708104602,51.3546579336998],[-1.79677626085872,51.3549082292967],[-1.79677630656706,51.3549082851249],[-1.79688332118986,51.3550628521679],[-1.79695918388276,51.3551527816832],[-1.79709764938776,51.3552905360441],[-1.79731679427695,51.35545370627],[-1.79731686723647,51.3554537702376],[-1.7973169186231,51.3554538413614],[-1.79731695132086,51.3554539169489],[-1.7973169624655,51.3554539951968],[-1.79731695206889,51.3554540734076],[-1.7973169187068,51.3554541488811],[-1.79731686669539,51.3554542198266],[-1.79731679461044,51.3554542835441],[-1.79731670532807,51.3554543391392],[-1.7973166031684,51.355454383922],[-1.79731648957147,51.3554544169957],[-1.79731636884946,51.3554544374686],[-1.79731624531462,51.355454444449],[-1.797316120403,51.3554544379393],[-1.7973159998629,51.3554544170502],[-1.79731588655463,51.3554543844843],[-1.79731578335431,51.3554543393473],[-1.79731569455833,51.3554542843442],[-1.79709651817946,51.3552910906832],[-1.79709646095403,51.3552910411295],[-1.79695795398711,51.3551532453333],[-1.79695793254502,51.3551532228168],[-1.79688203841876,51.3550632572791],[-1.79688201414423,51.3550632257658],[-1.79677501237021,51.3549086767275],[-1.79651586545218,51.3546584126561],[-1.79651581548386,51.3546583460302],[-1.79651577845198,51.3546582767292],[-1.79651576010476,51.3546582038639],[-1.79651576186236,51.3546581310333],[-1.79651578228476,51.3546580591343],[-1.79651582136403,51.3546579899651],[-1.79651587765218,51.3546579262208],[-1.79651594971317,51.3546578678989],[-1.79651603609109,51.3546578194927],[-1.79651613392176,51.354657779199],[-1.79651624175324,51.354657750612],[-1.7965163552694,51.3546577355225]]],[[[-1.79721473743106,51.3554264648787],[-1.79721485952977,51.3554264578959],[-1.79721498300522,51.3554264644033],[-1.79721510067698,51.3554264843883],[-1.79721521255299,51.3554265160527],[-1.79721531432499,51.3554265593889],[-1.79721540312871,51.3554266125938],[-1.79721547465988,51.3554266747607],[-1.7972155289264,51.3554267440912],[-1.79721556450407,51.3554268178853],[-1.7972155785286,51.3554268943398],[-1.7972155710119,51.3554269707571],[-1.797215543394,51.3554270462406],[-1.79721549569072,51.3554271171935],[-1.79721542934605,51.3554271818199],[-1.79721534580398,51.3554272383241],[-1.79721524937674,51.3554272858142],[-1.79721514007618,51.3554273215928],[-1.79721502364663,51.3554273456698],[-1.7967587406715,51.3554941127613],[-1.79675862286494,51.3554941233477],[-1.79675850510993,51.3554941222448],[-1.79675838884652,51.355494108556],[-1.79675827694291,51.3554940831854],[-1.79675817370734,51.3554940461405],[-1.79675808200013,51.3554940001237],[-1.79675800326129,51.3554939442384],[-1.7967579403511,51.355493881187],[-1.79675789469773,51.3554938127703],[-1.79675786772931,51.3554937407893],[-1.79675785944191,51.355493666143],[-1.79675787125574,51.3554935924307],[-1.79675790316682,51.3554935205515],[-1.79675795229109,51.355493453198],[-1.79675801862063,51.3554933921685],[-1.79675810071539,51.3554933383597],[-1.79675819569526,51.3554932935649],[-1.79675830068013,51.3554932595777],[-1.79675841423395,51.3554932363954],[-1.79721469720096,51.3554264693052],[-1.79721473743106,51.3554264648787]]],[[[-1.79655486185018,51.3554103052669],[-1.79655498537311,51.3554103009849],[-1.79655510883254,51.3554103110896],[-1.79655522792816,51.3554103337753],[-1.7965553397878,51.355410369037],[-1.79655543867507,51.3554104150664],[-1.79655552458997,51.3554104718634],[-1.7965555932322,51.3554105376224],[-1.79655564174545,51.3554106087416],[-1.79655567012973,51.3554106852211],[-1.79655567840489,51.3554107625649],[-1.79655566370273,51.3554108398689],[-1.79655562890731,51.3554109144406],[-1.79655557402661,51.3554109844816],[-1.79655549907248,51.3554110472944],[-1.79655540979723,51.3554111010907],[-1.79655530620481,51.3554111449711],[-1.79655519261537,51.3554111762458],[-1.7965550719011,51.3554111949195],[-1.79419024292064,51.3556172519698],[-1.79419011939694,51.3556172562494],[-1.79418999593749,51.3556172461421],[-1.79418987684249,51.355617223454],[-1.79418976498415,51.3556171881901],[-1.7941896660988,51.3556171421587],[-1.79418958018641,51.3556170853599],[-1.79418951154722,51.3556170195995],[-1.79418946303738,51.3556169484794],[-1.79418943465685,51.3556168719994],[-1.79418942638559,51.3556167946554],[-1.79418944109174,51.3556167173517],[-1.79418947589109,51.3556166427807],[-1.7941895307756,51.3556165727408],[-1.79418960573325,51.3556165099295],[-1.79418969501162,51.355616456135],[-1.79418979860672,51.3556164122567],[-1.79418991219823,51.3556163809843],[-1.79419003291399,51.355616362313],[-1.79655486185018,51.3554103052669]]]]},"properties":{"OBJECTID":1039111,"LAYER":"DITCH","project":"Avebury World Heritage Site","PERIOD":"MEDIEVAL\\POST MEDIEVAL","MONUMENT_TYPE":"WATER MEADOW","EVIDENCE_1":"EARTHWORK","HE_UID":"1176936","HE_URL1":"https://www.heritagegateway.org.uk/Gateway/Results_Single.aspx?uid=1176936&resourceID=19191","HER_NO":" NONE GIVEN"}},{"type":"Feature","id":1063926,"geometry":{"type":"Polygon","coordinates":[[[-1.82107285895931,51.3521330986949],[-1.82110978168551,51.3521285330752],[-1.82113174486137,51.3521747664154],[-1.82112436630894,51.3522258286866],[-1.82113943798411,51.3522865193684],[-1.82115164940092,51.3524254434553],[-1.82116425817935,51.3524621941834],[-1.82121257398818,51.3525005817626],[-1.82124802651408,51.352567696593],[-1.82130158521987,51.352624228591],[-1.82137785103595,51.3526945974912],[-1.82151778259821,51.3527890171817],[-1.82164530463045,51.3528693816684],[-1.82174963512058,51.3529350092527],[-1.82189720355265,51.3530342237211],[-1.82187351806927,51.3530356535091],[-1.82171892349629,51.352933784766],[-1.82146857664796,51.3527763359644],[-1.8213139838062,51.3526744667019],[-1.82123316589643,51.352581953],[-1.82118931195742,51.3525076589165],[-1.82113042558777,51.352465991222],[-1.82112322423289,51.3524197893298],[-1.82110908091932,51.3523087009524],[-1.82107995238055,51.3522070221846],[-1.82107285895931,51.3521330986949]]]},"properties":{"OBJECTID":1063926,"LAYER":"DITCH","project":"Avebury World Heritage Site","PERIOD":"POST MEDIEVAL","MONUMENT_TYPE":"HOLLOW WAY","EVIDENCE_1":"CROPMARK","HE_UID":"1500097","HE_URL1":"https://www.heritagegateway.org.uk/Gateway/Results_Single.aspx?uid=1500097&resourceID=19191","HER_NO":" NONE GIVEN"}},{"type":"Feature","id":890796,"geometry":{"type":"Polygon","coordinates":[[[-1.81744772197822,51.3539844243159],[-1.81739033611481,51.3538147407639],[-1.81734267760214,51.3536329513434],[-1.81716972481331,51.3533177175253],[-1.8171214416996,51.3532934184923],[-1.8170440260949,51.3532932980203],[-1.81691813473911,51.3533173259245],[-1.81667600164567,51.3533654053683],[-1.81664738085875,51.3533403725016],[-1.81663782278312,51.3533100731937],[-1.81666698944052,51.3532737828064],[-1.81684134682546,51.3532316582658],[-1.81699626450181,51.3532137181314],[-1.81715111949675,51.3532079076393],[-1.81725779737807,51.3531474957471],[-1.81745155923327,51.3530932885007],[-1.81760647618563,51.3530753565488],[-1.81779047235943,51.3530392970333],[-1.81791638647354,51.3530092167394],[-1.81791650636168,51.3529789235327],[-1.81794561431256,51.3529607961798],[-1.81799386392276,51.3529972157764],[-1.81799376805928,51.3530214485436],[-1.81809052627443,51.353021598312],[-1.8181485984949,51.3530216881432],[-1.81816789367256,51.3530338299464],[-1.81815815750144,51.3530519873283],[-1.81800332695267,51.3530517477446],[-1.81802233460269,51.3531365698966],[-1.81809909383409,51.3533062831295],[-1.81810830323934,51.3534213834889],[-1.81808873010838,51.3534758705189],[-1.81797208619601,51.3536089395044],[-1.81797177462252,51.353687689245],[-1.81802927264404,51.3538331397797],[-1.81806797371751,51.3538331996858],[-1.81827125870404,51.3538153416549],[-1.81843584244354,51.3537974235079],[-1.81850371392954,51.3537672528978],[-1.81855218943357,51.3537430948074],[-1.81862007033618,51.353706854674],[-1.81862021359723,51.3536705190093],[-1.81859151148316,51.3535856730084],[-1.81843785039197,51.3532886432894],[-1.81841868413,51.3532401568499],[-1.81849623359885,51.3532099921877],[-1.81854475630321,51.3531737222027],[-1.81854501910323,51.3531070933249],[-1.81847761697617,51.353022196554],[-1.8185067964681,51.3529858967176],[-1.81858418777971,51.3529920766289],[-1.81864186355887,51.3530890792934],[-1.81863175502303,51.3531980893523],[-1.81856352255589,51.3532471962347],[-1.81856328368238,51.353307764671],[-1.81862083086979,51.3534411120247],[-1.81873608846734,51.3536593410671],[-1.81876476704673,51.3537502384834],[-1.81883240923007,51.3537745756526],[-1.81869672863006,51.3538228143435],[-1.81867746637078,51.3537985607135],[-1.8185709415626,51.3538165688116],[-1.81841593150416,51.353864786334],[-1.8182029531168,51.3538826296252],[-1.81801905922856,51.3538883965877],[-1.81800932283505,51.3539065539495],[-1.81805734354115,51.3539974814764],[-1.81811481827608,51.3541490013825],[-1.8181531366236,51.3542459653301],[-1.81803700355434,51.354245785626],[-1.81802737251911,51.3542336587569],[-1.81798924623207,51.3540882292367],[-1.81793173843653,51.3539488301574],[-1.817922141063,51.3539245913714],[-1.81786409652609,51.3539245014447],[-1.81768004423352,51.3539666124634],[-1.81760253144656,51.3539907251198],[-1.81760238736077,51.3540270697672],[-1.81766962123381,51.3541543631413],[-1.81770788093612,51.3542695085759],[-1.81755304650055,51.3542692683472],[-1.81749554946099,51.3541238086005],[-1.81744772197822,51.3539844243159]],[[-1.81743966949759,51.3536505191498],[-1.81752685094456,51.3536324820852],[-1.81771084936557,51.3535964227044],[-1.81785612266715,51.3535663635091],[-1.81792404206675,51.3535240723771],[-1.81799206682507,51.3534514879784],[-1.8180115777255,51.3534091218282],[-1.81802140025357,51.3533727921604],[-1.81801205689551,51.3532879849745],[-1.81796408495734,51.3531849365412],[-1.81791612281855,51.3530758366168],[-1.81780959950596,51.3530938439966],[-1.81755780412097,51.3531419102907],[-1.81732533194337,51.3532021180356],[-1.81726704306972,51.3532565447477],[-1.81725719594774,51.3532989257987],[-1.81733415466774,51.3534141315286],[-1.81741094555421,51.3535717243116],[-1.81743966949759,51.3536505191498]],[[-1.81789371107078,51.3538511022738],[-1.81790350979646,51.353820833058],[-1.81789402274155,51.3537723615277],[-1.81787485687125,51.3537238750001],[-1.81785573899121,51.3536632765829],[-1.81780741684219,51.3536450292572],[-1.8176525027852,51.3536690219516],[-1.81750721467544,51.3536990808703],[-1.81748768883815,51.3537414469105],[-1.81752601015621,51.3538444805474],[-1.81756442304085,51.3539172209249],[-1.81771935232289,51.3538932283726],[-1.81789371107078,51.3538511022738]]]},"properties":{"OBJECTID":890796,"LAYER":"BANK","project":"Avebury World Heritage Site","PERIOD":"LATER PREHISTORIC\\ROMAN","MONUMENT_TYPE":"FIELD SYSTEM","EVIDENCE_1":"CROPMARK","HE_UID":"1491860","HE_URL1":"https://www.heritagegateway.org.uk/Gateway/Results_Single.aspx?uid=1491860&resourceID=19191","HER_NO":" NONE GIVEN"}},{"type":"Feature","id":1084862,"geometry":{"type":"Polygon","coordinates":[[[-1.81656770007651,51.35534935867],[-1.8165433019421,51.3553455080675],[-1.81650668194172,51.3553454509043],[-1.81649452008194,51.3553377978778],[-1.81648846243824,51.3553263328651],[-1.81648238955549,51.3553186893439],[-1.81650073087006,51.3553072624244],[-1.81653742692057,51.3552882391052],[-1.81654961837183,51.3552920706578],[-1.81656789791701,51.3552997332261],[-1.81657999804119,51.3553264757433],[-1.81656770007651,51.35534935867]]]},"properties":{"OBJECTID":1084862,"LAYER":"DITCH","project":"Avebury World Heritage Site","PERIOD":"PREHISTORIC\\ROMAN","MONUMENT_TYPE":"DITCHED ENCLOSURE\\PIT\\RECTILINEAR ENCLOSURE\\SETTLEMENT","EVIDENCE_1":"CROPMARK","HE_UID":"1176733","HE_URL1":"https://www.heritagegateway.org.uk/Gateway/Results_Single.aspx?uid=1176733&resourceID=19191","HER_NO":" NONE GIVEN"}},{"type":"Feature","id":932425,"geometry":{"type":"Polygon","coordinates":[[[-1.83469435700661,51.3539066917169],[-1.83416468931239,51.353806424404],[-1.83358189974309,51.3537392504319],[-1.83315788242896,51.3537386496586],[-1.83273362346184,51.3538043977324],[-1.83273374427935,51.3537712270376],[-1.83321136833974,51.3536060330511],[-1.83432406054235,51.3537071273982],[-1.83464183076955,51.353773925365],[-1.83506608753057,51.3537081699997],[-1.83580811543725,51.3537092074815],[-1.83660316179833,51.3537103138767],[-1.83676192365409,51.353776884949],[-1.83670868351653,51.3538431618816],[-1.83644355868846,51.3538759646543],[-1.83580752219539,51.3538750790801],[-1.83495960240629,51.3538407222422],[-1.83469435700661,51.3539066917169]]]},"properties":{"OBJECTID":932425,"LAYER":"BANK","project":"Avebury World Heritage Site","PERIOD":"POST MEDIEVAL","MONUMENT_TYPE":"FIELD BOUNDARY","EVIDENCE_1":"EARTHWORK","HE_UID":"1492179","HE_URL1":"https://www.heritagegateway.org.uk/Gateway/Results_Single.aspx?uid=1492179&resourceID=19191","HER_NO":" NONE GIVEN"}},{"type":"Feature","id":1227621,"geometry":{"type":"Polygon","coordinates":[[[-1.81690125215584,51.3438859692649],[-1.81665769023107,51.3432698644005],[-1.81580729218306,51.3434084755313],[-1.81496599029393,51.3412801149837],[-1.81662204357683,51.3409888367573],[-1.81879181331939,51.3408522680337],[-1.8184158324855,51.3397881667104],[-1.81957946372122,51.3395940423344],[-1.82069757594799,51.3395957517663],[-1.82091909291238,51.3401418502835],[-1.82098411429207,51.3406737009828],[-1.82357934636825,51.3403837581147],[-1.82395785630328,51.3408181283851],[-1.82388729488805,51.3417276123365],[-1.82406353617552,51.3424275591729],[-1.82415181835835,51.3427355540136],[-1.82171271997412,51.3430957204065],[-1.82182200312897,51.3437535854746],[-1.81975328257256,51.3436882915972],[-1.8184450214675,51.3437344312131],[-1.81690125215584,51.3438859692649]]]},"properties":{"OBJECTID":1227621,"LAYER":"RIDGE_AND_FURROW_AREA","project":"Avebury World Heritage Site","PERIOD":"MEDIEVAL\\POST MEDIEVAL","MONUMENT_TYPE":"RIDGE AND FURROW","EVIDENCE_1":"EARTHWORK","HE_UID":"1176928","HE_URL1":"https://www.heritagegateway.org.uk/Gateway/Results_Single.aspx?uid=1176928&resourceID=19191","HER_NO":" NONE GIVEN"}},{"type":"Feature","id":1107210,"geometry":{"type":"Polygon","coordinates":[[[-1.83824193080328,51.3579521666872],[-1.8380200037069,51.3578938279768],[-1.83782756203916,51.357815082073],[-1.8375478353105,51.3577107145006],[-1.83723187729041,51.3575855789559],[-1.8369883856429,51.3575019773916],[-1.83685000314719,51.3574760868792],[-1.83690148540832,51.3574489309985],[-1.83709421238352,51.3575071144657],[-1.83733023891783,51.3576021071355],[-1.83759906604246,51.3577018383663],[-1.83782773977676,51.3578013607771],[-1.83800941559358,51.3578663433376],[-1.83823911805335,51.3578904338641],[-1.83840313953083,51.3579118800464],[-1.83861901223026,51.3578787447656],[-1.83884974113444,51.3578273939908],[-1.83909486100678,51.3577921218644],[-1.83925962041544,51.3577587086517],[-1.83955210823851,51.3577305498796],[-1.8399211020571,51.3577142288591],[-1.84012552858418,51.3577176000588],[-1.84024963182497,51.3577205471359],[-1.84024204918498,51.357741083194],[-1.84003393807675,51.3577399731297],[-1.83986605483964,51.3577345114627],[-1.83959563755146,51.3577513534167],[-1.83943134304458,51.3577504818582],[-1.83921527983484,51.3577973399339],[-1.83894445606505,51.3578438978463],[-1.83868806790312,51.3579019664917],[-1.83847238698976,51.3579213986035],[-1.83824193080328,51.3579521666872]]]},"properties":{"OBJECTID":1107210,"LAYER":"DITCH","project":"Avebury World Heritage Site","PERIOD":"UNCERTAIN","MONUMENT_TYPE":"LINEAR FEATURE","EVIDENCE_1":"CROPMARK","HE_UID":"1176939","HE_URL1":"https://www.heritagegateway.org.uk/Gateway/Results_Single.aspx?uid=1176939&resourceID=19191","HER_NO":" NONE GIVEN"}},{"type":"Feature","id":1042092,"geometry":{"type":"Polygon","coordinates":[[[-1.83346958411547,51.3576957034465],[-1.83315985321644,51.3576506017994],[-1.83282144129139,51.3575664789829],[-1.83273800016919,51.3575271649033],[-1.83264069112672,51.357435201864],[-1.83248184283333,51.3573040366158],[-1.83228323735031,51.3571429435927],[-1.83216385826186,51.3570622873676],[-1.83213895920824,51.3570141455467],[-1.83211495481502,51.3569020011841],[-1.83208013537981,51.356778367797],[-1.83204539027797,51.3566501666575],[-1.83203962475991,51.3565381112764],[-1.83201177937452,51.3564396649433],[-1.83206679122451,51.3564216699722],[-1.83206975234629,51.3564719834701],[-1.83207973256857,51.3565429072678],[-1.83210660101547,51.3567122167701],[-1.83216990735673,51.3568885829255],[-1.83222261533695,51.3570374638918],[-1.8322875857548,51.3570926765],[-1.83236658055708,51.3571891186117],[-1.832485803733,51.3572812030234],[-1.83264141412227,51.3573826276878],[-1.83277491635456,51.3574976433152],[-1.83286594329994,51.3575164218329],[-1.83302582885897,51.3575721556162],[-1.83326966273758,51.357630615927],[-1.83359044796914,51.3576689171298],[-1.8338642012846,51.3576749602476],[-1.83404694125853,51.3576622252087],[-1.83427357969895,51.3576428708584],[-1.83450734914664,51.3576372746147],[-1.8347015598144,51.3575857369737],[-1.83493654066173,51.3574909783894],[-1.8352527562061,51.3573303690274],[-1.83537496194317,51.3572052929033],[-1.8355272758414,51.3570140788594],[-1.83565696816756,51.3568753273157],[-1.83579130154513,51.3566634425257],[-1.8358779328749,51.3564695915858],[-1.83600900159108,51.3562302588765],[-1.83615863295412,51.3559681665375],[-1.83621436176447,51.3558975952801],[-1.83623980525245,51.3559068743021],[-1.83624678921323,51.3559297772345],[-1.83623189544898,51.3559502668807],[-1.83618708706238,51.3560231822355],[-1.83612726585793,51.3561257317321],[-1.83602978945787,51.3563126710344],[-1.83593594562357,51.3564996242991],[-1.83581618172347,51.3567138674837],[-1.83571541179393,51.356873349818],[-1.83554452003646,51.3570873234556],[-1.83533674909525,51.3573285354076],[-1.83525178380114,51.3574012322845],[-1.83506785641086,51.3575008288091],[-1.83478170413136,51.3575998768571],[-1.8345144290584,51.3576533080219],[-1.83428769409279,51.3576795234676],[-1.83404284746451,51.3576942123528],[-1.83372870945043,51.3577039561292],[-1.83346958411547,51.3576957034465]]]},"properties":{"OBJECTID":1042092,"LAYER":"DITCH","project":"Avebury World Heritage Site","PERIOD":"MEDIEVAL\\POST MEDIEVAL\\UNCERTAIN","MONUMENT_TYPE":"CIRCULAR ENCLOSURE\\TREE ENCLOSURE RING","EVIDENCE_1":"CROPMARK","HE_UID":"221220","HE_URL1":"https://www.heritagegateway.org.uk/Gateway/Results_Single.aspx?uid=221220&resourceID=19191","HER_NO":" NONE GIVEN"}},{"type":"Feature","id":1166425,"geometry":{"type":"MultiPolygon","coordinates":[[[[-1.82056412822261,51.3424586014534],[-1.82044112450901,51.3423479282819],[-1.82044106304111,51.3423478598501],[-1.82044102025808,51.3423477860516],[-1.82044099902426,51.3423477086894],[-1.82044099932915,51.3423476304608],[-1.82044102116573,51.3423475531642],[-1.82044106451998,51.3423474803964],[-1.82044112795624,51.3423474121552],[-1.82044120858912,51.3423473520329],[-1.82044130354024,51.3423473018235],[-1.8204414128026,51.3423472633253],[-1.82044153063349,51.3423472365296],[-1.82044165415453,51.3423472232303],[-1.82044177905869,51.3423472234209],[-1.8204419024746,51.3423472370971],[-1.82044201865953,51.3423472642499],[-1.82044212761702,51.3423473039803],[-1.82044222361134,51.3423473544812],[-1.82044230377812,51.3423474139497],[-1.82056318292075,51.3424561794067],[-1.81953739439014,51.3397426897454],[-1.81950899094893,51.3398739552529],[-1.81950896050556,51.3398740307378],[-1.81950891141346,51.3398741025974],[-1.81950884225107,51.3398741672327],[-1.81950875589314,51.339874223749],[-1.81950865665703,51.3398742694552],[-1.81950854454275,51.3398743043515],[-1.81950842529973,51.3398743266482],[-1.81950830180271,51.3398743354506],[-1.81950817835851,51.3398743307653],[-1.8195080564027,51.3398743125944],[-1.8195079431098,51.3398742818483],[-1.81950783847626,51.339874239426],[-1.81950774824101,51.3398741862355],[-1.81950767383258,51.3398741240775],[-1.81950761667955,51.3398740547525],[-1.81950757964607,51.3398739800632],[-1.81950756415367,51.3398739036086],[-1.81950757020235,51.3398738253887],[-1.8195364823625,51.3397402290717],[-1.81953649267566,51.3397401616485],[-1.81953652023714,51.3397400888567],[-1.81953656644379,51.3397400205894],[-1.81953662985649,51.3397399577436],[-1.8195367104647,51.3397399030169],[-1.81953680252602,51.3397398564004],[-1.81953690602989,51.3397398205918],[-1.8195370181051,51.3397397955865],[-1.81953713444136,51.3397397822771],[-1.81953725359954,51.3397397815607],[-1.81953737127284,51.3397397934307],[-1.81953748315799,51.3397398169811],[-1.81953758782291,51.3397398513108],[-1.81953768239641,51.3397398964152],[-1.81953776257522,51.3397399513885],[-1.81953782553036,51.3397400054363],[-1.81966820838438,51.3398472777802],[-1.8196682756009,51.3398473435239],[-1.81966832269438,51.339847415531],[-1.81966834967186,51.3398474920032],[-1.81966835511178,51.3398475693415],[-1.81966833901768,51.3398476466469],[-1.81966830140364,51.3398477203225],[-1.81966824514435,51.3398477894736],[-1.81966817024686,51.3398478523018],[-1.81966807816083,51.3398479052127],[-1.8196679746322,51.3398479473157],[-1.81966785966449,51.3398479777118],[-1.8196677390036,51.3398479955106],[-1.81966761552428,51.3398479998173],[-1.8196674920977,51.3398479906362],[-1.81966737303069,51.339847967974],[-1.81966726118742,51.3398479336335],[-1.81966716231379,51.3398478867243],[-1.81966707639576,51.339847830843],[-1.81953867978612,51.3397421881728],[-1.82056465454519,51.3424561690626],[-1.82060203468522,51.342325528683],[-1.82060206656427,51.3423254532001],[-1.82060211996101,51.3423253822459],[-1.82060219199707,51.3423253176145],[-1.82060228122276,51.3423252629002],[-1.82060238333105,51.3423252180967],[-1.82060249687927,51.342325185],[-1.82060261755335,51.342325165402],[-1.82060274248546,51.342325158399],[-1.82060286736155,51.3423251657829],[-1.82060298788158,51.3423251857487],[-1.8206031011707,51.3423252191913],[-1.82060320292886,51.3423252643057],[-1.8206032917239,51.3423253201905],[-1.82060336325927,51.3423253841417],[-1.8206034161028,51.3423254552578],[-1.82060344739364,51.3423255308371],[-1.82060345857445,51.3423256090832],[-1.82060344678441,51.3423256872943],[-1.82056547433346,51.3424583787102],[-1.82056545823627,51.3424584569148],[-1.82056542780325,51.3424585297023],[-1.82056537728468,51.3424585988625],[-1.82056530956591,51.3424586608029],[-1.82056522608266,51.3424587155259],[-1.82056512971676,51.3424587603381],[-1.82056502190743,51.3424587943427],[-1.8205649069652,51.342458816647],[-1.82056478632928,51.3424588263541],[-1.82056466574238,51.3424588234726],[-1.82056454807588,51.342458808007],[-1.82056443619762,51.3424587808608],[-1.82056433298251,51.3424587411393],[-1.82056424128789,51.3424586924435],[-1.82056416398862,51.3424586338786],[-1.82056412822261,51.3424586014534]]],[[[-1.81942693159799,51.343637976323],[-1.81930148818522,51.3435283997324],[-1.819301428132,51.3435283366973],[-1.81930138389635,51.3435282673922],[-1.81930135977484,51.3435281945212],[-1.81930135432115,51.3435281207797],[-1.81930136896751,51.3435280470691],[-1.81930140227112,51.3435279751855],[-1.81930145421788,51.3435279087256],[-1.81930152336856,51.3435278485865],[-1.81930160684819,51.3435277956628],[-1.81930170321047,51.34352775265],[-1.81930180958397,51.3435277195435],[-1.81930192309021,51.3435276981374],[-1.81930204085423,51.3435276893265],[-1.81930216000811,51.3435276922071],[-1.81930227624471,51.3435277067725],[-1.81930238668908,51.3435277339177],[-1.81930248847682,51.3435277718398],[-1.81930257874004,51.3435278196352],[-1.81930265604655,51.3435278764026],[-1.8194260562238,51.3436356712691],[-1.81917863242812,51.3429604875013],[-1.81914189953769,51.3430911364904],[-1.81914186622003,51.3430912119706],[-1.81914181282017,51.3430912829241],[-1.81914174221659,51.3430913475569],[-1.8191416529877,51.3430914022699],[-1.81914155087278,51.3430914479714],[-1.81914143732166,51.3430914810666],[-1.81914131664495,51.3430915006632],[-1.81914119171056,51.3430915076646],[-1.81914106682911,51.3430915011783],[-1.81914094631126,51.3430914803118],[-1.81914083301781,51.343091447767],[-1.81914072982369,51.3430914026491],[-1.81914064246465,51.3430913467654],[-1.81914057093012,51.3430912828133],[-1.81914051808797,51.3430912116965],[-1.81914048536329,51.3430911361147],[-1.81914047418477,51.3430910578685],[-1.81914048454177,51.3430909796554],[-1.8191778186517,51.3429582239024],[-1.81917783331218,51.342958146595],[-1.81917786375124,51.3429580729087],[-1.8191779128332,51.3429580046461],[-1.81917798055808,51.3429579418073],[-1.81917806404034,51.3429578879845],[-1.81917816184784,51.3429578422765],[-1.81917826822365,51.3429578082709],[-1.81917838460347,51.3429577859702],[-1.81917850380529,51.3429577762624],[-1.81917862439339,51.3429577791453],[-1.81917874206422,51.3429577937131],[-1.81917885393932,51.3429578217598],[-1.8191789571579,51.3429578605833],[-1.81917904885205,51.3429579092802],[-1.8191791261504,51.342957967846],[-1.81917916334799,51.342958001173],[-1.81930269638981,51.3430684327891],[-1.81930275929621,51.3430685003246],[-1.8193028020781,51.3430685741234],[-1.81930282331034,51.3430686514859],[-1.81930282300352,51.3430687297145],[-1.81930280116471,51.3430688070108],[-1.81930275924015,51.3430688806795],[-1.81930269580123,51.3430689489201],[-1.81930261660133,51.3430690090438],[-1.81930252021179,51.3430690592501],[-1.81930241237895,51.3430690986486],[-1.81930229454559,51.3430691254431],[-1.81930217102229,51.3430691387412],[-1.8193020461162,51.3430691385493],[-1.8193019226987,51.343069124872],[-1.81930180507339,51.343069098615],[-1.8193016961152,51.3430690588835],[-1.81930160011712,51.3430690092809],[-1.81930151995408,51.3430689489125],[-1.81918006142134,51.3429603692069],[-1.81942743978407,51.3436354279153],[-1.81946188447205,51.3435045972981],[-1.8194619163573,51.3435045209164],[-1.81946196832144,51.3435044499605],[-1.81946203892168,51.3435043862268],[-1.8194621267188,51.3435043306121],[-1.81946222883432,51.3435042849104],[-1.81946234238622,51.3435042518148],[-1.81946246307092,51.3435042304196],[-1.81946258657065,51.3435042234156],[-1.81946271145325,51.3435042299016],[-1.81946283197938,51.3435042489694],[-1.81946294527407,51.3435042815139],[-1.81946304847295,51.3435043257323],[-1.81946313727238,51.3435043807188],[-1.81946321024372,51.3435044446729],[-1.81946326452608,51.3435045148926],[-1.81946329725156,51.3435045904743],[-1.81946330986998,51.3435046678235],[-1.81946330094912,51.3435047460389],[-1.81942827631282,51.3436377535909],[-1.81942826309178,51.3436378300013],[-1.81942823265621,51.3436379027885],[-1.81942818213816,51.343637971049],[-1.81942811584836,51.3436380338901],[-1.81942803379734,51.3436380886145],[-1.8194279374279,51.3436381334258],[-1.81942782961146,51.3436381683285],[-1.81942771610149,51.3436381906339],[-1.81942759689446,51.3436382012411],[-1.81942747630104,51.3436381992576],[-1.8194273586284,51.3436381846901],[-1.81942724674797,51.3436381575428],[-1.81942714352416,51.3436381196186],[-1.81942705182841,51.3436380709219],[-1.81942697308585,51.3436380141525],[-1.81942693159799,51.343637976323]]]]},"properties":{"OBJECTID":1166425,"LAYER":"RIDGE_AND_FURROW_ALIGNMENT","project":"Avebury World Heritage Site","PERIOD":"MEDIEVAL\\POST MEDIEVAL","MONUMENT_TYPE":"RIDGE AND FURROW","EVIDENCE_1":"EARTHWORK","HE_UID":"1176928","HE_URL1":"https://www.heritagegateway.org.uk/Gateway/Results_Single.aspx?uid=1176928&resourceID=19191","HER_NO":" NONE GIVEN"}},{"type":"Feature","id":871461,"geometry":{"type":"Polygon","coordinates":[[[-1.81933476619663,51.3364139099925],[-1.81931115889391,51.3364627463378],[-1.81924856586628,51.3365017486188],[-1.81915479185975,51.3365309278731],[-1.81906109301518,51.3365405579465],[-1.81896750926093,51.3365208656383],[-1.81890518460464,51.3364914454232],[-1.81885854640675,51.3364425010086],[-1.81885881521388,51.3363740795944],[-1.81889028530756,51.3363105942024],[-1.81899968917236,51.3362765512301],[-1.81916359339986,51.3362768033165],[-1.81923370353445,51.3363111224405],[-1.81931156108967,51.3363601146649],[-1.81933476619663,51.3364139099925]]]},"properties":{"OBJECTID":871461,"LAYER":"BANK","project":"Marden Environs","PERIOD":"BRONZE AGE","MONUMENT_TYPE":"BARROW","EVIDENCE_1":"CROPMARK","HE_UID":"1477059","HE_URL1":"https://www.heritagegateway.org.uk/Gateway/Results_Single.aspx?uid=1477059&resourceID=19191","HER_NO":" NONE GIVEN"}},{"type":"Feature","id":890794,"geometry":{"type":"Polygon","coordinates":[[[-1.81750875957816,51.3521691006009],[-1.8176048309004,51.3521392170788],[-1.81776076401115,51.3521394589343],[-1.81785667213949,51.3521471157454],[-1.81809667149003,51.352117454734],[-1.8182165596821,51.3521326654368],[-1.81826462482145,51.3521102152527],[-1.81822884676574,51.3520576028409],[-1.81820525153443,51.3519599692904],[-1.81830118915591,51.3519601175645],[-1.81833707051585,51.3519902056371],[-1.81833686299522,51.3520427624311],[-1.81838461727875,51.3520953843164],[-1.81844453895281,51.3521104931647],[-1.818624482687,51.3521032626865],[-1.81873239582501,51.3521109372404],[-1.81885235857421,51.3521036139378],[-1.81893620220682,51.3521337757042],[-1.81896000586899,51.3521788523213],[-1.81890002399305,51.3521862681214],[-1.81855221522086,51.3521782238021],[-1.81828841253317,51.3521628001345],[-1.81810840915559,51.3521850463187],[-1.81783242375898,51.3522146426043],[-1.81753241298034,51.3522517180719],[-1.81740041519608,51.3522665294131],[-1.81734052246414,51.3522514200416],[-1.81735272151734,51.3521988908806],[-1.81742467858503,51.3521990026683],[-1.81750875957816,51.3521691006009]]]},"properties":{"OBJECTID":890794,"LAYER":"BANK","project":"Avebury World Heritage Site","PERIOD":"LATER PREHISTORIC\\ROMAN","MONUMENT_TYPE":"FIELD SYSTEM","EVIDENCE_1":"CROPMARK","HE_UID":"1491860","HE_URL1":"https://www.heritagegateway.org.uk/Gateway/Results_Single.aspx?uid=1491860&resourceID=19191","HER_NO":" NONE GIVEN"}},{"type":"Feature","id":1228194,"geometry":{"type":"Polygon","coordinates":[[[-1.8224692647369,51.349425996473],[-1.82421575019029,51.3492214832748],[-1.82431937772744,51.3496735677977],[-1.82426498414391,51.3501254162382],[-1.8240823013223,51.3506712260577],[-1.82401409965705,51.3507935206959],[-1.82241807296814,51.3509935457712],[-1.82089704237436,51.3512501587549],[-1.82057969914655,51.3496537970679],[-1.8224692647369,51.349425996473]]]},"properties":{"OBJECTID":1228194,"LAYER":"RIDGE_AND_FURROW_AREA","project":"Avebury World Heritage Site","PERIOD":"MEDIEVAL\\POST MEDIEVAL","MONUMENT_TYPE":"RIDGE AND FURROW","EVIDENCE_1":"EARTHWORK","HE_UID":"1176929","HE_URL1":"https://www.heritagegateway.org.uk/Gateway/Results_Single.aspx?uid=1176929&resourceID=19191","HER_NO":" NONE GIVEN"}},{"type":"Feature","id":1039089,"geometry":{"type":"Polygon","coordinates":[[[-1.7988615869421,51.3436382228561],[-1.79890199812405,51.3436359901082],[-1.79894971006912,51.3436452703854],[-1.79897162820301,51.3436728858189],[-1.79896424726124,51.3436797699248],[-1.7989384977779,51.3436912174285],[-1.79889432095495,51.3437141249496],[-1.79885387531494,51.3437209524599],[-1.79881718965512,51.3437116910208],[-1.79880264252374,51.3436794933546],[-1.79881003920712,51.3436657125536],[-1.79882847221345,51.3436496577292],[-1.7988615869421,51.3436382228561]]]},"properties":{"OBJECTID":1039089,"LAYER":"DITCH","project":"Avebury World Heritage Site","PERIOD":"MEDIEVAL\\POST MEDIEVAL","MONUMENT_TYPE":"WATER MEADOW","EVIDENCE_1":"EARTHWORK","HE_UID":"1177093","HE_URL1":"https://www.heritagegateway.org.uk/Gateway/Results_Single.aspx?uid=1177093&resourceID=19191","HER_NO":" NONE GIVEN"}},{"type":"Feature","id":1020709,"geometry":{"type":"Polygon","coordinates":[[[-1.80034449140333,51.3444386234693],[-1.80042802658358,51.3444313021449],[-1.80048161400528,51.344450051179],[-1.80048752393022,51.3444612560379],[-1.800505282437,51.3444948706613],[-1.8004574918881,51.3445134475652],[-1.80039785097037,51.3445133462803],[-1.80034420070195,51.3445057919264],[-1.80031450946804,51.3444758886115],[-1.80034449140333,51.3444386234693]]]},"properties":{"OBJECTID":1020709,"LAYER":"DITCH","project":"Avebury World Heritage Site","PERIOD":"MEDIEVAL\\POST MEDIEVAL","MONUMENT_TYPE":"BUILDING PLATFORM\\DRAIN\\ENCLOSURE\\HOLLOW WAY\\RIDGE AND FURROW\\SETTLEMENT","EVIDENCE_1":"CROPMARK\\EARTHWORK","HE_UID":"221163","HE_URL1":"https://www.heritagegateway.org.uk/Gateway/Results_Single.aspx?uid=221163&resourceID=19191","HER_NO":" NONE GIVEN"}},{"type":"Feature","id":1254211,"geometry":{"type":"Polygon","coordinates":[[[-1.84115343808486,51.3334375496431],[-1.84048531593109,51.3336270627026],[-1.83960179288201,51.3339091652286],[-1.83956500096668,51.3338255177201],[-1.83954414111614,51.3334260763416],[-1.83957408111327,51.3333471631028],[-1.84012359148691,51.3331435611261],[-1.84078419528689,51.3329819057968],[-1.84099848110015,51.3332097675366],[-1.84115343808486,51.3334375496431]]]},"properties":{"OBJECTID":1254211,"LAYER":"RIDGE_AND_FURROW_AREA","project":"Marden Environs","PERIOD":"POST MEDIEVAL","MONUMENT_TYPE":"RIDGE AND FURROW","EVIDENCE_1":"CROPMARK","HE_UID":"1483792","HE_URL1":"https://www.heritagegateway.org.uk/Gateway/Results_Single.aspx?uid=1483792&resourceID=19191","HER_NO":" NONE GIVEN"}},{"type":"Feature","id":1039115,"geometry":{"type":"MultiPolygon","coordinates":[[[[-1.83972142580693,51.3428128284119],[-1.83906604570445,51.3417688602613],[-1.83897685921926,51.3418214404445],[-1.83897675998888,51.3418214888648],[-1.8389766507465,51.3418215264812],[-1.83897653150156,51.3418215505961],[-1.83897640799356,51.3418215621166],[-1.83897628166131,51.3418215601455],[-1.83897615968628,51.3418215437933],[-1.83897604349786,51.3418215148605],[-1.83897593740303,51.3418214733529],[-1.83897584426371,51.341821421972],[-1.83897576695437,51.3418213598226],[-1.838975706895,51.3418212914024],[-1.83897566839257,51.3418212167174],[-1.83897564999887,51.3418211393624],[-1.83897565314641,51.3418210602384],[-1.83897567925518,51.3418209838434],[-1.83897572545071,51.3418209110727],[-1.83897579172357,51.3418208446236],[-1.8389758737605,51.3418207862888],[-1.83906548032508,51.3417679585055],[-1.83906048468089,51.3417600001873],[-1.83906045048535,51.3417599255083],[-1.83906043783419,51.3417598481611],[-1.8390604467211,51.3417597699442],[-1.83906047713353,51.3417596944542],[-1.83906052906525,51.3417596234896],[-1.83906059820296,51.3417595588428],[-1.83906068454038,51.3417595023122],[-1.83906078519679,51.3417594565913],[-1.83906089729773,51.3417594225755],[-1.83906101796872,51.34175940116],[-1.83906114146712,51.341759392337],[-1.83906126491532,51.3417593979008],[-1.83906138688395,51.3417594160512],[-1.83906150019153,51.3417594476776],[-1.83906160484436,51.3417594909815],[-1.83906169366724,51.341759545054],[-1.83906176810525,51.3417596071994],[-1.83906182385143,51.341759677412],[-1.83906660533525,51.3417672946465],[-1.83914881283209,51.3417188303222],[-1.83914884447936,51.3417188123818],[-1.83914892356931,51.3417187756232],[-1.83943143717986,51.3416082800616],[-1.83979527024643,51.3414227793175],[-1.83979536514315,51.3414227380841],[-1.83979540394949,51.3414227255483],[-1.84006299768264,51.341339568577],[-1.84084337395801,51.3411242507537],[-1.84084348602195,51.3411242266272],[-1.84084360378813,51.3411242141978],[-1.84084372151089,51.341124214357],[-1.84084383919332,51.3411242262054],[-1.84084395109284,51.3411242497355],[-1.84084405577382,51.3411242849452],[-1.84084414893243,51.3411243309295],[-1.84084422914233,51.341124384989],[-1.84084429496788,51.3411244471217],[-1.84084434210835,51.3411245155234],[-1.84084437200869,51.3411245874986],[-1.84084438180382,51.341124661245],[-1.84084437149994,51.3411247349642],[-1.84084434397144,51.3411248077609],[-1.84084429636255,51.3411248751354],[-1.84084423154145,51.3411249379907],[-1.84084415095619,51.341124992732],[-1.84084405748115,51.341125038464],[-1.84084395399385,51.3411250733924],[-1.84006360644826,51.341340383166],[-1.83979611331956,51.3414235079049],[-1.83943230757506,51.3416089952011],[-1.83943223567634,51.3416090283729],[-1.83914974506504,51.3417195149761],[-1.83906717071464,51.3417681964023],[-1.83972276500549,51.3428125056289],[-1.83972279920241,51.3428125803078],[-1.83972281185451,51.3428126576549],[-1.83972280296802,51.3428127358719],[-1.83972277255551,51.3428128113621],[-1.83972272062319,51.342812882327],[-1.83972265148443,51.3428129469742],[-1.83972256514548,51.3428130035054],[-1.83972246448715,51.3428130492268],[-1.83972235238391,51.3428130832432],[-1.83972223171033,51.3428131046594],[-1.83972210820917,51.3428131134832],[-1.8397219847581,51.3428131079201],[-1.83972186278653,51.3428130897704],[-1.8397217494761,51.3428130581446],[-1.83972164482052,51.3428130148413],[-1.83972155599516,51.3428129607693],[-1.83972148155494,51.3428128986242],[-1.83972142580693,51.3428128284119]]],[[[-1.84010709762498,51.3413306186425],[-1.84010720963059,51.3413306116011],[-1.84010732016006,51.3413306162471],[-1.84010742921956,51.3413306307822],[-1.84010753393474,51.3413306561016],[-1.84010763000172,51.3413306913002],[-1.840107715988,51.341330735477],[-1.84010779046101,51.3413307877309],[-1.84010785199138,51.3413308462614],[-1.84010789771089,51.3413309101656],[-1.84066745239146,51.3423260336624],[-1.84066748371509,51.3423261092363],[-1.84066749349416,51.3423261874786],[-1.84066748173803,51.3423262656918],[-1.84066744845913,51.3423263402792],[-1.84066739365745,51.3423264112406],[-1.8406673216525,51.3423264749853],[-1.84066723245048,51.3423265297149],[-1.84066712892588,51.3423265745341],[-1.84066701539508,51.3423266067512],[-1.84066689472944,51.34232662637],[-1.84066676980342,51.3423266324953],[-1.84066664492407,51.3423266251328],[-1.84066652583411,51.3423266042904],[-1.84066641253043,51.3423265708673],[-1.84066631075577,51.3423265248711],[-1.84066622336903,51.3423264699026],[-1.840666151809,51.3423264050645],[-1.84066609893461,51.3423263339573],[-1.84010654428162,51.3413312104537],[-1.84010651295912,51.3413311348797],[-1.8401065031776,51.3413310575365],[-1.84010651493394,51.3413309793234],[-1.84010654821258,51.3413309047363],[-1.84010660157782,51.3413308337732],[-1.84010667358159,51.3413307700289],[-1.840106762782,51.3413307152997],[-1.84010686486585,51.3413306713783],[-1.84010697696184,51.3413306382607],[-1.84010709762498,51.3413306186425]]],[[[-1.83980283339691,51.3414272990186],[-1.83980295688804,51.3414272919931],[-1.83980308033232,51.3414272984553],[-1.83980320085845,51.3414273184014],[-1.83980331272695,51.3414273509242],[-1.8398034145053,51.3414273951228],[-1.83980350332529,51.3414274500939],[-1.83980357488934,51.3414275131341],[-1.83980362920059,51.3414275833444],[-1.84042469200364,51.3424619072147],[-1.84042472476264,51.3424619827906],[-1.84042473598014,51.3424620601357],[-1.84042472565923,51.3424621383508],[-1.8404246938124,51.3424622138392],[-1.84042464188157,51.3424622848045],[-1.84042457130863,51.3424623494502],[-1.84042448353864,51.3424624050807],[-1.84042438144607,51.3424624508008],[-1.84042426934734,51.3424624839187],[-1.84042414867499,51.3424625053357],[-1.84042402374545,51.3424625123599],[-1.84042389886267,51.3424625058963],[-1.84042377833054,51.3424624868501],[-1.8404236650236,51.3424624543259],[-1.84042356180697,51.342462410126],[-1.84042347298456,51.3424623551553],[-1.84042339998587,51.3424622912143],[-1.8404233456729,51.3424622210042],[-1.83980228289792,51.3414278971265],[-1.83980225298965,51.3414278278486],[-1.8398022388798,51.3414277567938],[-1.8398022448691,51.3414276857664],[-1.83980226808309,51.3414276156616],[-1.83980230851246,51.3414275491769],[-1.83980236471837,51.3414274872097],[-1.83980243669461,51.3414274315582],[-1.83980252299927,51.3414273840188],[-1.83980261788663,51.3414273454829],[-1.8398027227892,51.3414273168518],[-1.83980283339691,51.3414272990186]]],[[[-1.83957494394829,51.3415449617657],[-1.83957506887541,51.3415449547425],[-1.83957519375251,51.3415449621061],[-1.83957531427885,51.3415449820524],[-1.83957542758,51.3415450154766],[-1.83957552935526,51.3415450605745],[-1.83957561817522,51.3415451155458],[-1.83957568973602,51.3415451794854],[-1.83957574260826,51.341545250593],[-1.84015708534782,51.3425473562093],[-1.84015711667075,51.3425474317833],[-1.8401571278847,51.3425475100277],[-1.84015711613076,51.3425475873416],[-1.84015708428031,51.3425476637291],[-1.84015703091327,51.3425477346923],[-1.84015695890727,51.3425477984367],[-1.84015687113679,51.342547854067],[-1.84015676904689,51.3425478988877],[-1.84015665551207,51.3425479320034],[-1.84015653340993,51.3425479516198],[-1.84015640991582,51.3425479586456],[-1.84015628503283,51.3425479521818],[-1.84015616450683,51.342547931337],[-1.840156051203,51.3425478979133],[-1.84015594798955,51.342547852814],[-1.84015585916731,51.3425477978431],[-1.84015578760453,51.3425477339038],[-1.84015573473068,51.3425476627965],[-1.83957439201862,51.3415455571732],[-1.83957436210749,51.3415454887944],[-1.83957434943363,51.3415454177415],[-1.83957435542328,51.3415453467141],[-1.8395743786377,51.3415452766093],[-1.83957441906748,51.3415452101248],[-1.83957447670639,51.3415451490587],[-1.83957454868309,51.3415450934074],[-1.83957463355256,51.3415450458662],[-1.839574729876,51.3415450073325],[-1.8395748333402,51.3415449795988],[-1.83957494394829,51.3415449617657]]],[[[-1.8393436427936,51.341644312024],[-1.83934376772103,51.341644305001],[-1.8393438911627,51.3416443123629],[-1.8393440116892,51.3416443323094],[-1.83934412499356,51.3416443648347],[-1.83934422676881,51.3416444099328],[-1.83934431558868,51.3416444649042],[-1.83934438714931,51.341644528844],[-1.83934444002132,51.3416445999517],[-1.83999367116162,51.3427545124314],[-1.83999370392013,51.3427545880075],[-1.83999371513384,51.3427546662518],[-1.83999370481215,51.3427547444669],[-1.83999367152872,51.3427548199532],[-1.83999361959688,51.3427548909183],[-1.83999354759033,51.3427549546626],[-1.83999345981926,51.3427550102928],[-1.83999335629304,51.3427550551114],[-1.83999324419327,51.3427550882289],[-1.83999312208741,51.3427551087442],[-1.8399929985927,51.3427551157699],[-1.83999287370917,51.342755109306],[-1.83999275318273,51.3427550884609],[-1.83999263987537,51.3427550559363],[-1.83999253666161,51.3427550108368],[-1.83999244783917,51.3427549558658],[-1.83999237627631,51.3427548919265],[-1.83999232340246,51.342754820819],[-1.83934309229227,51.3416449083316],[-1.83934306094577,51.3416448399507],[-1.83934304827222,51.3416447688979],[-1.83934305426539,51.3416446969713],[-1.83934307747708,51.3416446277657],[-1.83934311790729,51.3416445612812],[-1.83934317554975,51.3416444993161],[-1.83934324752688,51.3416444436649],[-1.83934333239677,51.3416443961239],[-1.83934342872062,51.3416443575904],[-1.83934353218518,51.3416443298568],[-1.8393436427936,51.341644312024]]],[[[-1.84106332276885,51.3426821917991],[-1.84106343477765,51.3426821847567],[-1.84106354531042,51.3426821894018],[-1.84106365437336,51.342682203936],[-1.84106375908886,51.3426822301537],[-1.84106385515918,51.3426822653515],[-1.84106394258432,51.3426823095296],[-1.8410640170603,51.3426823617828],[-1.84106407715763,51.342682420311],[-1.84148055649699,51.3431944299741],[-1.84148060362771,51.3431945019723],[-1.84148062920732,51.3431945784375],[-1.84148063324821,51.3431946557728],[-1.8414806171892,51.3431947330811],[-1.84148057960696,51.3431948067637],[-1.84148052194027,51.3431948759233],[-1.84148044706986,51.3431949378663],[-1.841480355005,51.3431949898951],[-1.84148025148853,51.3431950320174],[-1.84148013652663,51.343195062435],[-1.84148001586834,51.3431950793571],[-1.84147989094626,51.3431950836848],[-1.84147976750943,51.3431950736277],[-1.84147964985876,51.3431950509897],[-1.84147953942997,51.3431950157728],[-1.84147943908828,51.3431949697793],[-1.84147935457653,51.3431949130169],[-1.84147928588543,51.3431948481831],[-1.84106280655642,51.3426828385156],[-1.84106276085946,51.3426827674183],[-1.84106273383583,51.3426826936486],[-1.84106272835687,51.3426826172105],[-1.8410627444133,51.3426825408014],[-1.84106277912131,51.3426824680143],[-1.84106283391349,51.3426823997502],[-1.84106290590915,51.3426823387028],[-1.84106299366948,51.3426822857693],[-1.8410630943169,51.3426822427443],[-1.84106320497692,51.342682210523],[-1.84106332276885,51.3426821917991]]],[[[-1.84061033708,51.3427094992592],[-1.84061046201018,51.3427094922348],[-1.84061058545798,51.3427094986962],[-1.84061070598459,51.3427095195406],[-1.84061081929228,51.3427095520646],[-1.84061092107085,51.3427095971616],[-1.84061100989394,51.3427096521322],[-1.84061108145759,51.3427097160712],[-1.84115429611327,51.3432955505985],[-1.84115434898953,51.3432956217054],[-1.84115438175032,51.3432956972811],[-1.84115439296614,51.3432957755254],[-1.84115438264938,51.3432958528414],[-1.84115434936436,51.3432959292272],[-1.84115429743371,51.3432960001928],[-1.8411542254279,51.3432960639377],[-1.84115413765719,51.3432961195688],[-1.8411540355666,51.3432961643904],[-1.84115392203065,51.3432961975071],[-1.84115380135957,51.3432962180256],[-1.84115367642788,51.3432962250505],[-1.84115355154272,51.3432962185878],[-1.84115343101123,51.3432961986431],[-1.84115331770481,51.3432961652205],[-1.84115321448871,51.343296120122],[-1.84115312566385,51.3432960651519],[-1.84115305409853,51.3432960012132],[-1.84060983945335,51.3427101666802],[-1.8406097894282,51.3427101018711],[-1.84060975808262,51.3427100325915],[-1.84060974397158,51.3427099615368],[-1.84060974709198,51.3427098896062],[-1.84060977030896,51.342709818602],[-1.8406098107418,51.3427097512178],[-1.84060986694859,51.3427096892501],[-1.84060993892932,51.3427096326989],[-1.84061002380016,51.342709585157],[-1.84061012156422,51.3427095457252],[-1.8406102264694,51.3427095170932],[-1.84061033708,51.3427094992592]]]]},"properties":{"OBJECTID":1039115,"LAYER":"DITCH","project":"Avebury World Heritage Site","PERIOD":"MEDIEVAL\\POST MEDIEVAL","MONUMENT_TYPE":"WATER MEADOW","EVIDENCE_1":"EARTHWORK","HE_UID":"1176933","HE_URL1":"https://www.heritagegateway.org.uk/Gateway/Results_Single.aspx?uid=1176933&resourceID=19191","HER_NO":" NONE GIVEN"}},{"type":"Feature","id":890797,"geometry":{"type":"Polygon","coordinates":[[[-1.81739915382713,51.3510248038138],[-1.81836138829119,51.3508173427152],[-1.81840128611648,51.3508591982554],[-1.81840115416388,51.3508926295987],[-1.81833428373332,51.3509176044846],[-1.8178933852415,51.3509837855838],[-1.81739892160627,51.3510833221414],[-1.81687772830587,51.3511911683592],[-1.81642332350142,51.3512907541982],[-1.81612926980908,51.3513655110608],[-1.81579500372194,51.3514736447039],[-1.81570150360704,51.3514818605215],[-1.81566147381489,51.3514734353705],[-1.81566164118071,51.3514316507045],[-1.81582201359117,51.35139847056],[-1.81616973363107,51.3512652797278],[-1.81739915382713,51.3510248038138]]]},"properties":{"OBJECTID":890797,"LAYER":"BANK","project":"Avebury World Heritage Site","PERIOD":"LATER PREHISTORIC\\ROMAN","MONUMENT_TYPE":"FIELD SYSTEM","EVIDENCE_1":"CROPMARK","HE_UID":"1491860","HE_URL1":"https://www.heritagegateway.org.uk/Gateway/Results_Single.aspx?uid=1491860&resourceID=19191","HER_NO":" NONE GIVEN"}},{"type":"Feature","id":920632,"geometry":{"type":"Polygon","coordinates":[[[-1.83127627748382,51.3507297082522],[-1.83137509278738,51.3507119561731],[-1.83155431590263,51.3506877731042],[-1.83168953514232,51.3506770685197],[-1.83186109860827,51.3506779972068],[-1.8319849287081,51.3506992419767],[-1.83207990273802,51.3506951783791],[-1.83213827883178,51.3506977793951],[-1.83215247196182,51.3507275806024],[-1.83207566592616,51.3507385939035],[-1.83197722397914,51.3507289220125],[-1.83179850821127,51.3507165276713],[-1.83156837464561,51.3507267098897],[-1.83137084099637,51.3507553626523],[-1.83104535917187,51.3507970404068],[-1.83079690019073,51.3508116996937],[-1.83061412604497,51.3508290067224],[-1.83044564100748,51.3508692452467],[-1.83035035233326,51.3508961642967],[-1.83026982402047,51.3509117298975],[-1.83033616029612,51.3508663628841],[-1.83053032469798,51.3508171247207],[-1.8307461468418,51.3507862787127],[-1.8308922854576,51.3507779286382],[-1.8310165034831,51.350771740905],[-1.83115921156134,51.3507473621222],[-1.83127627748382,51.3507297082522]]]},"properties":{"OBJECTID":920632,"LAYER":"BANK","project":"Avebury World Heritage Site","PERIOD":"MEDIEVAL\\POST MEDIEVAL","MONUMENT_TYPE":"STRIP LYNCHET","EVIDENCE_1":"EARTHWORK","HE_UID":"221181","HE_URL1":"https://www.heritagegateway.org.uk/Gateway/Results_Single.aspx?uid=221181&resourceID=19191","HER_NO":" NONE GIVEN"}},{"type":"Feature","id":878720,"geometry":{"type":"Polygon","coordinates":[[[-1.82274855151938,51.34602252107],[-1.82276988741789,51.3460225532137],[-1.82283349001089,51.3461205072219],[-1.82290399207739,51.3462763071032],[-1.82291032969304,51.3464764930076],[-1.8228242269117,51.3466809816923],[-1.82281667471306,51.3467966323613],[-1.82280910538819,51.3469167249706],[-1.8228512504113,51.3470502363387],[-1.82289303647933,51.3472771633712],[-1.82289951101649,51.3474417597481],[-1.82294864449552,51.3476064203302],[-1.82301901244415,51.3477978096049],[-1.82303259497454,51.3479624166542],[-1.82296140325684,51.3479889973148],[-1.8229477211343,51.3478466269259],[-1.8228986558285,51.3476641716029],[-1.82284250058819,51.3474772636093],[-1.82282191691498,51.3472815072416],[-1.82276598498629,51.347036764023],[-1.82274564148664,51.3467787305045],[-1.82277458139495,51.3466497681704],[-1.82281773561992,51.3465208362265],[-1.82283948236675,51.3464141088507],[-1.82281883071737,51.3462361471993],[-1.82274855151938,51.34602252107]]]},"properties":{"OBJECTID":878720,"LAYER":"BANK","project":"Avebury World Heritage Site","PERIOD":"BRONZE AGE\\MEDIEVAL\\POST MEDIEVAL","MONUMENT_TYPE":"CULTIVATION TERRACE\\ROUND BARROW\\TRIANGULATION POINT","EVIDENCE_1":"CONJECTURAL EVIDENCE\\EARTHWORK\\STRUCTURE","HE_UID":"221211","HE_URL1":"https://www.heritagegateway.org.uk/Gateway/Results_Single.aspx?uid=221211&resourceID=19191","HER_NO":" NONE GIVEN"}},{"type":"Feature","id":890791,"geometry":{"type":"Polygon","coordinates":[[[-1.81943712167371,51.3513830913699],[-1.81949857537398,51.3513735734582],[-1.81955978854425,51.3514217106352],[-1.81963571180164,51.3516332245647],[-1.81968085926838,51.3518639157492],[-1.81971400702162,51.3521080582468],[-1.81966452929029,51.3521137281491],[-1.8196338656884,51.3521040688775],[-1.81961877881694,51.3520367780079],[-1.81960391804936,51.3519118409893],[-1.81954338270481,51.3516907384143],[-1.81946729459487,51.3515176551746],[-1.81943693310505,51.3514311343236],[-1.81943712167371,51.3513830913699]]]},"properties":{"OBJECTID":890791,"LAYER":"BANK","project":"Avebury World Heritage Site","PERIOD":"LATER PREHISTORIC\\ROMAN","MONUMENT_TYPE":"FIELD SYSTEM","EVIDENCE_1":"CROPMARK","HE_UID":"1491860","HE_URL1":"https://www.heritagegateway.org.uk/Gateway/Results_Single.aspx?uid=1491860&resourceID=19191","HER_NO":" NONE GIVEN"}},{"type":"Feature","id":1280162,"geometry":{"type":"Polygon","coordinates":[[[-1.8380947291973,51.3452898769692],[-1.83810647619229,51.3452892187309],[-1.83811395208482,51.3452945881492],[-1.83811393093409,51.3453006036657],[-1.83810642443543,51.3453039383131],[-1.83808933613568,51.3453005698519],[-1.83808614352917,51.3452938755282],[-1.8380947291973,51.3452898769692]]]},"properties":{"OBJECTID":1280162,"LAYER":"STRUCTURE","project":"Avebury World Heritage Site","PERIOD":"20TH CENTURY","MONUMENT_TYPE":"ANTI TANK OBSTACLE\\TANK TRAP","EVIDENCE_1":"STRUCTURE","HE_UID":"1423084","HE_URL1":"https://www.heritagegateway.org.uk/Gateway/Results_Single.aspx?uid=1423084&resourceID=19191","HER_NO":" NONE GIVEN"}},{"type":"Feature","id":1084860,"geometry":{"type":"Polygon","coordinates":[[[-1.81740109051867,51.3560187111699],[-1.81743772701457,51.3560111250492],[-1.81747427180001,51.3560302713979],[-1.81748635750355,51.3560608263201],[-1.81748008748272,51.3561028082926],[-1.81744953999421,51.3561104038834],[-1.81742847700416,51.3560983491311],[-1.81737641923669,51.3560835666649],[-1.81737045219476,51.3560491997235],[-1.81740109051867,51.3560187111699]]]},"properties":{"OBJECTID":1084860,"LAYER":"DITCH","project":"Avebury World Heritage Site","PERIOD":"PREHISTORIC\\ROMAN","MONUMENT_TYPE":"DITCHED ENCLOSURE\\PIT\\RECTILINEAR ENCLOSURE\\SETTLEMENT","EVIDENCE_1":"CROPMARK","HE_UID":"1176733","HE_URL1":"https://www.heritagegateway.org.uk/Gateway/Results_Single.aspx?uid=1176733&resourceID=19191","HER_NO":" NONE GIVEN"}},{"type":"Feature","id":908112,"geometry":{"type":"Polygon","coordinates":[[[-1.79761284896226,51.3446784114775],[-1.79756883052771,51.344625589604],[-1.79756909667274,51.3445649312014],[-1.79758016732311,51.3444436325478],[-1.79760373362413,51.3443539976516],[-1.79767551293264,51.3443264264317],[-1.79794534634083,51.3443137086836],[-1.79821510185078,51.344315485005],[-1.79829945463862,51.3443050824059],[-1.79829708464684,51.3443644243964],[-1.79823170942759,51.3443722249741],[-1.79813695368479,51.3443549148275],[-1.79793673951995,51.3443545707297],[-1.79771750436816,51.3443634281551],[-1.79767954896275,51.3443686320239],[-1.79764746545432,51.3444753906908],[-1.79763221713647,51.3445900911473],[-1.79764035577959,51.3446560422256],[-1.79773730922754,51.3446535745384],[-1.79785109231418,51.3446603613372],[-1.79798809464173,51.3446566405309],[-1.79824109445588,51.3446359713665],[-1.79826213089009,51.3446452420882],[-1.79817358225239,51.3446530028475],[-1.79791844868195,51.3446789374069],[-1.79770977056999,51.3446864911706],[-1.79761284896226,51.3446784114775]]]},"properties":{"OBJECTID":908112,"LAYER":"BANK","project":"Avebury World Heritage Site","PERIOD":"MEDIEVAL\\POST MEDIEVAL","MONUMENT_TYPE":"BUILDING PLATFORM\\DRAIN\\ENCLOSURE\\HOLLOW WAY\\RIDGE AND FURROW\\SETTLEMENT","EVIDENCE_1":"CROPMARK\\EARTHWORK","HE_UID":"221163","HE_URL1":"https://www.heritagegateway.org.uk/Gateway/Results_Single.aspx?uid=221163&resourceID=19191","HER_NO":" NONE GIVEN"}},{"type":"Feature","id":1280159,"geometry":{"type":"Polygon","coordinates":[[[-1.83817245133876,51.3452684932891],[-1.83818334773482,51.3452647406789],[-1.83819436716651,51.3452668329372],[-1.83819856751357,51.3452727643357],[-1.8381953879583,51.3452786945859],[-1.83818528423712,51.3452815940609],[-1.8381761302956,51.3452797921044],[-1.83817014892909,51.3452740470864],[-1.83817245133876,51.3452684932891]]]},"properties":{"OBJECTID":1280159,"LAYER":"STRUCTURE","project":"Avebury World Heritage Site","PERIOD":"20TH CENTURY","MONUMENT_TYPE":"ANTI TANK OBSTACLE\\TANK TRAP","EVIDENCE_1":"STRUCTURE","HE_UID":"1423084","HE_URL1":"https://www.heritagegateway.org.uk/Gateway/Results_Single.aspx?uid=1423084&resourceID=19191","HER_NO":" NONE GIVEN"}},{"type":"Feature","id":1166978,"geometry":{"type":"Polygon","coordinates":[[[-1.822101488173,51.350955564305],[-1.82199823269233,51.3508372817027],[-1.82199818271275,51.3508372096925],[-1.82199815285028,51.3508371341161],[-1.8219981445374,51.3508370558747],[-1.82199815776017,51.3508369785651],[-1.82199819251166,51.3508369039856],[-1.82199824735243,51.3508368330332],[-1.82199832082913,51.3508367702017],[-1.82199841150234,51.3508367163881],[-1.82199851506077,51.3508366724849],[-1.82199862862206,51.3508366411854],[-1.82199874931783,51.350836621586],[-1.82199887426575,51.35083661638],[-1.82199899772552,51.3508366246595],[-1.82199911826468,51.3508366455231],[-1.82199923013598,51.3508366798613],[-1.82199933191044,51.3508367258736],[-1.82199941928719,51.350836781755],[-1.82199948939782,51.3508368466022],[-1.82210097212602,51.3509531051619],[-1.82182124038715,51.349582416975],[-1.82175577763446,51.349708809545],[-1.82175572710277,51.3497088805039],[-1.82175565792863,51.3497089451403],[-1.82175557155491,51.349709001658],[-1.82175547086388,51.3497090473638],[-1.82175535872732,51.349709082262],[-1.82175523946343,51.3497091036617],[-1.82175511594053,51.3497091124663],[-1.82175499246984,51.3497091077833],[-1.82175487049072,51.3497090887156],[-1.8217547571723,51.3497090579717],[-1.82175465251456,51.3497090155515],[-1.82175456226114,51.3497089614637],[-1.82175448783403,51.3497088993073],[-1.82175443210156,51.3497088299857],[-1.82175439649269,51.3497087552995],[-1.82175438099697,51.3497086779462],[-1.82175438847926,51.3497085997286],[-1.82175441605382,51.3497085242389],[-1.82182083794539,51.3495802897963],[-1.82182086835678,51.3495802233028],[-1.82182091600599,51.349580155037],[-1.82182098086171,51.3495800930916],[-1.82182106148453,51.3495800383635],[-1.8218211549957,51.3495799926468],[-1.82182125851646,51.3495799577355],[-1.8218213706109,51.3495799336273],[-1.82182148840374,51.3495799212171],[-1.82182160758378,51.3495799213977],[-1.8218217238468,51.3495799332632],[-1.8218218357534,51.3495799577106],[-1.82182194043875,51.3495799929374],[-1.8218220335951,51.3495800389368],[-1.82182211379355,51.3495800939085],[-1.82182217816921,51.3495801560497],[-1.82182222388856,51.349580215465],[-1.82192006786503,51.3497003093218],[-1.82192011497186,51.3497003813278],[-1.82192014052617,51.3497004568979],[-1.82192014596734,51.3497005351351],[-1.82192012844091,51.3497006115392],[-1.82192009081875,51.3497006861144],[-1.82192003311473,51.3497007552642],[-1.82191995821111,51.3497008162953],[-1.82191986610788,51.3497008692077],[-1.82191976255911,51.3497009113126],[-1.82191964756826,51.3497009417107],[-1.82191952688595,51.3497009586125],[-1.82191940338048,51.3497009629214],[-1.82191927993066,51.3497009528435],[-1.82191916083722,51.3497009301836],[-1.82191905040443,51.3497008958475],[-1.82191895007166,51.349700848938],[-1.82191886557213,51.3497007921615],[-1.82191879689887,51.3497007273164],[-1.82182278222403,51.3495828742973],[-1.82210244353293,51.3509532206843],[-1.82216207300079,51.3508258491626],[-1.82216211491433,51.3508257790898],[-1.82216217547079,51.3508257153395],[-1.82216225179481,51.3508256588064],[-1.82216234244695,51.3508256103877],[-1.82216244311244,51.3508255718751],[-1.82216255378434,51.3508255450669],[-1.82216267015828,51.3508255290576],[-1.82216278791948,51.3508255256389],[-1.822162905632,51.3508255348087],[-1.82216302042743,51.3508255556635],[-1.82216312656202,51.3508255881945],[-1.82216322404269,51.3508256306034],[-1.8221633071257,51.3508256828815],[-1.82216337725393,51.3508257432327],[-1.8221634301265,51.3508258098521],[-1.82216346431444,51.3508258809392],[-1.82216347838876,51.3508259546933],[-1.82216347522827,51.3508260293206],[-1.82216345053908,51.3508261012179],[-1.82210287415709,51.3509554899708],[-1.82210285387297,51.3509555366975],[-1.82210281052328,51.3509556067681],[-1.82210274996309,51.3509556714176],[-1.82210267219936,51.3509557288476],[-1.82210258154691,51.3509557772663],[-1.8221024780092,51.3509558157745],[-1.82210236590102,51.3509558425804],[-1.82210224809427,51.3509558576883],[-1.82210212890026,51.3509558602056],[-1.82210200975843,51.3509558492352],[-1.82210189496619,51.3509558274812],[-1.82210178883831,51.3509557931518],[-1.82210169280033,51.3509557489467],[-1.82210160972411,51.3509556948701],[-1.82210154247463,51.3509556327249],[-1.822101488173,51.350955564305]]]},"properties":{"OBJECTID":1166978,"LAYER":"RIDGE_AND_FURROW_ALIGNMENT","project":"Avebury World Heritage Site","PERIOD":"MEDIEVAL\\POST MEDIEVAL","MONUMENT_TYPE":"RIDGE AND FURROW","EVIDENCE_1":"EARTHWORK","HE_UID":"1176929","HE_URL1":"https://www.heritagegateway.org.uk/Gateway/Results_Single.aspx?uid=1176929&resourceID=19191","HER_NO":" NONE GIVEN"}},{"type":"Feature","id":920635,"geometry":{"type":"Polygon","coordinates":[[[-1.82506234246908,51.3472333548144],[-1.82507971039464,51.3471743761802],[-1.82515666823834,51.3472281358974],[-1.82521664528601,51.3472389522826],[-1.82534476454918,51.3473678787328],[-1.82558425313117,51.3475184337236],[-1.82593488358078,51.3477549708371],[-1.82614845745098,51.3479591316457],[-1.82629358380937,51.3481256321056],[-1.82647273690474,51.3483619142917],[-1.82660862701937,51.3487054230681],[-1.82666771794169,51.3489522641832],[-1.82667610847321,51.3490005537263],[-1.82665882264582,51.3490380781761],[-1.82647081670589,51.348871505954],[-1.82629198539419,51.3485493971531],[-1.82607867148753,51.3482755142815],[-1.82581409602338,51.3479532689494],[-1.82560921155623,51.3477223067481],[-1.82525888832232,51.3474053011397],[-1.82506234246908,51.3472333548144]]]},"properties":{"OBJECTID":920635,"LAYER":"BANK","project":"Avebury World Heritage Site","PERIOD":"MEDIEVAL\\POST MEDIEVAL","MONUMENT_TYPE":"STRIP LYNCHET","EVIDENCE_1":"EARTHWORK","HE_UID":"1176746","HE_URL1":"https://www.heritagegateway.org.uk/Gateway/Results_Single.aspx?uid=1176746&resourceID=19191","HER_NO":" NONE GIVEN"}},{"type":"Feature","id":907651,"geometry":{"type":"Polygon","coordinates":[[[-1.83971433320151,51.3406138498489],[-1.83989310974444,51.3405857508106],[-1.83997853936117,51.3405913070274],[-1.83999295877852,51.3406103713575],[-1.8400203445528,51.3406204164999],[-1.84011388796701,51.3406418542517],[-1.84018240038897,51.34066558684],[-1.84021585348364,51.3407352471211],[-1.84017900115151,51.3408718551796],[-1.84009379623271,51.3409628448727],[-1.83992387394172,51.3410081666612],[-1.83975545315312,51.3409972372567],[-1.83959328637596,51.3409507263993],[-1.83953631025712,51.3408709809919],[-1.83953665355699,51.3407722869424],[-1.8395854803751,51.3406812480826],[-1.83971433320151,51.3406138498489]]]},"properties":{"OBJECTID":907651,"LAYER":"BANK","project":"Avebury World Heritage Site","PERIOD":"MEDIEVAL\\POST MEDIEVAL","MONUMENT_TYPE":"BOUNDARY\\CROFT\\HOLLOW WAY\\SETTLEMENT\\TOFT","EVIDENCE_1":"DOCUMENTARY EVIDENCE\\EARTHWORK","HE_UID":"1094889","HE_URL1":"https://www.heritagegateway.org.uk/Gateway/Results_Single.aspx?uid=1094889&resourceID=19191","HER_NO":" NONE GIVEN"}},{"type":"Feature","id":1280163,"geometry":{"type":"Polygon","coordinates":[[[-1.83808878165856,51.345307178097],[-1.83810602529962,51.3453072018048],[-1.83811168738179,51.345317999805],[-1.83810079960219,51.3453233799446],[-1.83809234067928,51.3453239977439],[-1.83808013963355,51.3453190354522],[-1.83808202925517,51.3453124650104],[-1.83808878165856,51.345307178097]]]},"properties":{"OBJECTID":1280163,"LAYER":"STRUCTURE","project":"Avebury World Heritage Site","PERIOD":"20TH CENTURY","MONUMENT_TYPE":"ANTI TANK OBSTACLE\\TANK TRAP","EVIDENCE_1":"STRUCTURE","HE_UID":"1423084","HE_URL1":"https://www.heritagegateway.org.uk/Gateway/Results_Single.aspx?uid=1423084&resourceID=19191","HER_NO":" NONE GIVEN"}},{"type":"Feature","id":890792,"geometry":{"type":"Polygon","coordinates":[[[-1.81914250850015,51.3529854825314],[-1.81922474457545,51.3529428079893],[-1.81922504743297,51.3528657396707],[-1.81919849913474,51.3526602180573],[-1.81908909535715,51.3526514895856],[-1.81907555935376,51.352617218963],[-1.81915767460054,51.352608785079],[-1.81932180904412,51.352609037393],[-1.81949964290062,51.3526093105067],[-1.8195544215405,51.3525922741763],[-1.81956830811332,51.352540916289],[-1.81956867751942,51.3524467366482],[-1.81956904692354,51.3523525570058],[-1.81952810710536,51.3523268135746],[-1.81937774512098,51.3523008931164],[-1.81922740258093,51.3522664122947],[-1.81921383294652,51.3522407018361],[-1.81924125574327,51.3522236235883],[-1.81929600040122,51.352215147524],[-1.81943265791741,51.3522495982523],[-1.81955573137727,51.3522583563636],[-1.81967877136299,51.3522756655056],[-1.81976081878893,51.3522843604849],[-1.81976071816685,51.3523100409391],[-1.81967856995857,51.3523270443963],[-1.819650979421,51.3523869324943],[-1.81966385882652,51.3525924420622],[-1.81962261665176,51.3526437400179],[-1.81944471543106,51.3526605963814],[-1.81929425151158,51.3526603652473],[-1.81928047992032,51.3526860246867],[-1.81927987446034,51.3528401433465],[-1.81929317525515,51.3529343439843],[-1.81930679315192,51.3529514853143],[-1.81937690345412,51.3529468093927],[-1.81947954925069,51.3529469670259],[-1.81973091322637,51.3529350159045],[-1.81984033695173,51.3529351836126],[-1.8198676066421,51.3529609149894],[-1.81982645059373,51.3529865325389],[-1.81974429640124,51.3530120962215],[-1.81955277584986,51.3530118024608],[-1.81927916810719,51.3530199424498],[-1.81901916373009,51.3530452231389],[-1.81893711504361,51.3530365456113],[-1.81893724988087,51.3530022870342],[-1.81899204354266,51.3529852509974],[-1.81914250850015,51.3529854825314]]]},"properties":{"OBJECTID":890792,"LAYER":"BANK","project":"Avebury World Heritage Site","PERIOD":"LATER PREHISTORIC\\ROMAN","MONUMENT_TYPE":"FIELD SYSTEM","EVIDENCE_1":"CROPMARK","HE_UID":"1491860","HE_URL1":"https://www.heritagegateway.org.uk/Gateway/Results_Single.aspx?uid=1491860&resourceID=19191","HER_NO":" NONE GIVEN"}},{"type":"Feature","id":1167302,"geometry":{"type":"Polygon","coordinates":[[[-1.79959938134647,51.3313223539811],[-1.79943115144215,51.3312230809321],[-1.79943106844323,51.3312230232425],[-1.79943100414278,51.3312229565929],[-1.79943095708981,51.3312228845776],[-1.79943093158249,51.3312228090024],[-1.79943092761299,51.3312227316655],[-1.79943094373816,51.331222654363],[-1.79943098137769,51.3312225806938],[-1.79943103909231,51.3312225115549],[-1.79943111399964,51.3312224496388],[-1.79943120608791,51.3312223976431],[-1.79943131105115,51.3312223555604],[-1.79943142457552,51.3312223251817],[-1.79943154521786,51.331222308303],[-1.79943167011143,51.3312223040202],[-1.79943179207172,51.3312223141194],[-1.79943191110657,51.3312223368021],[-1.79943202147463,51.3312223720588],[-1.79943212174842,51.3312224180884],[-1.79959810963915,51.3313203709038],[-1.7990453532889,51.3304318089634],[-1.79902395216364,51.330568535158],[-1.79902393031244,51.330568608854],[-1.79902388982179,51.3305686780222],[-1.79902383212307,51.3305687435642],[-1.79902375867119,51.3305688009866],[-1.79902366946614,51.3305688502894],[-1.79902357025313,51.3305688905832],[-1.79902345960858,51.330568919168],[-1.79902334470905,51.3305689360561],[-1.79902322698987,51.33056894125],[-1.79902310932558,51.3305689338553],[-1.7990229945829,51.3305689147762],[-1.79902288706774,51.33056888402],[-1.7990227882115,51.3305688424883],[-1.79902270231623,51.3305687910878],[-1.79902263080935,51.3305687316192],[-1.79902257655368,51.3305686658857],[-1.79902253954137,51.3305685956859],[-1.7990225212038,51.3305685219211],[-1.79902252296063,51.3305684481908],[-1.79904421338846,51.330429892645],[-1.79904422074925,51.3304298503958],[-1.79904424116897,51.3304297757982],[-1.79904428166339,51.3304297057308],[-1.79904434079721,51.3304296401912],[-1.79904441712339,51.3304295818745],[-1.79904450633205,51.3304295316725],[-1.79904460841145,51.3304294922828],[-1.79904472048703,51.3304294645996],[-1.79904483682151,51.3304294477139],[-1.79904495740311,51.3304294443233],[-1.79904507649451,51.3304294535188],[-1.79904519122901,51.3304294743963],[-1.79904529873602,51.3304295069508],[-1.79904539614489,51.3304295511775],[-1.79904548490273,51.3304296043813],[-1.79919268252925,51.3305090248778],[-1.79919276984035,51.3305090807766],[-1.79919283988852,51.3305091456378],[-1.79919289125024,51.3305092167613],[-1.7991929224941,51.3305092932456],[-1.79919293220438,51.3305093705923],[-1.79919292038108,51.3305094488013],[-1.79919288560456,51.3305095242737],[-1.79919283219249,51.330509594319],[-1.7991927601488,51.3305096580382],[-1.79919267092055,51.3305097127362],[-1.79919256738229,51.3305097575187],[-1.79919245385169,51.3305097896955],[-1.79919233319938,51.3305098092715],[-1.79919220829991,51.3305098153525],[-1.79919208345919,51.3305098079457],[-1.79919196298316,51.3305097870586],[-1.79919185117385,51.3305097535976],[-1.79919174946656,51.3305097075653],[-1.79904664680328,51.3304314128349],[-1.79959952433691,51.331320168301],[-1.79962088257376,51.331190023095],[-1.79962090442039,51.3311899502981],[-1.79962094634994,51.331189880233],[-1.79962100404468,51.3311898155899],[-1.79962107893216,51.3311897581696],[-1.79962116813776,51.3311897088663],[-1.79962126878303,51.3311896694737],[-1.79962137799338,51.3311896408859],[-1.79962149289423,51.3311896239972],[-1.79962161204637,51.3311896197043],[-1.79962172971235,51.3311896270984],[-1.7996218430176,51.3311896470737],[-1.79962195053462,51.3311896778293],[-1.79962204938881,51.3311897202597],[-1.79962213528593,51.3311897716598],[-1.79962220535922,51.3311898311256],[-1.79962225961648,51.3311898968587],[-1.79962229662631,51.3311899679576],[-1.79962231353366,51.3311900408206],[-1.79962231177387,51.3311901154501],[-1.79960065287813,51.3313220666107],[-1.79960064550597,51.3313221115575],[-1.79960062364753,51.3313221870519],[-1.79960058027467,51.3313222589129],[-1.79960051826589,51.3313223253471],[-1.79960044050361,51.3313223836617],[-1.79960034699171,51.3313224329575],[-1.79960024060869,51.3313224714412],[-1.7996001256645,51.3313224982208],[-1.79960000503367,51.3313225124022],[-1.79959988302226,51.3313225139925],[-1.79959976250871,51.3313225011985],[-1.79959964635203,51.3313224767224],[-1.79959953886208,51.3313224396724],[-1.79959944290174,51.3313223918519],[-1.79959938134647,51.3313223539811]]]},"properties":{"OBJECTID":1167302,"LAYER":"RIDGE_AND_FURROW_ALIGNMENT","project":"Marden Environs","PERIOD":"MEDIEVAL\\POST MEDIEVAL","MONUMENT_TYPE":"RIDGE AND FURROW","EVIDENCE_1":"EARTHWORK","HE_UID":"1505252","HE_URL1":"https://www.heritagegateway.org.uk/Gateway/Results_Single.aspx?uid=1505252&resourceID=19191","HER_NO":" NONE GIVEN"}},{"type":"Feature","id":1188782,"geometry":{"type":"Polygon","coordinates":[[[-1.83986247764813,51.3335848671089],[-1.83964756018576,51.333579926362],[-1.83964742237728,51.3335799288717],[-1.83964730613429,51.3335799215197],[-1.83964719280274,51.3335799024822],[-1.83964708525344,51.3335798717632],[-1.83964698778638,51.3335798311669],[-1.83964690183694,51.3335797806951],[-1.83964683170824,51.3335797212531],[-1.83964677595237,51.3335796564356],[-1.83964674031094,51.3335795862503],[-1.83964672190379,51.333579513391],[-1.83964672216006,51.333579439658],[-1.83964674250577,51.3335793677507],[-1.83964678150553,51.3335792976672],[-1.83964683914371,51.3335792339035],[-1.83964688666528,51.3335791899081],[-1.83978821503782,51.3334447399477],[-1.83978829132652,51.3334446789068],[-1.83978838337341,51.3334446268793],[-1.83978848973376,51.3334445865608],[-1.83978860466904,51.3334445570442],[-1.83978872529912,51.3334445410231],[-1.83978884875315,51.3334445384938],[-1.83978897216347,51.3334445485529],[-1.83978908978535,51.3334445720921],[-1.8397892001865,51.33344460821],[-1.83978929906696,51.3334446551024],[-1.8397893821205,51.3334447127636],[-1.83978944935964,51.3334447775967],[-1.83978949791356,51.3334448495979],[-1.83978952492393,51.3334449251665],[-1.83978953183243,51.333445002506],[-1.83978951577447,51.3334450798143],[-1.83978947963024,51.3334451543977],[-1.8397894248445,51.3334452235605],[-1.8396496792369,51.333578165045],[-1.84021884377325,51.3333755173739],[-1.84021892136898,51.3333754932012],[-1.84083223794401,51.3332145097663],[-1.84061280472155,51.333205049847],[-1.84061268131789,51.3332050379903],[-1.84061256227013,51.3332050117525],[-1.84061245331052,51.3332049738389],[-1.84061235587135,51.3332049251507],[-1.8406122728234,51.3332048656918],[-1.84061220846046,51.3332047990647],[-1.8406121642179,51.3332047252713],[-1.84061214008021,51.3332046488076],[-1.84061213747966,51.3332045705748],[-1.84061215640694,51.3332044932703],[-1.84061219829123,51.3332044186945],[-1.84061225881393,51.3332043504382],[-1.84061233653652,51.3332042893988],[-1.8406124314528,51.3332042373746],[-1.84061253781186,51.3332041970553],[-1.8406126556106,51.3332041693401],[-1.84061277767205,51.3332041542193],[-1.84061290255768,51.3332041525902],[-1.84083518604429,51.3332137404549],[-1.84083530948525,51.3332137415212],[-1.84083535684712,51.3332137433837],[-1.84083547451237,51.3332137543332],[-1.8408355863926,51.3332137778635],[-1.84083569106174,51.3332138112751],[-1.84083578564278,51.3332138563625],[-1.84083586727735,51.333213909525],[-1.84083593452693,51.33321397166],[-1.84083598309775,51.3332140391648],[-1.84083601443142,51.333214110243],[-1.84083602566024,51.3332141839916],[-1.84083601679041,51.3332142586122],[-1.84083598926973,51.33321433051],[-1.84083594310131,51.3332143987858],[-1.84083586820947,51.3332144715186],[-1.84083577324069,51.3332145388292],[-1.84072430436536,51.3333072074623],[-1.84072421948126,51.3333072639961],[-1.84072412028044,51.3333073097204],[-1.84072400963366,51.3333073446388],[-1.84072389041794,51.333307366957],[-1.8407237669395,51.3333073766809],[-1.8407236435107,51.3333073720178],[-1.84072352299618,51.33330735477],[-1.8407234082698,51.3333073240422],[-1.84072330362847,51.3333072825379],[-1.84072321338147,51.3333072293636],[-1.84072313751641,51.3333071681161],[-1.84072308033946,51.3333070988012],[-1.84072304327363,51.3333070250176],[-1.8407230277512,51.3333069476664],[-1.84072303232434,51.3333068703425],[-1.84072305842536,51.3333067939469],[-1.84072310460646,51.3333067220744],[-1.84072317086141,51.3333066565234],[-1.84083313682914,51.3332152483168],[-1.84021951566211,51.3333763122695],[-1.8396499889462,51.3335790889331],[-1.83986251808968,51.3335839679762],[-1.8398626415004,51.3335839780354],[-1.8398627605612,51.3335840006772],[-1.83986287240126,51.3335840358978],[-1.8398629712821,51.3335840827902],[-1.83986305577451,51.3335841395541],[-1.83986312444625,51.3335842052883],[-1.83986317300355,51.3335842763902],[-1.83986320288495,51.3335843519627],[-1.83986320979046,51.3335844302014],[-1.83986319516798,51.3335845075117],[-1.83986316045917,51.333584582097],[-1.83986310423485,51.3335846521571],[-1.8398630308106,51.3335847150002],[-1.83986294019266,51.3335847688281],[-1.83986283669351,51.3335848118482],[-1.83986272318709,51.3335848431652],[-1.83986260254731,51.3335848618839],[-1.83986247764813,51.3335848671089]]]},"properties":{"OBJECTID":1188782,"LAYER":"RIDGE_AND_FURROW_ALIGNMENT","project":"Marden Environs","PERIOD":"POST MEDIEVAL","MONUMENT_TYPE":"RIDGE AND FURROW","EVIDENCE_1":"CROPMARK","HE_UID":"1483792","HE_URL1":"https://www.heritagegateway.org.uk/Gateway/Results_Single.aspx?uid=1483792&resourceID=19191","HER_NO":" NONE GIVEN"}},{"type":"Feature","id":1280160,"geometry":{"type":"Polygon","coordinates":[[[-1.83816215301743,51.3453104171101],[-1.83817406993927,51.3453104334871],[-1.83818026177867,51.3453175725304],[-1.83817733392582,51.3453254183892],[-1.83816890869016,51.3453287068188],[-1.83815691743819,51.3453253273885],[-1.83815332776587,51.3453172208009],[-1.83816215301743,51.3453104171101]]]},"properties":{"OBJECTID":1280160,"LAYER":"STRUCTURE","project":"Avebury World Heritage Site","PERIOD":"20TH CENTURY","MONUMENT_TYPE":"ANTI TANK OBSTACLE\\TANK TRAP","EVIDENCE_1":"STRUCTURE","HE_UID":"1423084","HE_URL1":"https://www.heritagegateway.org.uk/Gateway/Results_Single.aspx?uid=1423084&resourceID=19191","HER_NO":" NONE GIVEN"}},{"type":"Feature","id":907652,"geometry":{"type":"Polygon","coordinates":[[[-1.83727447714804,51.3432316631401],[-1.83724948366829,51.3431903829805],[-1.83715072356491,51.3432058562882],[-1.83701549063466,51.3432188512344],[-1.83690210697646,51.3432365340691],[-1.83680691967916,51.3432565978795],[-1.83672278272232,51.3432698611135],[-1.8367600323716,51.343215197351],[-1.83691358656234,51.3431977321514],[-1.83704519526563,51.3431824303936],[-1.8371291991252,51.3431783114557],[-1.8372060057463,51.3431672857582],[-1.83726103652236,51.3431470132701],[-1.83732276206611,51.3431701986262],[-1.83737199546658,51.3433076261373],[-1.83741822576836,51.3433970329993],[-1.83741785614798,51.3434244576312],[-1.83741006036406,51.3434609987368],[-1.83736288428283,51.3434401714058],[-1.83733185355164,51.3433074088365],[-1.83727447714804,51.3432316631401]]]},"properties":{"OBJECTID":907652,"LAYER":"BANK","project":"Avebury World Heritage Site","PERIOD":"MEDIEVAL\\POST MEDIEVAL","MONUMENT_TYPE":"BOUNDARY\\CROFT\\HOLLOW WAY\\SETTLEMENT\\TOFT","EVIDENCE_1":"DOCUMENTARY EVIDENCE\\EARTHWORK","HE_UID":"1094889","HE_URL1":"https://www.heritagegateway.org.uk/Gateway/Results_Single.aspx?uid=1094889&resourceID=19191","HER_NO":" NONE GIVEN"}},{"type":"Feature","id":1085241,"geometry":{"type":"MultiPolygon","coordinates":[[[[-1.82315938875148,51.3597641415208],[-1.82332130182126,51.3597603378978],[-1.8233213779338,51.3597603398106],[-1.82347028246807,51.3597686562323],[-1.82347034564086,51.3597686617223],[-1.82347043463447,51.3597686753437],[-1.82357384639515,51.359789059491],[-1.82367086861706,51.359789205134],[-1.82374848898038,51.3597893215944],[-1.82380663504152,51.3597813368745],[-1.82389077406955,51.3597571968784],[-1.82402691296413,51.3596966856017],[-1.82416958253647,51.3596240279409],[-1.82424745825803,51.3595674719111],[-1.82424749569583,51.3595674467901],[-1.82434483017266,51.3595068528136],[-1.82452011253876,51.3593856167814],[-1.82464343520211,51.3593007664508],[-1.82474082810087,51.3592159204761],[-1.82479936798949,51.3591390947157],[-1.82484490212225,51.3590703727201],[-1.82485803109269,51.3590178523691],[-1.82485173774063,51.358973388483],[-1.82483250051889,51.3589329156384],[-1.8248003850042,51.3588762374692],[-1.8247488132223,51.358831658397],[-1.82474876457364,51.3588316106679],[-1.82467784695379,51.35874644326],[-1.82467780553424,51.3587463829531],[-1.82466495534135,51.3587220616167],[-1.82466492831111,51.3587219941378],[-1.82466491852193,51.3587219248863],[-1.82466492596697,51.3587218556605],[-1.82467151712694,51.3586934940904],[-1.82468458312216,51.3586570954105],[-1.82468479911231,51.3586004689156],[-1.82467212879841,51.3585316365943],[-1.82465298813091,51.3584587626887],[-1.8245951688015,51.3583575230353],[-1.824491953897,51.3582723702458],[-1.82449188808381,51.3582723045073],[-1.82449184096485,51.3582722325025],[-1.82449181396601,51.3582721569309],[-1.82449180852004,51.3582720786941],[-1.82449182460975,51.3582720022877],[-1.82449186223514,51.3582719277119],[-1.82449191994634,51.3582718585612],[-1.82449199486409,51.3582717966296],[-1.8244920855454,51.3582717437133],[-1.82449219054721,51.3582717016087],[-1.8244923041214,51.3582716712061],[-1.82449242482839,51.3582716534028],[-1.82449254979238,51.3582716490935],[-1.82449267326869,51.3582716582698],[-1.824492792385,51.3582716809272],[-1.82449290283622,51.3582717161602],[-1.82449300319305,51.3582717621683],[-1.82449308771081,51.358271818943],[-1.8245963799293,51.3583570347896],[-1.82459643001348,51.3583570825209],[-1.82459648287738,51.3583571545343],[-1.82465436213065,51.3584584985815],[-1.82465439487455,51.3584585741615],[-1.82467355109517,51.3585315128311],[-1.82468623128262,51.3586003928237],[-1.82468623539225,51.3586004449823],[-1.82468601911573,51.3586571470079],[-1.82468600441779,51.3586572351057],[-1.82467292826574,51.3586936611956],[-1.82466637211869,51.358721880298],[-1.82467914816913,51.3587460603521],[-1.8247500071745,51.3588311575357],[-1.82480160901876,51.3588757627294],[-1.82480165051733,51.3588758023552],[-1.82480170338194,51.3588758743683],[-1.82483386596994,51.3589326371301],[-1.82485313453871,51.3589731756614],[-1.82485315301376,51.3589732269421],[-1.8248531614869,51.3589732647202],[-1.82485946882166,51.3590178284359],[-1.82485947153975,51.359017868903],[-1.82485946266202,51.3590179372274],[-1.82484630598029,51.3590705690354],[-1.82484626686013,51.359070658895],[-1.82480067928799,51.3591394599392],[-1.8247420975283,51.3592163440845],[-1.82474207011699,51.359216376414],[-1.82474203263514,51.3592164132244],[-1.82464457777831,51.3593013121592],[-1.82464453456179,51.3593013462635],[-1.82452117590103,51.3593862208193],[-1.82434586905799,51.3595074730017],[-1.82424852737952,51.3595680723633],[-1.82417062861345,51.3596246454438],[-1.82417054223763,51.3596246983661],[-1.8240278007162,51.3596973918874],[-1.82402776330573,51.3596974098149],[-1.82389154959932,51.3597579542502],[-1.82389149206103,51.3597579775426],[-1.82389143310375,51.359757996337],[-1.82380716323053,51.359782174802],[-1.82380710859909,51.3597821891069],[-1.82380701805532,51.3597822051563],[-1.82374870530567,51.3597902121059],[-1.82374856452188,51.3597902208865],[-1.8236708651651,51.3597901043076],[-1.82357373378878,51.3597899585007],[-1.8235736088655,51.3597899511197],[-1.82357351987184,51.3597899374983],[-1.82347007797297,51.3597695470112],[-1.82332129548658,51.3597612379662],[-1.82315945710729,51.3597650390041],[-1.82304940866897,51.3597689187258],[-1.82291994579056,51.3597808724845],[-1.82279691914038,51.35980496393],[-1.82266735948153,51.3598411977867],[-1.82254421281745,51.3598895854935],[-1.82244043902863,51.3599380185338],[-1.82244033258831,51.3599380597351],[-1.82244021757934,51.359938088335],[-1.82244009687413,51.3599381043378],[-1.82243997334864,51.3599381068487],[-1.82243984987179,51.3599380967711],[-1.82243973219198,51.3599380732146],[-1.82243962174194,51.3599380370806],[-1.82243952426309,51.3599379892768],[-1.82243943974846,51.3599379316016],[-1.8224393724963,51.3599378667591],[-1.82243932537906,51.3599377947536],[-1.82243929838284,51.3599377191818],[-1.82243929150414,51.3599376409429],[-1.82243930759804,51.359937564537],[-1.82243934379208,51.3599374899599],[-1.8224394000724,51.3599374208082],[-1.82243947499577,51.3599373588781],[-1.82243956425008,51.3599373050622],[-1.82254337688565,51.3598888540978],[-1.82254342436082,51.3598888334884],[-1.82266665157347,51.3598404144328],[-1.82266672779026,51.3598403893708],[-1.82279637227437,51.3598041322641],[-1.82279643552692,51.3598041170735],[-1.82291957141425,51.3597800033136],[-1.8229196720049,51.3597799890784],[-1.82304923114205,51.3597680264731],[-1.82304929578911,51.3597680220746],[-1.82315938875148,51.3597641415208]]],[[[-1.82514715723821,51.3577000732047],[-1.82502321096446,51.3576887101038],[-1.82488465858434,51.3576887644904],[-1.82488459970893,51.3576887626043],[-1.82475328871746,51.3576819668743],[-1.82475322123886,51.3576819613786],[-1.82475312076648,51.3576819459426],[-1.82466556014644,51.3576637031331],[-1.82466545111552,51.3576636723983],[-1.82466535074267,51.3576636308862],[-1.82466526333292,51.3576635795025],[-1.82466519031899,51.3576635191484],[-1.82462137771641,51.357620146516],[-1.82449726322538,51.3574923170854],[-1.82429651548204,51.3573211439533],[-1.82429648828816,51.3573211196348],[-1.82416873464961,51.3571955926229],[-1.82399722943468,51.3570723675072],[-1.82399715786898,51.3570723044573],[-1.82399710356788,51.3570722333407],[-1.82399707082255,51.3570721586596],[-1.82399705819685,51.357072080412],[-1.82399706710973,51.3570720030958],[-1.82399709899385,51.3570719276123],[-1.82399714953396,51.3570718557535],[-1.82399722015237,51.3570717911183],[-1.82399730796998,51.3570717355005],[-1.8239974086749,51.3570716897931],[-1.82399752082416,51.3570716557922],[-1.82399764154201,51.3570716343926],[-1.82399776508049,51.357071626485],[-1.82399789000346,51.3570716320671],[-1.8239980105664,51.3570716511305],[-1.82399812390046,51.3570716827716],[-1.82399822713683,51.3570717260869],[-1.82399831740326,51.3570717810721],[-1.82416985842605,51.3571950314169],[-1.82416991711852,51.3571950809596],[-1.82429768649797,51.3573206232798],[-1.82449843853462,51.3574918009122],[-1.8244984743147,51.3574918333362],[-1.82462259739033,51.3576196717702],[-1.82466626691692,51.3576629030173],[-1.82475349317965,51.3576810751916],[-1.82488468786087,51.357687865353],[-1.82502326321677,51.3576878110004],[-1.82502336660264,51.3576878156503],[-1.82514740475708,51.3576991869804],[-1.82514745069345,51.3576991924438],[-1.82524228586398,51.3577128661838],[-1.82524237197165,51.3577128824971],[-1.82524244514025,51.3577129023879],[-1.82533730584749,51.3577425455471],[-1.82533734600857,51.3577425590945],[-1.8253373832939,51.3577425735368],[-1.82538117433452,51.3577608290484],[-1.82538123884533,51.3577608597164],[-1.82538128470663,51.3577608849616],[-1.8254287233597,51.3577905564847],[-1.82542880355559,51.357790616849],[-1.82542886649029,51.3577906843811],[-1.82542890929491,51.3577907581775],[-1.82542893054351,51.3577908355387],[-1.82542893024638,51.357790913767],[-1.82542890841033,51.3577909910641],[-1.82542886648174,51.3577910647347],[-1.82542880303132,51.3577911329782],[-1.82542872381392,51.3577911931057],[-1.82542862740022,51.3577912433166],[-1.82542851953827,51.3577912827204],[-1.82542840167104,51.3577913095207],[-1.8254282781104,51.3577913228249],[-1.82542815316485,51.3577913226393],[-1.82542802970668,51.3577913089682],[-1.82542791204095,51.3577912827171],[-1.82542780304339,51.3577912429912],[-1.8254277070088,51.3577911933936],[-1.82538031994116,51.3577615525189],[-1.82533662496876,51.3577433376129],[-1.82524188045202,51.3577137305932],[-1.82514715723821,51.3577000732047]]],[[[-1.82492104486973,51.3577389840176],[-1.82469863148571,51.3577116716269],[-1.82464766194917,51.3577139739185],[-1.82464754993264,51.3577139728522],[-1.82464744082615,51.3577139618992],[-1.82464733463313,51.3577139401604],[-1.82464723422246,51.3577139085392],[-1.82464714390258,51.3577138670421],[-1.82451211906172,51.3576408390189],[-1.82451203740022,51.3576407867444],[-1.8245119658364,51.3576407227957],[-1.82438053225878,51.3574969083638],[-1.82438049223562,51.3574968588491],[-1.82430750312358,51.3573873634829],[-1.82409962988601,51.3572756134359],[-1.8238989140731,51.3571660794434],[-1.8238988782489,51.3571660587086],[-1.82384049530442,51.3571295363989],[-1.82384041940633,51.3571294796367],[-1.82384035789715,51.3571294157027],[-1.8238403150784,51.3571293464016],[-1.8238402909432,51.3571292735317],[-1.82384028548121,51.3571291997907],[-1.8238403001251,51.3571291260798],[-1.82384033486457,51.3571290550966],[-1.82384038682387,51.3571289877359],[-1.82384045598923,51.3571289275945],[-1.82384053948839,51.3571288746679],[-1.82384063587485,51.3571288316517],[-1.82384074227291,51.3571287994407],[-1.82384085581031,51.3571287780305],[-1.82384097361132,51.3571287683161],[-1.82384109136064,51.3571287720893],[-1.82384120763248,51.3571287866505],[-1.82384131811153,51.3571288137915],[-1.82384141993243,51.3571288517097],[-1.82384151166247,51.3571288995038],[-1.82389987597852,51.3571654109949],[-1.82410056885732,51.357274933262],[-1.82430856821698,51.3573867509345],[-1.82430864701584,51.3573868005073],[-1.8243087114292,51.3573868563528],[-1.82430876289323,51.3573869184732],[-1.82438180055824,51.3574964867449],[-1.82451315119195,51.3576402093351],[-1.82464785499632,51.3577130633361],[-1.8246986234361,51.3577107697363],[-1.82469867657721,51.3577107689164],[-1.82469880723971,51.3577107763048],[-1.82492133545715,51.357738103253],[-1.82510737251059,51.3577631536031],[-1.82510747440915,51.3577631717384],[-1.82524975860076,51.3577973742479],[-1.8252498633239,51.3577974049758],[-1.82539946160669,51.3578521545799],[-1.82539956483926,51.3578521996923],[-1.82539965223308,51.3578522555714],[-1.82539972379843,51.3578523195196],[-1.82539977523024,51.3578523906313],[-1.82539980797494,51.3578524662112],[-1.82539981773085,51.3578525444545],[-1.8253998059444,51.3578526226657],[-1.82539977262584,51.3578526981474],[-1.82539971921814,51.3578527691034],[-1.82539964716773,51.3578528328382],[-1.82539955935032,51.357852888457],[-1.82539945577617,51.3578529332621],[-1.82539934219675,51.3578529654639],[-1.82539922148093,51.3578529859657],[-1.8253990965113,51.3578529920743],[-1.82539897159292,51.3578529846953],[-1.82539885103082,51.3578529647342],[-1.82539873770076,51.3578529312961],[-1.82524918961,51.3577982006485],[-1.82510701589759,51.3577640252781],[-1.82492104486973,51.3577389840176]]],[[[-1.82703684902199,51.3581885408598],[-1.82703695963401,51.3581885338292],[-1.82703707020203,51.3581885384878],[-1.82703717929664,51.3581885530353],[-1.82733544911974,51.358244606034],[-1.82733550508645,51.3582446178056],[-1.82764633721744,51.3583264994817],[-1.82782399748982,51.3583486019341],[-1.82810964923773,51.3583847715696],[-1.82810976835946,51.3583847933242],[-1.8281098802532,51.3583848276568],[-1.82810998061046,51.3583848745611],[-1.82811006657232,51.3583849304361],[-1.82811013670264,51.3583849952797],[-1.82811018669961,51.3583850672874],[-1.82811021657668,51.3583851428623],[-1.82811022490105,51.3583852211033],[-1.82811021168616,51.3583852984136],[-1.8281101769354,51.358385373894],[-1.82811012209838,51.35838544395],[-1.828110048618,51.3583855067852],[-1.82810995937,51.3583855615047],[-1.82810985580398,51.358385604514],[-1.82810974222512,51.3583856367184],[-1.82810962151584,51.3583856554246],[-1.82810949654513,51.3583856615361],[-1.82810937306444,51.3583856532628],[-1.82782371557006,51.3583494827189],[-1.82764598638518,51.3583273729716],[-1.8276458629587,51.358327350311],[-1.82733499925758,51.3582454604946],[-1.8270367653101,51.3581894138418],[-1.82703665482669,51.3581893867037],[-1.82703655156813,51.3581893478869],[-1.82703645983953,51.358189298297],[-1.82703638393925,51.3581892406376],[-1.82703632386388,51.3581891758081],[-1.82703628104283,51.358189105609],[-1.8270362583417,51.3581890318427],[-1.82703625575366,51.3581889563076],[-1.82703627326522,51.3581888826005],[-1.8270363094402,51.3581888107193],[-1.82703636426505,51.3581887442605],[-1.82703643630022,51.3581886841214],[-1.82703652410278,51.3581886320981],[-1.82703662335746,51.3581885899827],[-1.82703673262131,51.3581885595713],[-1.82703684902199,51.3581885408598]]],[[[-1.82330023697388,51.3584671208831],[-1.82313843668938,51.3584547313253],[-1.82288596089135,51.3584462503162],[-1.8226399521369,51.3584337214229],[-1.82263987747661,51.3584337159151],[-1.82247160290539,51.3584132113523],[-1.82247151822318,51.3584131977367],[-1.82227094210635,51.3583723927366],[-1.8222708875839,51.3583723791664],[-1.82206391030259,51.3583153635982],[-1.82206386296113,51.3583153500388],[-1.82181812764144,51.3582339776892],[-1.82153358479074,51.3581363399682],[-1.82153348299396,51.3581362957538],[-1.8215333927249,51.3581362416658],[-1.82153332116439,51.3581361777153],[-1.8215332668623,51.3581361074968],[-1.82153323268399,51.3581360328129],[-1.82153322006212,51.358135954565],[-1.82153322897925,51.3581358772491],[-1.82153325943539,51.358135800865],[-1.82153330997691,51.3581357299065],[-1.82153338060032,51.3581356652728],[-1.82153346699015,51.3581356087556],[-1.82153356769976,51.3581355630504],[-1.82153367985333,51.3581355290519],[-1.82153379913887,51.3581355076527],[-1.82153392412021,51.3581354988507],[-1.82153404760955,51.3581355044334],[-1.82153416961386,51.3581355226023],[-1.82153428294883,51.3581355542457],[-1.82181880858659,51.3582331856446],[-1.8220645123493,51.3583145471548],[-1.82227143223991,51.3583715473491],[-1.82247191938018,51.3584123342303],[-1.8226401078195,51.3584328278724],[-1.8228860562638,51.3584453530777],[-1.82313853923443,51.3584538349965],[-1.82313858805403,51.3584538377675],[-1.82330036967212,51.3584662254987],[-1.8234232919985,51.3584664102836],[-1.82358513078403,51.3584504600278],[-1.82377290564009,51.358418364093],[-1.82396732309994,51.3583538803211],[-1.82414885302591,51.3582853099401],[-1.82430447460551,51.3582247922662],[-1.82438877475262,51.3581884807704],[-1.82438882078213,51.3581884619564],[-1.82446662717152,51.3581602261334],[-1.82446675656391,51.3581601903595],[-1.82458988719319,51.3581360657655],[-1.82458997916274,51.3581360515159],[-1.82473896277159,51.3581200705695],[-1.82490089902357,51.3581041168261],[-1.82510169310854,51.3580841662903],[-1.82510176206156,51.3580841618971],[-1.82530252416357,51.3580763589045],[-1.82559393931816,51.3580646438281],[-1.82559406425762,51.3580646458119],[-1.82559418627357,51.3580646612791],[-1.82559430393325,51.3580646893283],[-1.82559441005584,51.3580647299489],[-1.82559450464477,51.3580647822418],[-1.8255945819656,51.3580648435009],[-1.82559464202517,51.3580649119278],[-1.82559468339071,51.3580649866213],[-1.82559470176739,51.3580650639781],[-1.8255946985982,51.3580651422022],[-1.82559467389337,51.3580652185959],[-1.82559462909248,51.3580652922623],[-1.82559456421259,51.3580653587054],[-1.82559448068986,51.3580654179274],[-1.82559438284643,51.3580654663379],[-1.82559427355464,51.3580655039414],[-1.82559415425406,51.3580655298405],[-1.82559403069957,51.3580655413465],[-1.82530261553943,51.3580772564231],[-1.82510188503607,51.3580850576644],[-1.82490112255329,51.3581050055501],[-1.82473919492215,51.3581209575082],[-1.82459027021398,51.3581369331477],[-1.82446727756109,51.3581610300736],[-1.82438956465565,51.3581892309686],[-1.82430526162515,51.3582255451581],[-1.82414960264859,51.358286077164],[-1.82396802669779,51.3583546645617],[-1.82377350713968,51.3584191814513],[-1.82377341512453,51.3584192073895],[-1.82377336050852,51.3584192180978],[-1.82358547067938,51.3584513336426],[-1.82358539883263,51.3584513434257],[-1.82342345947036,51.3584673043209],[-1.8234233459917,51.3584673095454],[-1.82330032313064,51.3584671246094],[-1.82330023697388,51.3584671208831]]],[[[-1.82863609241382,51.3585274492794],[-1.82844557064704,51.358525184103],[-1.82844545434344,51.3585251767397],[-1.82828990692169,51.3585070711272],[-1.82811216016939,51.3584809939658],[-1.82811209127998,51.3584809812765],[-1.82795344119754,51.35844697495],[-1.82795339671649,51.3584469640947],[-1.82784240860537,51.3584170197563],[-1.82756323814167,51.3583610077505],[-1.82731572191763,51.3583229092395],[-1.82731563724431,51.3583228929298],[-1.82715383673157,51.3582829274207],[-1.82715379225763,51.3582829147667],[-1.82699208934028,51.3582350291903],[-1.82683348271243,51.3582089818784],[-1.82683336504486,51.3582089556288],[-1.82683325604175,51.3582089168033],[-1.82683316000821,51.3582088663077],[-1.82683307980641,51.3582088068435],[-1.82683301543296,51.3582087393101],[-1.82683297262576,51.3582086655141],[-1.82683294993848,51.3582085881511],[-1.82683295023328,51.3582085099227],[-1.82683297063105,51.3582084326232],[-1.82683301255781,51.3582083589521],[-1.82683307457059,51.3582082907057],[-1.82683315522307,51.3582082305794],[-1.82683325019996,51.3582081803652],[-1.82683335806509,51.358208140061],[-1.82683347593258,51.3582081132592],[-1.82683359949729,51.3582080990544],[-1.82683372444396,51.3582080992385],[-1.82683384790703,51.358208112009],[-1.82699251911915,51.3582341702056],[-1.82699258369937,51.3582341828892],[-1.82699264395755,51.3582341991632],[-1.82715438560864,51.358282095586],[-1.8273161115056,51.3583220430011],[-1.82756360476012,51.3583601378808],[-1.82756365212347,51.3583601460429],[-1.82784289433404,51.3584161734389],[-1.82784294599253,51.358416185204],[-1.82795393983999,51.3584461313486],[-1.8281125224701,51.358480124088],[-1.82829020319209,51.3585061912613],[-1.82844565729975,51.358524285947],[-1.82863606704432,51.3585265500608],[-1.82882977170584,51.3585129337207],[-1.82906480536512,51.3584973872943],[-1.82906492457455,51.3584973856693],[-1.82906504230432,51.3584973957316],[-1.82906515424252,51.3584974183739],[-1.82906526039253,51.3584974526972],[-1.82906535501631,51.3584974968948],[-1.8290654381172,51.3584975500674],[-1.82906550539004,51.3584976113096],[-1.82906555540531,51.358497678821],[-1.8290655867369,51.3584977499019],[-1.8290655993848,51.3584978245524],[-1.82906559192955,51.3584978982744],[-1.82906556580734,51.3584979710702],[-1.82906552103155,51.3584980393429],[-1.82906545760552,51.3584981021933],[-1.82906537984448,51.3584981578295],[-1.82906528775178,51.3584982053521],[-1.82906518420981,51.358498242068],[-1.82906507353044,51.3584982670841],[-1.82906495714652,51.3584982813017],[-1.82882992635518,51.3585138277326],[-1.82863618003078,51.3585274467096],[-1.82863609241382,51.3585274492794]]],[[[-1.8230069867731,51.3586088687576],[-1.82300710313141,51.3586088617395],[-1.82300721800509,51.3586088673076],[-1.82300733140104,51.3586088836637],[-1.8230074375711,51.3586089116982],[-1.82300753652215,51.3586089496128],[-1.82300762394569,51.3586089974011],[-1.82300769841246,51.3586090532624],[-1.82300775705353,51.3586091162934],[-1.82300779844314,51.3586091837943],[-1.82300782258472,51.3586092548659],[-1.82300782804904,51.3586093277078],[-1.82300781341029,51.3586093996202],[-1.82300053606344,51.3586299619101],[-1.82300050421473,51.3586300275023],[-1.82300045801805,51.3586300894762],[-1.82300039604415,51.3586301460312],[-1.82300032116885,51.3586301962725],[-1.82300023483526,51.358630238404],[-1.82300013991921,51.3586302715307],[-1.82294544563129,51.3586462754678],[-1.82294536800129,51.3586462951328],[-1.82282503049213,51.3586691777209],[-1.822639128984,51.3587126145123],[-1.822489783191,51.3587674197267],[-1.82243896815078,51.3588015360815],[-1.82242447796598,51.3588744853007],[-1.82242445618676,51.3588745464119],[-1.82235892389721,51.3590115928096],[-1.82226789563572,51.3591943085598],[-1.82217694860622,51.3593951787759],[-1.82219514043792,51.3594406193317],[-1.8222862437888,51.3595067092296],[-1.8223628519882,51.359550056693],[-1.82236292218512,51.3595501026572],[-1.82236298230771,51.3595501540013],[-1.82243965491602,51.3596277764076],[-1.82243971350178,51.3596278538255],[-1.82243972775267,51.3596278826208],[-1.82246896912066,51.3596918170545],[-1.82248348998354,51.3597258369426],[-1.8225451605733,51.3597394402621],[-1.82266183008112,51.3597667806025],[-1.82278576993482,51.35977587217],[-1.82278588621287,51.3597758867323],[-1.82278599669749,51.3597759138743],[-1.82278609996286,51.3597759508964],[-1.82278619026066,51.359775998689],[-1.82278626760126,51.3597760545547],[-1.82278632911227,51.3597761184892],[-1.82278637336787,51.3597761877927],[-1.82278639894223,51.3597762597656],[-1.82278640439916,51.3597763344057],[-1.82278638975251,51.3597764081162],[-1.82278635788167,51.3597764791033],[-1.82278630591767,51.3597765464633],[-1.82278623818305,51.3597766066061],[-1.82278615467779,51.3597766595317],[-1.82278605828127,51.3597767034461],[-1.82278595187287,51.3597767365552],[-1.82278583832847,51.3597767579643],[-1.82278572195674,51.3597767676797],[-1.82278560275769,51.3597767657015],[-1.82266157675294,51.3597676677096],[-1.8226615336838,51.3597676631487],[-1.82266141024902,51.3597676422813],[-1.8225446689945,51.3597402847476],[-1.82248265113158,51.3597266053723],[-1.82248254640255,51.3597265755411],[-1.82248245032902,51.3597265358321],[-1.82248236578347,51.3597264862495],[-1.82248229419164,51.3597264294931],[-1.82248223842249,51.3597263664664],[-1.82248219990879,51.3597262980706],[-1.82246758367185,51.3596920577394],[-1.8224383750813,51.3596281898941],[-1.82236181406066,51.3595506809521],[-1.82228524885353,51.359507357831],[-1.82228518581343,51.3595073181717],[-1.82219393781327,51.3594411228503],[-1.82219387339632,51.3594410679029],[-1.82219382336578,51.359441006683],[-1.82219378771124,51.3594409418882],[-1.82217550912512,51.359395280902],[-1.82217548931763,51.3593952035427],[-1.82217549105668,51.3593951253167],[-1.82217551576806,51.3593950489239],[-1.82226651786619,51.3591940529073],[-1.82235754903284,51.359011329969],[-1.82242306393192,51.3588743249081],[-1.82243757463821,51.3588012687174],[-1.8224375964241,51.3588012058077],[-1.82243763399761,51.3588011456194],[-1.82243768448293,51.3588010890473],[-1.8224377464369,51.3588010378876],[-1.82248880482464,51.3587667582502],[-1.82248886960228,51.3587667196833],[-1.82248896599335,51.3587666766682],[-1.82263845848381,51.3587118177254],[-1.82263856775866,51.3587117855198],[-1.82282455407501,51.3586683290753],[-1.82282459288312,51.3586683210412],[-1.82294488296167,51.3586454473738],[-1.82299921060717,51.3586295507863],[-1.82300640953186,51.3586092140727],[-1.82300644427715,51.3586091421906],[-1.82300650055129,51.3586090739376],[-1.82300657259226,51.358609013801],[-1.82300665896735,51.3586089608795],[-1.8230067596627,51.3586089187697],[-1.82300687036977,51.3586088874651],[-1.8230069867731,51.3586088687576]]],[[[-1.82228958141548,51.3595112002807],[-1.82228969634,51.3595111932611],[-1.82228981265201,51.3595111988321],[-1.82228992604986,51.3595112151888],[-1.82229003222145,51.3595112432239],[-1.82229013117372,51.3595112811391],[-1.82229021859806,51.3595113289278],[-1.82229029162901,51.3595113847874],[-1.82229035170972,51.3595114469216],[-1.82229039309887,51.3595115144226],[-1.82229754470154,51.3595265595082],[-1.82229756317398,51.3595266107893],[-1.82229757165208,51.3595266467693],[-1.82230459664906,51.3595747904334],[-1.82230689173794,51.3596018888581],[-1.82230687989693,51.3596019796572],[-1.8223068653748,51.3596020209975],[-1.82228753097029,51.3596454562581],[-1.82230171489173,51.3596677818397],[-1.82235195993682,51.3596918515053],[-1.82235206166806,51.3596919137024],[-1.82235213752311,51.3596919821547],[-1.82239283479501,51.3597386607035],[-1.82239288335861,51.3597387300137],[-1.82239291323752,51.3597388028923],[-1.82239292300245,51.3597388775389],[-1.82239288809455,51.3597479052407],[-1.82239288067008,51.359747968172],[-1.82239286032663,51.3597480292854],[-1.82239282563145,51.3597480876796],[-1.82236381504704,51.3597886417428],[-1.82236375445816,51.3597887108879],[-1.82236367523323,51.3597887710132],[-1.82236358024468,51.3597888221227],[-1.8223634723719,51.3597888624227],[-1.82236335592703,51.3597888910204],[-1.82236323235671,51.3597889052204],[-1.82236310739887,51.3597889068298],[-1.82236298393288,51.3597888940546],[-1.82236286626044,51.3597888686997],[-1.82236275581777,51.3597888307673],[-1.82236265978248,51.3597887811672],[-1.82236257814761,51.359788721698],[-1.82236251377865,51.3597886541623],[-1.82236246810138,51.3597885812598],[-1.82236244542097,51.3597885038961],[-1.82236244285108,51.3597884256637],[-1.82236246325717,51.3597883483651],[-1.82236250375642,51.3597882746937],[-1.82239145224719,51.3597478077573],[-1.82239148634179,51.3597389904621],[-1.82235095350528,51.359692500989],[-1.82230067118803,51.359668413283],[-1.82230058234805,51.3596683600971],[-1.82230050790149,51.3596682988403],[-1.82230045359324,51.3596682295214],[-1.82228610265473,51.3596456402277],[-1.82228607132245,51.3596455718427],[-1.82228605723168,51.3596455016855],[-1.82228606037894,51.3596454306551],[-1.82228608219349,51.3596453605522],[-1.8223054499209,51.3596018507104],[-1.82230316305357,51.3595748548045],[-1.8222961478715,51.3595267731985],[-1.82228901620918,51.3595117713035],[-1.82228899208238,51.3595116966352],[-1.82228898806598,51.3595116210981],[-1.82228900272029,51.3595115455892],[-1.82228903890382,51.3595114737097],[-1.82228909374065,51.3595114063542],[-1.82228916578765,51.359511345319],[-1.82228925359814,51.3595112932995],[-1.82228935429971,51.3595112502912],[-1.82228946500954,51.3595112189874],[-1.82228958141548,51.3595112002807]]]]},"properties":{"OBJECTID":1085241,"LAYER":"DITCH","project":"Avebury World Heritage Site","PERIOD":"PREHISTORIC\\ROMAN","MONUMENT_TYPE":"ENCLOSURE\\SETTLEMENT\\TRACKWAY","EVIDENCE_1":"CROPMARK","HE_UID":"1176731","HE_URL1":"https://www.heritagegateway.org.uk/Gateway/Results_Single.aspx?uid=1176731&resourceID=19191","HER_NO":" NONE GIVEN"}},{"type":"Feature","id":1020438,"geometry":{"type":"Polygon","coordinates":[[[-1.83997243556297,51.3405050759097],[-1.84016995637498,51.3404741245407],[-1.84028309626634,51.340474727679],[-1.84037110901396,51.3404431867573],[-1.84052517443527,51.3403868548254],[-1.84072742095039,51.340275917464],[-1.84086725275084,51.3401920777597],[-1.84105796371699,51.3401245099017],[-1.84115337780105,51.3400861535837],[-1.84124892368539,51.3400386526602],[-1.841381329088,51.3399639200713],[-1.84159826691109,51.3398461942038],[-1.84183659755588,51.3397651654299],[-1.84183245253332,51.3398017207013],[-1.84178485249217,51.3398128965438],[-1.84167122977817,51.3398488730162],[-1.84153151803792,51.339923569116],[-1.8413369126925,51.3400094039135],[-1.841160589566,51.340093051068],[-1.84094389913982,51.3401924870621],[-1.8406904062501,51.3403145862701],[-1.84047321404219,51.3404505905693],[-1.84032641892741,51.3405092521921],[-1.84020932365658,51.3405314830184],[-1.8400887951832,51.3405377035781],[-1.83989873579836,51.3405572632981],[-1.8397632247048,51.3405908343312],[-1.83960215164403,51.3406265554046],[-1.83942667745019,51.3406461971772],[-1.83927698499615,51.340649967309],[-1.83909784181726,51.340671869528],[-1.83894792109938,51.3406916444192],[-1.83876860043663,51.3407272674564],[-1.83855645505976,51.3407604264052],[-1.83835166137328,51.340789054183],[-1.83808836279936,51.3408265120806],[-1.83810348702137,51.3407877240549],[-1.83830081864144,51.3407704971179],[-1.83857890844674,51.3407194004098],[-1.83884220600825,51.3406819414174],[-1.83905457893374,51.3406327767767],[-1.83919707415088,51.3406221093432],[-1.83943070653017,51.3406187775364],[-1.83958070805501,51.3405921503536],[-1.83980418797677,51.3405316158202],[-1.83997243556297,51.3405050759097]]]},"properties":{"OBJECTID":1020438,"LAYER":"DITCH","project":"Avebury World Heritage Site","PERIOD":"MEDIEVAL\\POST MEDIEVAL","MONUMENT_TYPE":"BOUNDARY\\CROFT\\HOLLOW WAY\\SETTLEMENT\\TOFT","EVIDENCE_1":"DOCUMENTARY EVIDENCE\\EARTHWORK","HE_UID":"1094889","HE_URL1":"https://www.heritagegateway.org.uk/Gateway/Results_Single.aspx?uid=1094889&resourceID=19191","HER_NO":" NONE GIVEN"}},{"type":"Feature","id":1282962,"geometry":{"type":"Polygon","coordinates":[[[-1.79744789324281,51.3510780464311],[-1.79749137545659,51.3510679336641],[-1.79752747182481,51.3510883802942],[-1.79752374811337,51.3511155740902],[-1.79747685764223,51.351126822954],[-1.7974423159973,51.3511120258428],[-1.79744789324281,51.3510780464311]]]},"properties":{"OBJECTID":1282962,"LAYER":"STRUCTURE","project":"Avebury World Heritage Site","PERIOD":"20TH CENTURY","MONUMENT_TYPE":"PILLBOX\\PILLBOX (SHELLPROOF)\\PILLBOX (TYPE FW3/22)","EVIDENCE_1":"STRUCTURE","HE_UID":"1423085","HE_URL1":"https://www.heritagegateway.org.uk/Gateway/Results_Single.aspx?uid=1423085&resourceID=19191","HER_NO":" NONE GIVEN"}},{"type":"Feature","id":890795,"geometry":{"type":"Polygon","coordinates":[[[-1.81818875457012,51.3525625566947],[-1.81832099538561,51.352562761091],[-1.81836819291806,51.3525746672227],[-1.81836807619827,51.3526042321027],[-1.81834907075085,51.3526278511951],[-1.81828293409779,51.3526336566222],[-1.81816008984254,51.3526393833213],[-1.81803729771608,51.3526391933498],[-1.81796165106901,51.3526568170569],[-1.81794265978234,51.3526804360941],[-1.81794254279438,51.3527100009706],[-1.81793299129421,51.3527395512343],[-1.81789525696634,51.3527276685569],[-1.81787655550637,51.3526744260756],[-1.81787676614491,51.3526212128944],[-1.81789581863591,51.3525857607458],[-1.81800922277972,51.3525741121531],[-1.81818875457012,51.3525625566947]]]},"properties":{"OBJECTID":890795,"LAYER":"BANK","project":"Avebury World Heritage Site","PERIOD":"LATER PREHISTORIC\\ROMAN","MONUMENT_TYPE":"FIELD SYSTEM","EVIDENCE_1":"CROPMARK","HE_UID":"1491860","HE_URL1":"https://www.heritagegateway.org.uk/Gateway/Results_Single.aspx?uid=1491860&resourceID=19191","HER_NO":" NONE GIVEN"}},{"type":"Feature","id":1104196,"geometry":{"type":"Polygon","coordinates":[[[-1.82648592407545,51.3332969669061],[-1.82652423194574,51.3333050405595],[-1.82655100923485,51.3333218885627],[-1.82655092495841,51.333344299801],[-1.82654639814493,51.3333583006782],[-1.82656870276795,51.3333751420829],[-1.82656411275417,51.3334059513892],[-1.82653259931059,51.3334591323625],[-1.82648776871693,51.333484279484],[-1.82642511956368,51.3334897899088],[-1.82638023759332,51.3335289435645],[-1.82631306146305,51.3335484547988],[-1.82622359266953,51.3335483226767],[-1.82613418580151,51.3335313820568],[-1.82609404176629,51.3335005066502],[-1.82608073694138,51.3334696709102],[-1.82606296998564,51.3334360276009],[-1.82606748495286,51.3334248285952],[-1.82610328437272,51.3334220796476],[-1.8261211147174,51.3334389145233],[-1.82612991372837,51.33347814831],[-1.82615665929916,51.3335034001668],[-1.82620582557894,51.333514679389],[-1.82625948571085,51.3335203614877],[-1.8263087455483,51.3335064266743],[-1.82634458720626,51.3334924720345],[-1.82638492120835,51.3334729220719],[-1.82634022907463,51.3334616504285],[-1.82630456822348,51.3334279798413],[-1.82628237061666,51.333383124342],[-1.82629143351983,51.3333523216514],[-1.82631837953082,51.3333243472321],[-1.82634072480784,51.3333299830589],[-1.8263540930498,51.3333440094431],[-1.82635397703587,51.3333748253446],[-1.82635831263719,51.3334112506569],[-1.82638506883776,51.3334337015072],[-1.8264342245593,51.3334477815887],[-1.82647899047728,51.3334394429137],[-1.8265104211083,51.333408673195],[-1.82651052647877,51.3333806591475],[-1.82651064238778,51.3333498432455],[-1.82651515797888,51.333330432838],[-1.82650894412816,51.3333166885775],[-1.8264682413718,51.3333087804339],[-1.82645886453476,51.3333028805176],[-1.82648592407545,51.3332969669061]]]},"properties":{"OBJECTID":1104196,"LAYER":"DITCH","project":"Marden Environs","PERIOD":"UNCERTAIN","MONUMENT_TYPE":"ENCLOSURE\\RING DITCH","EVIDENCE_1":"CROPMARK","HE_UID":"1477208","HE_URL1":"https://www.heritagegateway.org.uk/Gateway/Results_Single.aspx?uid=1477208&resourceID=19191","HER_NO":" NONE GIVEN"}},{"type":"Feature","id":924248,"geometry":{"type":"Polygon","coordinates":[[[-1.83253787821609,51.3554225226615],[-1.83317012690866,51.3550285992035],[-1.83424248919014,51.3548380052946],[-1.83484932955443,51.3548703574224],[-1.83515391775984,51.3549594439888],[-1.83510549262533,51.3550795250295],[-1.83476932048317,51.3551391279035],[-1.83404953871806,51.3551080815721],[-1.83352128236049,51.3551974419681],[-1.83299194584563,51.3555871884755],[-1.83270266805254,51.3559472416276],[-1.83255694655693,51.3564276473558],[-1.832412523227,51.3565475903463],[-1.83211629259609,51.3565007158869],[-1.83214791295688,51.3560025688832],[-1.83253787821609,51.3554225226615]]]},"properties":{"OBJECTID":924248,"LAYER":"BANK","project":"Avebury World Heritage Site","PERIOD":"MEDIEVAL\\POST MEDIEVAL\\UNCERTAIN","MONUMENT_TYPE":"CIRCULAR ENCLOSURE\\TREE ENCLOSURE RING","EVIDENCE_1":"CROPMARK","HE_UID":"221220","HE_URL1":"https://www.heritagegateway.org.uk/Gateway/Results_Single.aspx?uid=221220&resourceID=19191","HER_NO":" NONE GIVEN"}},{"type":"Feature","id":920633,"geometry":{"type":"Polygon","coordinates":[[[-1.83134088727488,51.3508100709903],[-1.83146154067575,51.3507970079142],[-1.83164063003878,51.3507819692201],[-1.8318014316523,51.350769116099],[-1.83196205374608,51.3507699840397],[-1.83207506200683,51.3507820236046],[-1.8321443572169,51.3507869690882],[-1.83219902640201,51.3507941236467],[-1.83218020907749,51.3508351715099],[-1.8320454224501,51.3508138663428],[-1.83186660943105,51.3508083327333],[-1.83159634975388,51.3508160208646],[-1.83127816220539,51.3508577366797],[-1.8310440895142,51.3508884765326],[-1.83071856934492,51.3509324372367],[-1.83044781478968,51.3509767007685],[-1.83031595030618,51.3510079910488],[-1.83026094413162,51.3510259852778],[-1.83020637212699,51.3510119691884],[-1.83036035162206,51.3509647953821],[-1.83061655431628,51.3509181732256],[-1.83080313301072,51.3508894610331],[-1.83102272230201,51.3508495022166],[-1.83121299920959,51.3508185197437],[-1.83134088727488,51.3508100709903]]]},"properties":{"OBJECTID":920633,"LAYER":"BANK","project":"Avebury World Heritage Site","PERIOD":"MEDIEVAL\\POST MEDIEVAL","MONUMENT_TYPE":"STRIP LYNCHET","EVIDENCE_1":"EARTHWORK","HE_UID":"221181","HE_URL1":"https://www.heritagegateway.org.uk/Gateway/Results_Single.aspx?uid=221181&resourceID=19191","HER_NO":" NONE GIVEN"}},{"type":"Feature","id":1221886,"geometry":{"type":"Polygon","coordinates":[[[-1.80304990833633,51.344886484891],[-1.80312922965831,51.3444705028906],[-1.80401054406819,51.344523282853],[-1.80540320278095,51.344859103329],[-1.80691609050331,51.3458621368341],[-1.80703828916876,51.3460547446599],[-1.80559415450283,51.3481945332696],[-1.80534795773979,51.3482326018319],[-1.80275056030215,51.3467274731612],[-1.802920438053,51.3453552367006],[-1.80299071228302,51.3452997939917],[-1.80304990833633,51.344886484891]]]},"properties":{"OBJECTID":1221886,"LAYER":"RIDGE_AND_FURROW_AREA","project":"Avebury World Heritage Site","PERIOD":"MEDIEVAL\\POST MEDIEVAL","MONUMENT_TYPE":"RIDGE AND FURROW","EVIDENCE_1":"CROPMARK\\EARTHWORK","HE_UID":"221163","HE_URL1":"https://www.heritagegateway.org.uk/Gateway/Results_Single.aspx?uid=221163&resourceID=19191","HER_NO":" NONE GIVEN"}},{"type":"Feature","id":935526,"geometry":{"type":"Polygon","coordinates":[[[-1.8012232890637,51.3487631755832],[-1.80156966671848,51.3486366795439],[-1.80179196796799,51.3486171018044],[-1.80216409861739,51.3486253718444],[-1.80374676326436,51.3487451706965],[-1.80503325530513,51.3488547461092],[-1.80537962836133,51.3488630621252],[-1.8053050153885,51.3489558690567],[-1.80412672300003,51.3488712494585],[-1.80405758607349,51.3489250491899],[-1.80326556612179,51.3488536348431],[-1.80197372533239,51.3487634353748],[-1.80174890180849,51.348768370516],[-1.80158192395784,51.3487947584743],[-1.80144564589174,51.3488409980528],[-1.80112331226418,51.3489953280971],[-1.80098230910695,51.3490514860698],[-1.80090086922668,51.3489407397241],[-1.8012232890637,51.3487631755832]]]},"properties":{"OBJECTID":935526,"LAYER":"BANK","project":"Avebury World Heritage Site","PERIOD":"POST MEDIEVAL","MONUMENT_TYPE":"FIELD BOUNDARY\\WOOD BANK","EVIDENCE_1":"EARTHWORK","HE_UID":"1491976","HE_URL1":"https://www.heritagegateway.org.uk/Gateway/Results_Single.aspx?uid=1491976&resourceID=19191","HER_NO":" NONE GIVEN"}},{"type":"Feature","id":890798,"geometry":{"type":"Polygon","coordinates":[[[-1.8156445883059,51.351598529885],[-1.81568030182162,51.3515911406766],[-1.81584657559179,51.3516658714388],[-1.81616742875263,51.3517631884608],[-1.81629803535381,51.3518304265703],[-1.81632172488296,51.351860244455],[-1.81626214335916,51.3518824959756],[-1.81606018430131,51.3518077099672],[-1.81579876465787,51.3517179310211],[-1.81566812923012,51.3516581465176],[-1.8156445883059,51.351598529885]]]},"properties":{"OBJECTID":890798,"LAYER":"BANK","project":"Avebury World Heritage Site","PERIOD":"LATER PREHISTORIC\\ROMAN","MONUMENT_TYPE":"FIELD SYSTEM","EVIDENCE_1":"CROPMARK","HE_UID":"1491860","HE_URL1":"https://www.heritagegateway.org.uk/Gateway/Results_Single.aspx?uid=1491860&resourceID=19191","HER_NO":" NONE GIVEN"}},{"type":"Feature","id":1167319,"geometry":{"type":"MultiPolygon","coordinates":[[[[-1.80465315708855,51.3475260287539],[-1.80461462966167,51.3474394525629],[-1.8046146055763,51.3474393760923],[-1.80461460447192,51.3474392978616],[-1.80461462490126,51.3474392205658],[-1.80461466685669,51.3474391460034],[-1.80461472888715,51.3474390777687],[-1.80461480811334,51.3474390176551],[-1.80461490309561,51.3474389665596],[-1.80461501095087,51.3474389271748],[-1.80461512880746,51.3474388994961],[-1.80461525091822,51.347438884413],[-1.80461537583969,51.3474388837214],[-1.80461549926818,51.3474388965152],[-1.80461561833202,51.3474389227894],[-1.80461572729167,51.3474389616353],[-1.80461582328308,51.3474390112499],[-1.80461590487424,51.3474390707316],[-1.80461596776525,51.3474391382749],[-1.80461601196375,51.3474392120813],[-1.80465356225887,51.3475235944409],[-1.80513580296757,51.3448094634014],[-1.80506803965697,51.3448837413715],[-1.80506796759548,51.3448838059932],[-1.80506787977868,51.3448838615969],[-1.80506777764991,51.3448839063867],[-1.80506766408449,51.3448839394682],[-1.80506754339351,51.3448839599493],[-1.80506741845226,51.3448839669355],[-1.8050672950038,51.3448839604366],[-1.80506717304808,51.3448839404523],[-1.80506705976393,51.3448839069947],[-1.80506695801144,51.344883862766],[-1.80506686922635,51.3448838077686],[-1.80506679627262,51.3448837438057],[-1.80506674344987,51.3448836726826],[-1.80506671074673,51.344883597097],[-1.80506669959135,51.3448835188496],[-1.80506670996851,51.3448834415371],[-1.80506674187822,51.3448833651594],[-1.80506679386573,51.3448832942102],[-1.80513622316404,51.3448071990558],[-1.80513627945102,51.344807129912],[-1.80513634719364,51.3448070679807],[-1.8051364321311,51.3448070141705],[-1.80513652851663,51.3448069693711],[-1.80513663633878,51.3448069362801],[-1.80513675272607,51.3448069148926],[-1.80513687193548,51.3448069051992],[-1.80513699252366,51.3448069089958],[-1.80513711019093,51.3448069244769],[-1.80513722062244,51.3448069534338],[-1.80513732383338,51.3448069922698],[-1.80513741407694,51.3448070418744],[-1.80513748992496,51.344807100447],[-1.8051375499493,51.3448071661869],[-1.80513759128602,51.3448072372909],[-1.8051376083441,51.3448072777824],[-1.80517537449243,51.3448939892494],[-1.80517539713785,51.3448940666166],[-1.80517539680737,51.344894144845],[-1.80517537638009,51.3448942221409],[-1.80517533443164,51.3448942958044],[-1.8051752724054,51.3448943640395],[-1.80517519174848,51.3448944241511],[-1.80517509677199,51.3448944752471],[-1.80517498892307,51.3448945146325],[-1.80517487107703,51.3448945414126],[-1.80517474754114,51.3448945555948],[-1.80517462263027,51.3448945553878],[-1.80517449920834,51.3448945425947],[-1.80517438158643,51.3448945163235],[-1.80517427263223,51.3448944774781],[-1.80517417664922,51.3448944269648],[-1.80517409506179,51.3448943674835],[-1.80517403217338,51.3448942999405],[-1.80517398941216,51.3448942261366],[-1.80513719733552,51.3448097462578],[-1.80465496702607,51.3475238134785],[-1.80472206946234,51.3474493314874],[-1.80472214152827,51.347449266866],[-1.80472222935031,51.3474492112626],[-1.80472233148502,51.3474491664731],[-1.80472244362487,51.3474491324905],[-1.80472256432264,51.3474491120098],[-1.80472268927079,51.3474491050239],[-1.80472281416183,51.3474491115257],[-1.80472293468823,51.347449131508],[-1.80472304798215,51.3474491640667],[-1.80472315117573,51.3474492082981],[-1.80472323996527,51.3474492632958],[-1.8047233114905,51.3474493263574],[-1.80472336575144,51.347449397483],[-1.80472339845581,51.3474494730686],[-1.80472341105087,51.3474495504193],[-1.80472340066874,51.3474496286309],[-1.80472337019636,51.3474497041116],[-1.80472331820166,51.3474497759598],[-1.8046545423483,51.3475261074867],[-1.80465448749316,51.3475261766326],[-1.80465441831013,51.3475262385612],[-1.80465433480299,51.3475262923734],[-1.80465423841521,51.3475263362731],[-1.80465413058644,51.3475263693637],[-1.80465401562418,51.3475263916522],[-1.80465389640774,51.3475264013451],[-1.8046537758126,51.3475263975479],[-1.80465365813865,51.3475263820662],[-1.80465354626138,51.3475263540056],[-1.80465344448068,51.3475263151716],[-1.80465335279274,51.3475262664634],[-1.80465327694094,51.3475262078905],[-1.80465321691,51.3475261430496],[-1.80465317557162,51.3475260719454],[-1.80465315708855,51.3475260287539]]],[[[-1.79498469986686,51.3456107470856],[-1.79505663655399,51.3455330150668],[-1.79505670862644,51.3455329513505],[-1.7950567964565,51.3455328957544],[-1.79505690003219,51.345532850976],[-1.79505701360639,51.3455328179043],[-1.79505713429959,51.3455327983328],[-1.7950572592442,51.3455327913572],[-1.79505738268912,51.345532798766],[-1.79505750464236,51.3455328187607],[-1.79505761792102,51.345532852228],[-1.79505771966154,51.3455328973646],[-1.79505780843613,51.3455329523696],[-1.79505787993746,51.3455330172354],[-1.79505793274571,51.3455330883629],[-1.79505796399733,51.3455331639487],[-1.79505797513609,51.345533242197],[-1.79505796330639,51.3455333195061],[-1.7950579313798,51.3455333958809],[-1.79505787794052,51.3455334668231],[-1.79498667852214,51.3456103935624],[-1.79644158132145,51.3454207118954],[-1.79756556515717,51.3453076265577],[-1.79743192005312,51.3452921802838],[-1.79743179953921,51.3452921593949],[-1.79743168625941,51.3452921259299],[-1.79743158452105,51.3452920798962],[-1.79743149574411,51.345292024893],[-1.79743142567562,51.3452919600311],[-1.797431372864,51.3452918889046],[-1.79743134160868,51.3452918133194],[-1.79743133190176,51.3452917350738],[-1.79743134373139,51.3452916568653],[-1.79743137708576,51.3452915813915],[-1.79743143052114,51.3452915104482],[-1.79743150258997,51.3452914467304],[-1.79743159184857,51.3452913920342],[-1.79743169398567,51.3452913472511],[-1.79743180755366,51.3452913150763],[-1.79743192968496,51.3452912946057],[-1.79743205318884,51.3452912885243],[-1.79743217806929,51.345291295933],[-1.79756978820567,51.3453072049226],[-1.79756991451011,51.3453072150312],[-1.79757003072471,51.3453072341143],[-1.79757014114099,51.3453072657759],[-1.7975702400198,51.3453073091069],[-1.797570327373,51.34530736141],[-1.79757039889327,51.3453074226776],[-1.79757045315667,51.3453074902098],[-1.79757048729955,51.3453075622032],[-1.79757050276557,51.345307636862],[-1.7975704981229,51.3453077132845],[-1.79757047339128,51.3453077869749],[-1.79757042857465,51.3453078570339],[-1.79757036511667,51.3453079216657],[-1.79757028589677,51.345307979077],[-1.79757019236255,51.3453080265725],[-1.7975701434556,51.3453080471695],[-1.7974519199703,51.3453590141295],[-1.79745181068184,51.345359052606],[-1.79745169283007,51.3453590793783],[-1.79745156929836,51.345359091754],[-1.79745144438616,51.3453590915387],[-1.79745132097288,51.345359076939],[-1.79745120335796,51.3453590497608],[-1.79745109584871,51.3453590100115],[-1.79745100130879,51.3453589594943],[-1.79745092117002,51.3453588991109],[-1.79745085973182,51.3453588306672],[-1.79745081698236,51.3453587568605],[-1.79745079722103,51.3453586794967],[-1.79745079756448,51.3453586012685],[-1.79745082087633,51.345358523979],[-1.79745086427322,51.3453584503208],[-1.79745092774328,51.3453583829915],[-1.79745100840708,51.3453583237845],[-1.7974511048249,51.3453582735965],[-1.7975667562585,51.3453084171927],[-1.79644183872874,51.3454215971369],[-1.79498723616059,51.3456112388676],[-1.79510983748289,51.3456557356441],[-1.79510993922373,51.3456557807807],[-1.79511002799863,51.3456558357856],[-1.79511009950021,51.3456559006514],[-1.79511015230868,51.3456559717789],[-1.79511018356047,51.3456560473647],[-1.79511019469934,51.345656125613],[-1.7951101828697,51.345656202922],[-1.79511015094311,51.3456562792969],[-1.79511009750377,51.3456563502391],[-1.7951100254312,51.3456564139554],[-1.79510993760096,51.3456564695516],[-1.79510983402505,51.3456565143301],[-1.79510972045058,51.3456565474018],[-1.79510959975709,51.3456565669734],[-1.79510947624793,51.3456565739514],[-1.79510935136689,51.3456565665402],[-1.79510923084909,51.3456565465481],[-1.7951091161343,51.3456565130783],[-1.79498500251176,51.3456114624636],[-1.79498489067671,51.3456114272004],[-1.79498478893609,51.3456113820638],[-1.79498470016144,51.3456113270587],[-1.7949846286601,51.3456112621929],[-1.79498457585187,51.3456111910653],[-1.79498454460031,51.3456111154795],[-1.79498453346167,51.3456110372312],[-1.79498454529549,51.3456109590229],[-1.79498457721826,51.3456108835473],[-1.79498463065776,51.3456108126051],[-1.79498469986686,51.3456107470856]]]]},"properties":{"OBJECTID":1167319,"LAYER":"RIDGE_AND_FURROW_ALIGNMENT","project":"Avebury World Heritage Site","PERIOD":"MEDIEVAL\\POST MEDIEVAL","MONUMENT_TYPE":"RIDGE AND FURROW","EVIDENCE_1":"EARTHWORK","HE_UID":"221163","HE_URL1":"https://www.heritagegateway.org.uk/Gateway/Results_Single.aspx?uid=221163&resourceID=19191","HER_NO":" NONE GIVEN"}},{"type":"Feature","id":1228195,"geometry":{"type":"Polygon","coordinates":[[[-1.82227396590781,51.3461329981834],[-1.82251503936124,51.3447016450269],[-1.82416018972637,51.3456726267624],[-1.82419352303964,51.3457568941744],[-1.82227396590781,51.3461329981834]]]},"properties":{"OBJECTID":1228195,"LAYER":"RIDGE_AND_FURROW_AREA","project":"Avebury World Heritage Site","PERIOD":"MEDIEVAL\\POST MEDIEVAL","MONUMENT_TYPE":"RIDGE AND FURROW","EVIDENCE_1":"EARTHWORK","HE_UID":"1176930","HE_URL1":"https://www.heritagegateway.org.uk/Gateway/Results_Single.aspx?uid=1176930&resourceID=19191","HER_NO":" NONE GIVEN"}},{"type":"Feature","id":878721,"geometry":{"type":"Polygon","coordinates":[[[-1.82221159521826,51.3475240764702],[-1.82223741460328,51.3474973018244],[-1.82230577703288,51.3475564095529],[-1.82259595932103,51.3479001469265],[-1.82273208771999,51.3481739288165],[-1.82286817650298,51.34845842875],[-1.82301265359415,51.3487912273026],[-1.82310622049629,51.3489844767348],[-1.82319966463804,51.3492099076869],[-1.82317380363143,51.3492474187265],[-1.82312260273728,51.3491829781846],[-1.82303748395647,51.3490219232646],[-1.82295251011058,51.3488233185856],[-1.82288461943901,51.3486408349507],[-1.82282515699531,51.3484959138803],[-1.82274020564358,51.3482919499319],[-1.82263796629796,51.3481255097692],[-1.8225442647276,51.3479644415292],[-1.82239078719617,51.3477442785325],[-1.82221159521826,51.3475240764702]]]},"properties":{"OBJECTID":878721,"LAYER":"BANK","project":"Avebury World Heritage Site","PERIOD":"BRONZE AGE\\MEDIEVAL\\POST MEDIEVAL","MONUMENT_TYPE":"CULTIVATION TERRACE\\ROUND BARROW\\TRIANGULATION POINT","EVIDENCE_1":"CONJECTURAL EVIDENCE\\EARTHWORK\\STRUCTURE","HE_UID":"221211","HE_URL1":"https://www.heritagegateway.org.uk/Gateway/Results_Single.aspx?uid=221211&resourceID=19191","HER_NO":" NONE GIVEN"}}]}