{
"type": "FeatureCollection",
"name": "archaeology_selected",
"crs": { "type": "name", "properties": { "name": "urn:ogc:def:crs:OGC:1.3:CRS84" } },
"features": [
{ "type": "Feature", "properties": { "_source_path": "C:\\Uni\\HS2\\HS2_ADS_GIS\\2025-11-24_HIS_HSTWO_CH_HERDS_Feature_Ply\\2025-11-24_HIS_HSTWO_CH_HERDS_Feature_Ply.shp", "_source_layer": "", "box_id": "box_05", "section": "HS2 Phase 1", "HS2_AssetI": null, "HS2_AssetN": null, "HS2_Suitab": "SC7", "HS2_Phase": "R1", "HS2_DocNum": "1EW02-CSJ-GI-GDD-S002-000019", "HS2_DocRev": "C02", "HS2_RevDat": "2021-07-05T00:00:00", "HS2_Layer": "HIS_CSJ_1EW02_CH_HERDS_Feature_Ply", "Contract": "1EW02", "Originator": "CSJ", "CreatedAt": "2021-03-11T00:00:00", "LastEdited": "2021-06-29T00:00:00", "HS2_SupDoc": null, "FeatID": "1S19SSPTT_FTR_000001", "WSIIntID": "1S19SSPTT_INT000039", "MonType": "GULLY", "MonDesc": "4002", "Period": "BRONZE AGE", "PeriodPhas": 0, "PeriodSubP": "N/A", "PhaseDesc": null, "BuildMater": "CLAY", "ArchScienc": "N/A", "Evidence": "EXCAVATED FEATURE", "MaxLength": 1.8 }, "geometry": { "type": "Polygon", "coordinates": [ [ [ -0.464992169134677, 51.569199696316403 ], [ -0.464987908191737, 51.569203338131317 ], [ -0.464985385211855, 51.569202118176179 ], [ -0.464974587807468, 51.569199763097686 ], [ -0.464961574284688, 51.569192517909329 ], [ -0.464967792047401, 51.569187327175669 ], [ -0.464992169134677, 51.569199696316403 ] ] ] } },
{ "type": "Feature", "properties": { "_source_path": "C:\\Uni\\HS2\\HS2_ADS_GIS\\2025-11-24_HIS_HSTWO_CH_HERDS_Feature_Ply\\2025-11-24_HIS_HSTWO_CH_HERDS_Feature_Ply.shp", "_source_layer": "", "box_id": "box_05", "section": "HS2 Phase 1", "HS2_AssetI": null, "HS2_AssetN": null, "HS2_Suitab": "SC7", "HS2_Phase": "R1", "HS2_DocNum": "1EW02-CSJ-GI-GDD-S002-000019", "HS2_DocRev": "C02", "HS2_RevDat": "2021-07-05T00:00:00", "HS2_Layer": "HIS_CSJ_1EW02_CH_HERDS_Feature_Ply", "Contract": "1EW02", "Originator": "CSJ", "CreatedAt": "2021-03-11T00:00:00", "LastEdited": "2021-06-29T00:00:00", "HS2_SupDoc": null, "FeatID": "1S19SSPTT_FTR_000002", "WSIIntID": "1S19SSPTT_INT000039", "MonType": "DITCH", "MonDesc": "4011", "Period": "UNKNOWN", "PeriodPhas": 0, "PeriodSubP": "N/A", "PhaseDesc": null, "BuildMater": "CLAY", "ArchScienc": "N/A", "Evidence": "EXCAVATED FEATURE", "MaxLength": 1.8 }, "geometry": { "type": "Polygon", "coordinates": [ [ [ -0.464824692413877, 51.569342179366295 ], [ -0.46481624413207, 51.569349418087072 ], [ -0.464804317131601, 51.569344742645562 ], [ -0.464790747120196, 51.569338767934589 ], [ -0.464800852619012, 51.569330136438708 ], [ -0.464824692413877, 51.569342179366295 ] ] ] } },
{ "type": "Feature", "properties": { "_source_path": "C:\\Uni\\HS2\\HS2_ADS_GIS\\2025-11-24_HIS_HSTWO_CH_HERDS_Feature_Ply\\2025-11-24_HIS_HSTWO_CH_HERDS_Feature_Ply.shp", "_source_layer": "", "box_id": "box_05", "section": "HS2 Phase 1", "HS2_AssetI": null, "HS2_AssetN": null, "HS2_Suitab": "SC7", "HS2_Phase": "R1", "HS2_DocNum": "1EW02-CSJ-GI-GDD-S002-000019", "HS2_DocRev": "C02", "HS2_RevDat": "2021-07-05T00:00:00", "HS2_Layer": "HIS_CSJ_1EW02_CH_HERDS_Feature_Ply", "Contract": "1EW02", "Originator": "CSJ", "CreatedAt": "2021-03-11T00:00:00", "LastEdited": "2021-06-29T00:00:00", "HS2_SupDoc": null, "FeatID": "1S19SSPTT_FTR_000003", "WSIIntID": "1S19SSPTT_INT000039", "MonType": "GULLY", "MonDesc": "4015", "Period": "BRONZE AGE", "PeriodPhas": 0, "PeriodSubP": "N/A", "PhaseDesc": null, "BuildMater": "CLAY", "ArchScienc": "N/A", "Evidence": "EXCAVATED FEATURE", "MaxLength": 0.78 }, "geometry": { "type": "Polygon", "coordinates": [ [ [ -0.464842861822792, 51.569326625135041 ], [ -0.464838641127431, 51.569330356492721 ], [ -0.464836936745979, 51.569328737203215 ], [ -0.464834544418552, 51.569326294231587 ], [ -0.464834202708402, 51.569325129782449 ], [ -0.46483416372486, 51.569324102376129 ], [ -0.464834277286885, 51.569322744258038 ], [ -0.464835917564062, 51.569322025665556 ], [ -0.464837711012359, 51.569322071605676 ], [ -0.464839092828967, 51.569322386419906 ], [ -0.464840144361854, 51.569322696913773 ], [ -0.464841616932423, 51.569324644079757 ], [ -0.464842861822792, 51.569326625135041 ] ] ] } },
{ "type": "Feature", "properties": { "_source_path": "C:\\Uni\\HS2\\HS2_ADS_GIS\\2025-11-24_HIS_HSTWO_CH_HERDS_Feature_Ply\\2025-11-24_HIS_HSTWO_CH_HERDS_Feature_Ply.shp", "_source_layer": "", "box_id": "box_05", "section": "HS2 Phase 1", "HS2_AssetI": null, "HS2_AssetN": null, "HS2_Suitab": "SC7", "HS2_Phase": "R1", "HS2_DocNum": "1EW02-CSJ-GI-GDD-S002-000019", "HS2_DocRev": "C02", "HS2_RevDat": "2021-07-05T00:00:00", "HS2_Layer": "HIS_CSJ_1EW02_CH_HERDS_Feature_Ply", "Contract": "1EW02", "Originator": "CSJ", "CreatedAt": "2021-03-11T00:00:00", "LastEdited": "2021-06-29T00:00:00", "HS2_SupDoc": null, "FeatID": "1S19SSPTT_FTR_000004", "WSIIntID": "1S19SSPTT_INT000039", "MonType": "PIT", "MonDesc": "4013", "Period": "UNKNOWN", "PeriodPhas": 0, "PeriodSubP": "N/A", "PhaseDesc": null, "BuildMater": "CLAY", "ArchScienc": "N/A", "Evidence": "EXCAVATED FEATURE", "MaxLength": 0.7 }, "geometry": { "type": "Polygon", "coordinates": [ [ [ -0.46470881607367, 51.569412886179109 ], [ -0.464709688986889, 51.569413616066313 ], [ -0.464710265652921, 51.569414958935184 ], [ -0.464709836649278, 51.569416300337664 ], [ -0.464708957868449, 51.569417372388017 ], [ -0.464707640601129, 51.569418439601272 ], [ -0.464706162083307, 51.569418853677931 ], [ -0.464704946541111, 51.569419042795801 ], [ -0.464703963174487, 51.569418893251679 ], [ -0.464702009622702, 51.569418160018003 ], [ -0.464700122757468, 51.569416560819477 ], [ -0.4646988842899, 51.569415802770592 ], [ -0.464705254979408, 51.569410443201676 ], [ -0.46470881607367, 51.569412886179109 ] ] ] } },
{ "type": "Feature", "properties": { "_source_path": "C:\\Uni\\HS2\\HS2_ADS_GIS\\2025-11-24_HIS_HSTWO_CH_HERDS_Feature_Ply\\2025-11-24_HIS_HSTWO_CH_HERDS_Feature_Ply.shp", "_source_layer": "", "box_id": "box_05", "section": "HS2 Phase 1", "HS2_AssetI": null, "HS2_AssetN": null, "HS2_Suitab": "SC7", "HS2_Phase": "R1", "HS2_DocNum": "1EW02-CSJ-GI-GDD-S002-000019", "HS2_DocRev": "C02", "HS2_RevDat": "2021-07-05T00:00:00", "HS2_Layer": "HIS_CSJ_1EW02_CH_HERDS_Feature_Ply", "Contract": "1EW02", "Originator": "CSJ", "CreatedAt": "2021-03-11T00:00:00", "LastEdited": "2021-06-29T00:00:00", "HS2_SupDoc": null, "FeatID": "1S19SSPTT_FTR_000005", "WSIIntID": "1S19SSPTT_INT000110", "MonType": "GULLY", "MonDesc": "2003", "Period": "UNKNOWN", "PeriodPhas": 0, "PeriodSubP": "N/A", "PhaseDesc": null, "BuildMater": "CLAY", "ArchScienc": "N/A", "Evidence": "EXCAVATED FEATURE", "MaxLength": 5.4 }, "geometry": { "type": "Polygon", "coordinates": [ [ [ -0.461214594438951, 51.57106156428641 ], [ -0.461215007360834, 51.57106403623029 ], [ -0.461210280538041, 51.571059195858368 ], [ -0.461209613804396, 51.571056420250855 ], [ -0.461206290291577, 51.571040831151912 ], [ -0.461203989555063, 51.57103174685173 ], [ -0.461201490905936, 51.571017455335742 ], [ -0.461200901392, 51.571014700523236 ], [ -0.461205518986061, 51.571019527773693 ], [ -0.461206011230755, 51.57102174448314 ], [ -0.461209202189308, 51.571031387174571 ], [ -0.461211102385796, 51.571039897922958 ], [ -0.461214594438951, 51.57106156428641 ] ] ] } },
{ "type": "Feature", "properties": { "_source_path": "C:\\Uni\\HS2\\HS2_ADS_GIS\\2025-11-24_HIS_HSTWO_CH_HERDS_Feature_Ply\\2025-11-24_HIS_HSTWO_CH_HERDS_Feature_Ply.shp", "_source_layer": "", "box_id": "box_05", "section": "HS2 Phase 1", "HS2_AssetI": null, "HS2_AssetN": null, "HS2_Suitab": "SC7", "HS2_Phase": "R1", "HS2_DocNum": "1EW02-CSJ-GI-GDD-S002-000019", "HS2_DocRev": "C02", "HS2_RevDat": "2021-07-05T00:00:00", "HS2_Layer": "HIS_CSJ_1EW02_CH_HERDS_Feature_Ply", "Contract": "1EW02", "Originator": "CSJ", "CreatedAt": "2021-03-11T00:00:00", "LastEdited": "2021-06-29T00:00:00", "HS2_SupDoc": null, "FeatID": "1S19SSPTT_FTR_000006", "WSIIntID": "1S19SSPTT_INT000052", "MonType": "DITCH", "MonDesc": "1007", "Period": "POST MEDIEVAL", "PeriodPhas": 0, "PeriodSubP": "N/A", "PhaseDesc": null, "BuildMater": "CLAY", "ArchScienc": "N/A", "Evidence": "EXCAVATED FEATURE", "MaxLength": 18.8 }, "geometry": { "type": "Polygon", "coordinates": [ [ [ -0.465216167718531, 51.567352420087971 ], [ -0.465214890470554, 51.567352558048221 ], [ -0.465207732712334, 51.567353064212121 ], [ -0.465201034921303, 51.567353750837576 ], [ -0.465193613794471, 51.567353808447827 ], [ -0.465188107656489, 51.567353213997684 ], [ -0.465186501090056, 51.567353019439508 ], [ -0.465187313056571, 51.567339960955174 ], [ -0.465189950249841, 51.567340014328067 ], [ -0.465202694902654, 51.567339503898715 ], [ -0.465215640583101, 51.56733855098858 ], [ -0.465216979180525, 51.567338433613223 ], [ -0.465216167718531, 51.567352420087971 ] ] ] } },
{ "type": "Feature", "properties": { "_source_path": "C:\\Uni\\HS2\\HS2_ADS_GIS\\2025-11-24_HIS_HSTWO_CH_HERDS_Feature_Ply\\2025-11-24_HIS_HSTWO_CH_HERDS_Feature_Ply.shp", "_source_layer": "", "box_id": "box_05", "section": "HS2 Phase 1", "HS2_AssetI": null, "HS2_AssetN": null, "HS2_Suitab": "SC7", "HS2_Phase": "R1", "HS2_DocNum": "1EW02-CSJ-GI-GDD-S002-000019", "HS2_DocRev": "C02", "HS2_RevDat": "2021-07-05T00:00:00", "HS2_Layer": "HIS_CSJ_1EW02_CH_HERDS_Feature_Ply", "Contract": "1EW02", "Originator": "CSJ", "CreatedAt": "2021-03-11T00:00:00", "LastEdited": "2021-06-29T00:00:00", "HS2_SupDoc": null, "FeatID": "1S19SSPTT_FTR_000007", "WSIIntID": "1S19SSPTT_INT000052", "MonType": "DRAIN", "MonDesc": "1004", "Period": "UNKNOWN", "PeriodPhas": 0, "PeriodSubP": "N/A", "PhaseDesc": null, "BuildMater": "CLAY", "ArchScienc": "N/A", "Evidence": "EXCAVATED FEATURE", "MaxLength": 0.0 }, "geometry": { "type": "Polygon", "coordinates": [ [ [ -0.465216764147693, 51.567342977201641 ], [ -0.465215170950352, 51.567343285476511 ], [ -0.465202691786628, 51.567346024022292 ], [ -0.465188641888948, 51.56734750381375 ], [ -0.465186900103798, 51.567347597032459 ], [ -0.465187013215511, 51.567345180538801 ], [ -0.465189255695916, 51.567344958087688 ], [ -0.465203153412042, 51.56734247009107 ], [ -0.465215859149618, 51.567340372946724 ], [ -0.465216888334603, 51.567340231742328 ], [ -0.465216764147693, 51.567342977201641 ] ] ] } },
{ "type": "Feature", "properties": { "_source_path": "C:\\Uni\\HS2\\HS2_ADS_GIS\\2025-11-24_HIS_HSTWO_CH_HERDS_Feature_Ply\\2025-11-24_HIS_HSTWO_CH_HERDS_Feature_Ply.shp", "_source_layer": "", "box_id": "box_05", "section": "HS2 Phase 1", "HS2_AssetI": null, "HS2_AssetN": null, "HS2_Suitab": "SC7", "HS2_Phase": "R1", "HS2_DocNum": "1EW02-CSJ-GI-GDD-S002-000019", "HS2_DocRev": "C02", "HS2_RevDat": "2021-07-05T00:00:00", "HS2_Layer": "HIS_CSJ_1EW02_CH_HERDS_Feature_Ply", "Contract": "1EW02", "Originator": "CSJ", "CreatedAt": "2021-03-11T00:00:00", "LastEdited": "2021-06-29T00:00:00", "HS2_SupDoc": null, "FeatID": "1S19SSPTT_FTR_000008", "WSIIntID": "1S19SSPTT_INT000003", "MonType": "POST HOLE", "MonDesc": "3003", "Period": "UNKNOWN", "PeriodPhas": 0, "PeriodSubP": "N/A", "PhaseDesc": null, "BuildMater": "CLAY", "ArchScienc": "N/A", "Evidence": "EXCAVATED FEATURE", "MaxLength": 9.0 }, "geometry": { "type": "Polygon", "coordinates": [ [ [ -0.464897915919497, 51.567527990596446 ], [ -0.464897279452623, 51.567527952597196 ], [ -0.464896715399963, 51.567527906553103 ], [ -0.464896513904855, 51.567527677316761 ], [ -0.464896657898554, 51.567527514645043 ], [ -0.464896943012285, 51.567527146101966 ], [ -0.464897360586465, 51.567526957334927 ], [ -0.464897651979588, 51.56752683076121 ], [ -0.46489804637032, 51.567527073311226 ], [ -0.464898414738308, 51.56752744590618 ], [ -0.464898459984108, 51.567527944659794 ], [ -0.464897915919497, 51.567527990596446 ] ] ] } },
{ "type": "Feature", "properties": { "_source_path": "C:\\Uni\\HS2\\HS2_ADS_GIS\\2025-11-24_HIS_HSTWO_CH_HERDS_Feature_Ply\\2025-11-24_HIS_HSTWO_CH_HERDS_Feature_Ply.shp", "_source_layer": "", "box_id": "box_05", "section": "HS2 Phase 1", "HS2_AssetI": null, "HS2_AssetN": null, "HS2_Suitab": "SC7", "HS2_Phase": "R1", "HS2_DocNum": "1EW02-CSJ-GI-GDD-S002-000019", "HS2_DocRev": "C02", "HS2_RevDat": "2021-07-05T00:00:00", "HS2_Layer": "HIS_CSJ_1EW02_CH_HERDS_Feature_Ply", "Contract": "1EW02", "Originator": "CSJ", "CreatedAt": "2021-03-11T00:00:00", "LastEdited": "2021-06-29T00:00:00", "HS2_SupDoc": null, "FeatID": "1S19SSPTT_FTR_000009", "WSIIntID": "1S19SSPTT_INT000007", "MonType": "DITCH", "MonDesc": "7003", "Period": "UNKNOWN", "PeriodPhas": 0, "PeriodSubP": "N/A", "PhaseDesc": null, "BuildMater": "CLAY", "ArchScienc": "N/A", "Evidence": "EXCAVATED FEATURE", "MaxLength": 2.0 }, "geometry": { "type": "Polygon", "coordinates": [ [ [ -0.463873665409301, 51.567368010977056 ], [ -0.46387226997199, 51.567367973828325 ], [ -0.46386496148922, 51.567367471722527 ], [ -0.463858083068959, 51.567367052577502 ], [ -0.463851443931645, 51.567365998125723 ], [ -0.463846195131102, 51.567365174984971 ], [ -0.463843542506535, 51.567364637605401 ], [ -0.463843635086314, 51.567355468682777 ], [ -0.46384580513731, 51.567355554637174 ], [ -0.463851950613196, 51.567356486629542 ], [ -0.463858121445345, 51.567357650949447 ], [ -0.463865946057875, 51.567358507805451 ], [ -0.463872218977015, 51.567359383016303 ], [ -0.463873641429365, 51.567359517633228 ], [ -0.463873665409301, 51.567368010977056 ] ] ] } },
{ "type": "Feature", "properties": { "_source_path": "C:\\Uni\\HS2\\HS2_ADS_GIS\\2025-11-24_HIS_HSTWO_CH_HERDS_Feature_Ply\\2025-11-24_HIS_HSTWO_CH_HERDS_Feature_Ply.shp", "_source_layer": "", "box_id": "box_05", "section": "HS2 Phase 1", "HS2_AssetI": null, "HS2_AssetN": null, "HS2_Suitab": "SC7", "HS2_Phase": "R1", "HS2_DocNum": "1EW02-CSJ-GI-GDD-S002-000019", "HS2_DocRev": "C02", "HS2_RevDat": "2021-07-05T00:00:00", "HS2_Layer": "HIS_CSJ_1EW02_CH_HERDS_Feature_Ply", "Contract": "1EW02", "Originator": "CSJ", "CreatedAt": "2021-03-11T00:00:00", "LastEdited": "2021-06-29T00:00:00", "HS2_SupDoc": null, "FeatID": "1S19SSPTT_FTR_000010", "WSIIntID": "1S19SSPTT_INT000007", "MonType": "DRAIN", "MonDesc": "7005", "Period": "UNKNOWN", "PeriodPhas": 0, "PeriodSubP": "N/A", "PhaseDesc": null, "BuildMater": "CLAY", "ArchScienc": "N/A", "Evidence": "EXCAVATED FEATURE", "MaxLength": 0.0 }, "geometry": { "type": "Polygon", "coordinates": [ [ [ -0.463873587232805, 51.567363908661065 ], [ -0.463872564222724, 51.567363866495867 ], [ -0.463857597396407, 51.567361213050866 ], [ -0.46384606936306, 51.567358760179395 ], [ -0.463843631909651, 51.567358302948314 ], [ -0.463843660933829, 51.567356542676791 ], [ -0.463845828379805, 51.567356705929072 ], [ -0.463856601336358, 51.56735853026116 ], [ -0.463872376772422, 51.567362064724882 ], [ -0.463873520239419, 51.567362214573443 ], [ -0.463873587232805, 51.567363908661065 ] ] ] } },
{ "type": "Feature", "properties": { "_source_path": "C:\\Uni\\HS2\\HS2_ADS_GIS\\2025-11-24_HIS_HSTWO_CH_HERDS_Feature_Ply\\2025-11-24_HIS_HSTWO_CH_HERDS_Feature_Ply.shp", "_source_layer": "", "box_id": "box_05", "section": "HS2 Phase 1", "HS2_AssetI": null, "HS2_AssetN": null, "HS2_Suitab": "SC7", "HS2_Phase": "R1", "HS2_DocNum": "1EW02-CSJ-GI-GDD-S002-000019", "HS2_DocRev": "C02", "HS2_RevDat": "2021-07-05T00:00:00", "HS2_Layer": "HIS_CSJ_1EW02_CH_HERDS_Feature_Ply", "Contract": "1EW02", "Originator": "CSJ", "CreatedAt": "2021-03-11T00:00:00", "LastEdited": "2021-06-29T00:00:00", "HS2_SupDoc": null, "FeatID": "1S19SSPTT_FTR_000011", "WSIIntID": "1S19SSPTT_INT000021", "MonType": "POST HOLE", "MonDesc": "7007", "Period": "UNKNOWN", "PeriodPhas": 0, "PeriodSubP": "N/A", "PhaseDesc": null, "BuildMater": "CLAY", "ArchScienc": "N/A", "Evidence": "EXCAVATED FEATURE", "MaxLength": 3.3 }, "geometry": { "type": "Polygon", "coordinates": [ [ [ -0.463853547499382, 51.567398025814612 ], [ -0.463852675319648, 51.567397661009061 ], [ -0.463852566778936, 51.567397156930426 ], [ -0.463852993562982, 51.567396480916315 ], [ -0.463853442687411, 51.567396297961217 ], [ -0.463854388422071, 51.567396107119137 ], [ -0.463855408343121, 51.567396240963376 ], [ -0.463855897622848, 51.567396450589023 ], [ -0.463856051841914, 51.567396926490865 ], [ -0.463856044563792, 51.567397613391371 ], [ -0.463855318939375, 51.567397951887259 ], [ -0.463854136896728, 51.567398004754828 ], [ -0.463853547499382, 51.567398025814612 ] ] ] } },
{ "type": "Feature", "properties": { "_source_path": "C:\\Uni\\HS2\\HS2_ADS_GIS\\2025-11-24_HIS_HSTWO_CH_HERDS_Feature_Ply\\2025-11-24_HIS_HSTWO_CH_HERDS_Feature_Ply.shp", "_source_layer": "", "box_id": "box_05", "section": "HS2 Phase 1", "HS2_AssetI": null, "HS2_AssetN": null, "HS2_Suitab": "SC7", "HS2_Phase": "R1", "HS2_DocNum": "1EW02-CSJ-GI-GDD-S002-000019", "HS2_DocRev": "C02", "HS2_RevDat": "2021-07-05T00:00:00", "HS2_Layer": "HIS_CSJ_1EW02_CH_HERDS_Feature_Ply", "Contract": "1EW02", "Originator": "CSJ", "CreatedAt": "2021-03-11T00:00:00", "LastEdited": "2021-06-29T00:00:00", "HS2_SupDoc": null, "FeatID": "1S19SSPTT_FTR_000012", "WSIIntID": "1S19SSPTT_INT000023", "MonType": "GULLY", "MonDesc": "9003", "Period": "UNKNOWN", "PeriodPhas": 0, "PeriodSubP": "N/A", "PhaseDesc": null, "BuildMater": "CLAY", "ArchScienc": "N/A", "Evidence": "EXCAVATED FEATURE", "MaxLength": 2.1 }, "geometry": { "type": "Polygon", "coordinates": [ [ [ -0.462801885530468, 51.56830397278987 ], [ -0.462799974075319, 51.568304517851502 ], [ -0.46279492330272, 51.568306077464541 ], [ -0.462779791929554, 51.568310135223186 ], [ -0.462773350575083, 51.56831241127454 ], [ -0.462771818708198, 51.568312739203151 ], [ -0.462771921744582, 51.568309684141134 ], [ -0.462773605494594, 51.568309473300758 ], [ -0.462778300943074, 51.568307368609759 ], [ -0.462793415370298, 51.56830381328718 ], [ -0.462800154798579, 51.568300998915966 ], [ -0.462801871673886, 51.568300233697073 ], [ -0.462801885530468, 51.56830397278987 ] ] ] } },
{ "type": "Feature", "properties": { "_source_path": "C:\\Uni\\HS2\\HS2_ADS_GIS\\2025-11-24_HIS_HSTWO_CH_HERDS_Feature_Ply\\2025-11-24_HIS_HSTWO_CH_HERDS_Feature_Ply.shp", "_source_layer": "", "box_id": "box_05", "section": "HS2 Phase 1", "HS2_AssetI": null, "HS2_AssetN": null, "HS2_Suitab": "SC7", "HS2_Phase": "R1", "HS2_DocNum": "1EW02-CSJ-GI-GDD-S002-000019", "HS2_DocRev": "C02", "HS2_RevDat": "2021-07-05T00:00:00", "HS2_Layer": "HIS_CSJ_1EW02_CH_HERDS_Feature_Ply", "Contract": "1EW02", "Originator": "CSJ", "CreatedAt": "2021-03-11T00:00:00", "LastEdited": "2021-06-29T00:00:00", "HS2_SupDoc": null, "FeatID": "1S19SSPTT_FTR_000013", "WSIIntID": "1S19SSPTT_INT000013", "MonType": "HEDGE", "MonDesc": "13003", "Period": "UNKNOWN", "PeriodPhas": 0, "PeriodSubP": "N/A", "PhaseDesc": null, "BuildMater": "CLAY", "ArchScienc": "N/A", "Evidence": "EXCAVATED FEATURE", "MaxLength": 0.8 }, "geometry": { "type": "Polygon", "coordinates": [ [ [ -0.46231416546934, 51.568326424681864 ], [ -0.462297483644476, 51.568325799664485 ], [ -0.462297475553655, 51.568325141337404 ], [ -0.46229655749696, 51.56832288578169 ], [ -0.462294152101354, 51.568319680955639 ], [ -0.462290843623921, 51.568314674870564 ], [ -0.462288240202415, 51.568308101709981 ], [ -0.462288075681269, 51.568307461115815 ], [ -0.462306338347254, 51.568308145513662 ], [ -0.462307385884241, 51.568309300335464 ], [ -0.462310864627342, 51.568311996784324 ], [ -0.462312761516818, 51.568315561824647 ], [ -0.462314625584119, 51.568320142541197 ], [ -0.46231424771155, 51.568325825986967 ], [ -0.46231416546934, 51.568326424681864 ] ] ] } },
{ "type": "Feature", "properties": { "_source_path": "C:\\Uni\\HS2\\HS2_ADS_GIS\\2025-11-24_HIS_HSTWO_CH_HERDS_Feature_Ply\\2025-11-24_HIS_HSTWO_CH_HERDS_Feature_Ply.shp", "_source_layer": "", "box_id": "box_05", "section": "HS2 Phase 1", "HS2_AssetI": null, "HS2_AssetN": null, "HS2_Suitab": "SC7", "HS2_Phase": "R1", "HS2_DocNum": "1EW02-CSJ-GI-GDD-S002-000019", "HS2_DocRev": "C02", "HS2_RevDat": "2021-07-05T00:00:00", "HS2_Layer": "HIS_CSJ_1EW02_CH_HERDS_Feature_Ply", "Contract": "1EW02", "Originator": "CSJ", "CreatedAt": "2021-03-11T00:00:00", "LastEdited": "2021-06-29T00:00:00", "HS2_SupDoc": null, "FeatID": "1S19SSPTT_FTR_000014", "WSIIntID": "1S19SSPTT_INT000102", "MonType": "HEDGE", "MonDesc": "14003", "Period": "UNKNOWN", "PeriodPhas": 0, "PeriodSubP": "N/A", "PhaseDesc": null, "BuildMater": "CLAY", "ArchScienc": "N/A", "Evidence": "EXCAVATED FEATURE", "MaxLength": 2.2 }, "geometry": { "type": "Polygon", "coordinates": [ [ [ -0.462302150550846, 51.567693352594645 ], [ -0.462293896949769, 51.567693235457995 ], [ -0.462293471152443, 51.567691101450691 ], [ -0.462292600246291, 51.567687491404179 ], [ -0.462291931600374, 51.567685199550908 ], [ -0.462291749990188, 51.567679548339058 ], [ -0.462290854910871, 51.5676748157627 ], [ -0.462290877076639, 51.567674158731215 ], [ -0.462303480229761, 51.56767416830359 ], [ -0.462303388194672, 51.56767505731478 ], [ -0.462302682289851, 51.567679429912026 ], [ -0.462302508050963, 51.567682755602291 ], [ -0.462302395828092, 51.567686082105155 ], [ -0.462302219685745, 51.567691303303498 ], [ -0.462302150550846, 51.567693352594645 ] ] ] } },
{ "type": "Feature", "properties": { "_source_path": "C:\\Uni\\HS2\\HS2_ADS_GIS\\2025-11-24_HIS_HSTWO_CH_HERDS_Feature_Ply\\2025-11-24_HIS_HSTWO_CH_HERDS_Feature_Ply.shp", "_source_layer": "", "box_id": "box_05", "section": "HS2 Phase 1", "HS2_AssetI": null, "HS2_AssetN": null, "HS2_Suitab": "SC7", "HS2_Phase": "R1", "HS2_DocNum": "1EW02-CSJ-GI-GDD-S002-000019", "HS2_DocRev": "C02", "HS2_RevDat": "2021-07-05T00:00:00", "HS2_Layer": "HIS_CSJ_1EW02_CH_HERDS_Feature_Ply", "Contract": "1EW02", "Originator": "CSJ", "CreatedAt": "2021-03-11T00:00:00", "LastEdited": "2021-06-29T00:00:00", "HS2_SupDoc": null, "FeatID": "1S19SSPTT_FTR_000015", "WSIIntID": "1S19SSPTT_INT000069", "MonType": "DITCH", "MonDesc": "18003", "Period": "POST MEDIEVAL", "PeriodPhas": 0, "PeriodSubP": "N/A", "PhaseDesc": null, "BuildMater": "CLAY", "ArchScienc": "N/A", "Evidence": "EXCAVATED FEATURE", "MaxLength": 1.8 }, "geometry": { "type": "Polygon", "coordinates": [ [ [ -0.461653194213569, 51.567601705047288 ], [ -0.461652197408727, 51.567601826862344 ], [ -0.461646411890728, 51.567602157466922 ], [ -0.461639693132403, 51.567601624286787 ], [ -0.461632686862466, 51.567601358898663 ], [ -0.461626318024621, 51.567601487626661 ], [ -0.46162507559679, 51.567601491122971 ], [ -0.461625247000841, 51.567599191394038 ], [ -0.461626301271269, 51.567599205213888 ], [ -0.461634993985766, 51.567599222046951 ], [ -0.461640093659531, 51.567598050684097 ], [ -0.461643192610175, 51.567596350436958 ], [ -0.461648880214166, 51.567595244329873 ], [ -0.461652641509833, 51.567596919404195 ], [ -0.461653478141267, 51.567596969036963 ], [ -0.461653194213569, 51.567601705047288 ] ] ] } },
{ "type": "Feature", "properties": { "_source_path": "C:\\Uni\\HS2\\HS2_ADS_GIS\\2025-11-24_HIS_HSTWO_CH_HERDS_Feature_Ply\\2025-11-24_HIS_HSTWO_CH_HERDS_Feature_Ply.shp", "_source_layer": "", "box_id": "box_05", "section": "HS2 Phase 1", "HS2_AssetI": null, "HS2_AssetN": null, "HS2_Suitab": "SC7", "HS2_Phase": "R1", "HS2_DocNum": "1EW02-CSJ-GI-GDD-S002-000019", "HS2_DocRev": "C02", "HS2_RevDat": "2021-07-05T00:00:00", "HS2_Layer": "HIS_CSJ_1EW02_CH_HERDS_Feature_Ply", "Contract": "1EW02", "Originator": "CSJ", "CreatedAt": "2021-03-11T00:00:00", "LastEdited": "2021-06-29T00:00:00", "HS2_SupDoc": null, "FeatID": "1S19SSPTT_FTR_000016", "WSIIntID": "1S19SSPTT_INT000074", "MonType": "DITCH", "MonDesc": "23003", "Period": "ROMAN", "PeriodPhas": 0, "PeriodSubP": "N/A", "PhaseDesc": null, "BuildMater": "CLAY", "ArchScienc": "N/A", "Evidence": "EXCAVATED FEATURE", "MaxLength": 0.0 }, "geometry": { "type": "Polygon", "coordinates": [ [ [ -0.46089582499418, 51.568127380776197 ], [ -0.460896890762114, 51.568127994525931 ], [ -0.460904038009059, 51.568136949067259 ], [ -0.460903930044469, 51.568137411643335 ], [ -0.460902551381286, 51.56813871450121 ], [ -0.460901038686268, 51.568139371767444 ], [ -0.460899698082427, 51.568139547515976 ], [ -0.460897919977544, 51.568139775076261 ], [ -0.460894925001177, 51.568139291588928 ], [ -0.460892822584177, 51.568138141803317 ], [ -0.460890471055871, 51.568136079650081 ], [ -0.460885844265575, 51.56813149145249 ], [ -0.460881652700835, 51.568126918853871 ], [ -0.460880816458142, 51.568125960120177 ], [ -0.460894557290031, 51.568126294990897 ], [ -0.460895672023802, 51.568127296042803 ], [ -0.46089582499418, 51.568127380776197 ] ] ] } },
{ "type": "Feature", "properties": { "_source_path": "C:\\Uni\\HS2\\HS2_ADS_GIS\\2025-11-24_HIS_HSTWO_CH_HERDS_Feature_Ply\\2025-11-24_HIS_HSTWO_CH_HERDS_Feature_Ply.shp", "_source_layer": "", "box_id": "box_05", "section": "HS2 Phase 1", "HS2_AssetI": null, "HS2_AssetN": null, "HS2_Suitab": "SC7", "HS2_Phase": "R1", "HS2_DocNum": "1EW02-CSJ-GI-GDD-S002-000019", "HS2_DocRev": "C02", "HS2_RevDat": "2021-07-05T00:00:00", "HS2_Layer": "HIS_CSJ_1EW02_CH_HERDS_Feature_Ply", "Contract": "1EW02", "Originator": "CSJ", "CreatedAt": "2021-03-11T00:00:00", "LastEdited": "2021-06-29T00:00:00", "HS2_SupDoc": null, "FeatID": "1S19SSPTT_FTR_000017", "WSIIntID": "1S19SSPTT_INT000074", "MonType": "PIT", "MonDesc": "23005", "Period": "ROMAN", "PeriodPhas": 0, "PeriodSubP": "N/A", "PhaseDesc": null, "BuildMater": "CLAY", "ArchScienc": "N/A", "Evidence": "EXCAVATED FEATURE", "MaxLength": 1.0 }, "geometry": { "type": "Polygon", "coordinates": [ [ [ -0.46089587305738, 51.568130529538202 ], [ -0.46089545460199, 51.568130060058337 ], [ -0.460896893554361, 51.568127911835276 ], [ -0.460899758201037, 51.568127640076 ], [ -0.460902382351761, 51.568128080933199 ], [ -0.460904771757448, 51.568129021369778 ], [ -0.460907025354105, 51.568130308918406 ], [ -0.460908416636623, 51.568131409812359 ], [ -0.460909195641774, 51.568133166293045 ], [ -0.46090809525485, 51.56813541517176 ], [ -0.460906811687885, 51.568136636549575 ], [ -0.460904595658451, 51.568137013929977 ], [ -0.46090400577946, 51.568137006193979 ], [ -0.46090218470356, 51.568136711649366 ], [ -0.460900068430898, 51.568135929458791 ], [ -0.460898495441311, 51.568133800183915 ], [ -0.46089587305738, 51.568130529538202 ] ] ] } },
{ "type": "Feature", "properties": { "_source_path": "C:\\Uni\\HS2\\HS2_ADS_GIS\\2025-11-24_HIS_HSTWO_CH_HERDS_Feature_Ply\\2025-11-24_HIS_HSTWO_CH_HERDS_Feature_Ply.shp", "_source_layer": "", "box_id": "box_05", "section": "HS2 Phase 1", "HS2_AssetI": null, "HS2_AssetN": null, "HS2_Suitab": "SC7", "HS2_Phase": "R1", "HS2_DocNum": "1EW02-CSJ-GI-GDD-S002-000019", "HS2_DocRev": "C02", "HS2_RevDat": "2021-07-05T00:00:00", "HS2_Layer": "HIS_CSJ_1EW02_CH_HERDS_Feature_Ply", "Contract": "1EW02", "Originator": "CSJ", "CreatedAt": "2021-03-11T00:00:00", "LastEdited": "2021-06-29T00:00:00", "HS2_SupDoc": null, "FeatID": "1S19SSPTT_FTR_000018", "WSIIntID": "1S19SSPTT_INT000074", "MonType": "PIT", "MonDesc": "23009", "Period": "ROMAN", "PeriodPhas": 0, "PeriodSubP": "N/A", "PhaseDesc": null, "BuildMater": "CLAY", "ArchScienc": "N/A", "Evidence": "EXCAVATED FEATURE", "MaxLength": 0.43 }, "geometry": { "type": "Polygon", "coordinates": [ [ [ -0.46089075939488, 51.5681357875917 ], [ -0.460889049271215, 51.568135882061206 ], [ -0.460887650566068, 51.568135941049633 ], [ -0.460886019348595, 51.568135493431491 ], [ -0.460885727296701, 51.568134058060167 ], [ -0.460885770394742, 51.568132781748218 ], [ -0.460886362506713, 51.568131783298419 ], [ -0.46089075939488, 51.5681357875917 ] ] ] } },
{ "type": "Feature", "properties": { "_source_path": "C:\\Uni\\HS2\\HS2_ADS_GIS\\2025-11-24_HIS_HSTWO_CH_HERDS_Feature_Ply\\2025-11-24_HIS_HSTWO_CH_HERDS_Feature_Ply.shp", "_source_layer": "", "box_id": "box_05", "section": "HS2 Phase 1", "HS2_AssetI": null, "HS2_AssetN": null, "HS2_Suitab": "SC7", "HS2_Phase": "R1", "HS2_DocNum": "1EW02-CSJ-GI-GDD-S002-000019", "HS2_DocRev": "C02", "HS2_RevDat": "2021-07-05T00:00:00", "HS2_Layer": "HIS_CSJ_1EW02_CH_HERDS_Feature_Ply", "Contract": "1EW02", "Originator": "CSJ", "CreatedAt": "2021-03-11T00:00:00", "LastEdited": "2021-06-29T00:00:00", "HS2_SupDoc": null, "FeatID": "1S19SSPTT_FTR_000019", "WSIIntID": "1S19SSPTT_INT000074", "MonType": "DITCH", "MonDesc": "23011", "Period": "UNKNOWN", "PeriodPhas": 0, "PeriodSubP": "N/A", "PhaseDesc": null, "BuildMater": "CLAY", "ArchScienc": "N/A", "Evidence": "EXCAVATED FEATURE", "MaxLength": 1.8 }, "geometry": { "type": "Polygon", "coordinates": [ [ [ -0.460788452451461, 51.568142726644496 ], [ -0.460773616330339, 51.568142609391934 ], [ -0.460773538008642, 51.568141254155499 ], [ -0.460773249550615, 51.568135097982235 ], [ -0.460773046552787, 51.568131922909416 ], [ -0.460773837205755, 51.56812504533621 ], [ -0.460773815679964, 51.568123845508673 ], [ -0.460787341478363, 51.568124138905688 ], [ -0.460787634497257, 51.568131997341908 ], [ -0.460787932755006, 51.56813602611448 ], [ -0.460788181416548, 51.568141523544533 ], [ -0.460788452451461, 51.568142726644496 ] ] ] } },
{ "type": "Feature", "properties": { "_source_path": "C:\\Uni\\HS2\\HS2_ADS_GIS\\2025-11-24_HIS_HSTWO_CH_HERDS_Feature_Ply\\2025-11-24_HIS_HSTWO_CH_HERDS_Feature_Ply.shp", "_source_layer": "", "box_id": "box_05", "section": "HS2 Phase 1", "HS2_AssetI": null, "HS2_AssetN": null, "HS2_Suitab": "SC7", "HS2_Phase": "R1", "HS2_DocNum": "1EW02-CSJ-GI-GDD-S002-000019", "HS2_DocRev": "C02", "HS2_RevDat": "2021-07-05T00:00:00", "HS2_Layer": "HIS_CSJ_1EW02_CH_HERDS_Feature_Ply", "Contract": "1EW02", "Originator": "CSJ", "CreatedAt": "2021-03-11T00:00:00", "LastEdited": "2021-06-29T00:00:00", "HS2_SupDoc": null, "FeatID": "1S19SSPTT_FTR_000020", "WSIIntID": "1S19SSPTT_INT000074", "MonType": "POST HOLE", "MonDesc": "23007", "Period": "UNKNOWN", "PeriodPhas": 0, "PeriodSubP": "N/A", "PhaseDesc": null, "BuildMater": "CLAY", "ArchScienc": "N/A", "Evidence": "EXCAVATED FEATURE", "MaxLength": 0.24 }, "geometry": { "type": "Polygon", "coordinates": [ [ [ -0.460572765345901, 51.568130514345768 ], [ -0.46057150834444, 51.568130478973799 ], [ -0.460571007123638, 51.568130153179794 ], [ -0.460570641714538, 51.56812948027406 ], [ -0.460570865182464, 51.568128844766761 ], [ -0.460571922345609, 51.568128346084677 ], [ -0.460573193101627, 51.568128401419663 ], [ -0.460573859923612, 51.568128865166514 ], [ -0.460574000022086, 51.568129330996236 ], [ -0.460574061905325, 51.568129805691299 ], [ -0.460573611320215, 51.568130244889417 ], [ -0.460572765345901, 51.568130514345768 ] ] ] } },
{ "type": "Feature", "properties": { "_source_path": "C:\\Uni\\HS2\\HS2_ADS_GIS\\2025-11-24_HIS_HSTWO_CH_HERDS_Feature_Ply\\2025-11-24_HIS_HSTWO_CH_HERDS_Feature_Ply.shp", "_source_layer": "", "box_id": "box_05", "section": "HS2 Phase 1", "HS2_AssetI": null, "HS2_AssetN": null, "HS2_Suitab": "SC7", "HS2_Phase": "R1", "HS2_DocNum": "1EW02-CSJ-GI-GDD-S002-000019", "HS2_DocRev": "C02", "HS2_RevDat": "2021-07-05T00:00:00", "HS2_Layer": "HIS_CSJ_1EW02_CH_HERDS_Feature_Ply", "Contract": "1EW02", "Originator": "CSJ", "CreatedAt": "2021-03-11T00:00:00", "LastEdited": "2021-06-29T00:00:00", "HS2_SupDoc": null, "FeatID": "1S19SSPTT_FTR_000021", "WSIIntID": "1S19SSPTT_INT000077", "MonType": "POST HOLE", "MonDesc": "26003", "Period": "UNKNOWN", "PeriodPhas": 0, "PeriodSubP": "N/A", "PhaseDesc": null, "BuildMater": "CLAY", "ArchScienc": "N/A", "Evidence": "EXCAVATED FEATURE", "MaxLength": 0.21 }, "geometry": { "type": "Polygon", "coordinates": [ [ [ -0.459678033891475, 51.567689660878003 ], [ -0.459677158697522, 51.567689813047181 ], [ -0.45967625971676, 51.567689772473287 ], [ -0.459675391969842, 51.567689277309377 ], [ -0.459675093787372, 51.567688451518279 ], [ -0.459675216989946, 51.567688008026614 ], [ -0.459676362035265, 51.56768768405346 ], [ -0.459677526418112, 51.567687641786634 ], [ -0.459678801604456, 51.567688035292292 ], [ -0.45967909286707, 51.567688638887816 ], [ -0.459678865136654, 51.567689400226897 ], [ -0.459678033891475, 51.567689660878003 ] ] ] } },
{ "type": "Feature", "properties": { "_source_path": "C:\\Uni\\HS2\\HS2_ADS_GIS\\2025-11-24_HIS_HSTWO_CH_HERDS_Feature_Ply\\2025-11-24_HIS_HSTWO_CH_HERDS_Feature_Ply.shp", "_source_layer": "", "box_id": "box_05", "section": "HS2 Phase 1", "HS2_AssetI": null, "HS2_AssetN": null, "HS2_Suitab": "SC7", "HS2_Phase": "R1", "HS2_DocNum": "1EW02-CSJ-GI-GDD-S002-000019", "HS2_DocRev": "C02", "HS2_RevDat": "2021-07-05T00:00:00", "HS2_Layer": "HIS_CSJ_1EW02_CH_HERDS_Feature_Ply", "Contract": "1EW02", "Originator": "CSJ", "CreatedAt": "2021-03-11T00:00:00", "LastEdited": "2021-06-29T00:00:00", "HS2_SupDoc": null, "FeatID": "1S19SSPTT_FTR_000022", "WSIIntID": "1S19SSPTT_INT000075", "MonType": "DITCH", "MonDesc": "24010", "Period": "UNKNOWN", "PeriodPhas": 0, "PeriodSubP": "N/A", "PhaseDesc": null, "BuildMater": "CLAY", "ArchScienc": "N/A", "Evidence": "EXCAVATED FEATURE", "MaxLength": 1.8 }, "geometry": { "type": "Polygon", "coordinates": [ [ [ -0.460524805398689, 51.567816049480122 ], [ -0.460521614624047, 51.567815852960059 ], [ -0.460513724969187, 51.567815981460555 ], [ -0.460506414978608, 51.567817317109821 ], [ -0.460500730598897, 51.567818326089444 ], [ -0.460495714847582, 51.567817950964574 ], [ -0.460492983388361, 51.567817953799114 ], [ -0.460492749689677, 51.567810134805661 ], [ -0.460496230700794, 51.567810025805805 ], [ -0.460501285780214, 51.567809279233281 ], [ -0.460505570390577, 51.567809258106799 ], [ -0.460513032954037, 51.567810710209621 ], [ -0.460522042951905, 51.567810519073667 ], [ -0.460524895832278, 51.567810595163238 ], [ -0.460524805398689, 51.567816049480122 ] ] ] } },
{ "type": "Feature", "properties": { "_source_path": "C:\\Uni\\HS2\\HS2_ADS_GIS\\2025-11-24_HIS_HSTWO_CH_HERDS_Feature_Ply\\2025-11-24_HIS_HSTWO_CH_HERDS_Feature_Ply.shp", "_source_layer": "", "box_id": "box_05", "section": "HS2 Phase 1", "HS2_AssetI": null, "HS2_AssetN": null, "HS2_Suitab": "SC7", "HS2_Phase": "R1", "HS2_DocNum": "1EW02-CSJ-GI-GDD-S002-000019", "HS2_DocRev": "C02", "HS2_RevDat": "2021-07-05T00:00:00", "HS2_Layer": "HIS_CSJ_1EW02_CH_HERDS_Feature_Ply", "Contract": "1EW02", "Originator": "CSJ", "CreatedAt": "2021-03-11T00:00:00", "LastEdited": "2021-06-29T00:00:00", "HS2_SupDoc": null, "FeatID": "1S19SSPTT_FTR_000023", "WSIIntID": "1S19SSPTT_INT000075", "MonType": "DITCH", "MonDesc": "24008", "Period": "UNKNOWN", "PeriodPhas": 0, "PeriodSubP": "N/A", "PhaseDesc": null, "BuildMater": "CLAY", "ArchScienc": "N/A", "Evidence": "EXCAVATED FEATURE", "MaxLength": 1.8 }, "geometry": { "type": "Polygon", "coordinates": [ [ [ -0.460524611137491, 51.567836496750999 ], [ -0.460522189758136, 51.567836503653744 ], [ -0.460513926697127, 51.567836665922009 ], [ -0.460505965854365, 51.567837065049396 ], [ -0.460501179753391, 51.567837195595352 ], [ -0.460495827811045, 51.567837589380396 ], [ -0.460493281093837, 51.567837633304393 ], [ -0.460493169418318, 51.567831712344216 ], [ -0.460495968252985, 51.567831594395514 ], [ -0.460500617130228, 51.5678318100437 ], [ -0.460505779274312, 51.567831567533446 ], [ -0.460514768223003, 51.567831957011165 ], [ -0.460522267508218, 51.567832364713809 ], [ -0.460524874935938, 51.567832360251586 ], [ -0.460524611137491, 51.567836496750999 ] ] ] } },
{ "type": "Feature", "properties": { "_source_path": "C:\\Uni\\HS2\\HS2_ADS_GIS\\2025-11-24_HIS_HSTWO_CH_HERDS_Feature_Ply\\2025-11-24_HIS_HSTWO_CH_HERDS_Feature_Ply.shp", "_source_layer": "", "box_id": "box_05", "section": "HS2 Phase 1", "HS2_AssetI": null, "HS2_AssetN": null, "HS2_Suitab": "SC7", "HS2_Phase": "R1", "HS2_DocNum": "1EW02-CSJ-GI-GDD-S002-000019", "HS2_DocRev": "C02", "HS2_RevDat": "2021-07-05T00:00:00", "HS2_Layer": "HIS_CSJ_1EW02_CH_HERDS_Feature_Ply", "Contract": "1EW02", "Originator": "CSJ", "CreatedAt": "2021-03-11T00:00:00", "LastEdited": "2021-06-29T00:00:00", "HS2_SupDoc": null, "FeatID": "1S19SSPTT_FTR_000024", "WSIIntID": "1S19SSPTT_INT000075", "MonType": "DITCH", "MonDesc": "24006", "Period": "UNKNOWN", "PeriodPhas": 0, "PeriodSubP": "N/A", "PhaseDesc": null, "BuildMater": "CLAY", "ArchScienc": "N/A", "Evidence": "EXCAVATED FEATURE", "MaxLength": 1.4 }, "geometry": { "type": "Polygon", "coordinates": [ [ [ -0.460493347335478, 51.567855878231939 ], [ -0.460495749473798, 51.567857380849873 ], [ -0.460500586036304, 51.567862164245973 ], [ -0.460503219502628, 51.567865062773606 ], [ -0.460504655449173, 51.567866677706924 ], [ -0.460504673051722, 51.567867993481109 ], [ -0.460504945246198, 51.567869119265026 ], [ -0.460504501589856, 51.567870293207825 ], [ -0.460502902484398, 51.56787077488881 ], [ -0.460501501145846, 51.567870912069239 ], [ -0.460500269852227, 51.567870585689882 ], [ -0.460498374392671, 51.567868819955883 ], [ -0.46049571897254, 51.567865631594749 ], [ -0.46049334401482, 51.567862427130116 ], [ -0.460493347335478, 51.567855878231939 ] ] ] } },
{ "type": "Feature", "properties": { "_source_path": "C:\\Uni\\HS2\\HS2_ADS_GIS\\2025-11-24_HIS_HSTWO_CH_HERDS_Feature_Ply\\2025-11-24_HIS_HSTWO_CH_HERDS_Feature_Ply.shp", "_source_layer": "", "box_id": "box_05", "section": "HS2 Phase 1", "HS2_AssetI": null, "HS2_AssetN": null, "HS2_Suitab": "SC7", "HS2_Phase": "R1", "HS2_DocNum": "1EW02-CSJ-GI-GDD-S002-000019", "HS2_DocRev": "C02", "HS2_RevDat": "2021-07-05T00:00:00", "HS2_Layer": "HIS_CSJ_1EW02_CH_HERDS_Feature_Ply", "Contract": "1EW02", "Originator": "CSJ", "CreatedAt": "2021-03-11T00:00:00", "LastEdited": "2021-06-29T00:00:00", "HS2_SupDoc": null, "FeatID": "1S19SSPTT_FTR_000025", "WSIIntID": "1S19SSPTT_INT000075", "MonType": "DITCH", "MonDesc": "24003", "Period": "MEDIEVAL", "PeriodPhas": 0, "PeriodSubP": "N/A", "PhaseDesc": null, "BuildMater": "CLAY", "ArchScienc": "N/A", "Evidence": "EXCAVATED FEATURE", "MaxLength": 1.8 }, "geometry": { "type": "Polygon", "coordinates": [ [ [ -0.460493634511255, 51.567917221564912 ], [ -0.460493723998515, 51.567910001188565 ], [ -0.460495122697145, 51.567909942204778 ], [ -0.460502914706549, 51.567909928422552 ], [ -0.4605081571209, 51.567909146540345 ], [ -0.460512878232743, 51.567908163590296 ], [ -0.460516553663534, 51.567907766695576 ], [ -0.460521254896267, 51.56790831214029 ], [ -0.460524602607754, 51.567908433386975 ], [ -0.460524510651498, 51.567915769728941 ], [ -0.460521517292998, 51.567916136006019 ], [ -0.460517011985453, 51.567917180235924 ], [ -0.46051323889216, 51.567917691847541 ], [ -0.460503319514765, 51.567917252397677 ], [ -0.46049539617012, 51.567917438004471 ], [ -0.460493634511255, 51.567917221564912 ] ] ] } },
{ "type": "Feature", "properties": { "_source_path": "C:\\Uni\\HS2\\HS2_ADS_GIS\\2025-11-24_HIS_HSTWO_CH_HERDS_Feature_Ply\\2025-11-24_HIS_HSTWO_CH_HERDS_Feature_Ply.shp", "_source_layer": "", "box_id": "box_05", "section": "HS2 Phase 1", "HS2_AssetI": null, "HS2_AssetN": null, "HS2_Suitab": "SC7", "HS2_Phase": "R1", "HS2_DocNum": "1EW02-CSJ-GI-GDD-S002-000019", "HS2_DocRev": "C02", "HS2_RevDat": "2021-07-05T00:00:00", "HS2_Layer": "HIS_CSJ_1EW02_CH_HERDS_Feature_Ply", "Contract": "1EW02", "Originator": "CSJ", "CreatedAt": "2021-03-11T00:00:00", "LastEdited": "2021-06-29T00:00:00", "HS2_SupDoc": null, "FeatID": "1S19SSPTT_FTR_000026", "WSIIntID": "1S19SSPTT_INT000076", "MonType": "GULLY", "MonDesc": "25005", "Period": "UNKNOWN", "PeriodPhas": 0, "PeriodSubP": "N/A", "PhaseDesc": null, "BuildMater": "CLAY", "ArchScienc": "N/A", "Evidence": "EXCAVATED FEATURE", "MaxLength": 1.8 }, "geometry": { "type": "Polygon", "coordinates": [ [ [ -0.459867848049965, 51.567941044219808 ], [ -0.459866017847362, 51.56794102020131 ], [ -0.45985942723263, 51.567941262820369 ], [ -0.459845091784785, 51.567940165587885 ], [ -0.459838730064171, 51.567940082099021 ], [ -0.459836343552605, 51.567939953664656 ], [ -0.459838950223137, 51.567935402804949 ], [ -0.459841618503134, 51.567935476488508 ], [ -0.45984580154384, 51.567935686049104 ], [ -0.459852913321197, 51.567935605833561 ], [ -0.459860735119825, 51.567935650034308 ], [ -0.459869262323454, 51.567935955270499 ], [ -0.459870749545392, 51.567936052119883 ], [ -0.459867848049965, 51.567941044219808 ] ] ] } },
{ "type": "Feature", "properties": { "_source_path": "C:\\Uni\\HS2\\HS2_ADS_GIS\\2025-11-24_HIS_HSTWO_CH_HERDS_Feature_Ply\\2025-11-24_HIS_HSTWO_CH_HERDS_Feature_Ply.shp", "_source_layer": "", "box_id": "box_05", "section": "HS2 Phase 1", "HS2_AssetI": null, "HS2_AssetN": null, "HS2_Suitab": "SC7", "HS2_Phase": "R1", "HS2_DocNum": "1EW02-CSJ-GI-GDD-S002-000019", "HS2_DocRev": "C02", "HS2_RevDat": "2021-07-05T00:00:00", "HS2_Layer": "HIS_CSJ_1EW02_CH_HERDS_Feature_Ply", "Contract": "1EW02", "Originator": "CSJ", "CreatedAt": "2021-03-11T00:00:00", "LastEdited": "2021-06-29T00:00:00", "HS2_SupDoc": null, "FeatID": "1S19SSPTT_FTR_000027", "WSIIntID": "1S19SSPTT_INT000076", "MonType": "GULLY", "MonDesc": "25007", "Period": "UNKNOWN", "PeriodPhas": 0, "PeriodSubP": "N/A", "PhaseDesc": null, "BuildMater": "CLAY", "ArchScienc": "N/A", "Evidence": "EXCAVATED FEATURE", "MaxLength": 2.1 }, "geometry": { "type": "Polygon", "coordinates": [ [ [ -0.459770785527358, 51.568103300610268 ], [ -0.459767318713348, 51.568109436276337 ], [ -0.459766152047366, 51.568109033405484 ], [ -0.459765004500061, 51.568102556626101 ], [ -0.459762033759851, 51.568093115503942 ], [ -0.459761618019548, 51.568087015206409 ], [ -0.459761935466837, 51.568081293207271 ], [ -0.459759612953145, 51.568072865908583 ], [ -0.45975925364606, 51.568070646440191 ], [ -0.4597624690262, 51.568065503798444 ], [ -0.459763217881058, 51.568067254496015 ], [ -0.459764288908301, 51.5680741169312 ], [ -0.459764410775958, 51.56808340556524 ], [ -0.459767745110857, 51.568093103237892 ], [ -0.459770785527358, 51.568103300610268 ] ] ] } },
{ "type": "Feature", "properties": { "_source_path": "C:\\Uni\\HS2\\HS2_ADS_GIS\\2025-11-24_HIS_HSTWO_CH_HERDS_Feature_Ply\\2025-11-24_HIS_HSTWO_CH_HERDS_Feature_Ply.shp", "_source_layer": "", "box_id": "box_05", "section": "HS2 Phase 1", "HS2_AssetI": null, "HS2_AssetN": null, "HS2_Suitab": "SC7", "HS2_Phase": "R1", "HS2_DocNum": "1EW02-CSJ-GI-GDD-S002-000019", "HS2_DocRev": "C02", "HS2_RevDat": "2021-07-05T00:00:00", "HS2_Layer": "HIS_CSJ_1EW02_CH_HERDS_Feature_Ply", "Contract": "1EW02", "Originator": "CSJ", "CreatedAt": "2021-03-11T00:00:00", "LastEdited": "2021-06-29T00:00:00", "HS2_SupDoc": null, "FeatID": "1S19SSPTT_FTR_000028", "WSIIntID": "1S19SSPTT_INT000076", "MonType": "GULLY", "MonDesc": "25003", "Period": "BRONZE AGE", "PeriodPhas": 0, "PeriodSubP": "N/A", "PhaseDesc": null, "BuildMater": "CLAY", "ArchScienc": "N/A", "Evidence": "EXCAVATED FEATURE", "MaxLength": 2.1 }, "geometry": { "type": "Polygon", "coordinates": [ [ [ -0.459728681569238, 51.568171506067117 ], [ -0.45972517391057, 51.568166894744522 ], [ -0.459723795176256, 51.568163587341267 ], [ -0.459720362760989, 51.568154913478864 ], [ -0.459718493425315, 51.568142255951834 ], [ -0.459717468612499, 51.568139534082846 ], [ -0.45972107441718, 51.568133854343166 ], [ -0.459721656107701, 51.568136879724328 ], [ -0.459725759520656, 51.568147729487919 ], [ -0.459727471409076, 51.568154030235689 ], [ -0.459729478613269, 51.568162608060604 ], [ -0.459731629272367, 51.568166940802371 ], [ -0.459732335701919, 51.568168110953252 ], [ -0.459729438094276, 51.568172987102727 ], [ -0.459728681569238, 51.568171506067117 ] ] ] } },
{ "type": "Feature", "properties": { "_source_path": "C:\\Uni\\HS2\\HS2_ADS_GIS\\2025-11-24_HIS_HSTWO_CH_HERDS_Feature_Ply\\2025-11-24_HIS_HSTWO_CH_HERDS_Feature_Ply.shp", "_source_layer": "", "box_id": "box_05", "section": "HS2 Phase 1", "HS2_AssetI": null, "HS2_AssetN": null, "HS2_Suitab": "SC7", "HS2_Phase": "R1", "HS2_DocNum": "1EW02-CSJ-GI-GDD-S002-000019", "HS2_DocRev": "C02", "HS2_RevDat": "2021-07-05T00:00:00", "HS2_Layer": "HIS_CSJ_1EW02_CH_HERDS_Feature_Ply", "Contract": "1EW02", "Originator": "CSJ", "CreatedAt": "2021-03-11T00:00:00", "LastEdited": "2021-06-29T00:00:00", "HS2_SupDoc": null, "FeatID": "1S19SSPTT_FTR_000029", "WSIIntID": "1S19SSPTT_INT000072", "MonType": "PIT", "MonDesc": "21004", "Period": "UNKNOWN", "PeriodPhas": 0, "PeriodSubP": "N/A", "PhaseDesc": null, "BuildMater": "CLAY", "ArchScienc": "N/A", "Evidence": "EXCAVATED FEATURE", "MaxLength": 0.75 }, "geometry": { "type": "Polygon", "coordinates": [ [ [ -0.461122331716251, 51.56833218221751 ], [ -0.461120008883598, 51.568332944861488 ], [ -0.46111847827913, 51.568333235018329 ], [ -0.461117039371943, 51.568333544361728 ], [ -0.461115507748441, 51.56833292450542 ], [ -0.461114071813631, 51.568332248354452 ], [ -0.461113017144831, 51.568331305641713 ], [ -0.46111235220869, 51.568329845598889 ], [ -0.461113202294836, 51.568328599651352 ], [ -0.46111461144484, 51.568328231469209 ], [ -0.461115335829651, 51.568327930740679 ], [ -0.461115453594498, 51.568327177848374 ], [ -0.461115935768617, 51.568326700396419 ], [ -0.461116886900176, 51.56832609421236 ], [ -0.461118534483438, 51.568326057368076 ], [ -0.461119546708734, 51.568326419534237 ], [ -0.461120982643459, 51.568327095685149 ], [ -0.461123087822073, 51.56832820683676 ], [ -0.461123288215632, 51.568329622122157 ], [ -0.46112322125405, 51.568330665226021 ], [ -0.461122331716251, 51.56833218221751 ] ] ] } },
{ "type": "Feature", "properties": { "_source_path": "C:\\Uni\\HS2\\HS2_ADS_GIS\\2025-11-24_HIS_HSTWO_CH_HERDS_Feature_Ply\\2025-11-24_HIS_HSTWO_CH_HERDS_Feature_Ply.shp", "_source_layer": "", "box_id": "box_05", "section": "HS2 Phase 1", "HS2_AssetI": null, "HS2_AssetN": null, "HS2_Suitab": "SC7", "HS2_Phase": "R1", "HS2_DocNum": "1EW02-CSJ-GI-GDD-S002-000019", "HS2_DocRev": "C02", "HS2_RevDat": "2021-07-05T00:00:00", "HS2_Layer": "HIS_CSJ_1EW02_CH_HERDS_Feature_Ply", "Contract": "1EW02", "Originator": "CSJ", "CreatedAt": "2021-03-11T00:00:00", "LastEdited": "2021-06-29T00:00:00", "HS2_SupDoc": null, "FeatID": "1S19SSPTT_FTR_000030", "WSIIntID": "1S19SSPTT_INT000071", "MonType": "GULLY", "MonDesc": "20008", "Period": "UNKNOWN", "PeriodPhas": 0, "PeriodSubP": "N/A", "PhaseDesc": null, "BuildMater": "CLAY", "ArchScienc": "N/A", "Evidence": "EXCAVATED FEATURE", "MaxLength": 50.0 }, "geometry": { "type": "Polygon", "coordinates": [ [ [ -0.461061982746205, 51.568464574542396 ], [ -0.461059886259554, 51.568465940825085 ], [ -0.461052257750624, 51.568469399860859 ], [ -0.461042003628048, 51.568475195680321 ], [ -0.461029988426355, 51.568481654501724 ], [ -0.461029475294589, 51.568482151329974 ], [ -0.461021283269475, 51.568482043904062 ], [ -0.461021920435502, 51.568481548702358 ], [ -0.461038305195054, 51.568472554761314 ], [ -0.461049109307562, 51.568467008041615 ], [ -0.461052191512579, 51.568465848914293 ], [ -0.461054225814735, 51.568464444049532 ], [ -0.461061982746205, 51.568464574542396 ] ] ] } },
{ "type": "Feature", "properties": { "_source_path": "C:\\Uni\\HS2\\HS2_ADS_GIS\\2025-11-24_HIS_HSTWO_CH_HERDS_Feature_Ply\\2025-11-24_HIS_HSTWO_CH_HERDS_Feature_Ply.shp", "_source_layer": "", "box_id": "box_05", "section": "HS2 Phase 1", "HS2_AssetI": null, "HS2_AssetN": null, "HS2_Suitab": "SC7", "HS2_Phase": "R1", "HS2_DocNum": "1EW02-CSJ-GI-GDD-S002-000019", "HS2_DocRev": "C02", "HS2_RevDat": "2021-07-05T00:00:00", "HS2_Layer": "HIS_CSJ_1EW02_CH_HERDS_Feature_Ply", "Contract": "1EW02", "Originator": "CSJ", "CreatedAt": "2021-03-11T00:00:00", "LastEdited": "2021-06-29T00:00:00", "HS2_SupDoc": null, "FeatID": "1S19SSPTT_FTR_000031", "WSIIntID": "1S19SSPTT_INT000071", "MonType": "POST HOLE", "MonDesc": "20004", "Period": "UNKNOWN", "PeriodPhas": 0, "PeriodSubP": "N/A", "PhaseDesc": null, "BuildMater": "CLAY", "ArchScienc": "N/A", "Evidence": "EXCAVATED FEATURE", "MaxLength": 0.35 }, "geometry": { "type": "Polygon", "coordinates": [ [ [ -0.460783415274728, 51.568471127335052 ], [ -0.460781933921675, 51.568470856127696 ], [ -0.460781580759629, 51.5684702903892 ], [ -0.460782365830405, 51.56847003002386 ], [ -0.460783804106703, 51.56846973955966 ], [ -0.460784855786484, 51.568469830685004 ], [ -0.460786120694183, 51.568470059488313 ], [ -0.460786507528543, 51.568470568119018 ], [ -0.460786241825144, 51.568471087074734 ], [ -0.46078542318883, 51.568471444114486 ], [ -0.460784365513777, 51.568471487791903 ], [ -0.460783415274728, 51.568471127335052 ] ] ] } },
{ "type": "Feature", "properties": { "_source_path": "C:\\Uni\\HS2\\HS2_ADS_GIS\\2025-11-24_HIS_HSTWO_CH_HERDS_Feature_Ply\\2025-11-24_HIS_HSTWO_CH_HERDS_Feature_Ply.shp", "_source_layer": "", "box_id": "box_05", "section": "HS2 Phase 1", "HS2_AssetI": null, "HS2_AssetN": null, "HS2_Suitab": "SC7", "HS2_Phase": "R1", "HS2_DocNum": "1EW02-CSJ-GI-GDD-S002-000019", "HS2_DocRev": "C02", "HS2_RevDat": "2021-07-05T00:00:00", "HS2_Layer": "HIS_CSJ_1EW02_CH_HERDS_Feature_Ply", "Contract": "1EW02", "Originator": "CSJ", "CreatedAt": "2021-03-11T00:00:00", "LastEdited": "2021-06-29T00:00:00", "HS2_SupDoc": null, "FeatID": "1S19SSPTT_FTR_000032", "WSIIntID": "1S19SSPTT_INT000071", "MonType": "DITCH", "MonDesc": "20006", "Period": "UNKNOWN", "PeriodPhas": 0, "PeriodSubP": "N/A", "PhaseDesc": null, "BuildMater": "CLAY", "ArchScienc": "N/A", "Evidence": "EXCAVATED FEATURE", "MaxLength": 1.8 }, "geometry": { "type": "Polygon", "coordinates": [ [ [ -0.460743908970486, 51.568471634280407 ], [ -0.460731333040858, 51.56847081201343 ], [ -0.460731415971919, 51.568470193545977 ], [ -0.46073117384242, 51.568464502871755 ], [ -0.460730562585379, 51.568458719233526 ], [ -0.460731280098019, 51.568454007795886 ], [ -0.460731493558932, 51.568453198609681 ], [ -0.460745685979571, 51.568453964746361 ], [ -0.46074560435394, 51.568454544564943 ], [ -0.460745314436044, 51.568459454940921 ], [ -0.460744897873532, 51.56846444098786 ], [ -0.460743908970486, 51.568471634280407 ] ] ] } },
{ "type": "Feature", "properties": { "_source_path": "C:\\Uni\\HS2\\HS2_ADS_GIS\\2025-11-24_HIS_HSTWO_CH_HERDS_Feature_Ply\\2025-11-24_HIS_HSTWO_CH_HERDS_Feature_Ply.shp", "_source_layer": "", "box_id": "box_05", "section": "HS2 Phase 1", "HS2_AssetI": null, "HS2_AssetN": null, "HS2_Suitab": "SC7", "HS2_Phase": "R1", "HS2_DocNum": "1EW02-CSJ-GI-GDD-S002-000019", "HS2_DocRev": "C02", "HS2_RevDat": "2021-07-05T00:00:00", "HS2_Layer": "HIS_CSJ_1EW02_CH_HERDS_Feature_Ply", "Contract": "1EW02", "Originator": "CSJ", "CreatedAt": "2021-03-11T00:00:00", "LastEdited": "2021-06-29T00:00:00", "HS2_SupDoc": null, "FeatID": "1S19SSPTT_FTR_000034", "WSIIntID": "1S19SSPTT_INT000081", "MonType": "DITCH", "MonDesc": "5010", "Period": "ROMAN", "PeriodPhas": 0, "PeriodSubP": "N/A", "PhaseDesc": null, "BuildMater": "CLAY", "ArchScienc": "N/A", "Evidence": "EXCAVATED FEATURE", "MaxLength": 2.5 }, "geometry": { "type": "Polygon", "coordinates": [ [ [ -0.464463438461044, 51.566178333347231 ], [ -0.46445448078533, 51.566182549430195 ], [ -0.464458308229016, 51.566172152497593 ], [ -0.464461699620284, 51.566163606726384 ], [ -0.464464498462524, 51.566157917183297 ], [ -0.464472945839066, 51.566154158414619 ], [ -0.464474469610793, 51.566156809438318 ], [ -0.464469583235503, 51.566165490312976 ], [ -0.464465322206666, 51.566174024705703 ], [ -0.464463438461044, 51.566178333347231 ] ] ] } },
{ "type": "Feature", "properties": { "_source_path": "C:\\Uni\\HS2\\HS2_ADS_GIS\\2025-11-24_HIS_HSTWO_CH_HERDS_Feature_Ply\\2025-11-24_HIS_HSTWO_CH_HERDS_Feature_Ply.shp", "_source_layer": "", "box_id": "box_05", "section": "HS2 Phase 1", "HS2_AssetI": null, "HS2_AssetN": null, "HS2_Suitab": "SC7", "HS2_Phase": "R1", "HS2_DocNum": "1EW02-CSJ-GI-GDD-S002-000019", "HS2_DocRev": "C02", "HS2_RevDat": "2021-07-05T00:00:00", "HS2_Layer": "HIS_CSJ_1EW02_CH_HERDS_Feature_Ply", "Contract": "1EW02", "Originator": "CSJ", "CreatedAt": "2021-03-11T00:00:00", "LastEdited": "2021-06-29T00:00:00", "HS2_SupDoc": null, "FeatID": "1S19SSPTT_FTR_000035", "WSIIntID": "1S19SSPTT_INT000081", "MonType": "DITCH", "MonDesc": "5008", "Period": "UNKNOWN", "PeriodPhas": 0, "PeriodSubP": "N/A", "PhaseDesc": null, "BuildMater": "CLAY", "ArchScienc": "N/A", "Evidence": "EXCAVATED FEATURE", "MaxLength": 1.8 }, "geometry": { "type": "Polygon", "coordinates": [ [ [ -0.464367507200747, 51.56622281368346 ], [ -0.464369113923458, 51.566224201505804 ], [ -0.464356649962026, 51.566230008261584 ], [ -0.464354711619143, 51.566228527977238 ], [ -0.464351519700903, 51.566225584461712 ], [ -0.464347251923069, 51.566221427322979 ], [ -0.464338674846259, 51.566215758874449 ], [ -0.464351693215433, 51.566209812804061 ], [ -0.464358065516187, 51.566215571097146 ], [ -0.464362898071829, 51.566219580961771 ], [ -0.464367507200747, 51.56622281368346 ] ] ] } },
{ "type": "Feature", "properties": { "_source_path": "C:\\Uni\\HS2\\HS2_ADS_GIS\\2025-11-24_HIS_HSTWO_CH_HERDS_Feature_Ply\\2025-11-24_HIS_HSTWO_CH_HERDS_Feature_Ply.shp", "_source_layer": "", "box_id": "box_05", "section": "HS2 Phase 1", "HS2_AssetI": null, "HS2_AssetN": null, "HS2_Suitab": "SC7", "HS2_Phase": "R1", "HS2_DocNum": "1EW02-CSJ-GI-GDD-S002-000019", "HS2_DocRev": "C02", "HS2_RevDat": "2021-07-05T00:00:00", "HS2_Layer": "HIS_CSJ_1EW02_CH_HERDS_Feature_Ply", "Contract": "1EW02", "Originator": "CSJ", "CreatedAt": "2021-03-11T00:00:00", "LastEdited": "2021-06-29T00:00:00", "HS2_SupDoc": null, "FeatID": "1S19SSPTT_FTR_000036", "WSIIntID": "1S19SSPTT_INT000081", "MonType": "DITCH", "MonDesc": "5006", "Period": "UNKNOWN", "PeriodPhas": 0, "PeriodSubP": "N/A", "PhaseDesc": null, "BuildMater": "CLAY", "ArchScienc": "N/A", "Evidence": "EXCAVATED FEATURE", "MaxLength": 3.0 }, "geometry": { "type": "Polygon", "coordinates": [ [ [ -0.46428749445078, 51.56626104143271 ], [ -0.464287513882012, 51.566263248346409 ], [ -0.464282206968879, 51.566265866636932 ], [ -0.464282254484274, 51.566263642615091 ], [ -0.464282900979429, 51.566257344021608 ], [ -0.464285445830509, 51.566249986722767 ], [ -0.464287398032434, 51.56624364676702 ], [ -0.464290040290267, 51.566238922728125 ], [ -0.4642904578811, 51.566238176453737 ], [ -0.46429373915921, 51.566236625993362 ], [ -0.46429356811091, 51.566237420454421 ], [ -0.464291602222864, 51.566244166673741 ], [ -0.464289527961495, 51.566250446583695 ], [ -0.464287711418596, 51.566254601437876 ], [ -0.46428749445078, 51.56626104143271 ] ] ] } },
{ "type": "Feature", "properties": { "_source_path": "C:\\Uni\\HS2\\HS2_ADS_GIS\\2025-11-24_HIS_HSTWO_CH_HERDS_Feature_Ply\\2025-11-24_HIS_HSTWO_CH_HERDS_Feature_Ply.shp", "_source_layer": "", "box_id": "box_05", "section": "HS2 Phase 1", "HS2_AssetI": null, "HS2_AssetN": null, "HS2_Suitab": "SC7", "HS2_Phase": "R1", "HS2_DocNum": "1EW02-CSJ-GI-GDD-S002-000019", "HS2_DocRev": "C02", "HS2_RevDat": "2021-07-05T00:00:00", "HS2_Layer": "HIS_CSJ_1EW02_CH_HERDS_Feature_Ply", "Contract": "1EW02", "Originator": "CSJ", "CreatedAt": "2021-03-11T00:00:00", "LastEdited": "2021-06-29T00:00:00", "HS2_SupDoc": null, "FeatID": "1S19SSPTT_FTR_000037", "WSIIntID": "1S19SSPTT_INT000110", "MonType": "DITCH", "MonDesc": "2003", "Period": "UNKNOWN", "PeriodPhas": 0, "PeriodSubP": "N/A", "PhaseDesc": null, "BuildMater": "CLAY", "ArchScienc": "N/A", "Evidence": "EXCAVATED FEATURE", "MaxLength": 5.4 }, "geometry": { "type": "Polygon", "coordinates": [ [ [ -0.464779889923582, 51.565987441320175 ], [ -0.464773174878202, 51.565990488118885 ], [ -0.464767669327185, 51.565993608288963 ], [ -0.464763305422339, 51.565995988957219 ], [ -0.46475960365633, 51.565998030293336 ], [ -0.464757629974407, 51.565998584463735 ], [ -0.464739010173687, 51.565981799026751 ], [ -0.464741750956223, 51.565980616453366 ], [ -0.464746281376456, 51.565978817954274 ], [ -0.464750527552289, 51.565977191082297 ], [ -0.464757399335203, 51.565975016769841 ], [ -0.464763816977925, 51.565972489421235 ], [ -0.464779889923582, 51.565987441320175 ] ] ] } },
{ "type": "Feature", "properties": { "_source_path": "C:\\Uni\\HS2\\HS2_ADS_GIS\\2025-11-24_HIS_HSTWO_CH_HERDS_Feature_Ply\\2025-11-24_HIS_HSTWO_CH_HERDS_Feature_Ply.shp", "_source_layer": "", "box_id": "box_05", "section": "HS2 Phase 1", "HS2_AssetI": null, "HS2_AssetN": null, "HS2_Suitab": "SC7", "HS2_Phase": "R1", "HS2_DocNum": "1EW02-CSJ-GI-GDD-S002-000019", "HS2_DocRev": "C02", "HS2_RevDat": "2021-07-05T00:00:00", "HS2_Layer": "HIS_CSJ_1EW02_CH_HERDS_Feature_Ply", "Contract": "1EW02", "Originator": "CSJ", "CreatedAt": "2021-03-11T00:00:00", "LastEdited": "2021-06-29T00:00:00", "HS2_SupDoc": null, "FeatID": "1S19SSPTT_FTR_000038", "WSIIntID": "1S19SSPTT_INT000080", "MonType": "PIT", "MonDesc": "2005", "Period": "ROMAN", "PeriodPhas": 0, "PeriodSubP": "N/A", "PhaseDesc": null, "BuildMater": "CLAY", "ArchScienc": "N/A", "Evidence": "EXCAVATED FEATURE", "MaxLength": 3.6 }, "geometry": { "type": "Polygon", "coordinates": [ [ [ -0.464707798410954, 51.565921377484123 ], [ -0.464700070673885, 51.565924119686471 ], [ -0.464694232621786, 51.565926017074723 ], [ -0.46468830476308, 51.565927796390604 ], [ -0.464683220127465, 51.565929471638938 ], [ -0.464679341651003, 51.56592849201531 ], [ -0.464676469533251, 51.565928047997943 ], [ -0.464672866904302, 51.565927188880146 ], [ -0.464669372256793, 51.565925865384514 ], [ -0.464665992815268, 51.565923905856636 ], [ -0.464661779868496, 51.565921761876751 ], [ -0.464658950613106, 51.565919359941994 ], [ -0.464657091247929, 51.565916520192232 ], [ -0.464656436966892, 51.565913841880189 ], [ -0.464655712630708, 51.565911829864895 ], [ -0.464655751714426, 51.565910669497079 ], [ -0.464656567901825, 51.565909954513252 ], [ -0.464659075049098, 51.565908768885187 ], [ -0.464663842004604, 51.565906887159713 ], [ -0.464666902239933, 51.565904830239973 ], [ -0.464670422881627, 51.565899856014283 ], [ -0.464671003498132, 51.565899195497828 ], [ -0.464672190978906, 51.56589756637954 ], [ -0.464675306327718, 51.565896057799044 ], [ -0.464678494672842, 51.565895551892545 ], [ -0.464681039835288, 51.565896107630437 ], [ -0.46468449039791, 51.565895441498171 ], [ -0.464687430757118, 51.56589501597356 ], [ -0.464689997714625, 51.565895524338309 ], [ -0.464692524489645, 51.565896197631822 ], [ -0.464695484999742, 51.565896758803184 ], [ -0.464698816423966, 51.565896716961497 ], [ -0.464699996403575, 51.565896467131758 ], [ -0.464711524234823, 51.565906884214947 ], [ -0.464711477100467, 51.565907212708915 ], [ -0.464711210957322, 51.565909588534751 ], [ -0.464710616913916, 51.565912018519505 ], [ -0.464710285064652, 51.565914974374927 ], [ -0.464710151228076, 51.565918948028049 ], [ -0.464707798410954, 51.565921377484123 ] ] ] } },
{ "type": "Feature", "properties": { "_source_path": "C:\\Uni\\HS2\\HS2_ADS_GIS\\2025-11-24_HIS_HSTWO_CH_HERDS_Feature_Ply\\2025-11-24_HIS_HSTWO_CH_HERDS_Feature_Ply.shp", "_source_layer": "", "box_id": "box_05", "section": "HS2 Phase 1", "HS2_AssetI": null, "HS2_AssetN": null, "HS2_Suitab": "SC7", "HS2_Phase": "R1", "HS2_DocNum": "1EW02-CSJ-GI-GDD-S002-000019", "HS2_DocRev": "C02", "HS2_RevDat": "2021-07-05T00:00:00", "HS2_Layer": "HIS_CSJ_1EW02_CH_HERDS_Feature_Ply", "Contract": "1EW02", "Originator": "CSJ", "CreatedAt": "2021-03-11T00:00:00", "LastEdited": "2021-06-29T00:00:00", "HS2_SupDoc": null, "FeatID": "1S19SSPTT_FTR_000039", "WSIIntID": "1S19SSPTT_INT000080", "MonType": "PIT", "MonDesc": "2015", "Period": "UNKNOWN", "PeriodPhas": 0, "PeriodSubP": "N/A", "PhaseDesc": null, "BuildMater": "CLAY", "ArchScienc": "N/A", "Evidence": "EXCAVATED FEATURE", "MaxLength": 3.6 }, "geometry": { "type": "Polygon", "coordinates": [ [ [ -0.464651924908773, 51.56592130653344 ], [ -0.464636550791283, 51.56590578466848 ], [ -0.464642764276313, 51.565901822215181 ], [ -0.464647226117922, 51.565900774561612 ], [ -0.464650381981206, 51.565899690938572 ], [ -0.464652459851551, 51.565898570732003 ], [ -0.464654791757147, 51.565897447554455 ], [ -0.464657024816111, 51.565896903073629 ], [ -0.464659478613906, 51.565896615956859 ], [ -0.464661265524929, 51.565896080925647 ], [ -0.46466412921818, 51.565896089615904 ], [ -0.46466647637296, 51.565896912526419 ], [ -0.46466751526039, 51.56589819580131 ], [ -0.464667567469575, 51.565899772798133 ], [ -0.464668754728231, 51.565901148834243 ], [ -0.464666954824401, 51.565904811145323 ], [ -0.464663727345903, 51.565906907240667 ], [ -0.464659056705309, 51.565908713793441 ], [ -0.464656465386018, 51.565909956768898 ], [ -0.464655753508929, 51.565910701892079 ], [ -0.464655609993801, 51.565911835715788 ], [ -0.464656391048375, 51.56591387724783 ], [ -0.464657047679806, 51.565916528614331 ], [ -0.464655651357499, 51.565918489506053 ], [ -0.464654279868091, 51.565919798795974 ], [ -0.464651924908773, 51.56592130653344 ] ] ] } },
{ "type": "Feature", "properties": { "_source_path": "C:\\Uni\\HS2\\HS2_ADS_GIS\\2025-11-24_HIS_HSTWO_CH_HERDS_Feature_Ply\\2025-11-24_HIS_HSTWO_CH_HERDS_Feature_Ply.shp", "_source_layer": "", "box_id": "box_05", "section": "HS2 Phase 1", "HS2_AssetI": null, "HS2_AssetN": null, "HS2_Suitab": "SC7", "HS2_Phase": "R1", "HS2_DocNum": "1EW02-CSJ-GI-GDD-S002-000019", "HS2_DocRev": "C02", "HS2_RevDat": "2021-07-05T00:00:00", "HS2_Layer": "HIS_CSJ_1EW02_CH_HERDS_Feature_Ply", "Contract": "1EW02", "Originator": "CSJ", "CreatedAt": "2021-03-11T00:00:00", "LastEdited": "2021-06-29T00:00:00", "HS2_SupDoc": null, "FeatID": "1S19SSPTT_FTR_000040", "WSIIntID": "1S19SSPTT_INT000080", "MonType": "PIT", "MonDesc": "2010", "Period": "UNKNOWN", "PeriodPhas": 0, "PeriodSubP": "N/A", "PhaseDesc": null, "BuildMater": "CLAY", "ArchScienc": "N/A", "Evidence": "EXCAVATED FEATURE", "MaxLength": 1.0 }, "geometry": { "type": "Polygon", "coordinates": [ [ [ -0.464669164075757, 51.565901118221255 ], [ -0.464668742130065, 51.565897753255364 ], [ -0.464670716395165, 51.565895125517592 ], [ -0.46467360688511, 51.565893610398525 ], [ -0.464677534279271, 51.565892195168928 ], [ -0.46468153550068, 51.565891586596514 ], [ -0.464684690461546, 51.565891686320079 ], [ -0.464688514772324, 51.565891917992055 ], [ -0.464691448711574, 51.565892282788298 ], [ -0.464694212156004, 51.565891883723751 ], [ -0.464694797410529, 51.565891770886296 ], [ -0.464699971382829, 51.565896438928938 ], [ -0.464698741441618, 51.565896672818482 ], [ -0.464695578997001, 51.56589658109025 ], [ -0.464692532135291, 51.565896141980872 ], [ -0.46469011110436, 51.56589541342057 ], [ -0.46468752070872, 51.565894915539708 ], [ -0.464684415525711, 51.565895436921785 ], [ -0.464681304158485, 51.565896056236681 ], [ -0.464678427900423, 51.565895478183023 ], [ -0.464675297261774, 51.565896027107321 ], [ -0.464672195093518, 51.565897572727842 ], [ -0.464670475617457, 51.565899832425536 ], [ -0.464669164075757, 51.565901118221255 ] ] ] } },
{ "type": "Feature", "properties": { "_source_path": "C:\\Uni\\HS2\\HS2_ADS_GIS\\2025-11-24_HIS_HSTWO_CH_HERDS_Feature_Ply\\2025-11-24_HIS_HSTWO_CH_HERDS_Feature_Ply.shp", "_source_layer": "", "box_id": "box_05", "section": "HS2 Phase 1", "HS2_AssetI": null, "HS2_AssetN": null, "HS2_Suitab": "SC7", "HS2_Phase": "R1", "HS2_DocNum": "1EW02-CSJ-GI-GDD-S002-000019", "HS2_DocRev": "C02", "HS2_RevDat": "2021-07-05T00:00:00", "HS2_Layer": "HIS_CSJ_1EW02_CH_HERDS_Feature_Ply", "Contract": "1EW02", "Originator": "CSJ", "CreatedAt": "2021-03-11T00:00:00", "LastEdited": "2021-06-29T00:00:00", "HS2_SupDoc": null, "FeatID": "1S19SSPTT_FTR_000041", "WSIIntID": "1S19SSPTT_INT000078", "MonType": "DITCH", "MonDesc": "27003", "Period": "UNKNOWN", "PeriodPhas": 0, "PeriodSubP": "N/A", "PhaseDesc": null, "BuildMater": "CLAY", "ArchScienc": "N/A", "Evidence": "EXCAVATED FEATURE", "MaxLength": 1.5 }, "geometry": { "type": "Polygon", "coordinates": [ [ [ -0.463374415851001, 51.567463011080648 ], [ -0.463372764127334, 51.567464626913541 ], [ -0.46335730989835, 51.567459696519833 ], [ -0.463358417103256, 51.567457926087123 ], [ -0.463359907897931, 51.567456204738214 ], [ -0.463362074643531, 51.567454077704575 ], [ -0.463364234025756, 51.567452169082294 ], [ -0.463367094342279, 51.567450226475692 ], [ -0.463370713297163, 51.5674495769738 ], [ -0.463375269036235, 51.567450115003943 ], [ -0.463377997200297, 51.567451065220965 ], [ -0.463380116543898, 51.567452398622279 ], [ -0.463380615980858, 51.567454190091794 ], [ -0.463380060313208, 51.56745616377389 ], [ -0.463379066494311, 51.567457652440581 ], [ -0.463377633158261, 51.567459766597231 ], [ -0.463374415851001, 51.567463011080648 ] ] ] } },
{ "type": "Feature", "properties": { "_source_path": "C:\\Uni\\HS2\\HS2_ADS_GIS\\2025-11-24_HIS_HSTWO_CH_HERDS_Feature_Ply\\2025-11-24_HIS_HSTWO_CH_HERDS_Feature_Ply.shp", "_source_layer": "", "box_id": "box_05", "section": "HS2 Phase 1", "HS2_AssetI": null, "HS2_AssetN": null, "HS2_Suitab": "SC7", "HS2_Phase": "R1", "HS2_DocNum": "1EW02-CSJ-GI-GDD-S002-000019", "HS2_DocRev": "C02", "HS2_RevDat": "2021-07-05T00:00:00", "HS2_Layer": "HIS_CSJ_1EW02_CH_HERDS_Feature_Ply", "Contract": "1EW02", "Originator": "CSJ", "CreatedAt": "2021-03-11T00:00:00", "LastEdited": "2021-06-29T00:00:00", "HS2_SupDoc": null, "FeatID": "1S19SSPTT_FTR_000042", "WSIIntID": "1S19SSPTT_INT000078", "MonType": "PIT", "MonDesc": "27007", "Period": "UNKNOWN", "PeriodPhas": 0, "PeriodSubP": "N/A", "PhaseDesc": null, "BuildMater": "CLAY", "ArchScienc": "N/A", "Evidence": "EXCAVATED FEATURE", "MaxLength": 0.58 }, "geometry": { "type": "Polygon", "coordinates": [ [ [ -0.463151656285338, 51.567386971364193 ], [ -0.463150366932502, 51.56738665504286 ], [ -0.463148854647954, 51.567386189231009 ], [ -0.463148144951354, 51.567385456073801 ], [ -0.463147867431852, 51.567384657538639 ], [ -0.463148361263163, 51.567383448274803 ], [ -0.463149304368429, 51.567382693599818 ], [ -0.463150596945059, 51.567382144024968 ], [ -0.463152328895874, 51.567381786340185 ], [ -0.463153929883336, 51.567382231732559 ], [ -0.463154880537841, 51.567382494161961 ], [ -0.463155961364159, 51.56738334637879 ], [ -0.463155923920902, 51.567384200137163 ], [ -0.463155502131001, 51.56738502728134 ], [ -0.463154565198053, 51.567386155208993 ], [ -0.463153340787463, 51.567386737148908 ], [ -0.463151656285338, 51.567386971364193 ] ] ] } },
{ "type": "Feature", "properties": { "_source_path": "C:\\Uni\\HS2\\HS2_ADS_GIS\\2025-11-24_HIS_HSTWO_CH_HERDS_Feature_Ply\\2025-11-24_HIS_HSTWO_CH_HERDS_Feature_Ply.shp", "_source_layer": "", "box_id": "box_05", "section": "HS2 Phase 1", "HS2_AssetI": null, "HS2_AssetN": null, "HS2_Suitab": "SC7", "HS2_Phase": "R1", "HS2_DocNum": "1EW02-CSJ-GI-GDD-S002-000019", "HS2_DocRev": "C02", "HS2_RevDat": "2021-07-05T00:00:00", "HS2_Layer": "HIS_CSJ_1EW02_CH_HERDS_Feature_Ply", "Contract": "1EW02", "Originator": "CSJ", "CreatedAt": "2021-03-11T00:00:00", "LastEdited": "2021-06-29T00:00:00", "HS2_SupDoc": null, "FeatID": "1S19SSPTT_FTR_000043", "WSIIntID": "1S19SSPTT_INT000080", "MonType": "DITCH", "MonDesc": "2008", "Period": "UNKNOWN", "PeriodPhas": 0, "PeriodSubP": "N/A", "PhaseDesc": null, "BuildMater": "CLAY", "ArchScienc": "N/A", "Evidence": "EXCAVATED FEATURE", "MaxLength": 2.5 }, "geometry": { "type": "Polygon", "coordinates": [ [ [ -0.464538398513899, 51.565782997551636 ], [ -0.464538562519795, 51.565786438273697 ], [ -0.464537731791339, 51.565794523884826 ], [ -0.464535547209566, 51.565799240429406 ], [ -0.464533264500135, 51.565804771272852 ], [ -0.464532574118479, 51.565806634393681 ], [ -0.464524615966085, 51.565800283463297 ], [ -0.464525180500351, 51.565799072421093 ], [ -0.464525006485503, 51.565792844918555 ], [ -0.464524760296517, 51.565787689228344 ], [ -0.464523959057588, 51.565786589802563 ], [ -0.464523257762613, 51.565784622149081 ], [ -0.464523394616702, 51.56577691861547 ], [ -0.464524500437014, 51.565772830891262 ], [ -0.4645322760711, 51.565778432190761 ], [ -0.464534930662561, 51.565780579165612 ], [ -0.464535087102714, 51.565780603692687 ], [ -0.464538398513899, 51.565782997551636 ] ] ] } },
{ "type": "Feature", "properties": { "_source_path": "C:\\Uni\\HS2\\HS2_ADS_GIS\\2025-11-24_HIS_HSTWO_CH_HERDS_Feature_Ply\\2025-11-24_HIS_HSTWO_CH_HERDS_Feature_Ply.shp", "_source_layer": "", "box_id": "box_05", "section": "HS2 Phase 1", "HS2_AssetI": null, "HS2_AssetN": null, "HS2_Suitab": "SC7", "HS2_Phase": "R1", "HS2_DocNum": "1EW02-CSJ-GI-GDD-S002-000019", "HS2_DocRev": "C02", "HS2_RevDat": "2021-07-05T00:00:00", "HS2_Layer": "HIS_CSJ_1EW02_CH_HERDS_Feature_Ply", "Contract": "1EW02", "Originator": "CSJ", "CreatedAt": "2021-03-11T00:00:00", "LastEdited": "2021-06-29T00:00:00", "HS2_SupDoc": null, "FeatID": "1S19SSPTT_FTR_000044", "WSIIntID": "1S19SSPTT_INT000081", "MonType": "DITCH", "MonDesc": "3011", "Period": "UNKNOWN", "PeriodPhas": 0, "PeriodSubP": "N/A", "PhaseDesc": null, "BuildMater": "CLAY", "ArchScienc": "N/A", "Evidence": "EXCAVATED FEATURE", "MaxLength": 2.7 }, "geometry": { "type": "Polygon", "coordinates": [ [ [ -0.464631767685479, 51.565492512053098 ], [ -0.464631334348209, 51.565493554861767 ], [ -0.464620296122617, 51.565499104240835 ], [ -0.464620225324138, 51.565498207702099 ], [ -0.464620014459992, 51.565488918808924 ], [ -0.464623697180948, 51.565479645786844 ], [ -0.46462616637251, 51.565474745928533 ], [ -0.464626337051294, 51.565473833665692 ], [ -0.464635571287427, 51.565469497996439 ], [ -0.46463554526255, 51.565469756628232 ], [ -0.464634720083708, 51.565480805207599 ], [ -0.464632761961208, 51.565490193411541 ], [ -0.464631767685479, 51.565492512053098 ] ] ] } },
{ "type": "Feature", "properties": { "_source_path": "C:\\Uni\\HS2\\HS2_ADS_GIS\\2025-11-24_HIS_HSTWO_CH_HERDS_Feature_Ply\\2025-11-24_HIS_HSTWO_CH_HERDS_Feature_Ply.shp", "_source_layer": "", "box_id": "box_05", "section": "HS2 Phase 1", "HS2_AssetI": null, "HS2_AssetN": null, "HS2_Suitab": "SC7", "HS2_Phase": "R1", "HS2_DocNum": "1EW02-CSJ-GI-GDD-S002-000019", "HS2_DocRev": "C02", "HS2_RevDat": "2021-07-05T00:00:00", "HS2_Layer": "HIS_CSJ_1EW02_CH_HERDS_Feature_Ply", "Contract": "1EW02", "Originator": "CSJ", "CreatedAt": "2021-03-11T00:00:00", "LastEdited": "2021-06-29T00:00:00", "HS2_SupDoc": null, "FeatID": "1S19SSPTT_FTR_000045", "WSIIntID": "1S19SSPTT_INT000091", "MonType": "DITCH", "MonDesc": "3007", "Period": "IRON AGE", "PeriodPhas": 0, "PeriodSubP": "N/A", "PhaseDesc": null, "BuildMater": "CLAY", "ArchScienc": "N/A", "Evidence": "EXCAVATED FEATURE", "MaxLength": 0.36 }, "geometry": { "type": "Polygon", "coordinates": [ [ [ -0.464626098601732, 51.565474701879857 ], [ -0.464623732247023, 51.565479632757494 ], [ -0.464621612524094, 51.565484480537705 ], [ -0.464619074629443, 51.565485208964333 ], [ -0.464610129171207, 51.56548923818324 ], [ -0.464602691245165, 51.565494386857942 ], [ -0.464594704235436, 51.565497203892249 ], [ -0.464591779071299, 51.565497992893796 ], [ -0.464589200541948, 51.565497828772514 ], [ -0.464587537944981, 51.565497414964796 ], [ -0.464586347946632, 51.565496463318652 ], [ -0.464585630557915, 51.565494930672209 ], [ -0.464586499972442, 51.565494005970244 ], [ -0.464598426225391, 51.565488307254213 ], [ -0.46460898543461, 51.565483015078428 ], [ -0.464626098601732, 51.565474701879857 ] ] ] } },
{ "type": "Feature", "properties": { "_source_path": "C:\\Uni\\HS2\\HS2_ADS_GIS\\2025-11-24_HIS_HSTWO_CH_HERDS_Feature_Ply\\2025-11-24_HIS_HSTWO_CH_HERDS_Feature_Ply.shp", "_source_layer": "", "box_id": "box_05", "section": "HS2 Phase 1", "HS2_AssetI": null, "HS2_AssetN": null, "HS2_Suitab": "SC7", "HS2_Phase": "R1", "HS2_DocNum": "1EW02-CSJ-GI-GDD-S002-000019", "HS2_DocRev": "C02", "HS2_RevDat": "2021-07-05T00:00:00", "HS2_Layer": "HIS_CSJ_1EW02_CH_HERDS_Feature_Ply", "Contract": "1EW02", "Originator": "CSJ", "CreatedAt": "2021-03-11T00:00:00", "LastEdited": "2021-06-29T00:00:00", "HS2_SupDoc": null, "FeatID": "1S19SSPTT_FTR_000046", "WSIIntID": "1S19SSPTT_INT000038", "MonType": "DITCH", "MonDesc": "3005", "Period": "UNKNOWN", "PeriodPhas": 0, "PeriodSubP": "N/A", "PhaseDesc": null, "BuildMater": "CLAY", "ArchScienc": "N/A", "Evidence": "EXCAVATED FEATURE", "MaxLength": 8.4 }, "geometry": { "type": "Polygon", "coordinates": [ [ [ -0.464615307111979, 51.565500640460549 ], [ -0.464615575993514, 51.565501438879394 ], [ -0.464612805199066, 51.565502827875271 ], [ -0.464612114673936, 51.565502339562428 ], [ -0.464609881713651, 51.565501510951044 ], [ -0.464604675942875, 51.565500272971299 ], [ -0.464604212102236, 51.565498751735085 ], [ -0.464603736611451, 51.565497319368149 ], [ -0.464602892564916, 51.565494321151938 ], [ -0.464598661997484, 51.565488161070164 ], [ -0.464597962043703, 51.565487181665596 ], [ -0.464608411871085, 51.56548230978796 ], [ -0.464609033813206, 51.565482992331958 ], [ -0.464610459363557, 51.565483718660481 ], [ -0.4646100431642, 51.565489307196316 ], [ -0.464613967515255, 51.565495691670534 ], [ -0.464615307111979, 51.565500640460549 ] ] ] } },
{ "type": "Feature", "properties": { "_source_path": "C:\\Uni\\HS2\\HS2_ADS_GIS\\2025-11-24_HIS_HSTWO_CH_HERDS_Feature_Ply\\2025-11-24_HIS_HSTWO_CH_HERDS_Feature_Ply.shp", "_source_layer": "", "box_id": "box_05", "section": "HS2 Phase 1", "HS2_AssetI": null, "HS2_AssetN": null, "HS2_Suitab": "SC7", "HS2_Phase": "R1", "HS2_DocNum": "1EW02-CSJ-GI-GDD-S002-000019", "HS2_DocRev": "C02", "HS2_RevDat": "2021-07-05T00:00:00", "HS2_Layer": "HIS_CSJ_1EW02_CH_HERDS_Feature_Ply", "Contract": "1EW02", "Originator": "CSJ", "CreatedAt": "2021-03-11T00:00:00", "LastEdited": "2021-06-29T00:00:00", "HS2_SupDoc": null, "FeatID": "1S19SSPTT_FTR_000047", "WSIIntID": "1S19SSPTT_INT000081", "MonType": "PIT", "MonDesc": "3009", "Period": "UNKNOWN", "PeriodPhas": 0, "PeriodSubP": "N/A", "PhaseDesc": null, "BuildMater": "CLAY", "ArchScienc": "N/A", "Evidence": "EXCAVATED FEATURE", "MaxLength": 0.92 }, "geometry": { "type": "Polygon", "coordinates": [ [ [ -0.464612766684435, 51.565502814782455 ], [ -0.464602375499891, 51.565508044413832 ], [ -0.464601509055318, 51.565507338888295 ], [ -0.464599768195845, 51.565505607614405 ], [ -0.464599230584586, 51.565504477468252 ], [ -0.464599616614706, 51.565503382785856 ], [ -0.464600388520463, 51.565502740058974 ], [ -0.46460142354729, 51.565501567543492 ], [ -0.464604338288887, 51.565500059937115 ], [ -0.464609894572053, 51.565501514716111 ], [ -0.464612136336704, 51.565502338946644 ], [ -0.464612766684435, 51.565502814782455 ] ] ] } },
{ "type": "Feature", "properties": { "_source_path": "C:\\Uni\\HS2\\HS2_ADS_GIS\\2025-11-24_HIS_HSTWO_CH_HERDS_Feature_Ply\\2025-11-24_HIS_HSTWO_CH_HERDS_Feature_Ply.shp", "_source_layer": "", "box_id": "box_05", "section": "HS2 Phase 1", "HS2_AssetI": null, "HS2_AssetN": null, "HS2_Suitab": "SC7", "HS2_Phase": "R1", "HS2_DocNum": "1EW02-CSJ-GI-GDD-S002-000019", "HS2_DocRev": "C02", "HS2_RevDat": "2021-07-05T00:00:00", "HS2_Layer": "HIS_CSJ_1EW02_CH_HERDS_Feature_Ply", "Contract": "1EW02", "Originator": "CSJ", "CreatedAt": "2021-03-11T00:00:00", "LastEdited": "2021-06-29T00:00:00", "HS2_SupDoc": null, "FeatID": "1S19SSPTT_FTR_000048", "WSIIntID": "1S19SSPTT_INT000081", "MonType": "PIT", "MonDesc": "3017", "Period": "BRONZE AGE", "PeriodPhas": 0, "PeriodSubP": "N/A", "PhaseDesc": null, "BuildMater": "CLAY", "ArchScienc": "N/A", "Evidence": "EXCAVATED FEATURE", "MaxLength": 1.0 }, "geometry": { "type": "Polygon", "coordinates": [ [ [ -0.464580607548398, 51.565518979049664 ], [ -0.46456037742712, 51.565529191055028 ], [ -0.464559229486421, 51.565527204968973 ], [ -0.464558656951153, 51.565525184148498 ], [ -0.464558596640752, 51.565523462272814 ], [ -0.464559146811654, 51.565517665974241 ], [ -0.464559403183413, 51.565515923064048 ], [ -0.464560544304296, 51.565514856245301 ], [ -0.464562644160148, 51.565513939549305 ], [ -0.464565874181369, 51.565513437788049 ], [ -0.46457060275008, 51.565514065257368 ], [ -0.464573483925778, 51.565514582231941 ], [ -0.464576134007667, 51.565515749008874 ], [ -0.464579481560945, 51.565517968893133 ], [ -0.464580607548398, 51.565518979049664 ] ] ] } },
{ "type": "Feature", "properties": { "_source_path": "C:\\Uni\\HS2\\HS2_ADS_GIS\\2025-11-24_HIS_HSTWO_CH_HERDS_Feature_Ply\\2025-11-24_HIS_HSTWO_CH_HERDS_Feature_Ply.shp", "_source_layer": "", "box_id": "box_05", "section": "HS2 Phase 1", "HS2_AssetI": null, "HS2_AssetN": null, "HS2_Suitab": "SC7", "HS2_Phase": "R1", "HS2_DocNum": "1EW02-CSJ-GI-GDD-S002-000019", "HS2_DocRev": "C02", "HS2_RevDat": "2021-07-05T00:00:00", "HS2_Layer": "HIS_CSJ_1EW02_CH_HERDS_Feature_Ply", "Contract": "1EW02", "Originator": "CSJ", "CreatedAt": "2021-03-11T00:00:00", "LastEdited": "2021-06-29T00:00:00", "HS2_SupDoc": null, "FeatID": "1S19SSPTT_FTR_000049", "WSIIntID": "1S19SSPTT_INT000081", "MonType": "DITCH", "MonDesc": "3035", "Period": "UNKNOWN", "PeriodPhas": 0, "PeriodSubP": "N/A", "PhaseDesc": null, "BuildMater": "CLAY", "ArchScienc": "N/A", "Evidence": "EXCAVATED FEATURE", "MaxLength": 2.8 }, "geometry": { "type": "Polygon", "coordinates": [ [ [ -0.464559053310203, 51.565530336408351 ], [ -0.464541869584063, 51.565538687340073 ], [ -0.464542141691227, 51.565536862807754 ], [ -0.464544109224343, 51.565526125015253 ], [ -0.464547023361371, 51.565516325793439 ], [ -0.464547903450628, 51.565513028218049 ], [ -0.464548074142192, 51.565512072793446 ], [ -0.46456051787898, 51.565505531998298 ], [ -0.464560481215439, 51.565506620461079 ], [ -0.464560188061681, 51.565517422423738 ], [ -0.464559089596232, 51.565527203138693 ], [ -0.464559053310203, 51.565530336408351 ] ] ] } },
{ "type": "Feature", "properties": { "_source_path": "C:\\Uni\\HS2\\HS2_ADS_GIS\\2025-11-24_HIS_HSTWO_CH_HERDS_Feature_Ply\\2025-11-24_HIS_HSTWO_CH_HERDS_Feature_Ply.shp", "_source_layer": "", "box_id": "box_05", "section": "HS2 Phase 1", "HS2_AssetI": null, "HS2_AssetN": null, "HS2_Suitab": "SC7", "HS2_Phase": "R1", "HS2_DocNum": "1EW02-CSJ-GI-GDD-S002-000019", "HS2_DocRev": "C02", "HS2_RevDat": "2021-07-05T00:00:00", "HS2_Layer": "HIS_CSJ_1EW02_CH_HERDS_Feature_Ply", "Contract": "1EW02", "Originator": "CSJ", "CreatedAt": "2021-03-11T00:00:00", "LastEdited": "2021-06-29T00:00:00", "HS2_SupDoc": null, "FeatID": "1S19SSPTT_FTR_000050", "WSIIntID": "1S19SSPTT_INT000081", "MonType": "DITCH", "MonDesc": "3042", "Period": "UNKNOWN", "PeriodPhas": 0, "PeriodSubP": "N/A", "PhaseDesc": null, "BuildMater": "CLAY", "ArchScienc": "N/A", "Evidence": "EXCAVATED FEATURE", "MaxLength": 2.4 }, "geometry": { "type": "Polygon", "coordinates": [ [ [ -0.464518900631486, 51.565526723172532 ], [ -0.464519479357306, 51.565527446515183 ], [ -0.464520003051779, 51.56552847576819 ], [ -0.46451993619556, 51.565529432551358 ], [ -0.464519546863198, 51.565530625204111 ], [ -0.464518393276164, 51.565531676572817 ], [ -0.464513010042463, 51.565534935910449 ], [ -0.464508744299888, 51.565537187468244 ], [ -0.464503870722965, 51.565541378760209 ], [ -0.464498844466601, 51.565543891928172 ], [ -0.464495975164124, 51.565544050413315 ], [ -0.464494574598957, 51.56554313917318 ], [ -0.464493499397633, 51.565541863514362 ], [ -0.464493241544254, 51.565539666969073 ], [ -0.464498943307994, 51.565536802956082 ], [ -0.464518900631486, 51.565526723172532 ] ] ] } },
{ "type": "Feature", "properties": { "_source_path": "C:\\Uni\\HS2\\HS2_ADS_GIS\\2025-11-24_HIS_HSTWO_CH_HERDS_Feature_Ply\\2025-11-24_HIS_HSTWO_CH_HERDS_Feature_Ply.shp", "_source_layer": "", "box_id": "box_05", "section": "HS2 Phase 1", "HS2_AssetI": null, "HS2_AssetN": null, "HS2_Suitab": "SC7", "HS2_Phase": "R1", "HS2_DocNum": "1EW02-CSJ-GI-GDD-S002-000019", "HS2_DocRev": "C02", "HS2_RevDat": "2021-07-05T00:00:00", "HS2_Layer": "HIS_CSJ_1EW02_CH_HERDS_Feature_Ply", "Contract": "1EW02", "Originator": "CSJ", "CreatedAt": "2021-03-11T00:00:00", "LastEdited": "2021-06-29T00:00:00", "HS2_SupDoc": null, "FeatID": "1S19SSPTT_FTR_000051", "WSIIntID": "1S19SSPTT_INT000081", "MonType": "GULLY", "MonDesc": "3044", "Period": "ROMAN", "PeriodPhas": 0, "PeriodSubP": "N/A", "PhaseDesc": null, "BuildMater": "CLAY", "ArchScienc": "N/A", "Evidence": "EXCAVATED FEATURE", "MaxLength": 1.8 }, "geometry": { "type": "Polygon", "coordinates": [ [ [ -0.46452397064573, 51.565547539662361 ], [ -0.464517449097283, 51.565550754432643 ], [ -0.464516319864875, 51.565550097622292 ], [ -0.464506578444726, 51.565543661312425 ], [ -0.464499248296284, 51.56553785722307 ], [ -0.46449901407691, 51.565537571806779 ], [ -0.464504683449311, 51.565534598565385 ], [ -0.464505125651579, 51.565534963135718 ], [ -0.464512540756994, 51.565540343909504 ], [ -0.464523017773519, 51.565546787145777 ], [ -0.46452397064573, 51.565547539662361 ] ] ] } },
{ "type": "Feature", "properties": { "_source_path": "C:\\Uni\\HS2\\HS2_ADS_GIS\\2025-11-24_HIS_HSTWO_CH_HERDS_Feature_Ply\\2025-11-24_HIS_HSTWO_CH_HERDS_Feature_Ply.shp", "_source_layer": "", "box_id": "box_05", "section": "HS2 Phase 1", "HS2_AssetI": null, "HS2_AssetN": null, "HS2_Suitab": "SC7", "HS2_Phase": "R1", "HS2_DocNum": "1EW02-CSJ-GI-GDD-S002-000019", "HS2_DocRev": "C02", "HS2_RevDat": "2021-07-05T00:00:00", "HS2_Layer": "HIS_CSJ_1EW02_CH_HERDS_Feature_Ply", "Contract": "1EW02", "Originator": "CSJ", "CreatedAt": "2021-03-11T00:00:00", "LastEdited": "2021-06-29T00:00:00", "HS2_SupDoc": null, "FeatID": "1S19SSPTT_FTR_000052", "WSIIntID": "1S19SSPTT_INT000081", "MonType": "DITCH", "MonDesc": "3033", "Period": "UNKNOWN", "PeriodPhas": 0, "PeriodSubP": "N/A", "PhaseDesc": null, "BuildMater": "CLAY", "ArchScienc": "N/A", "Evidence": "EXCAVATED FEATURE", "MaxLength": 2.1 }, "geometry": { "type": "Polygon", "coordinates": [ [ [ -0.464481658878906, 51.565568487942038 ], [ -0.464466944417414, 51.565575705796235 ], [ -0.464466952471188, 51.565575466711955 ], [ -0.464465174089482, 51.565567096982051 ], [ -0.464462649916475, 51.565559108649872 ], [ -0.464461872869586, 51.565555449491249 ], [ -0.46447256737424, 51.565550039503087 ], [ -0.46447308537264, 51.565551366320044 ], [ -0.464475897274779, 51.565556038536002 ], [ -0.464480528678618, 51.565563662384349 ], [ -0.464481433470124, 51.565567940971086 ], [ -0.464481658878906, 51.565568487942038 ] ] ] } },
{ "type": "Feature", "properties": { "_source_path": "C:\\Uni\\HS2\\HS2_ADS_GIS\\2025-11-24_HIS_HSTWO_CH_HERDS_Feature_Ply\\2025-11-24_HIS_HSTWO_CH_HERDS_Feature_Ply.shp", "_source_layer": "", "box_id": "box_05", "section": "HS2 Phase 1", "HS2_AssetI": null, "HS2_AssetN": null, "HS2_Suitab": "SC7", "HS2_Phase": "R1", "HS2_DocNum": "1EW02-CSJ-GI-GDD-S002-000019", "HS2_DocRev": "C02", "HS2_RevDat": "2021-07-05T00:00:00", "HS2_Layer": "HIS_CSJ_1EW02_CH_HERDS_Feature_Ply", "Contract": "1EW02", "Originator": "CSJ", "CreatedAt": "2021-03-11T00:00:00", "LastEdited": "2021-06-29T00:00:00", "HS2_SupDoc": null, "FeatID": "1S19SSPTT_FTR_000053", "WSIIntID": "1S19SSPTT_INT000081", "MonType": "PIT", "MonDesc": "3037", "Period": "UNKNOWN", "PeriodPhas": 0, "PeriodSubP": "N/A", "PhaseDesc": null, "BuildMater": "CLAY", "ArchScienc": "N/A", "Evidence": "EXCAVATED FEATURE", "MaxLength": 2.5 }, "geometry": { "type": "Polygon", "coordinates": [ [ [ -0.464452851038102, 51.565559946186994 ], [ -0.464453955703542, 51.565561375097282 ], [ -0.464456389686152, 51.56556480235917 ], [ -0.464456852708229, 51.565568660630284 ], [ -0.464454649261754, 51.565572909337853 ], [ -0.464451232205401, 51.565577935268401 ], [ -0.464448048082087, 51.565580200976534 ], [ -0.46444097679218, 51.565580718115172 ], [ -0.464433847881407, 51.565579819144013 ], [ -0.464428946289144, 51.565579145343996 ], [ -0.464424523297514, 51.56557878353734 ], [ -0.464421560847884, 51.565576524626458 ], [ -0.464421190432437, 51.565576127724363 ], [ -0.464452851038102, 51.565559946186994 ] ] ] } },
{ "type": "Feature", "properties": { "_source_path": "C:\\Uni\\HS2\\HS2_ADS_GIS\\2025-11-24_HIS_HSTWO_CH_HERDS_Feature_Ply\\2025-11-24_HIS_HSTWO_CH_HERDS_Feature_Ply.shp", "_source_layer": "", "box_id": "box_05", "section": "HS2 Phase 1", "HS2_AssetI": null, "HS2_AssetN": null, "HS2_Suitab": "SC7", "HS2_Phase": "R1", "HS2_DocNum": "1EW02-CSJ-GI-GDD-S002-000019", "HS2_DocRev": "C02", "HS2_RevDat": "2021-07-05T00:00:00", "HS2_Layer": "HIS_CSJ_1EW02_CH_HERDS_Feature_Ply", "Contract": "1EW02", "Originator": "CSJ", "CreatedAt": "2021-03-11T00:00:00", "LastEdited": "2021-06-29T00:00:00", "HS2_SupDoc": null, "FeatID": "1S19SSPTT_FTR_000054", "WSIIntID": "1S19SSPTT_INT000003", "MonType": "PIT", "MonDesc": "3003", "Period": "UNKNOWN", "PeriodPhas": 0, "PeriodSubP": "N/A", "PhaseDesc": null, "BuildMater": "CLAY", "ArchScienc": "N/A", "Evidence": "EXCAVATED FEATURE", "MaxLength": 9.0 }, "geometry": { "type": "Polygon", "coordinates": [ [ [ -0.464429791635045, 51.565591355977766 ], [ -0.464427460127922, 51.565591097071355 ], [ -0.464425203755168, 51.565591220412799 ], [ -0.46442285500859, 51.565591516092859 ], [ -0.464418982111371, 51.565591399774355 ], [ -0.464417544812808, 51.565591022183021 ], [ -0.464416128944031, 51.565591079190121 ], [ -0.464415035855158, 51.565590891339788 ], [ -0.464414598722795, 51.565589862319761 ], [ -0.464415120954495, 51.565588879123673 ], [ -0.464415794186676, 51.565588039079245 ], [ -0.464417191933817, 51.565587534928 ], [ -0.46441890046267, 51.56558705642427 ], [ -0.464421618778746, 51.565586711627468 ], [ -0.464423238270281, 51.565586863203571 ], [ -0.464425027885083, 51.56558710422901 ], [ -0.464427173457519, 51.565587186255947 ], [ -0.464429415871865, 51.565587477267343 ], [ -0.464430943805323, 51.565588248099729 ], [ -0.464432018171187, 51.565589034578338 ], [ -0.464432201354631, 51.565590321046109 ], [ -0.464431249795311, 51.56559111428674 ], [ -0.464429791635045, 51.565591355977766 ] ] ] } },
{ "type": "Feature", "properties": { "_source_path": "C:\\Uni\\HS2\\HS2_ADS_GIS\\2025-11-24_HIS_HSTWO_CH_HERDS_Feature_Ply\\2025-11-24_HIS_HSTWO_CH_HERDS_Feature_Ply.shp", "_source_layer": "", "box_id": "box_05", "section": "HS2 Phase 1", "HS2_AssetI": null, "HS2_AssetN": null, "HS2_Suitab": "SC7", "HS2_Phase": "R1", "HS2_DocNum": "1EW02-CSJ-GI-GDD-S002-000019", "HS2_DocRev": "C02", "HS2_RevDat": "2021-07-05T00:00:00", "HS2_Layer": "HIS_CSJ_1EW02_CH_HERDS_Feature_Ply", "Contract": "1EW02", "Originator": "CSJ", "CreatedAt": "2021-03-11T00:00:00", "LastEdited": "2021-06-29T00:00:00", "HS2_SupDoc": null, "FeatID": "1S19SSPTT_FTR_000055", "WSIIntID": "1S19SSPTT_INT000081", "MonType": "GULLY", "MonDesc": "3013", "Period": "UNKNOWN", "PeriodPhas": 0, "PeriodSubP": "N/A", "PhaseDesc": null, "BuildMater": "CLAY", "ArchScienc": "N/A", "Evidence": "EXCAVATED FEATURE", "MaxLength": 2.9 }, "geometry": { "type": "Polygon", "coordinates": [ [ [ -0.464412742011267, 51.565602962883894 ], [ -0.464414955718509, 51.565603078174121 ], [ -0.464405766945872, 51.565607904490079 ], [ -0.464403917006014, 51.565607869493178 ], [ -0.46439764152857, 51.565607548188822 ], [ -0.464386012319795, 51.565606611909161 ], [ -0.464377666433698, 51.56560658992516 ], [ -0.464365986732482, 51.565606295917433 ], [ -0.464363301829525, 51.565606162770813 ], [ -0.464372934597012, 51.565601176813438 ], [ -0.464376757465346, 51.56560119356579 ], [ -0.464387007987011, 51.565601425709382 ], [ -0.46439950091244, 51.565601992025968 ], [ -0.464412742011267, 51.565602962883894 ] ] ] } },
{ "type": "Feature", "properties": { "_source_path": "C:\\Uni\\HS2\\HS2_ADS_GIS\\2025-11-24_HIS_HSTWO_CH_HERDS_Feature_Ply\\2025-11-24_HIS_HSTWO_CH_HERDS_Feature_Ply.shp", "_source_layer": "", "box_id": "box_05", "section": "HS2 Phase 1", "HS2_AssetI": null, "HS2_AssetN": null, "HS2_Suitab": "SC7", "HS2_Phase": "R1", "HS2_DocNum": "1EW02-CSJ-GI-GDD-S002-000019", "HS2_DocRev": "C02", "HS2_RevDat": "2021-07-05T00:00:00", "HS2_Layer": "HIS_CSJ_1EW02_CH_HERDS_Feature_Ply", "Contract": "1EW02", "Originator": "CSJ", "CreatedAt": "2021-03-11T00:00:00", "LastEdited": "2021-06-29T00:00:00", "HS2_SupDoc": null, "FeatID": "1S19SSPTT_FTR_000056", "WSIIntID": "1S19SSPTT_INT000081", "MonType": "DITCH", "MonDesc": "3025", "Period": "ROMAN", "PeriodPhas": 0, "PeriodSubP": "N/A", "PhaseDesc": null, "BuildMater": "CLAY", "ArchScienc": "N/A", "Evidence": "EXCAVATED FEATURE", "MaxLength": 2.2 }, "geometry": { "type": "Polygon", "coordinates": [ [ [ -0.464363528296938, 51.565628477814698 ], [ -0.464364175346002, 51.565629657052078 ], [ -0.464352834207933, 51.56563563046609 ], [ -0.464352315845307, 51.565634443021295 ], [ -0.464350949847965, 51.56563070691616 ], [ -0.464348389297421, 51.565619644608105 ], [ -0.464346723269776, 51.565616248974038 ], [ -0.464345885942323, 51.565615193136004 ], [ -0.464358077966416, 51.56560884509603 ], [ -0.464358849007035, 51.565609812843292 ], [ -0.464362403215054, 51.565615234824591 ], [ -0.464362422599219, 51.565616715176745 ], [ -0.464361621061019, 51.565618751288703 ], [ -0.464359740150024, 51.565621691369444 ], [ -0.464361763227017, 51.565624895647765 ], [ -0.464363528296938, 51.565628477814698 ] ] ] } },
{ "type": "Feature", "properties": { "_source_path": "C:\\Uni\\HS2\\HS2_ADS_GIS\\2025-11-24_HIS_HSTWO_CH_HERDS_Feature_Ply\\2025-11-24_HIS_HSTWO_CH_HERDS_Feature_Ply.shp", "_source_layer": "", "box_id": "box_05", "section": "HS2 Phase 1", "HS2_AssetI": null, "HS2_AssetN": null, "HS2_Suitab": "SC7", "HS2_Phase": "R1", "HS2_DocNum": "1EW02-CSJ-GI-GDD-S002-000019", "HS2_DocRev": "C02", "HS2_RevDat": "2021-07-05T00:00:00", "HS2_Layer": "HIS_CSJ_1EW02_CH_HERDS_Feature_Ply", "Contract": "1EW02", "Originator": "CSJ", "CreatedAt": "2021-03-11T00:00:00", "LastEdited": "2021-06-29T00:00:00", "HS2_SupDoc": null, "FeatID": "1S19SSPTT_FTR_000057", "WSIIntID": "1S19SSPTT_INT000081", "MonType": "DITCH", "MonDesc": "3022", "Period": "ROMAN", "PeriodPhas": 0, "PeriodSubP": "N/A", "PhaseDesc": null, "BuildMater": "CLAY", "ArchScienc": "N/A", "Evidence": "EXCAVATED FEATURE", "MaxLength": 2.2 }, "geometry": { "type": "Polygon", "coordinates": [ [ [ -0.464352523946806, 51.565634989766018 ], [ -0.464352799777533, 51.565635624620306 ], [ -0.46433888489134, 51.565642876300764 ], [ -0.464337752202459, 51.565641765342797 ], [ -0.46433439644424, 51.565638761233814 ], [ -0.464331466243579, 51.565635545084753 ], [ -0.464331518991479, 51.565633979352377 ], [ -0.464332203646318, 51.565633357066559 ], [ -0.464333344795135, 51.565632675111942 ], [ -0.46433375039566, 51.565632027593502 ], [ -0.464331369715684, 51.565629074010666 ], [ -0.464328744187047, 51.565625122698286 ], [ -0.464328389336015, 51.565624263806008 ], [ -0.464345920372707, 51.565615198981817 ], [ -0.464346696038979, 51.565616286384504 ], [ -0.464348376389709, 51.565619599478723 ], [ -0.464350918574421, 51.56563069301879 ], [ -0.464352315663629, 51.565634448414173 ], [ -0.464352523946806, 51.565634989766018 ] ] ] } },
{ "type": "Feature", "properties": { "_source_path": "C:\\Uni\\HS2\\HS2_ADS_GIS\\2025-11-24_HIS_HSTWO_CH_HERDS_Feature_Ply\\2025-11-24_HIS_HSTWO_CH_HERDS_Feature_Ply.shp", "_source_layer": "", "box_id": "box_05", "section": "HS2 Phase 1", "HS2_AssetI": null, "HS2_AssetN": null, "HS2_Suitab": "SC7", "HS2_Phase": "R1", "HS2_DocNum": "1EW02-CSJ-GI-GDD-S002-000019", "HS2_DocRev": "C02", "HS2_RevDat": "2021-07-05T00:00:00", "HS2_Layer": "HIS_CSJ_1EW02_CH_HERDS_Feature_Ply", "Contract": "1EW02", "Originator": "CSJ", "CreatedAt": "2021-03-11T00:00:00", "LastEdited": "2021-06-29T00:00:00", "HS2_SupDoc": null, "FeatID": "1S19SSPTT_FTR_000058", "WSIIntID": "1S19SSPTT_INT000081", "MonType": "DITCH", "MonDesc": "3028", "Period": "UNKNOWN", "PeriodPhas": 0, "PeriodSubP": "N/A", "PhaseDesc": null, "BuildMater": "CLAY", "ArchScienc": "N/A", "Evidence": "EXCAVATED FEATURE", "MaxLength": 3.3 }, "geometry": { "type": "Polygon", "coordinates": [ [ [ -0.464336642311449, 51.565644131925517 ], [ -0.464317552511352, 51.565654111528502 ], [ -0.464313096568287, 51.565654727626224 ], [ -0.464303538119322, 51.565655451399955 ], [ -0.464294421038523, 51.565656050563263 ], [ -0.464282009418592, 51.565656453747934 ], [ -0.464269799402925, 51.565656054777214 ], [ -0.464267815040301, 51.565655898424218 ], [ -0.464285030405908, 51.565646868144164 ], [ -0.464288164389383, 51.56564634804878 ], [ -0.464299109710421, 51.565643858393472 ], [ -0.464313236161776, 51.565643346362307 ], [ -0.464326730132403, 51.565642935756557 ], [ -0.464333959980168, 51.565643922379088 ], [ -0.464336642311449, 51.565644131925517 ] ] ] } },
{ "type": "Feature", "properties": { "_source_path": "C:\\Uni\\HS2\\HS2_ADS_GIS\\2025-11-24_HIS_HSTWO_CH_HERDS_Feature_Ply\\2025-11-24_HIS_HSTWO_CH_HERDS_Feature_Ply.shp", "_source_layer": "", "box_id": "box_05", "section": "HS2 Phase 1", "HS2_AssetI": null, "HS2_AssetN": null, "HS2_Suitab": "SC7", "HS2_Phase": "R1", "HS2_DocNum": "1EW02-CSJ-GI-GDD-S002-000019", "HS2_DocRev": "C02", "HS2_RevDat": "2021-07-05T00:00:00", "HS2_Layer": "HIS_CSJ_1EW02_CH_HERDS_Feature_Ply", "Contract": "1EW02", "Originator": "CSJ", "CreatedAt": "2021-03-11T00:00:00", "LastEdited": "2021-06-29T00:00:00", "HS2_SupDoc": null, "FeatID": "1S19SSPTT_FTR_000059", "WSIIntID": "1S19SSPTT_INT000081", "MonType": "DITCH", "MonDesc": "3054", "Period": "UNKNOWN", "PeriodPhas": 0, "PeriodSubP": "N/A", "PhaseDesc": null, "BuildMater": "CLAY", "ArchScienc": "N/A", "Evidence": "EXCAVATED FEATURE", "MaxLength": 2.4 }, "geometry": { "type": "Polygon", "coordinates": [ [ [ -0.464301025522283, 51.56566266614751 ], [ -0.464287339474297, 51.565669805717654 ], [ -0.464284975168799, 51.565669492426693 ], [ -0.464266601392776, 51.565667554279102 ], [ -0.464250703398359, 51.565666474900759 ], [ -0.464248267688802, 51.565666225417701 ], [ -0.464260640087093, 51.565659706200819 ], [ -0.464263504279993, 51.565659699620909 ], [ -0.464268265109057, 51.56565936986658 ], [ -0.464284201536327, 51.56566007927124 ], [ -0.46429888262582, 51.565661990675153 ], [ -0.464301025522283, 51.56566266614751 ] ] ] } },
{ "type": "Feature", "properties": { "_source_path": "C:\\Uni\\HS2\\HS2_ADS_GIS\\2025-11-24_HIS_HSTWO_CH_HERDS_Feature_Ply\\2025-11-24_HIS_HSTWO_CH_HERDS_Feature_Ply.shp", "_source_layer": "", "box_id": "box_05", "section": "HS2 Phase 1", "HS2_AssetI": null, "HS2_AssetN": null, "HS2_Suitab": "SC7", "HS2_Phase": "R1", "HS2_DocNum": "1EW02-CSJ-GI-GDD-S002-000019", "HS2_DocRev": "C02", "HS2_RevDat": "2021-07-05T00:00:00", "HS2_Layer": "HIS_CSJ_1EW02_CH_HERDS_Feature_Ply", "Contract": "1EW02", "Originator": "CSJ", "CreatedAt": "2021-03-11T00:00:00", "LastEdited": "2021-06-29T00:00:00", "HS2_SupDoc": null, "FeatID": "1S19SSPTT_FTR_000060", "WSIIntID": "1S19SSPTT_INT000081", "MonType": "DITCH", "MonDesc": "3056", "Period": "MEDIEVAL", "PeriodPhas": 0, "PeriodSubP": "N/A", "PhaseDesc": null, "BuildMater": "CLAY", "ArchScienc": "N/A", "Evidence": "EXCAVATED FEATURE", "MaxLength": 2.4 }, "geometry": { "type": "Polygon", "coordinates": [ [ [ -0.464287233832434, 51.56566981512573 ], [ -0.464267338703945, 51.565680143865833 ], [ -0.464265619764114, 51.565679860600859 ], [ -0.464251934888968, 51.565677243761286 ], [ -0.464235738949206, 51.565674387241181 ], [ -0.464233393070336, 51.565674040919561 ], [ -0.46424830662742, 51.565666225927288 ], [ -0.464266609319048, 51.565667575963829 ], [ -0.464285026723581, 51.565669503891854 ], [ -0.464287233832434, 51.56566981512573 ] ] ] } },
{ "type": "Feature", "properties": { "_source_path": "C:\\Uni\\HS2\\HS2_ADS_GIS\\2025-11-24_HIS_HSTWO_CH_HERDS_Feature_Ply\\2025-11-24_HIS_HSTWO_CH_HERDS_Feature_Ply.shp", "_source_layer": "", "box_id": "box_05", "section": "HS2 Phase 1", "HS2_AssetI": null, "HS2_AssetN": null, "HS2_Suitab": "SC7", "HS2_Phase": "R1", "HS2_DocNum": "1EW02-CSJ-GI-GDD-S002-000019", "HS2_DocRev": "C02", "HS2_RevDat": "2021-07-05T00:00:00", "HS2_Layer": "HIS_CSJ_1EW02_CH_HERDS_Feature_Ply", "Contract": "1EW02", "Originator": "CSJ", "CreatedAt": "2021-03-11T00:00:00", "LastEdited": "2021-06-29T00:00:00", "HS2_SupDoc": null, "FeatID": "1S19SSPTT_FTR_000061", "WSIIntID": "1S19SSPTT_INT000081", "MonType": "DITCH", "MonDesc": "3039", "Period": "UNKNOWN", "PeriodPhas": 0, "PeriodSubP": "N/A", "PhaseDesc": null, "BuildMater": "CLAY", "ArchScienc": "N/A", "Evidence": "EXCAVATED FEATURE", "MaxLength": 0.0 }, "geometry": { "type": "Polygon", "coordinates": [ [ [ -0.464215380911707, 51.565707105621755 ], [ -0.464196829224344, 51.565716657029981 ], [ -0.464195551652917, 51.565716249154697 ], [ -0.464190811925902, 51.565714924637135 ], [ -0.464187284180124, 51.565713899231298 ], [ -0.464183916718573, 51.565711199796837 ], [ -0.464175561810348, 51.565705235705337 ], [ -0.464174911796321, 51.565704829748114 ], [ -0.464195212207007, 51.565694163728686 ], [ -0.464196101727402, 51.565694740972276 ], [ -0.464204254710835, 51.565699418348892 ], [ -0.464210022514775, 51.56570238928407 ], [ -0.464215380911707, 51.565707105621755 ] ] ] } },
{ "type": "Feature", "properties": { "_source_path": "C:\\Uni\\HS2\\HS2_ADS_GIS\\2025-11-24_HIS_HSTWO_CH_HERDS_Feature_Ply\\2025-11-24_HIS_HSTWO_CH_HERDS_Feature_Ply.shp", "_source_layer": "", "box_id": "box_05", "section": "HS2 Phase 1", "HS2_AssetI": null, "HS2_AssetN": null, "HS2_Suitab": "SC7", "HS2_Phase": "R1", "HS2_DocNum": "1EW02-CSJ-GI-GDD-S002-000019", "HS2_DocRev": "C02", "HS2_RevDat": "2021-07-05T00:00:00", "HS2_Layer": "HIS_CSJ_1EW02_CH_HERDS_Feature_Ply", "Contract": "1EW02", "Originator": "CSJ", "CreatedAt": "2021-03-11T00:00:00", "LastEdited": "2021-06-29T00:00:00", "HS2_SupDoc": null, "FeatID": "1S19SSPTT_FTR_000062", "WSIIntID": "1S19SSPTT_INT000020", "MonType": "GULLY", "MonDesc": "6005", "Period": "UNKNOWN", "PeriodPhas": 0, "PeriodSubP": "N/A", "PhaseDesc": null, "BuildMater": "CLAY", "ArchScienc": "N/A", "Evidence": "EXCAVATED FEATURE", "MaxLength": 1.9 }, "geometry": { "type": "Polygon", "coordinates": [ [ [ -0.463870156004214, 51.565882597319145 ], [ -0.463867862399467, 51.565882240884022 ], [ -0.463852996224991, 51.565879826144162 ], [ -0.463842775347696, 51.565877428147004 ], [ -0.463840422029969, 51.565876788577953 ], [ -0.463842112216001, 51.565874328884341 ], [ -0.463844569340091, 51.565874970711349 ], [ -0.463852066516503, 51.565876331336945 ], [ -0.463860522294835, 51.565877246812185 ], [ -0.463869921370191, 51.565879198833521 ], [ -0.46387214358117, 51.565879575915169 ], [ -0.463870156004214, 51.565882597319145 ] ] ] } },
{ "type": "Feature", "properties": { "_source_path": "C:\\Uni\\HS2\\HS2_ADS_GIS\\2025-11-24_HIS_HSTWO_CH_HERDS_Feature_Ply\\2025-11-24_HIS_HSTWO_CH_HERDS_Feature_Ply.shp", "_source_layer": "", "box_id": "box_05", "section": "HS2 Phase 1", "HS2_AssetI": null, "HS2_AssetN": null, "HS2_Suitab": "SC7", "HS2_Phase": "R1", "HS2_DocNum": "1EW02-CSJ-GI-GDD-S002-000019", "HS2_DocRev": "C02", "HS2_RevDat": "2021-07-05T00:00:00", "HS2_Layer": "HIS_CSJ_1EW02_CH_HERDS_Feature_Ply", "Contract": "1EW02", "Originator": "CSJ", "CreatedAt": "2021-03-11T00:00:00", "LastEdited": "2021-06-29T00:00:00", "HS2_SupDoc": null, "FeatID": "1S19SSPTT_FTR_000063", "WSIIntID": "1S19SSPTT_INT000006", "MonType": "DITCH", "MonDesc": "6003", "Period": "UNKNOWN", "PeriodPhas": 0, "PeriodSubP": "N/A", "PhaseDesc": null, "BuildMater": "CLAY", "ArchScienc": "N/A", "Evidence": "EXCAVATED FEATURE", "MaxLength": 3.0 }, "geometry": { "type": "Polygon", "coordinates": [ [ [ -0.46386354413735, 51.565892000128827 ], [ -0.463856640601787, 51.565902008784199 ], [ -0.463854077439822, 51.565901388049696 ], [ -0.463842676844733, 51.565897690539572 ], [ -0.463830566473001, 51.565894375792702 ], [ -0.463828765431442, 51.565893917000039 ], [ -0.463835490439748, 51.56588402560422 ], [ -0.463837565398935, 51.565884619266846 ], [ -0.463849512975526, 51.565887627050095 ], [ -0.463861223613474, 51.56589141494203 ], [ -0.46386354413735, 51.565892000128827 ] ] ] } },
{ "type": "Feature", "properties": { "_source_path": "C:\\Uni\\HS2\\HS2_ADS_GIS\\2025-11-24_HIS_HSTWO_CH_HERDS_Feature_Ply\\2025-11-24_HIS_HSTWO_CH_HERDS_Feature_Ply.shp", "_source_layer": "", "box_id": "box_05", "section": "HS2 Phase 1", "HS2_AssetI": null, "HS2_AssetN": null, "HS2_Suitab": "SC7", "HS2_Phase": "R1", "HS2_DocNum": "1EW02-CSJ-GI-GDD-S002-000019", "HS2_DocRev": "C02", "HS2_RevDat": "2021-07-05T00:00:00", "HS2_Layer": "HIS_CSJ_1EW02_CH_HERDS_Feature_Ply", "Contract": "1EW02", "Originator": "CSJ", "CreatedAt": "2021-03-11T00:00:00", "LastEdited": "2021-06-29T00:00:00", "HS2_SupDoc": null, "FeatID": "1S19SSPTT_FTR_000064", "WSIIntID": "1S19SSPTT_INT000084", "MonType": "DITCH", "MonDesc": "6007", "Period": "UNKNOWN", "PeriodPhas": 0, "PeriodSubP": "N/A", "PhaseDesc": null, "BuildMater": "CLAY", "ArchScienc": "N/A", "Evidence": "EXCAVATED FEATURE", "MaxLength": 1.0 }, "geometry": { "type": "Polygon", "coordinates": [ [ [ -0.463773742704381, 51.565974261366804 ], [ -0.463775192529593, 51.565974781205043 ], [ -0.463780792340518, 51.565976486573014 ], [ -0.463783169248796, 51.565977453764212 ], [ -0.463785119110069, 51.565978677035133 ], [ -0.463786345200505, 51.565979585100543 ], [ -0.463787329914674, 51.565981447664178 ], [ -0.46378783007979, 51.565983217560913 ], [ -0.463786354011476, 51.565984503890789 ], [ -0.463783893358001, 51.56598499412091 ], [ -0.463780239057144, 51.565984598291237 ], [ -0.463777523550338, 51.565984345135867 ], [ -0.463775280656813, 51.565983554145475 ], [ -0.463769923119783, 51.565981895110745 ], [ -0.463768818625049, 51.565981531759292 ], [ -0.463773742704381, 51.565974261366804 ] ] ] } },
{ "type": "Feature", "properties": { "_source_path": "C:\\Uni\\HS2\\HS2_ADS_GIS\\2025-11-24_HIS_HSTWO_CH_HERDS_Feature_Ply\\2025-11-24_HIS_HSTWO_CH_HERDS_Feature_Ply.shp", "_source_layer": "", "box_id": "box_05", "section": "HS2 Phase 1", "HS2_AssetI": null, "HS2_AssetN": null, "HS2_Suitab": "SC7", "HS2_Phase": "R1", "HS2_DocNum": "1EW02-CSJ-GI-GDD-S002-000019", "HS2_DocRev": "C02", "HS2_RevDat": "2021-07-05T00:00:00", "HS2_Layer": "HIS_CSJ_1EW02_CH_HERDS_Feature_Ply", "Contract": "1EW02", "Originator": "CSJ", "CreatedAt": "2021-03-11T00:00:00", "LastEdited": "2021-06-29T00:00:00", "HS2_SupDoc": null, "FeatID": "1S19SSPTT_FTR_000065", "WSIIntID": "1S19SSPTT_INT000023", "MonType": "DITCH", "MonDesc": "9003", "Period": "UNKNOWN", "PeriodPhas": 0, "PeriodSubP": "N/A", "PhaseDesc": null, "BuildMater": "CLAY", "ArchScienc": "N/A", "Evidence": "EXCAVATED FEATURE", "MaxLength": 2.1 }, "geometry": { "type": "Polygon", "coordinates": [ [ [ -0.463556763015571, 51.565970202405403 ], [ -0.463558343228763, 51.565970963143073 ], [ -0.463563394419948, 51.565972378987134 ], [ -0.463569692964798, 51.565974071932104 ], [ -0.463572896217299, 51.565976420341123 ], [ -0.463574452940073, 51.56597792082033 ], [ -0.463574293962475, 51.565978485240862 ], [ -0.463573718237009, 51.56597900014409 ], [ -0.463572373829348, 51.56597950498368 ], [ -0.463568676132887, 51.565979369349968 ], [ -0.463565546818473, 51.565978979487539 ], [ -0.46356013192545, 51.565977994998477 ], [ -0.463552877576869, 51.565975636713453 ], [ -0.463551219365181, 51.565975092563185 ], [ -0.463556763015571, 51.565970202405403 ] ] ] } },
{ "type": "Feature", "properties": { "_source_path": "C:\\Uni\\HS2\\HS2_ADS_GIS\\2025-11-24_HIS_HSTWO_CH_HERDS_Feature_Ply\\2025-11-24_HIS_HSTWO_CH_HERDS_Feature_Ply.shp", "_source_layer": "", "box_id": "box_05", "section": "HS2 Phase 1", "HS2_AssetI": null, "HS2_AssetN": null, "HS2_Suitab": "SC7", "HS2_Phase": "R1", "HS2_DocNum": "1EW02-CSJ-GI-GDD-S002-000019", "HS2_DocRev": "C02", "HS2_RevDat": "2021-07-05T00:00:00", "HS2_Layer": "HIS_CSJ_1EW02_CH_HERDS_Feature_Ply", "Contract": "1EW02", "Originator": "CSJ", "CreatedAt": "2021-03-11T00:00:00", "LastEdited": "2021-06-29T00:00:00", "HS2_SupDoc": null, "FeatID": "1S19SSPTT_FTR_000066", "WSIIntID": "1S19SSPTT_INT000023", "MonType": "DITCH", "MonDesc": "9005", "Period": "MEDIEVAL", "PeriodPhas": 0, "PeriodSubP": "N/A", "PhaseDesc": null, "BuildMater": "CLAY", "ArchScienc": "N/A", "Evidence": "EXCAVATED FEATURE", "MaxLength": 0.7 }, "geometry": { "type": "Polygon", "coordinates": [ [ [ -0.463580133226155, 51.565981390600989 ], [ -0.463571366376323, 51.565988676318156 ], [ -0.463570035177164, 51.56598878927538 ], [ -0.463562146448338, 51.565988685995492 ], [ -0.463558117345237, 51.565988023582037 ], [ -0.463552822997086, 51.565985517410212 ], [ -0.463551260385374, 51.565984234462299 ], [ -0.463551360420904, 51.565983321276107 ], [ -0.463552089204858, 51.565982460382848 ], [ -0.463553458558288, 51.565981172658752 ], [ -0.46355586465242, 51.565980246501837 ], [ -0.463560534300217, 51.565980568408264 ], [ -0.463569187317015, 51.565980812079715 ], [ -0.463578740103725, 51.565981286038159 ], [ -0.463580133226155, 51.565981390600989 ] ] ] } },
{ "type": "Feature", "properties": { "_source_path": "C:\\Uni\\HS2\\HS2_ADS_GIS\\2025-11-24_HIS_HSTWO_CH_HERDS_Feature_Ply\\2025-11-24_HIS_HSTWO_CH_HERDS_Feature_Ply.shp", "_source_layer": "", "box_id": "box_05", "section": "HS2 Phase 1", "HS2_AssetI": null, "HS2_AssetN": null, "HS2_Suitab": "SC7", "HS2_Phase": "R1", "HS2_DocNum": "1EW02-CSJ-GI-GDD-S002-000019", "HS2_DocRev": "C02", "HS2_RevDat": "2021-07-05T00:00:00", "HS2_Layer": "HIS_CSJ_1EW02_CH_HERDS_Feature_Ply", "Contract": "1EW02", "Originator": "CSJ", "CreatedAt": "2021-03-11T00:00:00", "LastEdited": "2021-06-29T00:00:00", "HS2_SupDoc": null, "FeatID": "1S19SSPTT_FTR_000067", "WSIIntID": "1S19SSPTT_INT000023", "MonType": "GULLY", "MonDesc": "9007", "Period": "UNKNOWN", "PeriodPhas": 0, "PeriodSubP": "N/A", "PhaseDesc": null, "BuildMater": "CLAY", "ArchScienc": "N/A", "Evidence": "EXCAVATED FEATURE", "MaxLength": 2.4 }, "geometry": { "type": "Polygon", "coordinates": [ [ [ -0.463384547173716, 51.566140371890391 ], [ -0.46338135831332, 51.566140678130644 ], [ -0.463372312263676, 51.566141734951174 ], [ -0.463364719705633, 51.566143202857951 ], [ -0.463360032426351, 51.566143446315621 ], [ -0.463356268431552, 51.566143222583854 ], [ -0.463353926863592, 51.56614223426574 ], [ -0.463351731035616, 51.566141074308504 ], [ -0.46335025675047, 51.566139182850542 ], [ -0.463352562554861, 51.566137123280036 ], [ -0.463357516406748, 51.566137275368398 ], [ -0.463363727886792, 51.566137399862441 ], [ -0.463372053890291, 51.566136987339689 ], [ -0.463378843996596, 51.566136553806622 ], [ -0.463388091829517, 51.566135717236335 ], [ -0.463390790334346, 51.566135447737452 ], [ -0.463384547173716, 51.566140371890391 ] ] ] } },
{ "type": "Feature", "properties": { "_source_path": "C:\\Uni\\HS2\\HS2_ADS_GIS\\2025-11-24_HIS_HSTWO_CH_HERDS_Feature_Ply\\2025-11-24_HIS_HSTWO_CH_HERDS_Feature_Ply.shp", "_source_layer": "", "box_id": "box_05", "section": "HS2 Phase 1", "HS2_AssetI": null, "HS2_AssetN": null, "HS2_Suitab": "SC7", "HS2_Phase": "R1", "HS2_DocNum": "1EW02-CSJ-GI-GDD-S002-000019", "HS2_DocRev": "C02", "HS2_RevDat": "2021-07-05T00:00:00", "HS2_Layer": "HIS_CSJ_1EW02_CH_HERDS_Feature_Ply", "Contract": "1EW02", "Originator": "CSJ", "CreatedAt": "2021-03-11T00:00:00", "LastEdited": "2021-06-29T00:00:00", "HS2_SupDoc": null, "FeatID": "1S19SSPTT_FTR_000068", "WSIIntID": "1S19SSPTT_INT000091", "MonType": "PIT", "MonDesc": "3007 Hoard Pit", "Period": "IRON AGE", "PeriodPhas": 0, "PeriodSubP": "N/A", "PhaseDesc": null, "BuildMater": "CLAY", "ArchScienc": "N/A", "Evidence": "EXCAVATED FEATURE", "MaxLength": 0.36 }, "geometry": { "type": "Polygon", "coordinates": [ [ [ -0.463094543612825, 51.566080310807862 ], [ -0.46309390748709, 51.566080520085755 ], [ -0.463092336949407, 51.566080499517824 ], [ -0.463091191978716, 51.566080266914497 ], [ -0.463090186899826, 51.566080036143184 ], [ -0.463089779667388, 51.566079704397026 ], [ -0.463089476272165, 51.566079374010734 ], [ -0.46309009613252, 51.566078577336128 ], [ -0.463090638009899, 51.566078039511737 ], [ -0.463091796890528, 51.566077859560153 ], [ -0.463093289414862, 51.566078139877142 ], [ -0.463094248880635, 51.566078696464054 ], [ -0.463095087641825, 51.566079709167767 ], [ -0.463094543612825, 51.566080310807862 ] ] ] } },
{ "type": "Feature", "properties": { "_source_path": "C:\\Uni\\HS2\\HS2_ADS_GIS\\2025-11-24_HIS_HSTWO_CH_HERDS_Feature_Ply\\2025-11-24_HIS_HSTWO_CH_HERDS_Feature_Ply.shp", "_source_layer": "", "box_id": "box_05", "section": "HS2 Phase 1", "HS2_AssetI": null, "HS2_AssetN": null, "HS2_Suitab": "SC7", "HS2_Phase": "R1", "HS2_DocNum": "1EW02-CSJ-GI-GDD-S002-000019", "HS2_DocRev": "C02", "HS2_RevDat": "2021-07-05T00:00:00", "HS2_Layer": "HIS_CSJ_1EW02_CH_HERDS_Feature_Ply", "Contract": "1EW02", "Originator": "CSJ", "CreatedAt": "2021-03-11T00:00:00", "LastEdited": "2021-06-29T00:00:00", "HS2_SupDoc": null, "FeatID": "1S19SSPTT_FTR_000069", "WSIIntID": "1S19SSPTT_INT000003", "MonType": "PIT", "MonDesc": "3003", "Period": "UNKNOWN", "PeriodPhas": 0, "PeriodSubP": "N/A", "PhaseDesc": null, "BuildMater": "CLAY", "ArchScienc": "N/A", "Evidence": "EXCAVATED FEATURE", "MaxLength": 9.0 }, "geometry": { "type": "Polygon", "coordinates": [ [ [ -0.463290822484633, 51.56596294368763 ], [ -0.463291491138039, 51.565963823777139 ], [ -0.463291857910539, 51.565964328540218 ], [ -0.463291693796388, 51.565965088021578 ], [ -0.463290313289012, 51.565965636446521 ], [ -0.463288805374163, 51.565965812728834 ], [ -0.463287553671723, 51.565965621891877 ], [ -0.46328652058762, 51.565965194727895 ], [ -0.463285673006593, 51.565964443579958 ], [ -0.4632856221141, 51.565963898891887 ], [ -0.463288680498555, 51.565962241232505 ], [ -0.463290822484633, 51.56596294368763 ] ] ] } },
{ "type": "Feature", "properties": { "_source_path": "C:\\Uni\\HS2\\HS2_ADS_GIS\\2025-11-24_HIS_HSTWO_CH_HERDS_Feature_Ply\\2025-11-24_HIS_HSTWO_CH_HERDS_Feature_Ply.shp", "_source_layer": "", "box_id": "box_05", "section": "HS2 Phase 1", "HS2_AssetI": null, "HS2_AssetN": null, "HS2_Suitab": "SC7", "HS2_Phase": "R1", "HS2_DocNum": "1EW02-CSJ-GI-GDD-S002-000019", "HS2_DocRev": "C02", "HS2_RevDat": "2021-07-05T00:00:00", "HS2_Layer": "HIS_CSJ_1EW02_CH_HERDS_Feature_Ply", "Contract": "1EW02", "Originator": "CSJ", "CreatedAt": "2021-03-11T00:00:00", "LastEdited": "2021-06-29T00:00:00", "HS2_SupDoc": null, "FeatID": "1S19SSPTT_FTR_000070", "WSIIntID": "1S19SSPTT_INT000085", "MonType": "PIT", "MonDesc": "7006", "Period": "UNKNOWN", "PeriodPhas": 0, "PeriodSubP": "N/A", "PhaseDesc": null, "BuildMater": "CLAY", "ArchScienc": "N/A", "Evidence": "EXCAVATED FEATURE", "MaxLength": 3.2 }, "geometry": { "type": "Polygon", "coordinates": [ [ [ -0.46346364599465, 51.565606863560369 ], [ -0.463465804194564, 51.565578064063679 ], [ -0.463466977889085, 51.565578471486127 ], [ -0.463471113124433, 51.565580136112601 ], [ -0.463475722603386, 51.565582199003444 ], [ -0.463480489862231, 51.565585830382659 ], [ -0.463482878889839, 51.565589561908453 ], [ -0.463483795355187, 51.565593448600886 ], [ -0.463482755864799, 51.565597363636847 ], [ -0.463480423693452, 51.565600249238152 ], [ -0.463477200527849, 51.5656026016323 ], [ -0.463474838729882, 51.565604311578909 ], [ -0.463471784811856, 51.565605794854932 ], [ -0.463468343446536, 51.565606359461277 ], [ -0.463465112680149, 51.565606882763667 ], [ -0.46346364599465, 51.565606863560369 ] ] ] } },
{ "type": "Feature", "properties": { "_source_path": "C:\\Uni\\HS2\\HS2_ADS_GIS\\2025-11-24_HIS_HSTWO_CH_HERDS_Feature_Ply\\2025-11-24_HIS_HSTWO_CH_HERDS_Feature_Ply.shp", "_source_layer": "", "box_id": "box_05", "section": "HS2 Phase 1", "HS2_AssetI": null, "HS2_AssetN": null, "HS2_Suitab": "SC7", "HS2_Phase": "R1", "HS2_DocNum": "1EW02-CSJ-GI-GDD-S002-000019", "HS2_DocRev": "C02", "HS2_RevDat": "2021-07-05T00:00:00", "HS2_Layer": "HIS_CSJ_1EW02_CH_HERDS_Feature_Ply", "Contract": "1EW02", "Originator": "CSJ", "CreatedAt": "2021-03-11T00:00:00", "LastEdited": "2021-06-29T00:00:00", "HS2_SupDoc": null, "FeatID": "1S19SSPTT_FTR_000071", "WSIIntID": "1S19SSPTT_INT000007", "MonType": "PIT", "MonDesc": "7003", "Period": "UNKNOWN", "PeriodPhas": 0, "PeriodSubP": "N/A", "PhaseDesc": null, "BuildMater": "CLAY", "ArchScienc": "N/A", "Evidence": "EXCAVATED FEATURE", "MaxLength": 2.0 }, "geometry": { "type": "Polygon", "coordinates": [ [ [ -0.463493832364787, 51.565581652000688 ], [ -0.463492374466099, 51.565581372142056 ], [ -0.4634909157058, 51.565580090552878 ], [ -0.463489483498703, 51.565579048501021 ], [ -0.463488931819689, 51.565577822849278 ], [ -0.463489065697946, 51.565576975748442 ], [ -0.463490022097022, 51.565576553053035 ], [ -0.463491594102154, 51.565576529573647 ], [ -0.463492532129413, 51.565576694720633 ], [ -0.463493420923473, 51.565577250379071 ], [ -0.4634941970955, 51.565578065333675 ], [ -0.463493832364787, 51.565581652000688 ] ] ] } },
{ "type": "Feature", "properties": { "_source_path": "C:\\Uni\\HS2\\HS2_ADS_GIS\\2025-11-24_HIS_HSTWO_CH_HERDS_Feature_Ply\\2025-11-24_HIS_HSTWO_CH_HERDS_Feature_Ply.shp", "_source_layer": "", "box_id": "box_05", "section": "HS2 Phase 1", "HS2_AssetI": null, "HS2_AssetN": null, "HS2_Suitab": "SC7", "HS2_Phase": "R1", "HS2_DocNum": "1EW02-CSJ-GI-GDD-S002-000019", "HS2_DocRev": "C02", "HS2_RevDat": "2021-07-05T00:00:00", "HS2_Layer": "HIS_CSJ_1EW02_CH_HERDS_Feature_Ply", "Contract": "1EW02", "Originator": "CSJ", "CreatedAt": "2021-03-11T00:00:00", "LastEdited": "2021-06-29T00:00:00", "HS2_SupDoc": null, "FeatID": "1S19SSPTT_FTR_000072", "WSIIntID": "1S19SSPTT_INT000085", "MonType": "DITCH", "MonDesc": "7010", "Period": "UNKNOWN", "PeriodPhas": 0, "PeriodSubP": "N/A", "PhaseDesc": null, "BuildMater": "CLAY", "ArchScienc": "N/A", "Evidence": "EXCAVATED FEATURE", "MaxLength": 2.2 }, "geometry": { "type": "Polygon", "coordinates": [ [ [ -0.463466158358539, 51.565572736389008 ], [ -0.463466912648357, 51.565563071671001 ], [ -0.4634681642673, 51.56556245141816 ], [ -0.463476983092392, 51.565558800993408 ], [ -0.463486995393879, 51.565554971065538 ], [ -0.463494965289137, 51.565551636836794 ], [ -0.463497202736887, 51.565550534026457 ], [ -0.463495839517447, 51.56556302597933 ], [ -0.463494182213372, 51.565563482660082 ], [ -0.463483907702205, 51.565566787614074 ], [ -0.463475357258484, 51.565570266207374 ], [ -0.463467772265081, 51.565572539911166 ], [ -0.463466158358539, 51.565572736389008 ] ] ] } },
{ "type": "Feature", "properties": { "_source_path": "C:\\Uni\\HS2\\HS2_ADS_GIS\\2025-11-24_HIS_HSTWO_CH_HERDS_Feature_Ply\\2025-11-24_HIS_HSTWO_CH_HERDS_Feature_Ply.shp", "_source_layer": "", "box_id": "box_05", "section": "HS2 Phase 1", "HS2_AssetI": null, "HS2_AssetN": null, "HS2_Suitab": "SC7", "HS2_Phase": "R1", "HS2_DocNum": "1EW02-CSJ-GI-GDD-S002-000019", "HS2_DocRev": "C02", "HS2_RevDat": "2021-07-05T00:00:00", "HS2_Layer": "HIS_CSJ_1EW02_CH_HERDS_Feature_Ply", "Contract": "1EW02", "Originator": "CSJ", "CreatedAt": "2021-03-11T00:00:00", "LastEdited": "2021-06-29T00:00:00", "HS2_SupDoc": null, "FeatID": "1S19SSPTT_FTR_000073", "WSIIntID": "1S19SSPTT_INT000085", "MonType": "PIT", "MonDesc": "7008", "Period": "UNKNOWN", "PeriodPhas": 0, "PeriodSubP": "N/A", "PhaseDesc": null, "BuildMater": "CLAY", "ArchScienc": "N/A", "Evidence": "EXCAVATED FEATURE", "MaxLength": 0.25 }, "geometry": { "type": "Polygon", "coordinates": [ [ [ -0.46348063000814, 51.565529623537309 ], [ -0.463479431744078, 51.565529945052141 ], [ -0.463478407521133, 51.565529768885206 ], [ -0.463476667231914, 51.565529049212493 ], [ -0.463475381909824, 51.565528357976859 ], [ -0.463474593583453, 51.565527389997364 ], [ -0.46347491854277, 51.565526566979372 ], [ -0.463475969881294, 51.565525938708944 ], [ -0.463477395656035, 51.565525587801382 ], [ -0.463478901737797, 51.565525465445241 ], [ -0.46348005181682, 51.565525546145381 ], [ -0.463481219299287, 51.565526137824293 ], [ -0.46348183349932, 51.565527049571386 ], [ -0.463482021400204, 51.565528238088731 ], [ -0.463481766028529, 51.56552905122733 ], [ -0.46348063000814, 51.565529623537309 ] ] ] } },
{ "type": "Feature", "properties": { "_source_path": "C:\\Uni\\HS2\\HS2_ADS_GIS\\2025-11-24_HIS_HSTWO_CH_HERDS_Feature_Ply\\2025-11-24_HIS_HSTWO_CH_HERDS_Feature_Ply.shp", "_source_layer": "", "box_id": "box_05", "section": "HS2 Phase 1", "HS2_AssetI": null, "HS2_AssetN": null, "HS2_Suitab": "SC7", "HS2_Phase": "R1", "HS2_DocNum": "1EW02-CSJ-GI-GDD-S002-000019", "HS2_DocRev": "C02", "HS2_RevDat": "2021-07-05T00:00:00", "HS2_Layer": "HIS_CSJ_1EW02_CH_HERDS_Feature_Ply", "Contract": "1EW02", "Originator": "CSJ", "CreatedAt": "2021-03-11T00:00:00", "LastEdited": "2021-06-29T00:00:00", "HS2_SupDoc": null, "FeatID": "1S19SSPTT_FTR_000074", "WSIIntID": "1S19SSPTT_INT000093", "MonType": "DITCH", "MonDesc": "5003", "Period": "UNKNOWN", "PeriodPhas": 0, "PeriodSubP": "N/A", "PhaseDesc": null, "BuildMater": "CLAY", "ArchScienc": "N/A", "Evidence": "EXCAVATED FEATURE", "MaxLength": 2.4 }, "geometry": { "type": "Polygon", "coordinates": [ [ [ -0.462636726323628, 51.565288121077643 ], [ -0.462636267023523, 51.565289333489652 ], [ -0.462630852227166, 51.565300755352077 ], [ -0.462629294799632, 51.56530552324022 ], [ -0.462626841040127, 51.565307863210315 ], [ -0.462624192111527, 51.565309786987207 ], [ -0.462622161657316, 51.565312024597397 ], [ -0.46261859977278, 51.565314066799637 ], [ -0.46261229155573, 51.565316813972707 ], [ -0.462609081322984, 51.565316728755647 ], [ -0.462606111032369, 51.565315732185724 ], [ -0.46260510073504, 51.565314630007755 ], [ -0.462604607187934, 51.565312708225839 ], [ -0.462604673211342, 51.565310750612433 ], [ -0.462605646382827, 51.565308803983804 ], [ -0.462607959526552, 51.565306483753069 ], [ -0.46261005450609, 51.56530237573341 ], [ -0.462610888993958, 51.565301418216784 ], [ -0.462636726323628, 51.565288121077643 ] ] ] } },
{ "type": "Feature", "properties": { "_source_path": "C:\\Uni\\HS2\\HS2_ADS_GIS\\2025-11-24_HIS_HSTWO_CH_HERDS_Feature_Ply\\2025-11-24_HIS_HSTWO_CH_HERDS_Feature_Ply.shp", "_source_layer": "", "box_id": "box_05", "section": "HS2 Phase 1", "HS2_AssetI": null, "HS2_AssetN": null, "HS2_Suitab": "SC7", "HS2_Phase": "R1", "HS2_DocNum": "1EW02-CSJ-GI-GDD-S002-000019", "HS2_DocRev": "C02", "HS2_RevDat": "2021-07-05T00:00:00", "HS2_Layer": "HIS_CSJ_1EW02_CH_HERDS_Feature_Ply", "Contract": "1EW02", "Originator": "CSJ", "CreatedAt": "2021-03-11T00:00:00", "LastEdited": "2021-06-29T00:00:00", "HS2_SupDoc": null, "FeatID": "1S19SSPTT_FTR_000075", "WSIIntID": "1S19SSPTT_INT000093", "MonType": "DITCH", "MonDesc": "5005", "Period": "UNKNOWN", "PeriodPhas": 0, "PeriodSubP": "N/A", "PhaseDesc": null, "BuildMater": "CLAY", "ArchScienc": "N/A", "Evidence": "EXCAVATED FEATURE", "MaxLength": 1.8 }, "geometry": { "type": "Polygon", "coordinates": [ [ [ -0.462578053912796, 51.565343082757913 ], [ -0.462563258399022, 51.565351028571747 ], [ -0.462560989053134, 51.565349953960236 ], [ -0.4625558391496, 51.565347318350298 ], [ -0.462551144355103, 51.565345733583882 ], [ -0.462545113995632, 51.56534434892896 ], [ -0.462535195980854, 51.565342259616507 ], [ -0.462533115182513, 51.565341840300711 ], [ -0.462549966320433, 51.565333006924938 ], [ -0.462552394622714, 51.565333518016331 ], [ -0.462564253575598, 51.565336023911122 ], [ -0.462567917489107, 51.56533711679235 ], [ -0.46257190104807, 51.565339127457861 ], [ -0.462575995122244, 51.565342010905091 ], [ -0.462578053912796, 51.565343082757913 ] ] ] } },
{ "type": "Feature", "properties": { "_source_path": "C:\\Uni\\HS2\\HS2_ADS_GIS\\2025-11-24_HIS_HSTWO_CH_HERDS_Feature_Ply\\2025-11-24_HIS_HSTWO_CH_HERDS_Feature_Ply.shp", "_source_layer": "", "box_id": "box_05", "section": "HS2 Phase 1", "HS2_AssetI": null, "HS2_AssetN": null, "HS2_Suitab": "SC7", "HS2_Phase": "R1", "HS2_DocNum": "1EW02-CSJ-GI-GDD-S002-000019", "HS2_DocRev": "C02", "HS2_RevDat": "2021-07-05T00:00:00", "HS2_Layer": "HIS_CSJ_1EW02_CH_HERDS_Feature_Ply", "Contract": "1EW02", "Originator": "CSJ", "CreatedAt": "2021-03-11T00:00:00", "LastEdited": "2021-06-29T00:00:00", "HS2_SupDoc": null, "FeatID": "1S19SSPTT_FTR_000076", "WSIIntID": "1S19SSPTT_INT000093", "MonType": "PIT", "MonDesc": "5009", "Period": "UNKNOWN", "PeriodPhas": 0, "PeriodSubP": "N/A", "PhaseDesc": null, "BuildMater": "CLAY", "ArchScienc": "N/A", "Evidence": "EXCAVATED FEATURE", "MaxLength": 1.3 }, "geometry": { "type": "Polygon", "coordinates": [ [ [ -0.462498957496261, 51.565382333806696 ], [ -0.462495988186285, 51.565383361367488 ], [ -0.462493850765137, 51.565383594135277 ], [ -0.462491912765268, 51.565383090365515 ], [ -0.462490334816448, 51.565382220838529 ], [ -0.462489255266462, 51.56538111865148 ], [ -0.462489083606573, 51.565379962716683 ], [ -0.462489161496855, 51.565378722828029 ], [ -0.462489804125248, 51.565377251148455 ], [ -0.462491292713018, 51.565375551362287 ], [ -0.462493698068436, 51.565374646798489 ], [ -0.462495638095148, 51.565374106612531 ], [ -0.462497719509871, 51.565373481055595 ], [ -0.462500173534583, 51.565373186793323 ], [ -0.462501841988738, 51.565373426260834 ], [ -0.462503428044811, 51.565374012642884 ], [ -0.462504335990873, 51.565375069419517 ], [ -0.462505057746619, 51.565376427689678 ], [ -0.462504758967936, 51.565378056739775 ], [ -0.462503419832663, 51.565379432071047 ], [ -0.462501480632779, 51.565381017149413 ], [ -0.462498957496261, 51.565382333806696 ] ] ] } },
{ "type": "Feature", "properties": { "_source_path": "C:\\Uni\\HS2\\HS2_ADS_GIS\\2025-11-24_HIS_HSTWO_CH_HERDS_Feature_Ply\\2025-11-24_HIS_HSTWO_CH_HERDS_Feature_Ply.shp", "_source_layer": "", "box_id": "box_05", "section": "HS2 Phase 1", "HS2_AssetI": null, "HS2_AssetN": null, "HS2_Suitab": "SC7", "HS2_Phase": "R1", "HS2_DocNum": "1EW02-CSJ-GI-GDD-S002-000019", "HS2_DocRev": "C02", "HS2_RevDat": "2021-07-05T00:00:00", "HS2_Layer": "HIS_CSJ_1EW02_CH_HERDS_Feature_Ply", "Contract": "1EW02", "Originator": "CSJ", "CreatedAt": "2021-03-11T00:00:00", "LastEdited": "2021-06-29T00:00:00", "HS2_SupDoc": null, "FeatID": "1S19SSPTT_FTR_000077", "WSIIntID": "1S19SSPTT_INT000022", "MonType": "PIT", "MonDesc": "8003", "Period": "UNKNOWN", "PeriodPhas": 0, "PeriodSubP": "N/A", "PhaseDesc": null, "BuildMater": "CLAY", "ArchScienc": "N/A", "Evidence": "EXCAVATED FEATURE", "MaxLength": 0.9 }, "geometry": { "type": "Polygon", "coordinates": [ [ [ -0.463702997663901, 51.566569550584965 ], [ -0.463691671961372, 51.566560544211164 ], [ -0.463692676927288, 51.566559708513616 ], [ -0.463694054479307, 51.566559248167721 ], [ -0.46369562941459, 51.566559181561793 ], [ -0.463697817771357, 51.566559536622307 ], [ -0.463698984204226, 51.566560117494575 ], [ -0.463701167411183, 51.566560625353191 ], [ -0.463703898636919, 51.566562510780656 ], [ -0.463707160135891, 51.566565187260238 ], [ -0.463709432507637, 51.566566174665248 ], [ -0.463708911478628, 51.56656814880251 ], [ -0.463707205592103, 51.566569018486618 ], [ -0.463704610889717, 51.566569332513801 ], [ -0.463702997663901, 51.566569550584965 ] ] ] } },
{ "type": "Feature", "properties": { "_source_path": "C:\\Uni\\HS2\\HS2_ADS_GIS\\2025-11-24_HIS_HSTWO_CH_HERDS_Feature_Ply\\2025-11-24_HIS_HSTWO_CH_HERDS_Feature_Ply.shp", "_source_layer": "", "box_id": "box_05", "section": "HS2 Phase 1", "HS2_AssetI": null, "HS2_AssetN": null, "HS2_Suitab": "SC7", "HS2_Phase": "R1", "HS2_DocNum": "1EW02-CSJ-GI-GDD-S002-000019", "HS2_DocRev": "C02", "HS2_RevDat": "2021-07-05T00:00:00", "HS2_Layer": "HIS_CSJ_1EW02_CH_HERDS_Feature_Ply", "Contract": "1EW02", "Originator": "CSJ", "CreatedAt": "2021-03-11T00:00:00", "LastEdited": "2021-06-29T00:00:00", "HS2_SupDoc": null, "FeatID": "1S19SSPTT_FTR_000078", "WSIIntID": "1S19SSPTT_INT000110", "MonType": "DITCH", "MonDesc": "2003", "Period": "UNKNOWN", "PeriodPhas": 0, "PeriodSubP": "N/A", "PhaseDesc": null, "BuildMater": "CLAY", "ArchScienc": "N/A", "Evidence": "EXCAVATED FEATURE", "MaxLength": 5.4 }, "geometry": { "type": "Polygon", "coordinates": [ [ [ -0.462886147481124, 51.566327817025787 ], [ -0.462876054081865, 51.566326814388944 ], [ -0.462872422644926, 51.566326766824574 ], [ -0.462869168090432, 51.566325940085967 ], [ -0.46286662619606, 51.566324688363572 ], [ -0.462864169682097, 51.566322958480846 ], [ -0.462863171086552, 51.566321508464675 ], [ -0.462863500761447, 51.566320032684182 ], [ -0.462864740484031, 51.566318482499412 ], [ -0.462866447134636, 51.566317590357272 ], [ -0.46286806550791, 51.566317219499453 ], [ -0.462871967951974, 51.566317488222232 ], [ -0.462873693907694, 51.566318077330635 ], [ -0.462886147481124, 51.566327817025787 ] ] ] } },
{ "type": "Feature", "properties": { "_source_path": "C:\\Uni\\HS2\\HS2_ADS_GIS\\2025-11-24_HIS_HSTWO_CH_HERDS_Feature_Ply\\2025-11-24_HIS_HSTWO_CH_HERDS_Feature_Ply.shp", "_source_layer": "", "box_id": "box_05", "section": "HS2 Phase 1", "HS2_AssetI": null, "HS2_AssetN": null, "HS2_Suitab": "SC7", "HS2_Phase": "R1", "HS2_DocNum": "1EW02-CSJ-GI-GDD-S002-000019", "HS2_DocRev": "C02", "HS2_RevDat": "2021-07-05T00:00:00", "HS2_Layer": "HIS_CSJ_1EW02_CH_HERDS_Feature_Ply", "Contract": "1EW02", "Originator": "CSJ", "CreatedAt": "2021-03-11T00:00:00", "LastEdited": "2021-06-29T00:00:00", "HS2_SupDoc": null, "FeatID": "1S19SSPTT_FTR_000079", "WSIIntID": "1S19SSPTT_INT000018", "MonType": "POST HOLE", "MonDesc": "4005", "Period": "UNKNOWN", "PeriodPhas": 0, "PeriodSubP": "N/A", "PhaseDesc": null, "BuildMater": "CLAY", "ArchScienc": "N/A", "Evidence": "EXCAVATED FEATURE", "MaxLength": 0.0 }, "geometry": { "type": "Polygon", "coordinates": [ [ [ -0.463087461003936, 51.565592513853304 ], [ -0.463086293317039, 51.565592955359406 ], [ -0.463085198731091, 51.565592769275476 ], [ -0.463084042331199, 51.565591891789147 ], [ -0.463083948718149, 51.565591030918952 ], [ -0.463084368203438, 51.565590742371135 ], [ -0.463085998462512, 51.5655903177135 ], [ -0.463087330259292, 51.565590700234026 ], [ -0.463087918295203, 51.565591360761111 ], [ -0.4630879347548, 51.565591899603128 ], [ -0.463087461003936, 51.565592513853304 ] ] ] } },
{ "type": "Feature", "properties": { "_source_path": "C:\\Uni\\HS2\\HS2_ADS_GIS\\2025-11-24_HIS_HSTWO_CH_HERDS_Feature_Ply\\2025-11-24_HIS_HSTWO_CH_HERDS_Feature_Ply.shp", "_source_layer": "", "box_id": "box_05", "section": "HS2 Phase 1", "HS2_AssetI": null, "HS2_AssetN": null, "HS2_Suitab": "SC7", "HS2_Phase": "R1", "HS2_DocNum": "1EW02-CSJ-GI-GDD-S002-000019", "HS2_DocRev": "C02", "HS2_RevDat": "2021-07-05T00:00:00", "HS2_Layer": "HIS_CSJ_1EW02_CH_HERDS_Feature_Ply", "Contract": "1EW02", "Originator": "CSJ", "CreatedAt": "2021-03-11T00:00:00", "LastEdited": "2021-06-29T00:00:00", "HS2_SupDoc": null, "FeatID": "1S19SSPTT_FTR_000080", "WSIIntID": "1S19SSPTT_INT000092", "MonType": "DITCH", "MonDesc": "4007", "Period": "UNKNOWN", "PeriodPhas": 0, "PeriodSubP": "N/A", "PhaseDesc": null, "BuildMater": "CLAY", "ArchScienc": "N/A", "Evidence": "EXCAVATED FEATURE", "MaxLength": 1.6 }, "geometry": { "type": "Polygon", "coordinates": [ [ [ -0.46306126275486, 51.565593962877109 ], [ -0.463062552122628, 51.56559509028687 ], [ -0.463066381293131, 51.565598557431059 ], [ -0.463070328197807, 51.565601656541943 ], [ -0.463071641878238, 51.565604116898371 ], [ -0.463071094425511, 51.565606917060592 ], [ -0.463069786972791, 51.565608380036458 ], [ -0.463066933896765, 51.565609126782149 ], [ -0.463064006405366, 51.565608913995931 ], [ -0.463060251972133, 51.56560840802792 ], [ -0.46305675362642, 51.56560651163899 ], [ -0.463051048808764, 51.565600690977618 ], [ -0.463049935398136, 51.565599522710137 ], [ -0.46306126275486, 51.565593962877109 ] ] ] } },
{ "type": "Feature", "properties": { "_source_path": "C:\\Uni\\HS2\\HS2_ADS_GIS\\2025-11-24_HIS_HSTWO_CH_HERDS_Feature_Ply\\2025-11-24_HIS_HSTWO_CH_HERDS_Feature_Ply.shp", "_source_layer": "", "box_id": "box_05", "section": "HS2 Phase 1", "HS2_AssetI": null, "HS2_AssetN": null, "HS2_Suitab": "SC7", "HS2_Phase": "R1", "HS2_DocNum": "1EW02-CSJ-GI-GDD-S002-000019", "HS2_DocRev": "C02", "HS2_RevDat": "2021-07-05T00:00:00", "HS2_Layer": "HIS_CSJ_1EW02_CH_HERDS_Feature_Ply", "Contract": "1EW02", "Originator": "CSJ", "CreatedAt": "2021-03-11T00:00:00", "LastEdited": "2021-06-29T00:00:00", "HS2_SupDoc": null, "FeatID": "1S19SSPTT_FTR_000081", "WSIIntID": "1S19SSPTT_INT000004", "MonType": "DITCH", "MonDesc": "4003", "Period": "UNKNOWN", "PeriodPhas": 0, "PeriodSubP": "N/A", "PhaseDesc": null, "BuildMater": "CLAY", "ArchScienc": "N/A", "Evidence": "EXCAVATED FEATURE", "MaxLength": 0.25 }, "geometry": { "type": "Polygon", "coordinates": [ [ [ -0.46282644876202, 51.565737177104197 ], [ -0.462828022287501, 51.565737622141739 ], [ -0.462814281858812, 51.565744826471146 ], [ -0.462812523131877, 51.565744182979913 ], [ -0.462802962813479, 51.565741837605273 ], [ -0.462785507665491, 51.565737517562759 ], [ -0.462783326690722, 51.565736944972947 ], [ -0.462797333082837, 51.56572964072182 ], [ -0.462799411718991, 51.565730124747546 ], [ -0.462810221559085, 51.565732682517101 ], [ -0.46282644876202, 51.565737177104197 ] ] ] } },
{ "type": "Feature", "properties": { "_source_path": "C:\\Uni\\HS2\\HS2_ADS_GIS\\2025-11-24_HIS_HSTWO_CH_HERDS_Feature_Ply\\2025-11-24_HIS_HSTWO_CH_HERDS_Feature_Ply.shp", "_source_layer": "", "box_id": "box_05", "section": "HS2 Phase 1", "HS2_AssetI": null, "HS2_AssetN": null, "HS2_Suitab": "SC7", "HS2_Phase": "R1", "HS2_DocNum": "1EW02-CSJ-GI-GDD-S002-000019", "HS2_DocRev": "C02", "HS2_RevDat": "2021-07-05T00:00:00", "HS2_Layer": "HIS_CSJ_1EW02_CH_HERDS_Feature_Ply", "Contract": "1EW02", "Originator": "CSJ", "CreatedAt": "2021-03-11T00:00:00", "LastEdited": "2021-06-29T00:00:00", "HS2_SupDoc": null, "FeatID": "1S19SSPTT_FTR_000082", "WSIIntID": "1S19SSPTT_INT000023", "MonType": "DITCH", "MonDesc": "9003", "Period": "UNKNOWN", "PeriodPhas": 0, "PeriodSubP": "N/A", "PhaseDesc": null, "BuildMater": "CLAY", "ArchScienc": "N/A", "Evidence": "EXCAVATED FEATURE", "MaxLength": 2.1 }, "geometry": { "type": "Polygon", "coordinates": [ [ [ -0.46248375673854, 51.566049661008712 ], [ -0.4624792800799, 51.56604981996724 ], [ -0.462464169792545, 51.566050536497229 ], [ -0.462450933950159, 51.566049492652745 ], [ -0.462445346924263, 51.566049462615766 ], [ -0.46244335227372, 51.566049610929205 ], [ -0.462435192637767, 51.566042995546418 ], [ -0.462437086361464, 51.566042759586679 ], [ -0.462452082390579, 51.566041323994142 ], [ -0.462466436510148, 51.566042621679259 ], [ -0.462470074545962, 51.56604243015304 ], [ -0.462473887843665, 51.566042218442668 ], [ -0.46248375673854, 51.566049661008712 ] ] ] } },
{ "type": "Feature", "properties": { "_source_path": "C:\\Uni\\HS2\\HS2_ADS_GIS\\2025-11-24_HIS_HSTWO_CH_HERDS_Feature_Ply\\2025-11-24_HIS_HSTWO_CH_HERDS_Feature_Ply.shp", "_source_layer": "", "box_id": "box_05", "section": "HS2 Phase 1", "HS2_AssetI": null, "HS2_AssetN": null, "HS2_Suitab": "SC7", "HS2_Phase": "R1", "HS2_DocNum": "1EW02-CSJ-GI-GDD-S002-000019", "HS2_DocRev": "C02", "HS2_RevDat": "2021-07-05T00:00:00", "HS2_Layer": "HIS_CSJ_1EW02_CH_HERDS_Feature_Ply", "Contract": "1EW02", "Originator": "CSJ", "CreatedAt": "2021-03-11T00:00:00", "LastEdited": "2021-06-29T00:00:00", "HS2_SupDoc": null, "FeatID": "1S19SSPTT_FTR_000083", "WSIIntID": "1S19SSPTT_INT000081", "MonType": "DITCH", "MonDesc": "3019", "Period": "ROMAN", "PeriodPhas": 0, "PeriodSubP": "N/A", "PhaseDesc": null, "BuildMater": "CLAY", "ArchScienc": "N/A", "Evidence": "EXCAVATED FEATURE", "MaxLength": 0.0 }, "geometry": { "type": "Polygon", "coordinates": [ [ [ -0.464352334274922, 51.565635780386685 ], [ -0.464339818322714, 51.565642364276201 ], [ -0.464338376248866, 51.565639558756274 ], [ -0.464335178221374, 51.565632900526253 ], [ -0.464332678837508, 51.565630386901908 ], [ -0.46432897435344, 51.565624243585816 ], [ -0.464345052145895, 51.565615574280649 ], [ -0.464347500235763, 51.565619610494075 ], [ -0.464348535828873, 51.565622061801733 ], [ -0.464350211456143, 51.565630354655241 ], [ -0.464352334274922, 51.565635780386685 ] ] ] } },
{ "type": "Feature", "properties": { "_source_path": "C:\\Uni\\HS2\\HS2_ADS_GIS\\2025-11-24_HIS_HSTWO_CH_HERDS_Feature_Ply\\2025-11-24_HIS_HSTWO_CH_HERDS_Feature_Ply.shp", "_source_layer": "", "box_id": "box_05", "section": "HS2 Phase 1", "HS2_AssetI": null, "HS2_AssetN": null, "HS2_Suitab": "SC7", "HS2_Phase": "R1", "HS2_DocNum": "1EW02-CSJ-GI-GDD-S002-000019", "HS2_DocRev": "C02", "HS2_RevDat": "2021-07-05T00:00:00", "HS2_Layer": "HIS_CSJ_1EW02_CH_HERDS_Feature_Ply", "Contract": "1EW02", "Originator": "CSJ", "CreatedAt": "2021-03-11T00:00:00", "LastEdited": "2021-06-29T00:00:00", "HS2_SupDoc": null, "FeatID": "1S19SSPTT_FTR_000084", "WSIIntID": "1S19SSPTT_INT000092", "MonType": "DITCH", "MonDesc": "4009", "Period": "UNKNOWN", "PeriodPhas": 0, "PeriodSubP": "N/A", "PhaseDesc": null, "BuildMater": "CLAY", "ArchScienc": "N/A", "Evidence": "EXCAVATED FEATURE", "MaxLength": 2.6 }, "geometry": { "type": "Polygon", "coordinates": [ [ [ -0.462739815981126, 51.565783789442037 ], [ -0.462734351091712, 51.565786598923559 ], [ -0.462732123494903, 51.56578629638414 ], [ -0.462719119696222, 51.565784363593373 ], [ -0.46271035547676, 51.56578326864939 ], [ -0.462701094544847, 51.565781372296939 ], [ -0.46269920756965, 51.565780980701078 ], [ -0.462707258081488, 51.565776841889878 ], [ -0.462709269771317, 51.565777043587701 ], [ -0.462718904448039, 51.5657782965053 ], [ -0.46272858827176, 51.565780487941367 ], [ -0.462737771006226, 51.5657831628819 ], [ -0.462739815981126, 51.565783789442037 ] ] ] } },
{ "type": "Feature", "properties": { "_source_path": "C:\\Uni\\HS2\\HS2_ADS_GIS\\2025-11-24_HIS_HSTWO_CH_HERDS_Feature_Ply\\2025-11-24_HIS_HSTWO_CH_HERDS_Feature_Ply.shp", "_source_layer": "", "box_id": "box_05", "section": "HS2 Phase 1", "HS2_AssetI": null, "HS2_AssetN": null, "HS2_Suitab": "SC7", "HS2_Phase": "R1", "HS2_DocNum": "1EW02-CSJ-GI-GDD-S002-000019", "HS2_DocRev": "C02", "HS2_RevDat": "2021-07-05T00:00:00", "HS2_Layer": "HIS_CSJ_1EW02_CH_HERDS_Feature_Ply", "Contract": "1EW02", "Originator": "CSJ", "CreatedAt": "2021-03-11T00:00:00", "LastEdited": "2021-06-29T00:00:00", "HS2_SupDoc": null, "FeatID": "1S19SSPTT_FTR_000085", "WSIIntID": "1S19SSPTT_INT000098", "MonType": "DITCH", "MonDesc": "10023", "Period": "UNKNOWN", "PeriodPhas": 0, "PeriodSubP": "N/A", "PhaseDesc": null, "BuildMater": "CLAY", "ArchScienc": "N/A", "Evidence": "EXCAVATED FEATURE", "MaxLength": 1.8 }, "geometry": { "type": "Polygon", "coordinates": [ [ [ -0.462492097231461, 51.565721027399441 ], [ -0.462484508566852, 51.565722381100557 ], [ -0.462477067416623, 51.56572167124969 ], [ -0.462469211626019, 51.565722004444204 ], [ -0.462460998384009, 51.56572284010916 ], [ -0.46246005437638, 51.565722980606843 ], [ -0.462452573342317, 51.565717250844585 ], [ -0.46245322244957, 51.565717127165122 ], [ -0.462463841630959, 51.56571639675736 ], [ -0.462475243248934, 51.565715182933658 ], [ -0.462483639800709, 51.565714730034919 ], [ -0.462485823330589, 51.565714585094646 ], [ -0.462493632078991, 51.565720694118554 ], [ -0.462492097231461, 51.565721027399441 ] ] ] } },
{ "type": "Feature", "properties": { "_source_path": "C:\\Uni\\HS2\\HS2_ADS_GIS\\2025-11-24_HIS_HSTWO_CH_HERDS_Feature_Ply\\2025-11-24_HIS_HSTWO_CH_HERDS_Feature_Ply.shp", "_source_layer": "", "box_id": "box_05", "section": "HS2 Phase 1", "HS2_AssetI": null, "HS2_AssetN": null, "HS2_Suitab": "SC7", "HS2_Phase": "R1", "HS2_DocNum": "1EW02-CSJ-GI-GDD-S002-000019", "HS2_DocRev": "C02", "HS2_RevDat": "2021-07-05T00:00:00", "HS2_Layer": "HIS_CSJ_1EW02_CH_HERDS_Feature_Ply", "Contract": "1EW02", "Originator": "CSJ", "CreatedAt": "2021-03-11T00:00:00", "LastEdited": "2021-06-29T00:00:00", "HS2_SupDoc": null, "FeatID": "1S19SSPTT_FTR_000086", "WSIIntID": "1S19SSPTT_INT000010", "MonType": "DITCH", "MonDesc": "10005", "Period": "UNKNOWN", "PeriodPhas": 0, "PeriodSubP": "N/A", "PhaseDesc": null, "BuildMater": "CLAY", "ArchScienc": "N/A", "Evidence": "EXCAVATED FEATURE", "MaxLength": 0.0 }, "geometry": { "type": "Polygon", "coordinates": [ [ [ -0.46247167326944, 51.565705700756858 ], [ -0.462464369736494, 51.565707156206116 ], [ -0.462455645301516, 51.565708004955901 ], [ -0.462448302103311, 51.565708283718529 ], [ -0.462441137536094, 51.565707929079942 ], [ -0.462439995397201, 51.565707912317563 ], [ -0.462431213055467, 51.565701152994677 ], [ -0.462432777274085, 51.565701061087552 ], [ -0.462444100491677, 51.565700075538118 ], [ -0.462454176822626, 51.565700296576281 ], [ -0.462458841964203, 51.565700194940078 ], [ -0.462463970653884, 51.565699567944037 ], [ -0.462466296598776, 51.565699221648643 ], [ -0.462473876028246, 51.56570515681971 ], [ -0.46247167326944, 51.565705700756858 ] ] ] } },
{ "type": "Feature", "properties": { "_source_path": "C:\\Uni\\HS2\\HS2_ADS_GIS\\2025-11-24_HIS_HSTWO_CH_HERDS_Feature_Ply\\2025-11-24_HIS_HSTWO_CH_HERDS_Feature_Ply.shp", "_source_layer": "", "box_id": "box_05", "section": "HS2 Phase 1", "HS2_AssetI": null, "HS2_AssetN": null, "HS2_Suitab": "SC7", "HS2_Phase": "R1", "HS2_DocNum": "1EW02-CSJ-GI-GDD-S002-000019", "HS2_DocRev": "C02", "HS2_RevDat": "2021-07-05T00:00:00", "HS2_Layer": "HIS_CSJ_1EW02_CH_HERDS_Feature_Ply", "Contract": "1EW02", "Originator": "CSJ", "CreatedAt": "2021-03-11T00:00:00", "LastEdited": "2021-06-29T00:00:00", "HS2_SupDoc": null, "FeatID": "1S19SSPTT_FTR_000087", "WSIIntID": "1S19SSPTT_INT000010", "MonType": "DITCH", "MonDesc": "10003", "Period": "UNKNOWN", "PeriodPhas": 0, "PeriodSubP": "N/A", "PhaseDesc": null, "BuildMater": "CLAY", "ArchScienc": "N/A", "Evidence": "EXCAVATED FEATURE", "MaxLength": 3.4 }, "geometry": { "type": "Polygon", "coordinates": [ [ [ -0.46245426190938, 51.565691956623937 ], [ -0.462438504451529, 51.565690860856911 ], [ -0.462426741891276, 51.565690927052771 ], [ -0.46242180643381, 51.565692412626284 ], [ -0.462420468193939, 51.565692777256849 ], [ -0.462412458076513, 51.56568643629123 ], [ -0.46241371840875, 51.565686071539218 ], [ -0.462424376989413, 51.565683402955621 ], [ -0.462435236642346, 51.565684867973772 ], [ -0.462446655979875, 51.56568603729017 ], [ -0.46244981467504, 51.565686239632775 ], [ -0.462457313386246, 51.565692215111028 ], [ -0.46245426190938, 51.565691956623937 ] ] ] } },
{ "type": "Feature", "properties": { "_source_path": "C:\\Uni\\HS2\\HS2_ADS_GIS\\2025-11-24_HIS_HSTWO_CH_HERDS_Feature_Ply\\2025-11-24_HIS_HSTWO_CH_HERDS_Feature_Ply.shp", "_source_layer": "", "box_id": "box_05", "section": "HS2 Phase 1", "HS2_AssetI": null, "HS2_AssetN": null, "HS2_Suitab": "SC7", "HS2_Phase": "R1", "HS2_DocNum": "1EW02-CSJ-GI-GDD-S002-000019", "HS2_DocRev": "C02", "HS2_RevDat": "2021-07-05T00:00:00", "HS2_Layer": "HIS_CSJ_1EW02_CH_HERDS_Feature_Ply", "Contract": "1EW02", "Originator": "CSJ", "CreatedAt": "2021-03-11T00:00:00", "LastEdited": "2021-06-29T00:00:00", "HS2_SupDoc": null, "FeatID": "1S19SSPTT_FTR_000088", "WSIIntID": "1S19SSPTT_INT000098", "MonType": "DITCH", "MonDesc": "10009", "Period": "UNKNOWN", "PeriodPhas": 0, "PeriodSubP": "N/A", "PhaseDesc": null, "BuildMater": "CLAY", "ArchScienc": "N/A", "Evidence": "EXCAVATED FEATURE", "MaxLength": 1.8 }, "geometry": { "type": "Polygon", "coordinates": [ [ [ -0.462429804918508, 51.565673091798736 ], [ -0.46241349728451, 51.565674747594656 ], [ -0.462410942494346, 51.565675162827453 ], [ -0.462403426194759, 51.56567826373626 ], [ -0.462402521104402, 51.56567857649236 ], [ -0.462396029182404, 51.565673422590912 ], [ -0.462396964355042, 51.565672987936516 ], [ -0.46240111924881, 51.565670561455256 ], [ -0.462405000793172, 51.565669608793598 ], [ -0.462410037261806, 51.565669705354502 ], [ -0.46242521441659, 51.565669312524363 ], [ -0.462428245407697, 51.565669151712179 ], [ -0.46243278762568, 51.565672737023782 ], [ -0.462429804918508, 51.565673091798736 ] ] ] } },
{ "type": "Feature", "properties": { "_source_path": "C:\\Uni\\HS2\\HS2_ADS_GIS\\2025-11-24_HIS_HSTWO_CH_HERDS_Feature_Ply\\2025-11-24_HIS_HSTWO_CH_HERDS_Feature_Ply.shp", "_source_layer": "", "box_id": "box_05", "section": "HS2 Phase 1", "HS2_AssetI": null, "HS2_AssetN": null, "HS2_Suitab": "SC7", "HS2_Phase": "R1", "HS2_DocNum": "1EW02-CSJ-GI-GDD-S002-000019", "HS2_DocRev": "C02", "HS2_RevDat": "2021-07-05T00:00:00", "HS2_Layer": "HIS_CSJ_1EW02_CH_HERDS_Feature_Ply", "Contract": "1EW02", "Originator": "CSJ", "CreatedAt": "2021-03-11T00:00:00", "LastEdited": "2021-06-29T00:00:00", "HS2_SupDoc": null, "FeatID": "1S19SSPTT_FTR_000089", "WSIIntID": "1S19SSPTT_INT000098", "MonType": "GULLY", "MonDesc": "10013", "Period": "UNKNOWN", "PeriodPhas": 0, "PeriodSubP": "N/A", "PhaseDesc": null, "BuildMater": "CLAY", "ArchScienc": "N/A", "Evidence": "EXCAVATED FEATURE", "MaxLength": 2.0 }, "geometry": { "type": "Polygon", "coordinates": [ [ [ -0.462360663660239, 51.56561788713789 ], [ -0.462359323367434, 51.565618783173676 ], [ -0.462357149891435, 51.565619571178097 ], [ -0.462355142083852, 51.565620067311642 ], [ -0.462352221161543, 51.56561970262733 ], [ -0.462341642337891, 51.565614960065467 ], [ -0.462338069334156, 51.565613737983107 ], [ -0.462335809864833, 51.565612370354458 ], [ -0.462334563488149, 51.565610525031502 ], [ -0.462335535931789, 51.565608857150551 ], [ -0.462338096509859, 51.565608270246216 ], [ -0.462339699599347, 51.565608095223169 ], [ -0.462342722590947, 51.565609326284701 ], [ -0.46234582166359, 51.565611424281755 ], [ -0.462350044566448, 51.565613568476046 ], [ -0.462351912956225, 51.565614083025771 ], [ -0.462354192352949, 51.565614047249198 ], [ -0.462355593803866, 51.565613690641271 ], [ -0.462357735802534, 51.565613065880569 ], [ -0.462362786885588, 51.565617049018478 ], [ -0.462360663660239, 51.56561788713789 ] ] ] } },
{ "type": "Feature", "properties": { "_source_path": "C:\\Uni\\HS2\\HS2_ADS_GIS\\2025-11-24_HIS_HSTWO_CH_HERDS_Feature_Ply\\2025-11-24_HIS_HSTWO_CH_HERDS_Feature_Ply.shp", "_source_layer": "", "box_id": "box_05", "section": "HS2 Phase 1", "HS2_AssetI": null, "HS2_AssetN": null, "HS2_Suitab": "SC7", "HS2_Phase": "R1", "HS2_DocNum": "1EW02-CSJ-GI-GDD-S002-000019", "HS2_DocRev": "C02", "HS2_RevDat": "2021-07-05T00:00:00", "HS2_Layer": "HIS_CSJ_1EW02_CH_HERDS_Feature_Ply", "Contract": "1EW02", "Originator": "CSJ", "CreatedAt": "2021-03-11T00:00:00", "LastEdited": "2021-06-29T00:00:00", "HS2_SupDoc": null, "FeatID": "1S19SSPTT_FTR_000090", "WSIIntID": "1S19SSPTT_INT000098", "MonType": "GULLY", "MonDesc": "10025", "Period": "UNKNOWN", "PeriodPhas": 0, "PeriodSubP": "N/A", "PhaseDesc": null, "BuildMater": "CLAY", "ArchScienc": "N/A", "Evidence": "EXCAVATED FEATURE", "MaxLength": 2.2 }, "geometry": { "type": "Polygon", "coordinates": [ [ [ -0.462311346641789, 51.565578209868484 ], [ -0.4623121118459, 51.565576697533125 ], [ -0.462318073049694, 51.565581672736521 ], [ -0.46231705416401, 51.565582920977228 ], [ -0.462310324271937, 51.565591451719868 ], [ -0.462302569604497, 51.565597684143249 ], [ -0.462301101009634, 51.565598705285801 ], [ -0.46229590046943, 51.565594490888436 ], [ -0.46229737127764, 51.56559340413267 ], [ -0.462304789189629, 51.565587787751731 ], [ -0.462311346641789, 51.565578209868484 ] ] ] } },
{ "type": "Feature", "properties": { "_source_path": "C:\\Uni\\HS2\\HS2_ADS_GIS\\2025-11-24_HIS_HSTWO_CH_HERDS_Feature_Ply\\2025-11-24_HIS_HSTWO_CH_HERDS_Feature_Ply.shp", "_source_layer": "", "box_id": "box_05", "section": "HS2 Phase 1", "HS2_AssetI": null, "HS2_AssetN": null, "HS2_Suitab": "SC7", "HS2_Phase": "R1", "HS2_DocNum": "1EW02-CSJ-GI-GDD-S002-000019", "HS2_DocRev": "C02", "HS2_RevDat": "2021-07-05T00:00:00", "HS2_Layer": "HIS_CSJ_1EW02_CH_HERDS_Feature_Ply", "Contract": "1EW02", "Originator": "CSJ", "CreatedAt": "2021-03-11T00:00:00", "LastEdited": "2021-06-29T00:00:00", "HS2_SupDoc": null, "FeatID": "1S19SSPTT_FTR_000091", "WSIIntID": "1S19SSPTT_INT000010", "MonType": "GULLY", "MonDesc": "10007", "Period": "UNKNOWN", "PeriodPhas": 0, "PeriodSubP": "N/A", "PhaseDesc": null, "BuildMater": "CLAY", "ArchScienc": "N/A", "Evidence": "EXCAVATED FEATURE", "MaxLength": 0.6 }, "geometry": { "type": "Polygon", "coordinates": [ [ [ -0.462303587677042, 51.56557216622744 ], [ -0.46229323864794, 51.565571475812504 ], [ -0.462281740983541, 51.565570704703731 ], [ -0.462274606344718, 51.565571003273135 ], [ -0.462269243988688, 51.565571585835414 ], [ -0.46226678793748, 51.565571982576238 ], [ -0.462258575007735, 51.565565410543023 ], [ -0.462261651019881, 51.565565283595866 ], [ -0.462271081096321, 51.565565243504004 ], [ -0.462279835186945, 51.565565097439254 ], [ -0.462288402047181, 51.565565796875141 ], [ -0.462296390148032, 51.565566587639985 ], [ -0.462300074522264, 51.565567031568293 ], [ -0.462306857098004, 51.565572507603818 ], [ -0.462303587677042, 51.56557216622744 ] ] ] } },
{ "type": "Feature", "properties": { "_source_path": "C:\\Uni\\HS2\\HS2_ADS_GIS\\2025-11-24_HIS_HSTWO_CH_HERDS_Feature_Ply\\2025-11-24_HIS_HSTWO_CH_HERDS_Feature_Ply.shp", "_source_layer": "", "box_id": "box_05", "section": "HS2 Phase 1", "HS2_AssetI": null, "HS2_AssetN": null, "HS2_Suitab": "SC7", "HS2_Phase": "R1", "HS2_DocNum": "1EW02-CSJ-GI-GDD-S002-000019", "HS2_DocRev": "C02", "HS2_RevDat": "2021-07-05T00:00:00", "HS2_Layer": "HIS_CSJ_1EW02_CH_HERDS_Feature_Ply", "Contract": "1EW02", "Originator": "CSJ", "CreatedAt": "2021-03-11T00:00:00", "LastEdited": "2021-06-29T00:00:00", "HS2_SupDoc": null, "FeatID": "1S19SSPTT_FTR_000092", "WSIIntID": "1S19SSPTT_INT000098", "MonType": "DITCH", "MonDesc": "10017", "Period": "UNKNOWN", "PeriodPhas": 0, "PeriodSubP": "N/A", "PhaseDesc": null, "BuildMater": "CLAY", "ArchScienc": "N/A", "Evidence": "EXCAVATED FEATURE", "MaxLength": 1.2 }, "geometry": { "type": "Polygon", "coordinates": [ [ [ -0.462176328770341, 51.56549661694644 ], [ -0.46217450593313, 51.565496890698363 ], [ -0.462164683278202, 51.565488339086158 ], [ -0.462165817711793, 51.565488284712728 ], [ -0.462177224580401, 51.565487127637205 ], [ -0.462183108570115, 51.565486649928459 ], [ -0.462185652165849, 51.565487336085653 ], [ -0.462187651333821, 51.565488635563227 ], [ -0.462188315697924, 51.565490668389621 ], [ -0.462186180019203, 51.56549341536455 ], [ -0.462182616168486, 51.565495001628641 ], [ -0.462176328770341, 51.56549661694644 ] ] ] } },
{ "type": "Feature", "properties": { "_source_path": "C:\\Uni\\HS2\\HS2_ADS_GIS\\2025-11-24_HIS_HSTWO_CH_HERDS_Feature_Ply\\2025-11-24_HIS_HSTWO_CH_HERDS_Feature_Ply.shp", "_source_layer": "", "box_id": "box_05", "section": "HS2 Phase 1", "HS2_AssetI": null, "HS2_AssetN": null, "HS2_Suitab": "SC7", "HS2_Phase": "R1", "HS2_DocNum": "1EW02-CSJ-GI-GDD-S002-000019", "HS2_DocRev": "C02", "HS2_RevDat": "2021-07-05T00:00:00", "HS2_Layer": "HIS_CSJ_1EW02_CH_HERDS_Feature_Ply", "Contract": "1EW02", "Originator": "CSJ", "CreatedAt": "2021-03-11T00:00:00", "LastEdited": "2021-06-29T00:00:00", "HS2_SupDoc": null, "FeatID": "1S19SSPTT_FTR_000093", "WSIIntID": "1S19SSPTT_INT000098", "MonType": "GULLY", "MonDesc": "10011", "Period": "MODERN", "PeriodPhas": 0, "PeriodSubP": "N/A", "PhaseDesc": null, "BuildMater": "CLAY", "ArchScienc": "N/A", "Evidence": "EXCAVATED FEATURE", "MaxLength": 1.8 }, "geometry": { "type": "Polygon", "coordinates": [ [ [ -0.46217774511873, 51.565470158281528 ], [ -0.462176869710011, 51.565470489409037 ], [ -0.462171834042708, 51.565472251514613 ], [ -0.462163970330424, 51.565472393053057 ], [ -0.46215382481956, 51.565472684531798 ], [ -0.462147451891888, 51.565473499329975 ], [ -0.462146441484715, 51.565473555328452 ], [ -0.462142167652092, 51.56546984223786 ], [ -0.462142476567382, 51.565469581019165 ], [ -0.462147324107789, 51.565467963919957 ], [ -0.4621628372862, 51.565466974855418 ], [ -0.462171304499329, 51.565466008557351 ], [ -0.462172359757601, 51.565465777800469 ], [ -0.46217774511873, 51.565470158281528 ] ] ] } },
{ "type": "Feature", "properties": { "_source_path": "C:\\Uni\\HS2\\HS2_ADS_GIS\\2025-11-24_HIS_HSTWO_CH_HERDS_Feature_Ply\\2025-11-24_HIS_HSTWO_CH_HERDS_Feature_Ply.shp", "_source_layer": "", "box_id": "box_05", "section": "HS2 Phase 1", "HS2_AssetI": null, "HS2_AssetN": null, "HS2_Suitab": "SC7", "HS2_Phase": "R1", "HS2_DocNum": "1EW02-CSJ-GI-GDD-S002-000019", "HS2_DocRev": "C02", "HS2_RevDat": "2021-07-05T00:00:00", "HS2_Layer": "HIS_CSJ_1EW02_CH_HERDS_Feature_Ply", "Contract": "1EW02", "Originator": "CSJ", "CreatedAt": "2021-03-11T00:00:00", "LastEdited": "2021-06-29T00:00:00", "HS2_SupDoc": null, "FeatID": "1S19SSPTT_FTR_000094", "WSIIntID": "1S19SSPTT_INT000097", "MonType": "GULLY", "MonDesc": "9015", "Period": "UNKNOWN", "PeriodPhas": 0, "PeriodSubP": "N/A", "PhaseDesc": null, "BuildMater": "CLAY", "ArchScienc": "N/A", "Evidence": "EXCAVATED FEATURE", "MaxLength": 1.9 }, "geometry": { "type": "Polygon", "coordinates": [ [ [ -0.462313612925956, 51.565918463563577 ], [ -0.46230286137302, 51.565920379179978 ], [ -0.462296742123721, 51.565921670294557 ], [ -0.462285699278984, 51.565922896895053 ], [ -0.462283260069565, 51.56592317875814 ], [ -0.462276780257546, 51.565918050186966 ], [ -0.462279538834065, 51.565917625038324 ], [ -0.462294587054952, 51.565915667709206 ], [ -0.46230012317327, 51.56591459735327 ], [ -0.462306961087179, 51.565913772453449 ], [ -0.462310542648226, 51.565913415636892 ], [ -0.462316462632259, 51.565918031515224 ], [ -0.462313612925956, 51.565918463563577 ] ] ] } },
{ "type": "Feature", "properties": { "_source_path": "C:\\Uni\\HS2\\HS2_ADS_GIS\\2025-11-24_HIS_HSTWO_CH_HERDS_Feature_Ply\\2025-11-24_HIS_HSTWO_CH_HERDS_Feature_Ply.shp", "_source_layer": "", "box_id": "box_05", "section": "HS2 Phase 1", "HS2_AssetI": null, "HS2_AssetN": null, "HS2_Suitab": "SC7", "HS2_Phase": "R1", "HS2_DocNum": "1EW02-CSJ-GI-GDD-S002-000019", "HS2_DocRev": "C02", "HS2_RevDat": "2021-07-05T00:00:00", "HS2_Layer": "HIS_CSJ_1EW02_CH_HERDS_Feature_Ply", "Contract": "1EW02", "Originator": "CSJ", "CreatedAt": "2021-03-11T00:00:00", "LastEdited": "2021-06-29T00:00:00", "HS2_SupDoc": null, "FeatID": "1S19SSPTT_FTR_000095", "WSIIntID": "1S19SSPTT_INT000097", "MonType": "PIT", "MonDesc": "9009", "Period": "UNKNOWN", "PeriodPhas": 0, "PeriodSubP": "N/A", "PhaseDesc": null, "BuildMater": "CLAY", "ArchScienc": "N/A", "Evidence": "EXCAVATED FEATURE", "MaxLength": 0.54 }, "geometry": { "type": "Polygon", "coordinates": [ [ [ -0.462295627692829, 51.565911208676788 ], [ -0.462294257868898, 51.565909900362527 ], [ -0.462293286896861, 51.565908402145872 ], [ -0.462294900907667, 51.565907133827814 ], [ -0.462295669182301, 51.565906899309461 ], [ -0.462297523401768, 51.56590702161899 ], [ -0.462298990191953, 51.565907807863852 ], [ -0.462299597034181, 51.565909236566199 ], [ -0.462298586079059, 51.565910463329594 ], [ -0.462295627692829, 51.565911208676788 ] ] ] } },
{ "type": "Feature", "properties": { "_source_path": "C:\\Uni\\HS2\\HS2_ADS_GIS\\2025-11-24_HIS_HSTWO_CH_HERDS_Feature_Ply\\2025-11-24_HIS_HSTWO_CH_HERDS_Feature_Ply.shp", "_source_layer": "", "box_id": "box_05", "section": "HS2 Phase 1", "HS2_AssetI": null, "HS2_AssetN": null, "HS2_Suitab": "SC7", "HS2_Phase": "R1", "HS2_DocNum": "1EW02-CSJ-GI-GDD-S002-000019", "HS2_DocRev": "C02", "HS2_RevDat": "2021-07-05T00:00:00", "HS2_Layer": "HIS_CSJ_1EW02_CH_HERDS_Feature_Ply", "Contract": "1EW02", "Originator": "CSJ", "CreatedAt": "2021-03-11T00:00:00", "LastEdited": "2021-06-29T00:00:00", "HS2_SupDoc": null, "FeatID": "1S19SSPTT_FTR_000096", "WSIIntID": "1S19SSPTT_INT000097", "MonType": "GULLY", "MonDesc": "9023", "Period": "UNKNOWN", "PeriodPhas": 0, "PeriodSubP": "N/A", "PhaseDesc": null, "BuildMater": "CLAY", "ArchScienc": "N/A", "Evidence": "EXCAVATED FEATURE", "MaxLength": 1.6 }, "geometry": { "type": "Polygon", "coordinates": [ [ [ -0.462304456318368, 51.565938324020415 ], [ -0.462302571325281, 51.565938515131897 ], [ -0.462298692729302, 51.565935444765778 ], [ -0.462300698239261, 51.565934846093178 ], [ -0.462305035628975, 51.565933597273244 ], [ -0.462308069551305, 51.565933735040041 ], [ -0.46231690133296, 51.565935907252936 ], [ -0.462319734581799, 51.565935749247764 ], [ -0.462321956459088, 51.56593669195717 ], [ -0.462323235892704, 51.565937557574927 ], [ -0.462323470838608, 51.565938377135531 ], [ -0.462322389707099, 51.565939374580452 ], [ -0.462320902090866, 51.565939975543166 ], [ -0.46231840486807, 51.565939453652824 ], [ -0.462316034967095, 51.565938279705421 ], [ -0.462308026971396, 51.565938076764581 ], [ -0.462304456318368, 51.565938324020415 ] ] ] } },
{ "type": "Feature", "properties": { "_source_path": "C:\\Uni\\HS2\\HS2_ADS_GIS\\2025-11-24_HIS_HSTWO_CH_HERDS_Feature_Ply\\2025-11-24_HIS_HSTWO_CH_HERDS_Feature_Ply.shp", "_source_layer": "", "box_id": "box_05", "section": "HS2 Phase 1", "HS2_AssetI": null, "HS2_AssetN": null, "HS2_Suitab": "SC7", "HS2_Phase": "R1", "HS2_DocNum": "1EW02-CSJ-GI-GDD-S002-000019", "HS2_DocRev": "C02", "HS2_RevDat": "2021-07-05T00:00:00", "HS2_Layer": "HIS_CSJ_1EW02_CH_HERDS_Feature_Ply", "Contract": "1EW02", "Originator": "CSJ", "CreatedAt": "2021-03-11T00:00:00", "LastEdited": "2021-06-29T00:00:00", "HS2_SupDoc": null, "FeatID": "1S19SSPTT_FTR_000097", "WSIIntID": "1S19SSPTT_INT000097", "MonType": "PIT", "MonDesc": "9011", "Period": "UNKNOWN", "PeriodPhas": 0, "PeriodSubP": "N/A", "PhaseDesc": null, "BuildMater": "CLAY", "ArchScienc": "N/A", "Evidence": "EXCAVATED FEATURE", "MaxLength": 0.91 }, "geometry": { "type": "Polygon", "coordinates": [ [ [ -0.462399158535573, 51.566010051181102 ], [ -0.462398274033129, 51.56600834188491 ], [ -0.462396972039137, 51.566006562375634 ], [ -0.462397395594555, 51.566004870217654 ], [ -0.462398716871164, 51.56600449547377 ], [ -0.462399974452546, 51.566004511950638 ], [ -0.462402461414996, 51.566005295374723 ], [ -0.462404137228752, 51.566005317331232 ], [ -0.462405813042511, 51.566005339287699 ], [ -0.462407293123879, 51.566006501574883 ], [ -0.46240864812823, 51.566008249407048 ], [ -0.462408279025346, 51.566009909906946 ], [ -0.462405677835501, 51.566010887436867 ], [ -0.462403973721289, 51.566011747234057 ], [ -0.462401312716766, 51.566011418328088 ], [ -0.462399158535573, 51.566010051181102 ] ] ] } },
{ "type": "Feature", "properties": { "_source_path": "C:\\Uni\\HS2\\HS2_ADS_GIS\\2025-11-24_HIS_HSTWO_CH_HERDS_Feature_Ply\\2025-11-24_HIS_HSTWO_CH_HERDS_Feature_Ply.shp", "_source_layer": "", "box_id": "box_05", "section": "HS2 Phase 1", "HS2_AssetI": null, "HS2_AssetN": null, "HS2_Suitab": "SC7", "HS2_Phase": "R1", "HS2_DocNum": "1EW02-CSJ-GI-GDD-S002-000019", "HS2_DocRev": "C02", "HS2_RevDat": "2021-07-05T00:00:00", "HS2_Layer": "HIS_CSJ_1EW02_CH_HERDS_Feature_Ply", "Contract": "1EW02", "Originator": "CSJ", "CreatedAt": "2021-03-11T00:00:00", "LastEdited": "2021-06-29T00:00:00", "HS2_SupDoc": null, "FeatID": "1S19SSPTT_FTR_000098", "WSIIntID": "1S19SSPTT_INT000097", "MonType": "PIT", "MonDesc": "9017", "Period": "UNKNOWN", "PeriodPhas": 0, "PeriodSubP": "N/A", "PhaseDesc": null, "BuildMater": "CLAY", "ArchScienc": "N/A", "Evidence": "EXCAVATED FEATURE", "MaxLength": 1.45 }, "geometry": { "type": "Polygon", "coordinates": [ [ [ -0.46244382532856, 51.566029213165855 ], [ -0.462441960011915, 51.566031686730931 ], [ -0.462437591002405, 51.566029980339472 ], [ -0.462434714074791, 51.566028310581665 ], [ -0.462432920620217, 51.566026343892759 ], [ -0.462433719085717, 51.566024444433197 ], [ -0.462435867136028, 51.566023640807636 ], [ -0.462439144417104, 51.566023536275253 ], [ -0.462441631254181, 51.566025136179022 ], [ -0.462442816194846, 51.566027306209492 ], [ -0.46244382532856, 51.566029213165855 ] ] ] } },
{ "type": "Feature", "properties": { "_source_path": "C:\\Uni\\HS2\\HS2_ADS_GIS\\2025-11-24_HIS_HSTWO_CH_HERDS_Feature_Ply\\2025-11-24_HIS_HSTWO_CH_HERDS_Feature_Ply.shp", "_source_layer": "", "box_id": "box_05", "section": "HS2 Phase 1", "HS2_AssetI": null, "HS2_AssetN": null, "HS2_Suitab": "SC7", "HS2_Phase": "R1", "HS2_DocNum": "1EW02-CSJ-GI-GDD-S002-000019", "HS2_DocRev": "C02", "HS2_RevDat": "2021-07-05T00:00:00", "HS2_Layer": "HIS_CSJ_1EW02_CH_HERDS_Feature_Ply", "Contract": "1EW02", "Originator": "CSJ", "CreatedAt": "2021-03-11T00:00:00", "LastEdited": "2021-06-29T00:00:00", "HS2_SupDoc": null, "FeatID": "1S19SSPTT_FTR_000099", "WSIIntID": "1S19SSPTT_INT000097", "MonType": "GULLY", "MonDesc": "9019", "Period": "UNKNOWN", "PeriodPhas": 0, "PeriodSubP": "N/A", "PhaseDesc": null, "BuildMater": "CLAY", "ArchScienc": "N/A", "Evidence": "EXCAVATED FEATURE", "MaxLength": 1.45 }, "geometry": { "type": "Polygon", "coordinates": [ [ [ -0.462451760433581, 51.566027685063432 ], [ -0.462445699447608, 51.566035375723466 ], [ -0.462444148121322, 51.566036710507163 ], [ -0.462442286727529, 51.566037142918205 ], [ -0.462441178894841, 51.566036622148857 ], [ -0.462440713202608, 51.566035286116751 ], [ -0.462441869491609, 51.566032060515305 ], [ -0.462447326342383, 51.566024400606317 ], [ -0.462448565504129, 51.566022439479795 ], [ -0.462453109620766, 51.566025926801295 ], [ -0.462451760433581, 51.566027685063432 ] ] ] } },
{ "type": "Feature", "properties": { "_source_path": "C:\\Uni\\HS2\\HS2_ADS_GIS\\2025-11-24_HIS_HSTWO_CH_HERDS_Feature_Ply\\2025-11-24_HIS_HSTWO_CH_HERDS_Feature_Ply.shp", "_source_layer": "", "box_id": "box_05", "section": "HS2 Phase 1", "HS2_AssetI": null, "HS2_AssetN": null, "HS2_Suitab": "SC7", "HS2_Phase": "R1", "HS2_DocNum": "1EW02-CSJ-GI-GDD-S002-000019", "HS2_DocRev": "C02", "HS2_RevDat": "2021-07-05T00:00:00", "HS2_Layer": "HIS_CSJ_1EW02_CH_HERDS_Feature_Ply", "Contract": "1EW02", "Originator": "CSJ", "CreatedAt": "2021-03-11T00:00:00", "LastEdited": "2021-06-29T00:00:00", "HS2_SupDoc": null, "FeatID": "1S19SSPTT_FTR_000100", "WSIIntID": "1S19SSPTT_INT000023", "MonType": "DITCH", "MonDesc": "9005", "Period": "MEDIEVAL", "PeriodPhas": 0, "PeriodSubP": "N/A", "PhaseDesc": null, "BuildMater": "CLAY", "ArchScienc": "N/A", "Evidence": "EXCAVATED FEATURE", "MaxLength": 0.7 }, "geometry": { "type": "Polygon", "coordinates": [ [ [ -0.462504826037958, 51.566070028078173 ], [ -0.462490360667277, 51.566072156726577 ], [ -0.462485378913006, 51.566072703820893 ], [ -0.462476805542742, 51.566073734393562 ], [ -0.462474483948665, 51.566074036685002 ], [ -0.462466986264848, 51.56606802885041 ], [ -0.462469259244669, 51.566067627908403 ], [ -0.462482552818347, 51.566064864355248 ], [ -0.462492035840563, 51.566063257616761 ], [ -0.4624964498978, 51.566062858647889 ], [ -0.46249975540607, 51.566062516193099 ], [ -0.462508318250898, 51.566069582861687 ], [ -0.462504826037958, 51.566070028078173 ] ] ] } },
{ "type": "Feature", "properties": { "_source_path": "C:\\Uni\\HS2\\HS2_ADS_GIS\\2025-11-24_HIS_HSTWO_CH_HERDS_Feature_Ply\\2025-11-24_HIS_HSTWO_CH_HERDS_Feature_Ply.shp", "_source_layer": "", "box_id": "box_05", "section": "HS2 Phase 1", "HS2_AssetI": null, "HS2_AssetN": null, "HS2_Suitab": "SC7", "HS2_Phase": "R1", "HS2_DocNum": "1EW02-CSJ-GI-GDD-S002-000019", "HS2_DocRev": "C02", "HS2_RevDat": "2021-07-05T00:00:00", "HS2_Layer": "HIS_CSJ_1EW02_CH_HERDS_Feature_Ply", "Contract": "1EW02", "Originator": "CSJ", "CreatedAt": "2021-03-11T00:00:00", "LastEdited": "2021-06-29T00:00:00", "HS2_SupDoc": null, "FeatID": "1S19SSPTT_FTR_000101", "WSIIntID": "1S19SSPTT_INT000023", "MonType": "PIT", "MonDesc": "9007", "Period": "UNKNOWN", "PeriodPhas": 0, "PeriodSubP": "N/A", "PhaseDesc": null, "BuildMater": "CLAY", "ArchScienc": "N/A", "Evidence": "EXCAVATED FEATURE", "MaxLength": 2.4 }, "geometry": { "type": "Polygon", "coordinates": [ [ [ -0.46249128157295, 51.56607710724969 ], [ -0.462488467860942, 51.566077412985337 ], [ -0.462486036116201, 51.566076532272696 ], [ -0.462484296857853, 51.566075268577173 ], [ -0.46248437049271, 51.56607389824751 ], [ -0.462485620775254, 51.566072719578536 ], [ -0.462490381403544, 51.566072140812473 ], [ -0.462493194984322, 51.566073165005768 ], [ -0.462494600804004, 51.566074604174602 ], [ -0.462494132167212, 51.566076050258133 ], [ -0.46249128157295, 51.56607710724969 ] ] ] } },
{ "type": "Feature", "properties": { "_source_path": "C:\\Uni\\HS2\\HS2_ADS_GIS\\2025-11-24_HIS_HSTWO_CH_HERDS_Feature_Ply\\2025-11-24_HIS_HSTWO_CH_HERDS_Feature_Ply.shp", "_source_layer": "", "box_id": "box_05", "section": "HS2 Phase 1", "HS2_AssetI": null, "HS2_AssetN": null, "HS2_Suitab": "SC7", "HS2_Phase": "R1", "HS2_DocNum": "1EW02-CSJ-GI-GDD-S002-000019", "HS2_DocRev": "C02", "HS2_RevDat": "2021-07-05T00:00:00", "HS2_Layer": "HIS_CSJ_1EW02_CH_HERDS_Feature_Ply", "Contract": "1EW02", "Originator": "CSJ", "CreatedAt": "2021-03-11T00:00:00", "LastEdited": "2021-06-29T00:00:00", "HS2_SupDoc": null, "FeatID": "1S19SSPTT_FTR_000102", "WSIIntID": "1S19SSPTT_INT000097", "MonType": "GULLY", "MonDesc": "9021", "Period": "UNKNOWN", "PeriodPhas": 0, "PeriodSubP": "N/A", "PhaseDesc": null, "BuildMater": "CLAY", "ArchScienc": "N/A", "Evidence": "EXCAVATED FEATURE", "MaxLength": 0.75 }, "geometry": { "type": "Polygon", "coordinates": [ [ [ -0.462492619604345, 51.566086330885554 ], [ -0.462490313719548, 51.566084456397128 ], [ -0.462494592751428, 51.566082970313531 ], [ -0.462496629296159, 51.566082392725981 ], [ -0.462498518962863, 51.566082662067807 ], [ -0.462499503644321, 51.566083369157965 ], [ -0.462499193037287, 51.566084450434417 ], [ -0.462498351104994, 51.566085328722238 ], [ -0.462495778068028, 51.566085899281099 ], [ -0.462492619604345, 51.566086330885554 ] ] ] } },
{ "type": "Feature", "properties": { "_source_path": "C:\\Uni\\HS2\\HS2_ADS_GIS\\2025-11-24_HIS_HSTWO_CH_HERDS_Feature_Ply\\2025-11-24_HIS_HSTWO_CH_HERDS_Feature_Ply.shp", "_source_layer": "", "box_id": "box_05", "section": "HS2 Phase 1", "HS2_AssetI": null, "HS2_AssetN": null, "HS2_Suitab": "SC7", "HS2_Phase": "R1", "HS2_DocNum": "1EW02-CSJ-GI-GDD-S002-000019", "HS2_DocRev": "C02", "HS2_RevDat": "2021-07-05T00:00:00", "HS2_Layer": "HIS_CSJ_1EW02_CH_HERDS_Feature_Ply", "Contract": "1EW02", "Originator": "CSJ", "CreatedAt": "2021-03-11T00:00:00", "LastEdited": "2021-06-29T00:00:00", "HS2_SupDoc": null, "FeatID": "1S19SSPTT_FTR_000103", "WSIIntID": "1S19SSPTT_INT000097", "MonType": "GULLY", "MonDesc": "9013", "Period": "UNKNOWN", "PeriodPhas": 0, "PeriodSubP": "N/A", "PhaseDesc": null, "BuildMater": "CLAY", "ArchScienc": "N/A", "Evidence": "EXCAVATED FEATURE", "MaxLength": 1.5 }, "geometry": { "type": "Polygon", "coordinates": [ [ [ -0.4625279778781, 51.566113949341933 ], [ -0.462517363868757, 51.566105583421248 ], [ -0.462516475887043, 51.566102437143776 ], [ -0.462517534489205, 51.566100524905984 ], [ -0.462519128478982, 51.566099892962832 ], [ -0.462520660316197, 51.566099520976088 ], [ -0.462522586163938, 51.566099872619603 ], [ -0.462523909053332, 51.566101032845886 ], [ -0.462525497923843, 51.566103632594178 ], [ -0.4625279778781, 51.566113949341933 ] ] ] } },
{ "type": "Feature", "properties": { "_source_path": "C:\\Uni\\HS2\\HS2_ADS_GIS\\2025-11-24_HIS_HSTWO_CH_HERDS_Feature_Ply\\2025-11-24_HIS_HSTWO_CH_HERDS_Feature_Ply.shp", "_source_layer": "", "box_id": "box_05", "section": "HS2 Phase 1", "HS2_AssetI": null, "HS2_AssetN": null, "HS2_Suitab": "SC7", "HS2_Phase": "R1", "HS2_DocNum": "1EW02-CSJ-GI-GDD-S002-000019", "HS2_DocRev": "C02", "HS2_RevDat": "2021-07-05T00:00:00", "HS2_Layer": "HIS_CSJ_1EW02_CH_HERDS_Feature_Ply", "Contract": "1EW02", "Originator": "CSJ", "CreatedAt": "2021-03-11T00:00:00", "LastEdited": "2021-06-29T00:00:00", "HS2_SupDoc": null, "FeatID": "1S19SSPTT_FTR_000104", "WSIIntID": "1S19SSPTT_INT000007", "MonType": "PIT", "MonDesc": "7003", "Period": "UNKNOWN", "PeriodPhas": 0, "PeriodSubP": "N/A", "PhaseDesc": null, "BuildMater": "CLAY", "ArchScienc": "N/A", "Evidence": "EXCAVATED FEATURE", "MaxLength": 2.0 }, "geometry": { "type": "Polygon", "coordinates": [ [ [ -0.462694340757207, 51.566583392983027 ], [ -0.462692796198038, 51.566583756712525 ], [ -0.462690966467264, 51.5665836347302 ], [ -0.462690066271088, 51.5665823901221 ], [ -0.462690086302676, 51.566581411145528 ], [ -0.462691888802176, 51.566580757652723 ], [ -0.462693723813015, 51.566581108103371 ], [ -0.462694738419784, 51.56658246840972 ], [ -0.462694522820575, 51.566583342314587 ], [ -0.462694340757207, 51.566583392983027 ] ] ] } },
{ "type": "Feature", "properties": { "_source_path": "C:\\Uni\\HS2\\HS2_ADS_GIS\\2025-11-24_HIS_HSTWO_CH_HERDS_Feature_Ply\\2025-11-24_HIS_HSTWO_CH_HERDS_Feature_Ply.shp", "_source_layer": "", "box_id": "box_05", "section": "HS2 Phase 1", "HS2_AssetI": null, "HS2_AssetN": null, "HS2_Suitab": "SC7", "HS2_Phase": "R1", "HS2_DocNum": "1EW02-CSJ-GI-GDD-S002-000019", "HS2_DocRev": "C02", "HS2_RevDat": "2021-07-05T00:00:00", "HS2_Layer": "HIS_CSJ_1EW02_CH_HERDS_Feature_Ply", "Contract": "1EW02", "Originator": "CSJ", "CreatedAt": "2021-03-11T00:00:00", "LastEdited": "2021-06-29T00:00:00", "HS2_SupDoc": null, "FeatID": "1S19SSPTT_FTR_000105", "WSIIntID": "1S19SSPTT_INT000021", "MonType": "DITCH", "MonDesc": "7009", "Period": "UNKNOWN", "PeriodPhas": 0, "PeriodSubP": "N/A", "PhaseDesc": null, "BuildMater": "CLAY", "ArchScienc": "N/A", "Evidence": "EXCAVATED FEATURE", "MaxLength": 1.38 }, "geometry": { "type": "Polygon", "coordinates": [ [ [ -0.462649197323144, 51.566622022433378 ], [ -0.462646692063162, 51.566621010375904 ], [ -0.462644998565066, 51.566619159199561 ], [ -0.462644382678674, 51.566616457999601 ], [ -0.462643996361752, 51.566615506071457 ], [ -0.46264276397455, 51.566613972062008 ], [ -0.462640318608669, 51.566609601342947 ], [ -0.462639330464829, 51.566606258626216 ], [ -0.462639094071048, 51.566604925598881 ], [ -0.462652948372834, 51.566597989846464 ], [ -0.462653569594762, 51.566598821660094 ], [ -0.462652656014083, 51.566603364187607 ], [ -0.462656215318999, 51.566606577829006 ], [ -0.462660154727477, 51.566607804700894 ], [ -0.462667159835043, 51.566612891573563 ], [ -0.462668020294458, 51.566613988190952 ], [ -0.462650961776609, 51.566622710962307 ], [ -0.462649197323144, 51.566622022433378 ] ] ] } },
{ "type": "Feature", "properties": { "_source_path": "C:\\Uni\\HS2\\HS2_ADS_GIS\\2025-11-24_HIS_HSTWO_CH_HERDS_Feature_Ply\\2025-11-24_HIS_HSTWO_CH_HERDS_Feature_Ply.shp", "_source_layer": "", "box_id": "box_05", "section": "HS2 Phase 1", "HS2_AssetI": null, "HS2_AssetN": null, "HS2_Suitab": "SC7", "HS2_Phase": "R1", "HS2_DocNum": "1EW02-CSJ-GI-GDD-S002-000019", "HS2_DocRev": "C02", "HS2_RevDat": "2021-07-05T00:00:00", "HS2_Layer": "HIS_CSJ_1EW02_CH_HERDS_Feature_Ply", "Contract": "1EW02", "Originator": "CSJ", "CreatedAt": "2021-03-11T00:00:00", "LastEdited": "2021-06-29T00:00:00", "HS2_SupDoc": null, "FeatID": "1S19SSPTT_FTR_000106", "WSIIntID": "1S19SSPTT_INT000095", "MonType": "GULLY", "MonDesc": "7011", "Period": "UNKNOWN", "PeriodPhas": 0, "PeriodSubP": "N/A", "PhaseDesc": null, "BuildMater": "CLAY", "ArchScienc": "N/A", "Evidence": "EXCAVATED FEATURE", "MaxLength": 1.8 }, "geometry": { "type": "Polygon", "coordinates": [ [ [ -0.462555835298791, 51.566668959222753 ], [ -0.462544780762252, 51.566664324648741 ], [ -0.462531283584887, 51.566660671482005 ], [ -0.462528222246345, 51.566660019014307 ], [ -0.462533181370644, 51.566657407036821 ], [ -0.462536233176679, 51.566658384893273 ], [ -0.462547353839734, 51.566661828882026 ], [ -0.462560815245743, 51.566666542645301 ], [ -0.46256405161168, 51.566667866416822 ], [ -0.462559252641597, 51.566670350108367 ], [ -0.462555835298791, 51.566668959222753 ] ] ] } },
{ "type": "Feature", "properties": { "_source_path": "C:\\Uni\\HS2\\HS2_ADS_GIS\\2025-11-24_HIS_HSTWO_CH_HERDS_Feature_Ply\\2025-11-24_HIS_HSTWO_CH_HERDS_Feature_Ply.shp", "_source_layer": "", "box_id": "box_05", "section": "HS2 Phase 1", "HS2_AssetI": null, "HS2_AssetN": null, "HS2_Suitab": "SC7", "HS2_Phase": "R1", "HS2_DocNum": "1EW02-CSJ-GI-GDD-S002-000019", "HS2_DocRev": "C02", "HS2_RevDat": "2021-07-05T00:00:00", "HS2_Layer": "HIS_CSJ_1EW02_CH_HERDS_Feature_Ply", "Contract": "1EW02", "Originator": "CSJ", "CreatedAt": "2021-03-11T00:00:00", "LastEdited": "2021-06-29T00:00:00", "HS2_SupDoc": null, "FeatID": "1S19SSPTT_FTR_000107", "WSIIntID": "1S19SSPTT_INT000007", "MonType": "DITCH", "MonDesc": "7005", "Period": "UNKNOWN", "PeriodPhas": 0, "PeriodSubP": "N/A", "PhaseDesc": null, "BuildMater": "CLAY", "ArchScienc": "N/A", "Evidence": "EXCAVATED FEATURE", "MaxLength": 0.0 }, "geometry": { "type": "Polygon", "coordinates": [ [ [ -0.462422089821013, 51.566715713046712 ], [ -0.462427965700607, 51.56672009994125 ], [ -0.462432338373508, 51.566724009443412 ], [ -0.462433608432882, 51.566726736300232 ], [ -0.462432764449603, 51.566728487692949 ], [ -0.462431078695012, 51.566728759648186 ], [ -0.462428907955729, 51.566727882354229 ], [ -0.462427254126847, 51.566727207860275 ], [ -0.462423191818427, 51.566726501811019 ], [ -0.462418482929344, 51.566724774780567 ], [ -0.462412445423347, 51.566720517052545 ], [ -0.462411533112738, 51.566719802817104 ], [ -0.462420757798949, 51.56671499421158 ], [ -0.462422089821013, 51.566715713046712 ] ] ] } },
{ "type": "Feature", "properties": { "_source_path": "C:\\Uni\\HS2\\HS2_ADS_GIS\\2025-11-24_HIS_HSTWO_CH_HERDS_Feature_Ply\\2025-11-24_HIS_HSTWO_CH_HERDS_Feature_Ply.shp", "_source_layer": "", "box_id": "box_05", "section": "HS2 Phase 1", "HS2_AssetI": null, "HS2_AssetN": null, "HS2_Suitab": "SC7", "HS2_Phase": "R1", "HS2_DocNum": "1EW02-CSJ-GI-GDD-S002-000019", "HS2_DocRev": "C02", "HS2_RevDat": "2021-07-05T00:00:00", "HS2_Layer": "HIS_CSJ_1EW02_CH_HERDS_Feature_Ply", "Contract": "1EW02", "Originator": "CSJ", "CreatedAt": "2021-03-11T00:00:00", "LastEdited": "2021-06-29T00:00:00", "HS2_SupDoc": null, "FeatID": "1S19SSPTT_FTR_000108", "WSIIntID": "1S19SSPTT_INT000021", "MonType": "DITCH", "MonDesc": "7007", "Period": "UNKNOWN", "PeriodPhas": 0, "PeriodSubP": "N/A", "PhaseDesc": null, "BuildMater": "CLAY", "ArchScienc": "N/A", "Evidence": "EXCAVATED FEATURE", "MaxLength": 3.3 }, "geometry": { "type": "Polygon", "coordinates": [ [ [ -0.462334482042719, 51.566781493349033 ], [ -0.462336140165655, 51.566783751408174 ], [ -0.462323770098618, 51.566790184130177 ], [ -0.46231891434794, 51.566789517137707 ], [ -0.462317979777421, 51.566787709171344 ], [ -0.462319543375705, 51.566784856684791 ], [ -0.462320821387899, 51.566782685653784 ], [ -0.462322597572091, 51.566781272889116 ], [ -0.46232394893708, 51.566780049686621 ], [ -0.462326202432466, 51.566780013570927 ], [ -0.462331365887368, 51.566780669308251 ], [ -0.462334482042719, 51.566781493349033 ] ] ] } },
{ "type": "Feature", "properties": { "_source_path": "C:\\Uni\\HS2\\HS2_ADS_GIS\\2025-11-24_HIS_HSTWO_CH_HERDS_Feature_Ply\\2025-11-24_HIS_HSTWO_CH_HERDS_Feature_Ply.shp", "_source_layer": "", "box_id": "box_05", "section": "HS2 Phase 1", "HS2_AssetI": null, "HS2_AssetN": null, "HS2_Suitab": "SC7", "HS2_Phase": "R1", "HS2_DocNum": "1EW02-CSJ-GI-GDD-S002-000019", "HS2_DocRev": "C02", "HS2_RevDat": "2021-07-05T00:00:00", "HS2_Layer": "HIS_CSJ_1EW02_CH_HERDS_Feature_Ply", "Contract": "1EW02", "Originator": "CSJ", "CreatedAt": "2021-03-11T00:00:00", "LastEdited": "2021-06-29T00:00:00", "HS2_SupDoc": null, "FeatID": "1S19SSPTT_FTR_000109", "WSIIntID": "1S19SSPTT_INT000020", "MonType": "DITCH", "MonDesc": "6005", "Period": "UNKNOWN", "PeriodPhas": 0, "PeriodSubP": "N/A", "PhaseDesc": null, "BuildMater": "CLAY", "ArchScienc": "N/A", "Evidence": "EXCAVATED FEATURE", "MaxLength": 1.9 }, "geometry": { "type": "Polygon", "coordinates": [ [ [ -0.462729893868318, 51.566914947567668 ], [ -0.462728322369724, 51.566916751478033 ], [ -0.462722520102857, 51.566911677668145 ], [ -0.462723572734914, 51.566909771644951 ], [ -0.4627289374657, 51.566902919805308 ], [ -0.462737482914496, 51.566894935262539 ], [ -0.462738342514967, 51.566894089576046 ], [ -0.462743607596037, 51.566898320983185 ], [ -0.462742672958904, 51.566899509184751 ], [ -0.462737530597648, 51.566905970983385 ], [ -0.462729893868318, 51.566914947567668 ] ] ] } },
{ "type": "Feature", "properties": { "_source_path": "C:\\Uni\\HS2\\HS2_ADS_GIS\\2025-11-24_HIS_HSTWO_CH_HERDS_Feature_Ply\\2025-11-24_HIS_HSTWO_CH_HERDS_Feature_Ply.shp", "_source_layer": "", "box_id": "box_05", "section": "HS2 Phase 1", "HS2_AssetI": null, "HS2_AssetN": null, "HS2_Suitab": "SC7", "HS2_Phase": "R1", "HS2_DocNum": "1EW02-CSJ-GI-GDD-S002-000019", "HS2_DocRev": "C02", "HS2_RevDat": "2021-07-05T00:00:00", "HS2_Layer": "HIS_CSJ_1EW02_CH_HERDS_Feature_Ply", "Contract": "1EW02", "Originator": "CSJ", "CreatedAt": "2021-03-11T00:00:00", "LastEdited": "2021-06-29T00:00:00", "HS2_SupDoc": null, "FeatID": "1S19SSPTT_FTR_000110", "WSIIntID": "1S19SSPTT_INT000006", "MonType": "PIT", "MonDesc": "6003", "Period": "UNKNOWN", "PeriodPhas": 0, "PeriodSubP": "N/A", "PhaseDesc": null, "BuildMater": "CLAY", "ArchScienc": "N/A", "Evidence": "EXCAVATED FEATURE", "MaxLength": 3.0 }, "geometry": { "type": "Polygon", "coordinates": [ [ [ -0.462669580508009, 51.566842462645127 ], [ -0.462668223117802, 51.566843864715288 ], [ -0.462666470586827, 51.566844576411718 ], [ -0.462664520164906, 51.566844909646356 ], [ -0.46266248072773, 51.566844802001526 ], [ -0.462661176970036, 51.566843886612617 ], [ -0.462660839389605, 51.566842216854809 ], [ -0.462661608122316, 51.566841199128739 ], [ -0.462663234353609, 51.566840339206777 ], [ -0.462664607377161, 51.566840013695007 ], [ -0.46266761042981, 51.56684029851813 ], [ -0.462669048661194, 51.566840349729951 ], [ -0.462669610339207, 51.56684076532877 ], [ -0.462669580508009, 51.566842462645127 ] ] ] } },
{ "type": "Feature", "properties": { "_source_path": "C:\\Uni\\HS2\\HS2_ADS_GIS\\2025-11-24_HIS_HSTWO_CH_HERDS_Feature_Ply\\2025-11-24_HIS_HSTWO_CH_HERDS_Feature_Ply.shp", "_source_layer": "", "box_id": "box_05", "section": "HS2 Phase 1", "HS2_AssetI": null, "HS2_AssetN": null, "HS2_Suitab": "SC7", "HS2_Phase": "R1", "HS2_DocNum": "1EW02-CSJ-GI-GDD-S002-000019", "HS2_DocRev": "C02", "HS2_RevDat": "2021-07-05T00:00:00", "HS2_Layer": "HIS_CSJ_1EW02_CH_HERDS_Feature_Ply", "Contract": "1EW02", "Originator": "CSJ", "CreatedAt": "2021-03-11T00:00:00", "LastEdited": "2021-06-29T00:00:00", "HS2_SupDoc": null, "FeatID": "1S19SSPTT_FTR_000111", "WSIIntID": "1S19SSPTT_INT000084", "MonType": "STAKE HOLE", "MonDesc": "6007", "Period": "UNKNOWN", "PeriodPhas": 0, "PeriodSubP": "N/A", "PhaseDesc": null, "BuildMater": "CLAY", "ArchScienc": "N/A", "Evidence": "EXCAVATED FEATURE", "MaxLength": 1.0 }, "geometry": { "type": "Polygon", "coordinates": [ [ [ -0.462638228912257, 51.566827661900156 ], [ -0.462637210012588, 51.566827583809598 ], [ -0.462636829009466, 51.566827244312634 ], [ -0.462636688330497, 51.566826752400694 ], [ -0.46263720241335, 51.56682626906607 ], [ -0.462637641333094, 51.566826046416701 ], [ -0.46263865416978, 51.566826304269703 ], [ -0.462639070310242, 51.566826799790164 ], [ -0.462638889706731, 51.566827491613871 ], [ -0.462638228912257, 51.566827661900156 ] ] ] } },
{ "type": "Feature", "properties": { "_source_path": "C:\\Uni\\HS2\\HS2_ADS_GIS\\2025-11-24_HIS_HSTWO_CH_HERDS_Feature_Ply\\2025-11-24_HIS_HSTWO_CH_HERDS_Feature_Ply.shp", "_source_layer": "", "box_id": "box_05", "section": "HS2 Phase 1", "HS2_AssetI": null, "HS2_AssetN": null, "HS2_Suitab": "SC7", "HS2_Phase": "R1", "HS2_DocNum": "1EW02-CSJ-GI-GDD-S002-000019", "HS2_DocRev": "C02", "HS2_RevDat": "2021-07-05T00:00:00", "HS2_Layer": "HIS_CSJ_1EW02_CH_HERDS_Feature_Ply", "Contract": "1EW02", "Originator": "CSJ", "CreatedAt": "2021-03-11T00:00:00", "LastEdited": "2021-06-29T00:00:00", "HS2_SupDoc": null, "FeatID": "1S19SSPTT_FTR_000112", "WSIIntID": "1S19SSPTT_INT000101", "MonType": "DITCH", "MonDesc": "13011", "Period": "UNKNOWN", "PeriodPhas": 0, "PeriodSubP": "N/A", "PhaseDesc": null, "BuildMater": "CLAY", "ArchScienc": "N/A", "Evidence": "EXCAVATED FEATURE", "MaxLength": 1.8 }, "geometry": { "type": "Polygon", "coordinates": [ [ [ -0.461828165397607, 51.56575113525561 ], [ -0.461803082501173, 51.56574466848901 ], [ -0.461799811443593, 51.565743776760925 ], [ -0.46180979869682, 51.56572880813868 ], [ -0.461813489075126, 51.565729672990976 ], [ -0.461837390892875, 51.565735438178329 ], [ -0.461838329675338, 51.565735580868193 ], [ -0.461828165397607, 51.56575113525561 ] ] ] } },
{ "type": "Feature", "properties": { "_source_path": "C:\\Uni\\HS2\\HS2_ADS_GIS\\2025-11-24_HIS_HSTWO_CH_HERDS_Feature_Ply\\2025-11-24_HIS_HSTWO_CH_HERDS_Feature_Ply.shp", "_source_layer": "", "box_id": "box_05", "section": "HS2 Phase 1", "HS2_AssetI": null, "HS2_AssetN": null, "HS2_Suitab": "SC7", "HS2_Phase": "R1", "HS2_DocNum": "1EW02-CSJ-GI-GDD-S002-000019", "HS2_DocRev": "C02", "HS2_RevDat": "2021-07-05T00:00:00", "HS2_Layer": "HIS_CSJ_1EW02_CH_HERDS_Feature_Ply", "Contract": "1EW02", "Originator": "CSJ", "CreatedAt": "2021-03-11T00:00:00", "LastEdited": "2021-06-29T00:00:00", "HS2_SupDoc": null, "FeatID": "1S19SSPTT_FTR_000113", "WSIIntID": "1S19SSPTT_INT000013", "MonType": "PIT", "MonDesc": "13009", "Period": "UNKNOWN", "PeriodPhas": 0, "PeriodSubP": "N/A", "PhaseDesc": null, "BuildMater": "CLAY", "ArchScienc": "N/A", "Evidence": "EXCAVATED FEATURE", "MaxLength": 0.55 }, "geometry": { "type": "Polygon", "coordinates": [ [ [ -0.461686855070839, 51.565927410139636 ], [ -0.461683679448251, 51.565927580726608 ], [ -0.461682593648493, 51.565926407412725 ], [ -0.461682302858115, 51.565924934292646 ], [ -0.461683012114401, 51.565923327710188 ], [ -0.461684299559681, 51.565921646878635 ], [ -0.461686583830699, 51.565920697581994 ], [ -0.461688156576114, 51.565920652555405 ], [ -0.461690121453251, 51.565921429151132 ], [ -0.461690954554995, 51.565923121593308 ], [ -0.461690790690284, 51.565924898980988 ], [ -0.461689061494853, 51.565926458923286 ], [ -0.461686855070839, 51.565927410139636 ] ] ] } },
{ "type": "Feature", "properties": { "_source_path": "C:\\Uni\\HS2\\HS2_ADS_GIS\\2025-11-24_HIS_HSTWO_CH_HERDS_Feature_Ply\\2025-11-24_HIS_HSTWO_CH_HERDS_Feature_Ply.shp", "_source_layer": "", "box_id": "box_05", "section": "HS2 Phase 1", "HS2_AssetI": null, "HS2_AssetN": null, "HS2_Suitab": "SC7", "HS2_Phase": "R1", "HS2_DocNum": "1EW02-CSJ-GI-GDD-S002-000019", "HS2_DocRev": "C02", "HS2_RevDat": "2021-07-05T00:00:00", "HS2_Layer": "HIS_CSJ_1EW02_CH_HERDS_Feature_Ply", "Contract": "1EW02", "Originator": "CSJ", "CreatedAt": "2021-03-11T00:00:00", "LastEdited": "2021-06-29T00:00:00", "HS2_SupDoc": null, "FeatID": "1S19SSPTT_FTR_000114", "WSIIntID": "1S19SSPTT_INT000013", "MonType": "PIT", "MonDesc": "13007", "Period": "UNKNOWN", "PeriodPhas": 0, "PeriodSubP": "N/A", "PhaseDesc": null, "BuildMater": "CLAY", "ArchScienc": "N/A", "Evidence": "EXCAVATED FEATURE", "MaxLength": 1.15 }, "geometry": { "type": "Polygon", "coordinates": [ [ [ -0.461684302394664, 51.565939391017181 ], [ -0.461681429328043, 51.565939189700465 ], [ -0.461680615082152, 51.565938477643783 ], [ -0.461680032549926, 51.565937098713327 ], [ -0.461680667461271, 51.565935343686 ], [ -0.46168160386215, 51.56593401793674 ], [ -0.461683628994089, 51.565932966330251 ], [ -0.461685600398664, 51.565932779958217 ], [ -0.461687456691042, 51.565933653144512 ], [ -0.461688226317816, 51.565935687353473 ], [ -0.461687905997319, 51.565937397947252 ], [ -0.461686872918225, 51.565938510215837 ], [ -0.461684302394664, 51.565939391017181 ] ] ] } },
{ "type": "Feature", "properties": { "_source_path": "C:\\Uni\\HS2\\HS2_ADS_GIS\\2025-11-24_HIS_HSTWO_CH_HERDS_Feature_Ply\\2025-11-24_HIS_HSTWO_CH_HERDS_Feature_Ply.shp", "_source_layer": "", "box_id": "box_05", "section": "HS2 Phase 1", "HS2_AssetI": null, "HS2_AssetN": null, "HS2_Suitab": "SC7", "HS2_Phase": "R1", "HS2_DocNum": "1EW02-CSJ-GI-GDD-S002-000019", "HS2_DocRev": "C02", "HS2_RevDat": "2021-07-05T00:00:00", "HS2_Layer": "HIS_CSJ_1EW02_CH_HERDS_Feature_Ply", "Contract": "1EW02", "Originator": "CSJ", "CreatedAt": "2021-03-11T00:00:00", "LastEdited": "2021-06-29T00:00:00", "HS2_SupDoc": null, "FeatID": "1S19SSPTT_FTR_000115", "WSIIntID": "1S19SSPTT_INT000013", "MonType": "DITCH", "MonDesc": "13005", "Period": "UNKNOWN", "PeriodPhas": 0, "PeriodSubP": "N/A", "PhaseDesc": null, "BuildMater": "CLAY", "ArchScienc": "N/A", "Evidence": "EXCAVATED FEATURE", "MaxLength": 0.7 }, "geometry": { "type": "Polygon", "coordinates": [ [ [ -0.461656050429126, 51.565988775744074 ], [ -0.461642495105869, 51.565988435298195 ], [ -0.461628369554163, 51.56598789044898 ], [ -0.461625385334743, 51.565987818958469 ], [ -0.4616302210863, 51.565981123889706 ], [ -0.461633094505473, 51.56598135758383 ], [ -0.461647641943724, 51.56598184232049 ], [ -0.461660329602117, 51.565983053516661 ], [ -0.461656050429126, 51.565988775744074 ] ] ] } },
{ "type": "Feature", "properties": { "_source_path": "C:\\Uni\\HS2\\HS2_ADS_GIS\\2025-11-24_HIS_HSTWO_CH_HERDS_Feature_Ply\\2025-11-24_HIS_HSTWO_CH_HERDS_Feature_Ply.shp", "_source_layer": "", "box_id": "box_05", "section": "HS2 Phase 1", "HS2_AssetI": null, "HS2_AssetN": null, "HS2_Suitab": "SC7", "HS2_Phase": "R1", "HS2_DocNum": "1EW02-CSJ-GI-GDD-S002-000019", "HS2_DocRev": "C02", "HS2_RevDat": "2021-07-05T00:00:00", "HS2_Layer": "HIS_CSJ_1EW02_CH_HERDS_Feature_Ply", "Contract": "1EW02", "Originator": "CSJ", "CreatedAt": "2021-03-11T00:00:00", "LastEdited": "2021-06-29T00:00:00", "HS2_SupDoc": null, "FeatID": "1S19SSPTT_FTR_000116", "WSIIntID": "1S19SSPTT_INT000013", "MonType": "PIT", "MonDesc": "13003", "Period": "UNKNOWN", "PeriodPhas": 0, "PeriodSubP": "N/A", "PhaseDesc": null, "BuildMater": "CLAY", "ArchScienc": "N/A", "Evidence": "EXCAVATED FEATURE", "MaxLength": 0.8 }, "geometry": { "type": "Polygon", "coordinates": [ [ [ -0.461642629456297, 51.566001512464837 ], [ -0.461640671708918, 51.566002106357075 ], [ -0.461638799974904, 51.566001690665303 ], [ -0.461638055847221, 51.566000440001744 ], [ -0.461638580311436, 51.565998879554535 ], [ -0.461640036599932, 51.565997625363636 ], [ -0.461641869610401, 51.56599764939164 ], [ -0.461643949338015, 51.565998101080609 ], [ -0.46164438677532, 51.565999119324658 ], [ -0.461644075083893, 51.566000616918728 ], [ -0.461642629456297, 51.566001512464837 ] ] ] } },
{ "type": "Feature", "properties": { "_source_path": "C:\\Uni\\HS2\\HS2_ADS_GIS\\2025-11-24_HIS_HSTWO_CH_HERDS_Feature_Ply\\2025-11-24_HIS_HSTWO_CH_HERDS_Feature_Ply.shp", "_source_layer": "", "box_id": "box_05", "section": "HS2 Phase 1", "HS2_AssetI": null, "HS2_AssetN": null, "HS2_Suitab": "SC7", "HS2_Phase": "R1", "HS2_DocNum": "1EW02-CSJ-GI-GDD-S002-000019", "HS2_DocRev": "C02", "HS2_RevDat": "2021-07-05T00:00:00", "HS2_Layer": "HIS_CSJ_1EW02_CH_HERDS_Feature_Ply", "Contract": "1EW02", "Originator": "CSJ", "CreatedAt": "2021-03-11T00:00:00", "LastEdited": "2021-06-29T00:00:00", "HS2_SupDoc": null, "FeatID": "1S19SSPTT_FTR_000117", "WSIIntID": "1S19SSPTT_INT000012", "MonType": "POST HOLE", "MonDesc": "12005", "Period": "UNKNOWN", "PeriodPhas": 0, "PeriodSubP": "N/A", "PhaseDesc": null, "BuildMater": "CLAY", "ArchScienc": "N/A", "Evidence": "EXCAVATED FEATURE", "MaxLength": 2.4 }, "geometry": { "type": "Polygon", "coordinates": [ [ [ -0.461892350830643, 51.566184609577164 ], [ -0.461894323366476, 51.566184774807319 ], [ -0.461894921012932, 51.56618532126673 ], [ -0.461895058406541, 51.566185910251214 ], [ -0.461894047920589, 51.566186737768312 ], [ -0.461893174679636, 51.566187004179078 ], [ -0.461891684231226, 51.566186919002462 ], [ -0.461891045948403, 51.566186037504529 ], [ -0.461891176825483, 51.566185280287065 ], [ -0.461892350830643, 51.566184609577164 ] ] ] } },
{ "type": "Feature", "properties": { "_source_path": "C:\\Uni\\HS2\\HS2_ADS_GIS\\2025-11-24_HIS_HSTWO_CH_HERDS_Feature_Ply\\2025-11-24_HIS_HSTWO_CH_HERDS_Feature_Ply.shp", "_source_layer": "", "box_id": "box_05", "section": "HS2 Phase 1", "HS2_AssetI": null, "HS2_AssetN": null, "HS2_Suitab": "SC7", "HS2_Phase": "R1", "HS2_DocNum": "1EW02-CSJ-GI-GDD-S002-000019", "HS2_DocRev": "C02", "HS2_RevDat": "2021-07-05T00:00:00", "HS2_Layer": "HIS_CSJ_1EW02_CH_HERDS_Feature_Ply", "Contract": "1EW02", "Originator": "CSJ", "CreatedAt": "2021-03-11T00:00:00", "LastEdited": "2021-06-29T00:00:00", "HS2_SupDoc": null, "FeatID": "1S19SSPTT_FTR_000118", "WSIIntID": "1S19SSPTT_INT000012", "MonType": "STAKE HOLE", "MonDesc": "12009", "Period": "UNKNOWN", "PeriodPhas": 0, "PeriodSubP": "N/A", "PhaseDesc": null, "BuildMater": "CLAY", "ArchScienc": "N/A", "Evidence": "EXCAVATED FEATURE", "MaxLength": 1.5 }, "geometry": { "type": "Polygon", "coordinates": [ [ [ -0.461890230573779, 51.56618497384369 ], [ -0.461888409989308, 51.566184966168215 ], [ -0.46188898292304, 51.566184320851228 ], [ -0.461889573216313, 51.566183887975178 ], [ -0.461890290380071, 51.566183971109773 ], [ -0.461890808433289, 51.566184524618883 ], [ -0.461890230573779, 51.56618497384369 ] ] ] } },
{ "type": "Feature", "properties": { "_source_path": "C:\\Uni\\HS2\\HS2_ADS_GIS\\2025-11-24_HIS_HSTWO_CH_HERDS_Feature_Ply\\2025-11-24_HIS_HSTWO_CH_HERDS_Feature_Ply.shp", "_source_layer": "", "box_id": "box_05", "section": "HS2 Phase 1", "HS2_AssetI": null, "HS2_AssetN": null, "HS2_Suitab": "SC7", "HS2_Phase": "R1", "HS2_DocNum": "1EW02-CSJ-GI-GDD-S002-000019", "HS2_DocRev": "C02", "HS2_RevDat": "2021-07-05T00:00:00", "HS2_Layer": "HIS_CSJ_1EW02_CH_HERDS_Feature_Ply", "Contract": "1EW02", "Originator": "CSJ", "CreatedAt": "2021-03-11T00:00:00", "LastEdited": "2021-06-29T00:00:00", "HS2_SupDoc": null, "FeatID": "1S19SSPTT_FTR_000119", "WSIIntID": "1S19SSPTT_INT000012", "MonType": "HEDGE", "MonDesc": "12003", "Period": "UNKNOWN", "PeriodPhas": 0, "PeriodSubP": "N/A", "PhaseDesc": null, "BuildMater": "CLAY", "ArchScienc": "N/A", "Evidence": "EXCAVATED FEATURE", "MaxLength": 1.38 }, "geometry": { "type": "Polygon", "coordinates": [ [ [ -0.461758475393067, 51.56623797282839 ], [ -0.461761126167538, 51.566238562385543 ], [ -0.461775207844902, 51.566241179321089 ], [ -0.461780397592927, 51.56624208001265 ], [ -0.461782372140408, 51.566243297346126 ], [ -0.461783549809832, 51.566244912475767 ], [ -0.461782542590355, 51.566246797505073 ], [ -0.461779007190188, 51.56624835085924 ], [ -0.461773548208199, 51.566247903437088 ], [ -0.461763925916117, 51.566245084181716 ], [ -0.461752380850441, 51.566242549050827 ], [ -0.461750111287819, 51.566242078689839 ], [ -0.461758475393067, 51.56623797282839 ] ] ] } },
{ "type": "Feature", "properties": { "_source_path": "C:\\Uni\\HS2\\HS2_ADS_GIS\\2025-11-24_HIS_HSTWO_CH_HERDS_Feature_Ply\\2025-11-24_HIS_HSTWO_CH_HERDS_Feature_Ply.shp", "_source_layer": "", "box_id": "box_05", "section": "HS2 Phase 1", "HS2_AssetI": null, "HS2_AssetN": null, "HS2_Suitab": "SC7", "HS2_Phase": "R1", "HS2_DocNum": "1EW02-CSJ-GI-GDD-S002-000019", "HS2_DocRev": "C02", "HS2_RevDat": "2021-07-05T00:00:00", "HS2_Layer": "HIS_CSJ_1EW02_CH_HERDS_Feature_Ply", "Contract": "1EW02", "Originator": "CSJ", "CreatedAt": "2021-03-11T00:00:00", "LastEdited": "2021-06-29T00:00:00", "HS2_SupDoc": null, "FeatID": "1S19SSPTT_FTR_000120", "WSIIntID": "1S19SSPTT_INT000012", "MonType": "GULLY", "MonDesc": "12011", "Period": "UNKNOWN", "PeriodPhas": 0, "PeriodSubP": "N/A", "PhaseDesc": null, "BuildMater": "CLAY", "ArchScienc": "N/A", "Evidence": "EXCAVATED FEATURE", "MaxLength": 0.18 }, "geometry": { "type": "Polygon", "coordinates": [ [ [ -0.461735519900398, 51.566249135959247 ], [ -0.46174289766002, 51.566245527021984 ], [ -0.46174694455936, 51.566245106183665 ], [ -0.461754586203443, 51.566244537334917 ], [ -0.461757428736491, 51.566244917192208 ], [ -0.46175944773131, 51.566245629752935 ], [ -0.461759767821846, 51.566247004343722 ], [ -0.461758521737666, 51.566248228919775 ], [ -0.4617387430659, 51.566249096379302 ], [ -0.461735519900398, 51.566249135959247 ] ] ] } },
{ "type": "Feature", "properties": { "_source_path": "C:\\Uni\\HS2\\HS2_ADS_GIS\\2025-11-24_HIS_HSTWO_CH_HERDS_Feature_Ply\\2025-11-24_HIS_HSTWO_CH_HERDS_Feature_Ply.shp", "_source_layer": "", "box_id": "box_05", "section": "HS2 Phase 1", "HS2_AssetI": null, "HS2_AssetN": null, "HS2_Suitab": "SC7", "HS2_Phase": "R1", "HS2_DocNum": "1EW02-CSJ-GI-GDD-S002-000019", "HS2_DocRev": "C02", "HS2_RevDat": "2021-07-05T00:00:00", "HS2_Layer": "HIS_CSJ_1EW02_CH_HERDS_Feature_Ply", "Contract": "1EW02", "Originator": "CSJ", "CreatedAt": "2021-03-11T00:00:00", "LastEdited": "2021-06-29T00:00:00", "HS2_SupDoc": null, "FeatID": "1S19SSPTT_FTR_000121", "WSIIntID": "1S19SSPTT_INT000012", "MonType": "GULLY", "MonDesc": "12013", "Period": "UNKNOWN", "PeriodPhas": 0, "PeriodSubP": "N/A", "PhaseDesc": null, "BuildMater": "CLAY", "ArchScienc": "N/A", "Evidence": "EXCAVATED FEATURE", "MaxLength": 0.52 }, "geometry": { "type": "Polygon", "coordinates": [ [ [ -0.461734462622594, 51.566272342386789 ], [ -0.461733233207855, 51.566272260629724 ], [ -0.461717219750088, 51.566271006747165 ], [ -0.461712017318114, 51.56626992604469 ], [ -0.461699518745006, 51.566268154427931 ], [ -0.461697016021483, 51.566267795209257 ], [ -0.461702234685512, 51.566265273892057 ], [ -0.461704418009657, 51.566265392431895 ], [ -0.461718971446708, 51.566266856476958 ], [ -0.461739049945431, 51.566269503464497 ], [ -0.461740093122087, 51.566269631337647 ], [ -0.461734462622594, 51.566272342386789 ] ] ] } },
{ "type": "Feature", "properties": { "_source_path": "C:\\Uni\\HS2\\HS2_ADS_GIS\\2025-11-24_HIS_HSTWO_CH_HERDS_Feature_Ply\\2025-11-24_HIS_HSTWO_CH_HERDS_Feature_Ply.shp", "_source_layer": "", "box_id": "box_05", "section": "HS2 Phase 1", "HS2_AssetI": null, "HS2_AssetN": null, "HS2_Suitab": "SC7", "HS2_Phase": "R1", "HS2_DocNum": "1EW02-CSJ-GI-GDD-S002-000019", "HS2_DocRev": "C02", "HS2_RevDat": "2021-07-05T00:00:00", "HS2_Layer": "HIS_CSJ_1EW02_CH_HERDS_Feature_Ply", "Contract": "1EW02", "Originator": "CSJ", "CreatedAt": "2021-03-11T00:00:00", "LastEdited": "2021-06-29T00:00:00", "HS2_SupDoc": null, "FeatID": "1S19SSPTT_FTR_000122", "WSIIntID": "1S19SSPTT_INT000012", "MonType": "DITCH", "MonDesc": "12007", "Period": "UNKNOWN", "PeriodPhas": 0, "PeriodSubP": "N/A", "PhaseDesc": null, "BuildMater": "CLAY", "ArchScienc": "N/A", "Evidence": "EXCAVATED FEATURE", "MaxLength": 3.2 }, "geometry": { "type": "Polygon", "coordinates": [ [ [ -0.461696861235899, 51.566290252735115 ], [ -0.461688102777414, 51.566294414569263 ], [ -0.461687882017712, 51.566293987248663 ], [ -0.461683839584531, 51.566288033647602 ], [ -0.461679161861079, 51.566283033873084 ], [ -0.461675021696546, 51.566279976243521 ], [ -0.461673768225309, 51.566279110959051 ], [ -0.461682024182789, 51.566275089110313 ], [ -0.461682985364073, 51.566276064762924 ], [ -0.461688075473295, 51.566280473767009 ], [ -0.461693029455248, 51.56628579548255 ], [ -0.461696861235899, 51.566290252735115 ] ] ] } },
{ "type": "Feature", "properties": { "_source_path": "C:\\Uni\\HS2\\HS2_ADS_GIS\\2025-11-24_HIS_HSTWO_CH_HERDS_Feature_Ply\\2025-11-24_HIS_HSTWO_CH_HERDS_Feature_Ply.shp", "_source_layer": "", "box_id": "box_05", "section": "HS2 Phase 1", "HS2_AssetI": null, "HS2_AssetN": null, "HS2_Suitab": "SC7", "HS2_Phase": "R1", "HS2_DocNum": "1EW02-CSJ-GI-GDD-S002-000019", "HS2_DocRev": "C02", "HS2_RevDat": "2021-07-05T00:00:00", "HS2_Layer": "HIS_CSJ_1EW02_CH_HERDS_Feature_Ply", "Contract": "1EW02", "Originator": "CSJ", "CreatedAt": "2021-03-11T00:00:00", "LastEdited": "2021-06-29T00:00:00", "HS2_SupDoc": null, "FeatID": "1S19SSPTT_FTR_000123", "WSIIntID": "1S19SSPTT_INT000096", "MonType": "PIT", "MonDesc": "8005", "Period": "UNKNOWN", "PeriodPhas": 0, "PeriodSubP": "N/A", "PhaseDesc": null, "BuildMater": "CLAY", "ArchScienc": "N/A", "Evidence": "EXCAVATED FEATURE", "MaxLength": 1.8 }, "geometry": { "type": "Polygon", "coordinates": [ [ [ -0.462302224948579, 51.566359336108512 ], [ -0.462283383887003, 51.566368891517619 ], [ -0.46228247316757, 51.566367916531227 ], [ -0.462278086922629, 51.566361288535177 ], [ -0.462276619862757, 51.566358200310567 ], [ -0.462280746393551, 51.566358156366768 ], [ -0.462282573772642, 51.56635719297897 ], [ -0.462283355615107, 51.566355358944975 ], [ -0.462285984166707, 51.566354683011376 ], [ -0.462289857152114, 51.566354798501948 ], [ -0.462295245621137, 51.566356566813873 ], [ -0.462300674972663, 51.566358662973435 ], [ -0.462302224948579, 51.566359336108512 ] ] ] } },
{ "type": "Feature", "properties": { "_source_path": "C:\\Uni\\HS2\\HS2_ADS_GIS\\2025-11-24_HIS_HSTWO_CH_HERDS_Feature_Ply\\2025-11-24_HIS_HSTWO_CH_HERDS_Feature_Ply.shp", "_source_layer": "", "box_id": "box_05", "section": "HS2 Phase 1", "HS2_AssetI": null, "HS2_AssetN": null, "HS2_Suitab": "SC7", "HS2_Phase": "R1", "HS2_DocNum": "1EW02-CSJ-GI-GDD-S002-000019", "HS2_DocRev": "C02", "HS2_RevDat": "2021-07-05T00:00:00", "HS2_Layer": "HIS_CSJ_1EW02_CH_HERDS_Feature_Ply", "Contract": "1EW02", "Originator": "CSJ", "CreatedAt": "2021-03-11T00:00:00", "LastEdited": "2021-06-29T00:00:00", "HS2_SupDoc": null, "FeatID": "1S19SSPTT_FTR_000124", "WSIIntID": "1S19SSPTT_INT000022", "MonType": "DITCH", "MonDesc": "8003", "Period": "UNKNOWN", "PeriodPhas": 0, "PeriodSubP": "N/A", "PhaseDesc": null, "BuildMater": "CLAY", "ArchScienc": "N/A", "Evidence": "EXCAVATED FEATURE", "MaxLength": 0.9 }, "geometry": { "type": "Polygon", "coordinates": [ [ [ -0.462278742543697, 51.566346515921708 ], [ -0.462280287641553, 51.566348103489126 ], [ -0.462282883361687, 51.566351907885846 ], [ -0.462283399314715, 51.566355218341705 ], [ -0.462283368807072, 51.566355352823344 ], [ -0.462282547115795, 51.566357213311505 ], [ -0.46228075922166, 51.566358161030898 ], [ -0.46227659678769, 51.56635820000821 ], [ -0.4622739028263, 51.566357307762573 ], [ -0.462268917259149, 51.566353818246874 ], [ -0.46226715752522, 51.56635239152299 ], [ -0.462278742543697, 51.566346515921708 ] ] ] } },
{ "type": "Feature", "properties": { "_source_path": "C:\\Uni\\HS2\\HS2_ADS_GIS\\2025-11-24_HIS_HSTWO_CH_HERDS_Feature_Ply\\2025-11-24_HIS_HSTWO_CH_HERDS_Feature_Ply.shp", "_source_layer": "", "box_id": "box_05", "section": "HS2 Phase 1", "HS2_AssetI": null, "HS2_AssetN": null, "HS2_Suitab": "SC7", "HS2_Phase": "R1", "HS2_DocNum": "1EW02-CSJ-GI-GDD-S002-000019", "HS2_DocRev": "C02", "HS2_RevDat": "2021-07-05T00:00:00", "HS2_Layer": "HIS_CSJ_1EW02_CH_HERDS_Feature_Ply", "Contract": "1EW02", "Originator": "CSJ", "CreatedAt": "2021-03-11T00:00:00", "LastEdited": "2021-06-29T00:00:00", "HS2_SupDoc": null, "FeatID": "1S19SSPTT_FTR_000125", "WSIIntID": "1S19SSPTT_INT000102", "MonType": "DITCH", "MonDesc": "14003", "Period": "UNKNOWN", "PeriodPhas": 0, "PeriodSubP": "N/A", "PhaseDesc": null, "BuildMater": "CLAY", "ArchScienc": "N/A", "Evidence": "EXCAVATED FEATURE", "MaxLength": 2.2 }, "geometry": { "type": "Polygon", "coordinates": [ [ [ -0.462137994993047, 51.567073817110703 ], [ -0.462137579603223, 51.567074496864862 ], [ -0.462136253185221, 51.567076519789211 ], [ -0.462130258466264, 51.567084207704099 ], [ -0.462128457591354, 51.567085539213501 ], [ -0.462122305248442, 51.567088576150347 ], [ -0.462120093166343, 51.567089693654452 ], [ -0.462115130286086, 51.567085401436351 ], [ -0.462117154688376, 51.567084415455099 ], [ -0.462119969262537, 51.567081734028406 ], [ -0.462120724376984, 51.567080307886378 ], [ -0.462123162958927, 51.567073246879211 ], [ -0.462126106208703, 51.567063629738719 ], [ -0.462137994993047, 51.567073817110703 ] ] ] } },
{ "type": "Feature", "properties": { "_source_path": "C:\\Uni\\HS2\\HS2_ADS_GIS\\2025-11-24_HIS_HSTWO_CH_HERDS_Feature_Ply\\2025-11-24_HIS_HSTWO_CH_HERDS_Feature_Ply.shp", "_source_layer": "", "box_id": "box_05", "section": "HS2 Phase 1", "HS2_AssetI": null, "HS2_AssetN": null, "HS2_Suitab": "SC7", "HS2_Phase": "R1", "HS2_DocNum": "1EW02-CSJ-GI-GDD-S002-000019", "HS2_DocRev": "C02", "HS2_RevDat": "2021-07-05T00:00:00", "HS2_Layer": "HIS_CSJ_1EW02_CH_HERDS_Feature_Ply", "Contract": "1EW02", "Originator": "CSJ", "CreatedAt": "2021-03-11T00:00:00", "LastEdited": "2021-06-29T00:00:00", "HS2_SupDoc": null, "FeatID": "1S19SSPTT_FTR_000126", "WSIIntID": "1S19SSPTT_INT000104", "MonType": "DITCH", "MonDesc": "16003", "Period": "UNKNOWN", "PeriodPhas": 0, "PeriodSubP": "N/A", "PhaseDesc": null, "BuildMater": "CLAY", "ArchScienc": "N/A", "Evidence": "EXCAVATED FEATURE", "MaxLength": 1.8 }, "geometry": { "type": "Polygon", "coordinates": [ [ [ -0.461378589798224, 51.566876440185013 ], [ -0.461376009790966, 51.566876830786271 ], [ -0.461362085860795, 51.566878084270975 ], [ -0.461348557020449, 51.566880029030784 ], [ -0.461345763143353, 51.566880514841188 ], [ -0.461337604569917, 51.56687391108651 ], [ -0.461340138179821, 51.566873356221642 ], [ -0.461355478036966, 51.566872088032817 ], [ -0.461370642715316, 51.566871307614392 ], [ -0.461372241227022, 51.566871312386219 ], [ -0.461378589798224, 51.566876440185013 ] ] ] } },
{ "type": "Feature", "properties": { "_source_path": "C:\\Uni\\HS2\\HS2_ADS_GIS\\2025-11-24_HIS_HSTWO_CH_HERDS_Feature_Ply\\2025-11-24_HIS_HSTWO_CH_HERDS_Feature_Ply.shp", "_source_layer": "", "box_id": "box_05", "section": "HS2 Phase 1", "HS2_AssetI": null, "HS2_AssetN": null, "HS2_Suitab": "SC7", "HS2_Phase": "R1", "HS2_DocNum": "1EW02-CSJ-GI-GDD-S002-000019", "HS2_DocRev": "C02", "HS2_RevDat": "2021-07-05T00:00:00", "HS2_Layer": "HIS_CSJ_1EW02_CH_HERDS_Feature_Ply", "Contract": "1EW02", "Originator": "CSJ", "CreatedAt": "2021-03-11T00:00:00", "LastEdited": "2021-06-29T00:00:00", "HS2_SupDoc": null, "FeatID": "1S19SSPTT_FTR_000127", "WSIIntID": "1S19SSPTT_INT000104", "MonType": "DITCH", "MonDesc": "16005", "Period": "BRONZE AGE", "PeriodPhas": 0, "PeriodSubP": "N/A", "PhaseDesc": null, "BuildMater": "CLAY", "ArchScienc": "N/A", "Evidence": "EXCAVATED FEATURE", "MaxLength": 1.6 }, "geometry": { "type": "Polygon", "coordinates": [ [ [ -0.461334439959394, 51.566871445326711 ], [ -0.461325503119187, 51.56686443121913 ], [ -0.461328275085226, 51.566863782365012 ], [ -0.461340934220089, 51.566861613991449 ], [ -0.461351325941096, 51.566861047953878 ], [ -0.461353265089006, 51.566861775660342 ], [ -0.461354109287711, 51.566863908862743 ], [ -0.46135396278909, 51.566865726941863 ], [ -0.461352441813685, 51.5668665882258 ], [ -0.461348389014142, 51.566867139358763 ], [ -0.461343701852957, 51.566869428439183 ], [ -0.46133697906082, 51.566870727777008 ], [ -0.461334439959394, 51.566871445326711 ] ] ] } },
{ "type": "Feature", "properties": { "_source_path": "C:\\Uni\\HS2\\HS2_ADS_GIS\\2025-11-24_HIS_HSTWO_CH_HERDS_Feature_Ply\\2025-11-24_HIS_HSTWO_CH_HERDS_Feature_Ply.shp", "_source_layer": "", "box_id": "box_05", "section": "HS2 Phase 1", "HS2_AssetI": null, "HS2_AssetN": null, "HS2_Suitab": "SC7", "HS2_Phase": "R1", "HS2_DocNum": "1EW02-CSJ-GI-GDD-S002-000019", "HS2_DocRev": "C02", "HS2_RevDat": "2021-07-05T00:00:00", "HS2_Layer": "HIS_CSJ_1EW02_CH_HERDS_Feature_Ply", "Contract": "1EW02", "Originator": "CSJ", "CreatedAt": "2021-03-11T00:00:00", "LastEdited": "2021-06-29T00:00:00", "HS2_SupDoc": null, "FeatID": "1S19SSPTT_FTR_000128", "WSIIntID": "1S19SSPTT_INT000108", "MonType": "GULLY", "MonDesc": "20003", "Period": "UNKNOWN", "PeriodPhas": 0, "PeriodSubP": "N/A", "PhaseDesc": null, "BuildMater": "CLAY", "ArchScienc": "N/A", "Evidence": "EXCAVATED FEATURE", "MaxLength": 0.74 }, "geometry": { "type": "Polygon", "coordinates": [ [ [ -0.46016747487525, 51.56712677630771 ], [ -0.460164060019433, 51.567123988912599 ], [ -0.460168219457875, 51.567123357391516 ], [ -0.460175420572014, 51.567122636293625 ], [ -0.460177679580966, 51.567122437534564 ], [ -0.460179224798821, 51.567123208649036 ], [ -0.46017920384796, 51.567123828828692 ], [ -0.46017865387746, 51.567124604824095 ], [ -0.460177324838088, 51.567125207840512 ], [ -0.460171852589601, 51.567125919251275 ], [ -0.46016747487525, 51.56712677630771 ] ] ] } },
{ "type": "Feature", "properties": { "_source_path": "C:\\Uni\\HS2\\HS2_ADS_GIS\\2025-11-24_HIS_HSTWO_CH_HERDS_Feature_Ply\\2025-11-24_HIS_HSTWO_CH_HERDS_Feature_Ply.shp", "_source_layer": "", "box_id": "box_05", "section": "HS2 Phase 1", "HS2_AssetI": null, "HS2_AssetN": null, "HS2_Suitab": "SC7", "HS2_Phase": "R1", "HS2_DocNum": "1EW02-CSJ-GI-GDD-S002-000019", "HS2_DocRev": "C02", "HS2_RevDat": "2021-07-05T00:00:00", "HS2_Layer": "HIS_CSJ_1EW02_CH_HERDS_Feature_Ply", "Contract": "1EW02", "Originator": "CSJ", "CreatedAt": "2021-03-11T00:00:00", "LastEdited": "2021-06-29T00:00:00", "HS2_SupDoc": null, "FeatID": "1S19SSPTT_FTR_000129", "WSIIntID": "1S19SSPTT_INT000108", "MonType": "GULLY", "MonDesc": "20005", "Period": "UNKNOWN", "PeriodPhas": 0, "PeriodSubP": "N/A", "PhaseDesc": null, "BuildMater": "CLAY", "ArchScienc": "N/A", "Evidence": "EXCAVATED FEATURE", "MaxLength": 2.0 }, "geometry": { "type": "Polygon", "coordinates": [ [ [ -0.460223307691315, 51.567168971422454 ], [ -0.460220552255311, 51.567166780763934 ], [ -0.460221680114473, 51.567164445028411 ], [ -0.460224916403715, 51.567155476511807 ], [ -0.460225507060264, 51.567151958461118 ], [ -0.460226488510869, 51.56715079607136 ], [ -0.460227811280445, 51.567150421371352 ], [ -0.460229277664222, 51.567150408239371 ], [ -0.460230404641453, 51.567151173865675 ], [ -0.460229659000295, 51.567154624240636 ], [ -0.460227123173983, 51.567161479813379 ], [ -0.460224751820773, 51.567166541822665 ], [ -0.460223307691315, 51.567168971422454 ] ] ] } },
{ "type": "Feature", "properties": { "_source_path": "C:\\Uni\\HS2\\HS2_ADS_GIS\\2025-11-24_HIS_HSTWO_CH_HERDS_Feature_Ply\\2025-11-24_HIS_HSTWO_CH_HERDS_Feature_Ply.shp", "_source_layer": "", "box_id": "box_05", "section": "HS2 Phase 1", "HS2_AssetI": null, "HS2_AssetN": null, "HS2_Suitab": "SC7", "HS2_Phase": "R1", "HS2_DocNum": "1EW02-CSJ-GI-GDD-S002-000019", "HS2_DocRev": "C02", "HS2_RevDat": "2021-07-05T00:00:00", "HS2_Layer": "HIS_CSJ_1EW02_CH_HERDS_Feature_Ply", "Contract": "1EW02", "Originator": "CSJ", "CreatedAt": "2021-03-11T00:00:00", "LastEdited": "2021-06-29T00:00:00", "HS2_SupDoc": null, "FeatID": "1S19SSPTT_FTR_000130", "WSIIntID": "1S19SSPTT_INT000108", "MonType": "PIT", "MonDesc": "20007", "Period": "UNKNOWN", "PeriodPhas": 0, "PeriodSubP": "N/A", "PhaseDesc": null, "BuildMater": "CLAY", "ArchScienc": "N/A", "Evidence": "EXCAVATED FEATURE", "MaxLength": 0.25 }, "geometry": { "type": "Polygon", "coordinates": [ [ [ -0.460324761937039, 51.567245690427534 ], [ -0.460323539604443, 51.567245996308031 ], [ -0.460322950830135, 51.567245956212012 ], [ -0.460321324536644, 51.567244509628686 ], [ -0.460321445666963, 51.567244041830534 ], [ -0.460322289819004, 51.567243441443054 ], [ -0.460323418786633, 51.567242994960189 ], [ -0.46032487559493, 51.567243478964237 ], [ -0.460325671958692, 51.567244122455655 ], [ -0.460325326055829, 51.567245093559791 ], [ -0.460324761937039, 51.567245690427534 ] ] ] } },
{ "type": "Feature", "properties": { "_source_path": "C:\\Uni\\HS2\\HS2_ADS_GIS\\2025-11-24_HIS_HSTWO_CH_HERDS_Feature_Ply\\2025-11-24_HIS_HSTWO_CH_HERDS_Feature_Ply.shp", "_source_layer": "", "box_id": "box_05", "section": "HS2 Phase 1", "HS2_AssetI": null, "HS2_AssetN": null, "HS2_Suitab": "SC7", "HS2_Phase": "R1", "HS2_DocNum": "1EW02-CSJ-GI-GDD-S002-000019", "HS2_DocRev": "C02", "HS2_RevDat": "2021-07-05T00:00:00", "HS2_Layer": "HIS_CSJ_1EW02_CH_HERDS_Feature_Ply", "Contract": "1EW02", "Originator": "CSJ", "CreatedAt": "2021-03-11T00:00:00", "LastEdited": "2021-06-29T00:00:00", "HS2_SupDoc": null, "FeatID": "1S19SSPTT_FTR_000131", "WSIIntID": "1S19SSPTT_INT000014", "MonType": "PIT", "MonDesc": "14007", "Period": "MEDIEVAL", "PeriodPhas": 0, "PeriodSubP": "N/A", "PhaseDesc": null, "BuildMater": "CLAY", "ArchScienc": "N/A", "Evidence": "EXCAVATED FEATURE", "MaxLength": 0.95 }, "geometry": { "type": "Polygon", "coordinates": [ [ [ -0.465949884642415, 51.572835608757352 ], [ -0.465948439998082, 51.572836471098341 ], [ -0.465939338381405, 51.572836826013173 ], [ -0.465937666156227, 51.572836689955899 ], [ -0.465936828542621, 51.572835894897857 ], [ -0.465935765049407, 51.572833236425723 ], [ -0.4659348939928, 51.572831119993779 ], [ -0.465935526243736, 51.572830213763368 ], [ -0.465937037794642, 51.572829678709645 ], [ -0.465942702634923, 51.57282870787553 ], [ -0.465947319873375, 51.572828507457366 ], [ -0.465948429382988, 51.572829027314768 ], [ -0.465948908312389, 51.572829589285476 ], [ -0.465949528733729, 51.572831392214432 ], [ -0.465950076476734, 51.572834582570742 ], [ -0.465949884642415, 51.572835608757352 ] ] ] } },
{ "type": "Feature", "properties": { "_source_path": "C:\\Uni\\HS2\\HS2_ADS_GIS\\2025-11-24_HIS_HSTWO_CH_HERDS_Feature_Ply\\2025-11-24_HIS_HSTWO_CH_HERDS_Feature_Ply.shp", "_source_layer": "", "box_id": "box_05", "section": "HS2 Phase 1", "HS2_AssetI": null, "HS2_AssetN": null, "HS2_Suitab": "SC7", "HS2_Phase": "R1", "HS2_DocNum": "1EW02-CSJ-GI-GDD-S002-000019", "HS2_DocRev": "C02", "HS2_RevDat": "2021-07-05T00:00:00", "HS2_Layer": "HIS_CSJ_1EW02_CH_HERDS_Feature_Ply", "Contract": "1EW02", "Originator": "CSJ", "CreatedAt": "2021-03-11T00:00:00", "LastEdited": "2021-06-29T00:00:00", "HS2_SupDoc": null, "FeatID": "1S19SSPTT_FTR_000132", "WSIIntID": "1S19SSPTT_INT000014", "MonType": "DITCH", "MonDesc": "14005", "Period": "UNKNOWN", "PeriodPhas": 0, "PeriodSubP": "N/A", "PhaseDesc": null, "BuildMater": "CLAY", "ArchScienc": "N/A", "Evidence": "EXCAVATED FEATURE", "MaxLength": 0.0 }, "geometry": { "type": "Polygon", "coordinates": [ [ [ -0.465890140292447, 51.572825188311626 ], [ -0.465890895145399, 51.572826512820974 ], [ -0.465892782245546, 51.572829182059316 ], [ -0.465893968973709, 51.572831308912313 ], [ -0.465894403252212, 51.572835897852805 ], [ -0.465892921956854, 51.572838277577354 ], [ -0.46589023559723, 51.572839075129281 ], [ -0.465886602174399, 51.572839242545598 ], [ -0.465883442440865, 51.572838584386147 ], [ -0.465879553553051, 51.572835795463412 ], [ -0.465872296266623, 51.572828044740717 ], [ -0.465870961962522, 51.572826443793609 ], [ -0.465890140292447, 51.572825188311626 ] ] ] } },
{ "type": "Feature", "properties": { "_source_path": "C:\\Uni\\HS2\\HS2_ADS_GIS\\2025-11-24_HIS_HSTWO_CH_HERDS_Feature_Ply\\2025-11-24_HIS_HSTWO_CH_HERDS_Feature_Ply.shp", "_source_layer": "", "box_id": "box_05", "section": "HS2 Phase 1", "HS2_AssetI": null, "HS2_AssetN": null, "HS2_Suitab": "SC7", "HS2_Phase": "R1", "HS2_DocNum": "1EW02-CSJ-GI-GDD-S002-000019", "HS2_DocRev": "C02", "HS2_RevDat": "2021-07-05T00:00:00", "HS2_Layer": "HIS_CSJ_1EW02_CH_HERDS_Feature_Ply", "Contract": "1EW02", "Originator": "CSJ", "CreatedAt": "2021-03-11T00:00:00", "LastEdited": "2021-06-29T00:00:00", "HS2_SupDoc": null, "FeatID": "1S19SSPTT_FTR_000133", "WSIIntID": "1S19SSPTT_INT000102", "MonType": "DITCH", "MonDesc": "14003", "Period": "UNKNOWN", "PeriodPhas": 0, "PeriodSubP": "N/A", "PhaseDesc": null, "BuildMater": "CLAY", "ArchScienc": "N/A", "Evidence": "EXCAVATED FEATURE", "MaxLength": 2.2 }, "geometry": { "type": "Polygon", "coordinates": [ [ [ -0.465788986973061, 51.572849221910609 ], [ -0.465790172253182, 51.572850191464887 ], [ -0.465754712812293, 51.572852584704592 ], [ -0.46575451725079, 51.572851406883032 ], [ -0.465753473375836, 51.572846622937632 ], [ -0.465749655636134, 51.572840177861153 ], [ -0.465749561567096, 51.572838299984028 ], [ -0.465750490259577, 51.572835618096995 ], [ -0.465750976055202, 51.572834432996871 ], [ -0.465776242453673, 51.572832494592383 ], [ -0.465777241583333, 51.57283393559603 ], [ -0.465780135824623, 51.572836650373553 ], [ -0.465781207962246, 51.572838280266048 ], [ -0.465780915995376, 51.572841509102567 ], [ -0.465788986973061, 51.572849221910609 ] ] ] } },
{ "type": "Feature", "properties": { "_source_path": "C:\\Uni\\HS2\\HS2_ADS_GIS\\2025-11-24_HIS_HSTWO_CH_HERDS_Feature_Ply\\2025-11-24_HIS_HSTWO_CH_HERDS_Feature_Ply.shp", "_source_layer": "", "box_id": "box_05", "section": "HS2 Phase 1", "HS2_AssetI": null, "HS2_AssetN": null, "HS2_Suitab": "SC7", "HS2_Phase": "R1", "HS2_DocNum": "1EW02-CSJ-GI-GDD-S002-000019", "HS2_DocRev": "C02", "HS2_RevDat": "2021-07-05T00:00:00", "HS2_Layer": "HIS_CSJ_1EW02_CH_HERDS_Feature_Ply", "Contract": "1EW02", "Originator": "CSJ", "CreatedAt": "2021-03-11T00:00:00", "LastEdited": "2021-06-29T00:00:00", "HS2_SupDoc": null, "FeatID": "1S19SSPTT_FTR_000134", "WSIIntID": "1S19SSPTT_INT000003", "MonType": "DITCH", "MonDesc": "3003", "Period": "UNKNOWN", "PeriodPhas": 0, "PeriodSubP": "N/A", "PhaseDesc": null, "BuildMater": "CLAY", "ArchScienc": "N/A", "Evidence": "EXCAVATED FEATURE", "MaxLength": 9.0 }, "geometry": { "type": "Polygon", "coordinates": [ [ [ -0.465759296941266, 51.572533953570201 ], [ -0.465646085638564, 51.572575707470797 ], [ -0.465642395426266, 51.572571733283304 ], [ -0.465641092063568, 51.572569985267826 ], [ -0.465641624157961, 51.572568196505479 ], [ -0.465648375471355, 51.572563714094557 ], [ -0.465679326708704, 51.572552447912038 ], [ -0.465709197781504, 51.572543647616492 ], [ -0.465735393382503, 51.57253279223179 ], [ -0.465748095787225, 51.572527407475981 ], [ -0.465753488416993, 51.572529077663845 ], [ -0.465759296941266, 51.572533953570201 ] ] ] } },
{ "type": "Feature", "properties": { "_source_path": "C:\\Uni\\HS2\\HS2_ADS_GIS\\2025-11-24_HIS_HSTWO_CH_HERDS_Feature_Ply\\2025-11-24_HIS_HSTWO_CH_HERDS_Feature_Ply.shp", "_source_layer": "", "box_id": "box_05", "section": "HS2 Phase 1", "HS2_AssetI": null, "HS2_AssetN": null, "HS2_Suitab": "SC7", "HS2_Phase": "R1", "HS2_DocNum": "1EW02-CSJ-GI-GDD-S002-000019", "HS2_DocRev": "C02", "HS2_RevDat": "2021-07-05T00:00:00", "HS2_Layer": "HIS_CSJ_1EW02_CH_HERDS_Feature_Ply", "Contract": "1EW02", "Originator": "CSJ", "CreatedAt": "2021-03-11T00:00:00", "LastEdited": "2021-06-29T00:00:00", "HS2_SupDoc": null, "FeatID": "1S19SSPTT_FTR_000135", "WSIIntID": "1S19SSPTT_INT000004", "MonType": "PIT", "MonDesc": "4003", "Period": "UNKNOWN", "PeriodPhas": 0, "PeriodSubP": "N/A", "PhaseDesc": null, "BuildMater": "CLAY", "ArchScienc": "N/A", "Evidence": "EXCAVATED FEATURE", "MaxLength": 0.25 }, "geometry": { "type": "Polygon", "coordinates": [ [ [ -0.465742132233706, 51.572197994509622 ], [ -0.465740856888561, 51.572198157678876 ], [ -0.465740095393304, 51.572198188188302 ], [ -0.465738982683741, 51.572197806765033 ], [ -0.465738577718049, 51.572196976897004 ], [ -0.465739049769024, 51.572196199857693 ], [ -0.465740059292745, 51.57219578862879 ], [ -0.465741317541149, 51.572195747528397 ], [ -0.46574253442471, 51.572196163584195 ], [ -0.46574294132708, 51.57219693592819 ], [ -0.465742817333155, 51.572197490017906 ], [ -0.465742132233706, 51.572197994509622 ] ] ] } },
{ "type": "Feature", "properties": { "_source_path": "C:\\Uni\\HS2\\HS2_ADS_GIS\\2025-11-24_HIS_HSTWO_CH_HERDS_Feature_Ply\\2025-11-24_HIS_HSTWO_CH_HERDS_Feature_Ply.shp", "_source_layer": "", "box_id": "box_05", "section": "HS2 Phase 1", "HS2_AssetI": null, "HS2_AssetN": null, "HS2_Suitab": "SC7", "HS2_Phase": "R1", "HS2_DocNum": "1EW02-CSJ-GI-GDD-S002-000019", "HS2_DocRev": "C02", "HS2_RevDat": "2021-07-05T00:00:00", "HS2_Layer": "HIS_CSJ_1EW02_CH_HERDS_Feature_Ply", "Contract": "1EW02", "Originator": "CSJ", "CreatedAt": "2021-03-11T00:00:00", "LastEdited": "2021-06-29T00:00:00", "HS2_SupDoc": null, "FeatID": "1S19SSPTT_FTR_000136", "WSIIntID": "1S19SSPTT_INT000006", "MonType": "GULLY", "MonDesc": "6003", "Period": "UNKNOWN", "PeriodPhas": 0, "PeriodSubP": "N/A", "PhaseDesc": null, "BuildMater": "CLAY", "ArchScienc": "N/A", "Evidence": "EXCAVATED FEATURE", "MaxLength": 3.0 }, "geometry": { "type": "Polygon", "coordinates": [ [ [ -0.464777720994107, 51.572510025005961 ], [ -0.464773967604355, 51.572512554837004 ], [ -0.464773648765036, 51.572504928077663 ], [ -0.464774364216606, 51.572496926389952 ], [ -0.464774903021856, 51.572487914379053 ], [ -0.464775316005551, 51.572484222236881 ], [ -0.464783652658416, 51.572478601533717 ], [ -0.464782709351038, 51.572483257883732 ], [ -0.46478009893234, 51.57249773605924 ], [ -0.464779187465484, 51.57250538808848 ], [ -0.464777720994107, 51.572510025005961 ] ] ] } },
{ "type": "Feature", "properties": { "_source_path": "C:\\Uni\\HS2\\HS2_ADS_GIS\\2025-11-24_HIS_HSTWO_CH_HERDS_Feature_Ply\\2025-11-24_HIS_HSTWO_CH_HERDS_Feature_Ply.shp", "_source_layer": "", "box_id": "box_05", "section": "HS2 Phase 1", "HS2_AssetI": null, "HS2_AssetN": null, "HS2_Suitab": "SC7", "HS2_Phase": "R1", "HS2_DocNum": "1EW02-CSJ-GI-GDD-S002-000019", "HS2_DocRev": "C02", "HS2_RevDat": "2021-07-05T00:00:00", "HS2_Layer": "HIS_CSJ_1EW02_CH_HERDS_Feature_Ply", "Contract": "1EW02", "Originator": "CSJ", "CreatedAt": "2021-03-11T00:00:00", "LastEdited": "2021-06-29T00:00:00", "HS2_SupDoc": null, "FeatID": "1S19SSPTT_FTR_000137", "WSIIntID": "1S19SSPTT_INT000010", "MonType": "HEDGE", "MonDesc": "10003", "Period": "UNKNOWN", "PeriodPhas": 0, "PeriodSubP": "N/A", "PhaseDesc": null, "BuildMater": "CLAY", "ArchScienc": "N/A", "Evidence": "EXCAVATED FEATURE", "MaxLength": 3.4 }, "geometry": { "type": "Polygon", "coordinates": [ [ [ -0.464071305389434, 51.572089807127497 ], [ -0.46406572248519, 51.572093015274746 ], [ -0.464056858225543, 51.572094894609862 ], [ -0.464045234906446, 51.572099429166371 ], [ -0.46401839651324, 51.57208859225095 ], [ -0.464025124050304, 51.572085117634131 ], [ -0.464029399729368, 51.572084945193104 ], [ -0.464035216090501, 51.572086841312235 ], [ -0.464040887946444, 51.572089171655982 ], [ -0.464041672309652, 51.572088248542904 ], [ -0.464045464332635, 51.572087441224838 ], [ -0.464048611728213, 51.57208709305857 ], [ -0.464050618596664, 51.572088174094525 ], [ -0.464052722856865, 51.572089362511619 ], [ -0.464054101579406, 51.572091184367402 ], [ -0.464056953065138, 51.572089768564702 ], [ -0.464059207789801, 51.572088933034323 ], [ -0.464062668532532, 51.572088064730018 ], [ -0.46406619927569, 51.572087474297916 ], [ -0.464068098274261, 51.572086746512973 ], [ -0.464073106248321, 51.572088737258113 ], [ -0.464071305389434, 51.572089807127497 ] ] ] } },
{ "type": "Feature", "properties": { "_source_path": "C:\\Uni\\HS2\\HS2_ADS_GIS\\2025-11-24_HIS_HSTWO_CH_HERDS_Feature_Ply\\2025-11-24_HIS_HSTWO_CH_HERDS_Feature_Ply.shp", "_source_layer": "", "box_id": "box_05", "section": "HS2 Phase 1", "HS2_AssetI": null, "HS2_AssetN": null, "HS2_Suitab": "SC7", "HS2_Phase": "R1", "HS2_DocNum": "1EW02-CSJ-GI-GDD-S002-000019", "HS2_DocRev": "C02", "HS2_RevDat": "2021-07-05T00:00:00", "HS2_Layer": "HIS_CSJ_1EW02_CH_HERDS_Feature_Ply", "Contract": "1EW02", "Originator": "CSJ", "CreatedAt": "2021-03-11T00:00:00", "LastEdited": "2021-06-29T00:00:00", "HS2_SupDoc": null, "FeatID": "1S19SSPTT_FTR_000138", "WSIIntID": "1S19SSPTT_INT000010", "MonType": "PIT", "MonDesc": "10005", "Period": "UNKNOWN", "PeriodPhas": 0, "PeriodSubP": "N/A", "PhaseDesc": null, "BuildMater": "CLAY", "ArchScienc": "N/A", "Evidence": "EXCAVATED FEATURE", "MaxLength": 0.0 }, "geometry": { "type": "Polygon", "coordinates": [ [ [ -0.464046583570118, 51.572096619705547 ], [ -0.464043518208147, 51.572095861120587 ], [ -0.464041516489322, 51.572094627286496 ], [ -0.464039758569869, 51.572092367948642 ], [ -0.464040432078808, 51.572089895847085 ], [ -0.464041640092738, 51.572088262508608 ], [ -0.464045433138739, 51.572087339206028 ], [ -0.464048637630371, 51.572087095195961 ], [ -0.464050685442224, 51.572088117419995 ], [ -0.464052651761146, 51.572089245583285 ], [ -0.464054063930918, 51.572091059783915 ], [ -0.4640551711329, 51.572093188313133 ], [ -0.46405455471405, 51.572095122536055 ], [ -0.464052063639989, 51.572095991840726 ], [ -0.464046583570118, 51.572096619705547 ] ] ] } },
{ "type": "Feature", "properties": { "_source_path": "C:\\Uni\\HS2\\HS2_ADS_GIS\\2025-11-24_HIS_HSTWO_CH_HERDS_Feature_Ply\\2025-11-24_HIS_HSTWO_CH_HERDS_Feature_Ply.shp", "_source_layer": "", "box_id": "box_05", "section": "HS2 Phase 1", "HS2_AssetI": null, "HS2_AssetN": null, "HS2_Suitab": "SC7", "HS2_Phase": "R1", "HS2_DocNum": "1EW02-CSJ-GI-GDD-S002-000019", "HS2_DocRev": "C02", "HS2_RevDat": "2021-07-05T00:00:00", "HS2_Layer": "HIS_CSJ_1EW02_CH_HERDS_Feature_Ply", "Contract": "1EW02", "Originator": "CSJ", "CreatedAt": "2021-03-11T00:00:00", "LastEdited": "2021-06-29T00:00:00", "HS2_SupDoc": null, "FeatID": "1S19SSPTT_FTR_000139", "WSIIntID": "1S19SSPTT_INT000010", "MonType": "PIT", "MonDesc": "10007", "Period": "UNKNOWN", "PeriodPhas": 0, "PeriodSubP": "N/A", "PhaseDesc": null, "BuildMater": "CLAY", "ArchScienc": "N/A", "Evidence": "EXCAVATED FEATURE", "MaxLength": 0.6 }, "geometry": { "type": "Polygon", "coordinates": [ [ [ -0.464026437106815, 51.572078312524546 ], [ -0.464023615341132, 51.572078503993595 ], [ -0.464021771859385, 51.57207839803899 ], [ -0.464020426691877, 51.572077507302687 ], [ -0.464020412249351, 51.572075581009251 ], [ -0.464021894985227, 51.572074359507035 ], [ -0.46402522153311, 51.572073576670739 ], [ -0.464028444960208, 51.572074312147038 ], [ -0.464029591329469, 51.572075278512621 ], [ -0.464029340667373, 51.572076678896401 ], [ -0.464028276162075, 51.572077565072348 ], [ -0.464026437106815, 51.572078312524546 ] ] ] } },
{ "type": "Feature", "properties": { "_source_path": "C:\\Uni\\HS2\\HS2_ADS_GIS\\2025-11-24_HIS_HSTWO_CH_HERDS_Feature_Ply\\2025-11-24_HIS_HSTWO_CH_HERDS_Feature_Ply.shp", "_source_layer": "", "box_id": "box_05", "section": "HS2 Phase 1", "HS2_AssetI": null, "HS2_AssetN": null, "HS2_Suitab": "SC7", "HS2_Phase": "R1", "HS2_DocNum": "1EW02-CSJ-GI-GDD-S002-000019", "HS2_DocRev": "C02", "HS2_RevDat": "2021-07-05T00:00:00", "HS2_Layer": "HIS_CSJ_1EW02_CH_HERDS_Feature_Ply", "Contract": "1EW02", "Originator": "CSJ", "CreatedAt": "2021-03-11T00:00:00", "LastEdited": "2021-06-29T00:00:00", "HS2_SupDoc": null, "FeatID": "1S19SSPTT_FTR_000140", "WSIIntID": "1S19SSPTT_INT000013", "MonType": "PIT", "MonDesc": "13005", "Period": "UNKNOWN", "PeriodPhas": 0, "PeriodSubP": "N/A", "PhaseDesc": null, "BuildMater": "CLAY", "ArchScienc": "N/A", "Evidence": "EXCAVATED FEATURE", "MaxLength": 0.7 }, "geometry": { "type": "Polygon", "coordinates": [ [ [ -0.463114936979541, 51.572143216192302 ], [ -0.463101444537155, 51.572148658658271 ], [ -0.46309968107271, 51.572146607849866 ], [ -0.463099100527663, 51.572144396287413 ], [ -0.46310091113828, 51.572142738478178 ], [ -0.463103333559024, 51.572141594935182 ], [ -0.463105807905157, 51.572140452072119 ], [ -0.463108964709109, 51.57214085219568 ], [ -0.46311225284625, 51.572142021963067 ], [ -0.463114936979541, 51.572143216192302 ] ] ] } },
{ "type": "Feature", "properties": { "_source_path": "C:\\Uni\\HS2\\HS2_ADS_GIS\\2025-11-24_HIS_HSTWO_CH_HERDS_Feature_Ply\\2025-11-24_HIS_HSTWO_CH_HERDS_Feature_Ply.shp", "_source_layer": "", "box_id": "box_05", "section": "HS2 Phase 1", "HS2_AssetI": null, "HS2_AssetN": null, "HS2_Suitab": "SC7", "HS2_Phase": "R1", "HS2_DocNum": "1EW02-CSJ-GI-GDD-S002-000019", "HS2_DocRev": "C02", "HS2_RevDat": "2021-07-05T00:00:00", "HS2_Layer": "HIS_CSJ_1EW02_CH_HERDS_Feature_Ply", "Contract": "1EW02", "Originator": "CSJ", "CreatedAt": "2021-03-11T00:00:00", "LastEdited": "2021-06-29T00:00:00", "HS2_SupDoc": null, "FeatID": "1S19SSPTT_FTR_000141", "WSIIntID": "1S19SSPTT_INT000013", "MonType": "PIT", "MonDesc": "13003", "Period": "UNKNOWN", "PeriodPhas": 0, "PeriodSubP": "N/A", "PhaseDesc": null, "BuildMater": "CLAY", "ArchScienc": "N/A", "Evidence": "EXCAVATED FEATURE", "MaxLength": 0.8 }, "geometry": { "type": "Polygon", "coordinates": [ [ [ -0.46305591582859, 51.572164240093819 ], [ -0.463054479509821, 51.572162929121511 ], [ -0.463054121168659, 51.572161488392801 ], [ -0.463054300886588, 51.572159668050716 ], [ -0.463056564150468, 51.572158579973753 ], [ -0.463062034196697, 51.572157565364186 ], [ -0.463064053237706, 51.572158669955904 ], [ -0.463065501810517, 51.572160002669584 ], [ -0.463066097866109, 51.572161369179355 ], [ -0.463065885054734, 51.572163015540816 ], [ -0.463061565935817, 51.572164860804911 ], [ -0.46305856999483, 51.572164739742909 ], [ -0.46305591582859, 51.572164240093819 ] ] ] } },
{ "type": "Feature", "properties": { "_source_path": "C:\\Uni\\HS2\\HS2_ADS_GIS\\2025-11-24_HIS_HSTWO_CH_HERDS_Feature_Ply\\2025-11-24_HIS_HSTWO_CH_HERDS_Feature_Ply.shp", "_source_layer": "", "box_id": "box_05", "section": "HS2 Phase 1", "HS2_AssetI": null, "HS2_AssetN": null, "HS2_Suitab": "SC7", "HS2_Phase": "R1", "HS2_DocNum": "1EW02-CSJ-GI-GDD-S002-000019", "HS2_DocRev": "C02", "HS2_RevDat": "2021-07-05T00:00:00", "HS2_Layer": "HIS_CSJ_1EW02_CH_HERDS_Feature_Ply", "Contract": "1EW02", "Originator": "CSJ", "CreatedAt": "2021-03-11T00:00:00", "LastEdited": "2021-06-29T00:00:00", "HS2_SupDoc": null, "FeatID": "1S19SSPTT_FTR_000142", "WSIIntID": "1S19SSPTT_INT000007", "MonType": "GULLY", "MonDesc": "7003", "Period": "UNKNOWN", "PeriodPhas": 0, "PeriodSubP": "N/A", "PhaseDesc": null, "BuildMater": "CLAY", "ArchScienc": "N/A", "Evidence": "EXCAVATED FEATURE", "MaxLength": 2.0 }, "geometry": { "type": "Polygon", "coordinates": [ [ [ -0.464792917904738, 51.572164967373809 ], [ -0.464793040655148, 51.572167577582832 ], [ -0.464788619697911, 51.572170991595755 ], [ -0.464788343587991, 51.572168564617542 ], [ -0.464786066981796, 51.572156813656719 ], [ -0.46478188186388, 51.57214731542517 ], [ -0.464781069686506, 51.572145766255581 ], [ -0.464787963676694, 51.572140176137047 ], [ -0.464788502824242, 51.572142076922368 ], [ -0.464791560662399, 51.572148499502603 ], [ -0.46479273152733, 51.572156492594935 ], [ -0.464792917904738, 51.572164967373809 ] ] ] } },
{ "type": "Feature", "properties": { "_source_path": "C:\\Uni\\HS2\\HS2_ADS_GIS\\2025-11-24_HIS_HSTWO_CH_HERDS_Feature_Ply\\2025-11-24_HIS_HSTWO_CH_HERDS_Feature_Ply.shp", "_source_layer": "", "box_id": "box_05", "section": "HS2 Phase 1", "HS2_AssetI": null, "HS2_AssetN": null, "HS2_Suitab": "SC7", "HS2_Phase": "R1", "HS2_DocNum": "1EW02-CSJ-GI-GDD-S002-000019", "HS2_DocRev": "C02", "HS2_RevDat": "2021-07-05T00:00:00", "HS2_Layer": "HIS_CSJ_1EW02_CH_HERDS_Feature_Ply", "Contract": "1EW02", "Originator": "CSJ", "CreatedAt": "2021-03-11T00:00:00", "LastEdited": "2021-06-29T00:00:00", "HS2_SupDoc": null, "FeatID": "1S19SSPTT_FTR_000143", "WSIIntID": "1S19SSPTT_INT000007", "MonType": "PIT", "MonDesc": "7005", "Period": "UNKNOWN", "PeriodPhas": 0, "PeriodSubP": "N/A", "PhaseDesc": null, "BuildMater": "CLAY", "ArchScienc": "N/A", "Evidence": "EXCAVATED FEATURE", "MaxLength": 0.0 }, "geometry": { "type": "Polygon", "coordinates": [ [ [ -0.4645578547757, 51.572343630385888 ], [ -0.464555885829397, 51.572343735910685 ], [ -0.464553670135694, 51.572343412881708 ], [ -0.464551900421566, 51.57234188805068 ], [ -0.464551766327747, 51.572340428679631 ], [ -0.464553312976118, 51.572338851920428 ], [ -0.464554948026234, 51.572338334685973 ], [ -0.464556899872397, 51.572338351229796 ], [ -0.464558894300691, 51.572339288220803 ], [ -0.464560441019749, 51.572340450450966 ], [ -0.464560665771955, 51.572341917302566 ], [ -0.464559958282945, 51.572343300021018 ], [ -0.4645578547757, 51.572343630385888 ] ] ] } },
{ "type": "Feature", "properties": { "_source_path": "C:\\Uni\\HS2\\HS2_ADS_GIS\\2025-11-24_HIS_HSTWO_CH_HERDS_Feature_Ply\\2025-11-24_HIS_HSTWO_CH_HERDS_Feature_Ply.shp", "_source_layer": "", "box_id": "box_05", "section": "HS2 Phase 1", "HS2_AssetI": null, "HS2_AssetN": null, "HS2_Suitab": "SC7", "HS2_Phase": "R1", "HS2_DocNum": "1EW02-CSJ-GI-GDD-S002-000019", "HS2_DocRev": "C02", "HS2_RevDat": "2021-07-05T00:00:00", "HS2_Layer": "HIS_CSJ_1EW02_CH_HERDS_Feature_Ply", "Contract": "1EW02", "Originator": "CSJ", "CreatedAt": "2021-03-11T00:00:00", "LastEdited": "2021-06-29T00:00:00", "HS2_SupDoc": null, "FeatID": "1S19SSPTT_FTR_000144", "WSIIntID": "1S19SSPTT_INT000004", "MonType": "GULLY", "MonDesc": "4003", "Period": "UNKNOWN", "PeriodPhas": 0, "PeriodSubP": "N/A", "PhaseDesc": null, "BuildMater": "CLAY", "ArchScienc": "N/A", "Evidence": "EXCAVATED FEATURE", "MaxLength": 0.25 }, "geometry": { "type": "Polygon", "coordinates": [ [ [ -0.465226541209377, 51.571510557817774 ], [ -0.465222712508811, 51.571511470800694 ], [ -0.465217865379556, 51.571505261323658 ], [ -0.465210791592918, 51.571497512956526 ], [ -0.465214526340863, 51.571496304704183 ], [ -0.465221281850109, 51.571504163108315 ], [ -0.465226541209377, 51.571510557817774 ] ] ] } },
{ "type": "Feature", "properties": { "_source_path": "C:\\Uni\\HS2\\HS2_ADS_GIS\\2025-11-24_HIS_HSTWO_CH_HERDS_Feature_Ply\\2025-11-24_HIS_HSTWO_CH_HERDS_Feature_Ply.shp", "_source_layer": "", "box_id": "box_05", "section": "HS2 Phase 1", "HS2_AssetI": null, "HS2_AssetN": null, "HS2_Suitab": "SC7", "HS2_Phase": "R1", "HS2_DocNum": "1EW02-CSJ-GI-GDD-S002-000019", "HS2_DocRev": "C02", "HS2_RevDat": "2021-07-05T00:00:00", "HS2_Layer": "HIS_CSJ_1EW02_CH_HERDS_Feature_Ply", "Contract": "1EW02", "Originator": "CSJ", "CreatedAt": "2021-03-11T00:00:00", "LastEdited": "2021-06-29T00:00:00", "HS2_SupDoc": null, "FeatID": "1S19SSPTT_FTR_000145", "WSIIntID": "1S19SSPTT_INT000018", "MonType": "POST HOLE", "MonDesc": "4005", "Period": "UNKNOWN", "PeriodPhas": 0, "PeriodSubP": "N/A", "PhaseDesc": null, "BuildMater": "CLAY", "ArchScienc": "N/A", "Evidence": "EXCAVATED FEATURE", "MaxLength": 0.0 }, "geometry": { "type": "Polygon", "coordinates": [ [ [ -0.465108151300515, 51.571536597247757 ], [ -0.465107998886459, 51.571537223801087 ], [ -0.465107333642922, 51.571537524428479 ], [ -0.465106390613623, 51.571537504002343 ], [ -0.465105441196721, 51.571536944866835 ], [ -0.465105491315578, 51.571536227954027 ], [ -0.465106709971972, 51.571535819465687 ], [ -0.465107662410447, 51.571535946121479 ], [ -0.465108151300515, 51.571536597247757 ] ] ] } },
{ "type": "Feature", "properties": { "_source_path": "C:\\Uni\\HS2\\HS2_ADS_GIS\\2025-11-24_HIS_HSTWO_CH_HERDS_Feature_Ply\\2025-11-24_HIS_HSTWO_CH_HERDS_Feature_Ply.shp", "_source_layer": "", "box_id": "box_05", "section": "HS2 Phase 1", "HS2_AssetI": null, "HS2_AssetN": null, "HS2_Suitab": "SC7", "HS2_Phase": "R1", "HS2_DocNum": "1EW02-CSJ-GI-GDD-S002-000019", "HS2_DocRev": "C02", "HS2_RevDat": "2021-07-05T00:00:00", "HS2_Layer": "HIS_CSJ_1EW02_CH_HERDS_Feature_Ply", "Contract": "1EW02", "Originator": "CSJ", "CreatedAt": "2021-03-11T00:00:00", "LastEdited": "2021-06-29T00:00:00", "HS2_SupDoc": null, "FeatID": "1S19SSPTT_FTR_000146", "WSIIntID": "1S19SSPTT_INT000006", "MonType": "DITCH", "MonDesc": "6003", "Period": "UNKNOWN", "PeriodPhas": 0, "PeriodSubP": "N/A", "PhaseDesc": null, "BuildMater": "CLAY", "ArchScienc": "N/A", "Evidence": "EXCAVATED FEATURE", "MaxLength": 3.0 }, "geometry": { "type": "Polygon", "coordinates": [ [ [ -0.463791117131119, 51.571726931335391 ], [ -0.463782608535435, 51.571735341760288 ], [ -0.463774262109793, 51.571742023330977 ], [ -0.463768098359798, 51.5717461536426 ], [ -0.463757529637411, 51.571747272393779 ], [ -0.463757613893338, 51.57174554341956 ], [ -0.46375877601218, 51.571743730540625 ], [ -0.463766925729134, 51.571737405180372 ], [ -0.46377612500022, 51.571728710655357 ], [ -0.46377934608041, 51.571726090261876 ], [ -0.46379364491982, 51.571724501490955 ], [ -0.463791117131119, 51.571726931335391 ] ] ] } },
{ "type": "Feature", "properties": { "_source_path": "C:\\Uni\\HS2\\HS2_ADS_GIS\\2025-11-24_HIS_HSTWO_CH_HERDS_Feature_Ply\\2025-11-24_HIS_HSTWO_CH_HERDS_Feature_Ply.shp", "_source_layer": "", "box_id": "box_05", "section": "HS2 Phase 1", "HS2_AssetI": null, "HS2_AssetN": null, "HS2_Suitab": "SC7", "HS2_Phase": "R1", "HS2_DocNum": "1EW02-CSJ-GI-GDD-S002-000019", "HS2_DocRev": "C02", "HS2_RevDat": "2021-07-05T00:00:00", "HS2_Layer": "HIS_CSJ_1EW02_CH_HERDS_Feature_Ply", "Contract": "1EW02", "Originator": "CSJ", "CreatedAt": "2021-03-11T00:00:00", "LastEdited": "2021-06-29T00:00:00", "HS2_SupDoc": null, "FeatID": "1S19SSPTT_FTR_000147", "WSIIntID": "1S19SSPTT_INT000020", "MonType": "DITCH", "MonDesc": "6005", "Period": "UNKNOWN", "PeriodPhas": 0, "PeriodSubP": "N/A", "PhaseDesc": null, "BuildMater": "CLAY", "ArchScienc": "N/A", "Evidence": "EXCAVATED FEATURE", "MaxLength": 1.9 }, "geometry": { "type": "Polygon", "coordinates": [ [ [ -0.463720763247086, 51.571751173864527 ], [ -0.4637196255276, 51.57174995133461 ], [ -0.463716122516509, 51.57174933448222 ], [ -0.46371200982907, 51.571748953334435 ], [ -0.463710329491009, 51.571747903543134 ], [ -0.463706769643948, 51.571744520880351 ], [ -0.463705537816597, 51.571742194688802 ], [ -0.463706045956787, 51.571739577450124 ], [ -0.463709350656787, 51.571739056905763 ], [ -0.463714786609351, 51.571739822252496 ], [ -0.463719446867552, 51.57174232370793 ], [ -0.463721608635689, 51.571743988565231 ], [ -0.463722199036533, 51.571746293771348 ], [ -0.463723520481488, 51.571747502520473 ], [ -0.463724472781505, 51.571747804531306 ], [ -0.463726007310708, 51.571747914539309 ], [ -0.463727659016592, 51.571747973027826 ], [ -0.463728487818789, 51.571748257236287 ], [ -0.46373157664591, 51.571750116768001 ], [ -0.463720763247086, 51.571751173864527 ] ] ] } },
{ "type": "Feature", "properties": { "_source_path": "C:\\Uni\\HS2\\HS2_ADS_GIS\\2025-11-24_HIS_HSTWO_CH_HERDS_Feature_Ply\\2025-11-24_HIS_HSTWO_CH_HERDS_Feature_Ply.shp", "_source_layer": "", "box_id": "box_05", "section": "HS2 Phase 1", "HS2_AssetI": null, "HS2_AssetN": null, "HS2_Suitab": "SC7", "HS2_Phase": "R1", "HS2_DocNum": "1EW02-CSJ-GI-GDD-S002-000019", "HS2_DocRev": "C02", "HS2_RevDat": "2021-07-05T00:00:00", "HS2_Layer": "HIS_CSJ_1EW02_CH_HERDS_Feature_Ply", "Contract": "1EW02", "Originator": "CSJ", "CreatedAt": "2021-03-11T00:00:00", "LastEdited": "2021-06-29T00:00:00", "HS2_SupDoc": null, "FeatID": "1S19SSPTT_FTR_000148", "WSIIntID": "1S19SSPTT_INT000021", "MonType": "GULLY", "MonDesc": "7007", "Period": "UNKNOWN", "PeriodPhas": 0, "PeriodSubP": "N/A", "PhaseDesc": null, "BuildMater": "CLAY", "ArchScienc": "N/A", "Evidence": "EXCAVATED FEATURE", "MaxLength": 3.3 }, "geometry": { "type": "Polygon", "coordinates": [ [ [ -0.464142558697143, 51.571196177353052 ], [ -0.464135630815898, 51.571197294327476 ], [ -0.464118482262802, 51.571194687006283 ], [ -0.464106210921454, 51.571192338638575 ], [ -0.464086465500789, 51.571188089542815 ], [ -0.464094921209959, 51.571186681439897 ], [ -0.464107246811161, 51.571189389303072 ], [ -0.464120516126763, 51.571191668902976 ], [ -0.464131123580574, 51.571193293212517 ], [ -0.464142558697143, 51.571196177353052 ] ] ] } },
{ "type": "Feature", "properties": { "_source_path": "C:\\Uni\\HS2\\HS2_ADS_GIS\\2025-11-24_HIS_HSTWO_CH_HERDS_Feature_Ply\\2025-11-24_HIS_HSTWO_CH_HERDS_Feature_Ply.shp", "_source_layer": "", "box_id": "box_05", "section": "HS2 Phase 1", "HS2_AssetI": null, "HS2_AssetN": null, "HS2_Suitab": "SC7", "HS2_Phase": "R1", "HS2_DocNum": "1EW02-CSJ-GI-GDD-S002-000019", "HS2_DocRev": "C02", "HS2_RevDat": "2021-07-05T00:00:00", "HS2_Layer": "HIS_CSJ_1EW02_CH_HERDS_Feature_Ply", "Contract": "1EW02", "Originator": "CSJ", "CreatedAt": "2021-03-11T00:00:00", "LastEdited": "2021-06-29T00:00:00", "HS2_SupDoc": null, "FeatID": "1S19SSPTT_FTR_000149", "WSIIntID": "1S19SSPTT_INT000095", "MonType": "GULLY", "MonDesc": "7011", "Period": "UNKNOWN", "PeriodPhas": 0, "PeriodSubP": "N/A", "PhaseDesc": null, "BuildMater": "CLAY", "ArchScienc": "N/A", "Evidence": "EXCAVATED FEATURE", "MaxLength": 1.8 }, "geometry": { "type": "Polygon", "coordinates": [ [ [ -0.464072910715423, 51.571207468136627 ], [ -0.464059830226802, 51.571209304881641 ], [ -0.464051396387733, 51.571207709012597 ], [ -0.46404647892638, 51.571205946950087 ], [ -0.464030647747616, 51.571203470157371 ], [ -0.464016109011803, 51.571199423174505 ], [ -0.464023455176471, 51.571198311681457 ], [ -0.464032734380723, 51.571201241352057 ], [ -0.464043994165612, 51.571201535285383 ], [ -0.464053057956661, 51.57120310702787 ], [ -0.464061160535359, 51.571204812760989 ], [ -0.464072910715423, 51.571207468136627 ] ] ] } },
{ "type": "Feature", "properties": { "_source_path": "C:\\Uni\\HS2\\HS2_ADS_GIS\\2025-11-24_HIS_HSTWO_CH_HERDS_Feature_Ply\\2025-11-24_HIS_HSTWO_CH_HERDS_Feature_Ply.shp", "_source_layer": "", "box_id": "box_05", "section": "HS2 Phase 1", "HS2_AssetI": null, "HS2_AssetN": null, "HS2_Suitab": "SC7", "HS2_Phase": "R1", "HS2_DocNum": "1EW02-CSJ-GI-GDD-S002-000019", "HS2_DocRev": "C02", "HS2_RevDat": "2021-07-05T00:00:00", "HS2_Layer": "HIS_CSJ_1EW02_CH_HERDS_Feature_Ply", "Contract": "1EW02", "Originator": "CSJ", "CreatedAt": "2021-03-11T00:00:00", "LastEdited": "2021-06-29T00:00:00", "HS2_SupDoc": null, "FeatID": "1S19SSPTT_FTR_000150", "WSIIntID": "1S19SSPTT_INT000007", "MonType": "PIT", "MonDesc": "7003", "Period": "UNKNOWN", "PeriodPhas": 0, "PeriodSubP": "N/A", "PhaseDesc": null, "BuildMater": "CLAY", "ArchScienc": "N/A", "Evidence": "EXCAVATED FEATURE", "MaxLength": 2.0 }, "geometry": { "type": "Polygon", "coordinates": [ [ [ -0.463728802399671, 51.571259701581297 ], [ -0.46372251763316, 51.571260403422599 ], [ -0.46372135399363, 51.571259179654049 ], [ -0.463721727382415, 51.571258205303643 ], [ -0.463723254873303, 51.571257196604186 ], [ -0.46372472072587, 51.571256432581784 ], [ -0.46372660917663, 51.571256359288142 ], [ -0.463728464057114, 51.571257281878154 ], [ -0.463729186786495, 51.57125840096213 ], [ -0.463728802399671, 51.571259701581297 ] ] ] } },
{ "type": "Feature", "properties": { "_source_path": "C:\\Uni\\HS2\\HS2_ADS_GIS\\2025-11-24_HIS_HSTWO_CH_HERDS_Feature_Ply\\2025-11-24_HIS_HSTWO_CH_HERDS_Feature_Ply.shp", "_source_layer": "", "box_id": "box_05", "section": "HS2 Phase 1", "HS2_AssetI": null, "HS2_AssetN": null, "HS2_Suitab": "SC7", "HS2_Phase": "R1", "HS2_DocNum": "1EW02-CSJ-GI-GDD-S002-000019", "HS2_DocRev": "C02", "HS2_RevDat": "2021-07-05T00:00:00", "HS2_Layer": "HIS_CSJ_1EW02_CH_HERDS_Feature_Ply", "Contract": "1EW02", "Originator": "CSJ", "CreatedAt": "2021-03-11T00:00:00", "LastEdited": "2021-06-29T00:00:00", "HS2_SupDoc": null, "FeatID": "1S19SSPTT_FTR_000151", "WSIIntID": "1S19SSPTT_INT000007", "MonType": "PIT", "MonDesc": "7005", "Period": "UNKNOWN", "PeriodPhas": 0, "PeriodSubP": "N/A", "PhaseDesc": null, "BuildMater": "CLAY", "ArchScienc": "N/A", "Evidence": "EXCAVATED FEATURE", "MaxLength": 0.0 }, "geometry": { "type": "Polygon", "coordinates": [ [ [ -0.463580508571069, 51.571280711702371 ], [ -0.463577798053151, 51.571280301247917 ], [ -0.463575930969275, 51.571278970255086 ], [ -0.463575711252834, 51.571276927074457 ], [ -0.4635778432853, 51.571275877733925 ], [ -0.463580170349962, 51.571275206815763 ], [ -0.463582605033481, 51.571275238689125 ], [ -0.463584851951266, 51.571275447046844 ], [ -0.463586035949709, 51.57127606681513 ], [ -0.463586371605716, 51.571277752729344 ], [ -0.463585085741182, 51.571279384144972 ], [ -0.463582933230911, 51.57128027046079 ], [ -0.463580508571069, 51.571280711702371 ] ] ] } },
{ "type": "Feature", "properties": { "_source_path": "C:\\Uni\\HS2\\HS2_ADS_GIS\\2025-11-24_HIS_HSTWO_CH_HERDS_Feature_Ply\\2025-11-24_HIS_HSTWO_CH_HERDS_Feature_Ply.shp", "_source_layer": "", "box_id": "box_05", "section": "HS2 Phase 1", "HS2_AssetI": null, "HS2_AssetN": null, "HS2_Suitab": "SC7", "HS2_Phase": "R1", "HS2_DocNum": "1EW02-CSJ-GI-GDD-S002-000019", "HS2_DocRev": "C02", "HS2_RevDat": "2021-07-05T00:00:00", "HS2_Layer": "HIS_CSJ_1EW02_CH_HERDS_Feature_Ply", "Contract": "1EW02", "Originator": "CSJ", "CreatedAt": "2021-03-11T00:00:00", "LastEdited": "2021-06-29T00:00:00", "HS2_SupDoc": null, "FeatID": "1S19SSPTT_FTR_000152", "WSIIntID": "1S19SSPTT_INT000021", "MonType": "GULLY", "MonDesc": "7009", "Period": "UNKNOWN", "PeriodPhas": 0, "PeriodSubP": "N/A", "PhaseDesc": null, "BuildMater": "CLAY", "ArchScienc": "N/A", "Evidence": "EXCAVATED FEATURE", "MaxLength": 1.38 }, "geometry": { "type": "Polygon", "coordinates": [ [ [ -0.463537564445372, 51.571270893942504 ], [ -0.463534020353624, 51.571271924795937 ], [ -0.463531141305057, 51.571273388782345 ], [ -0.463527098050906, 51.571275229582007 ], [ -0.46352502288597, 51.571277716601443 ], [ -0.463523685719576, 51.571278515576829 ], [ -0.463522106214842, 51.571278755668629 ], [ -0.463519983091114, 51.571278042675999 ], [ -0.463519465574506, 51.571276272552694 ], [ -0.463519350175618, 51.571275030134053 ], [ -0.463519996415945, 51.571272982104574 ], [ -0.463537564445372, 51.571270893942504 ] ] ] } },
{ "type": "Feature", "properties": { "_source_path": "C:\\Uni\\HS2\\HS2_ADS_GIS\\2025-11-24_HIS_HSTWO_CH_HERDS_Feature_Ply\\2025-11-24_HIS_HSTWO_CH_HERDS_Feature_Ply.shp", "_source_layer": "", "box_id": "box_05", "section": "HS2 Phase 1", "HS2_AssetI": null, "HS2_AssetN": null, "HS2_Suitab": "SC7", "HS2_Phase": "R1", "HS2_DocNum": "1EW02-CSJ-GI-GDD-S002-000019", "HS2_DocRev": "C02", "HS2_RevDat": "2021-07-05T00:00:00", "HS2_Layer": "HIS_CSJ_1EW02_CH_HERDS_Feature_Ply", "Contract": "1EW02", "Originator": "CSJ", "CreatedAt": "2021-03-11T00:00:00", "LastEdited": "2021-06-29T00:00:00", "HS2_SupDoc": null, "FeatID": "1S19SSPTT_FTR_000153", "WSIIntID": "1S19SSPTT_INT000022", "MonType": "PIT", "MonDesc": "8003", "Period": "UNKNOWN", "PeriodPhas": 0, "PeriodSubP": "N/A", "PhaseDesc": null, "BuildMater": "CLAY", "ArchScienc": "N/A", "Evidence": "EXCAVATED FEATURE", "MaxLength": 0.9 }, "geometry": { "type": "Polygon", "coordinates": [ [ [ -0.462795219723486, 51.571450057166928 ], [ -0.462794306485904, 51.571449196352361 ], [ -0.462794035083608, 51.571448686543036 ], [ -0.462794394184319, 51.571448136434853 ], [ -0.462795324285705, 51.571446957165975 ], [ -0.462796850681547, 51.57144598173484 ], [ -0.462798815639961, 51.571445223362034 ], [ -0.462801005437366, 51.571444729603861 ], [ -0.462803316926297, 51.571444563852261 ], [ -0.462805714074725, 51.571444938747774 ], [ -0.462807606487088, 51.571445518346238 ], [ -0.462807760944763, 51.571445602197308 ], [ -0.462795219723486, 51.571450057166928 ] ] ] } },
{ "type": "Feature", "properties": { "_source_path": "C:\\Uni\\HS2\\HS2_ADS_GIS\\2025-11-24_HIS_HSTWO_CH_HERDS_Feature_Ply\\2025-11-24_HIS_HSTWO_CH_HERDS_Feature_Ply.shp", "_source_layer": "", "box_id": "box_05", "section": "HS2 Phase 1", "HS2_AssetI": null, "HS2_AssetN": null, "HS2_Suitab": "SC7", "HS2_Phase": "R1", "HS2_DocNum": "1EW02-CSJ-GI-GDD-S002-000019", "HS2_DocRev": "C02", "HS2_RevDat": "2021-07-05T00:00:00", "HS2_Layer": "HIS_CSJ_1EW02_CH_HERDS_Feature_Ply", "Contract": "1EW02", "Originator": "CSJ", "CreatedAt": "2021-03-11T00:00:00", "LastEdited": "2021-06-29T00:00:00", "HS2_SupDoc": null, "FeatID": "1S19SSPTT_FTR_000154", "WSIIntID": "1S19SSPTT_INT000023", "MonType": "GULLY", "MonDesc": "9003", "Period": "UNKNOWN", "PeriodPhas": 0, "PeriodSubP": "N/A", "PhaseDesc": null, "BuildMater": "CLAY", "ArchScienc": "N/A", "Evidence": "EXCAVATED FEATURE", "MaxLength": 2.1 }, "geometry": { "type": "Polygon", "coordinates": [ [ [ -0.462732542331349, 51.571300704915174 ], [ -0.462726713346768, 51.571302652682085 ], [ -0.462724525036166, 51.571293776704223 ], [ -0.462723355900339, 51.571285700883749 ], [ -0.46272523873461, 51.571285024163672 ], [ -0.462727315931811, 51.571287141133091 ], [ -0.462729440111921, 51.571289405288873 ], [ -0.462730697043882, 51.571290172592214 ], [ -0.462732093756953, 51.571294581723052 ], [ -0.462732542331349, 51.571300704915174 ] ] ] } },
{ "type": "Feature", "properties": { "_source_path": "C:\\Uni\\HS2\\HS2_ADS_GIS\\2025-11-24_HIS_HSTWO_CH_HERDS_Feature_Ply\\2025-11-24_HIS_HSTWO_CH_HERDS_Feature_Ply.shp", "_source_layer": "", "box_id": "box_05", "section": "HS2 Phase 1", "HS2_AssetI": null, "HS2_AssetN": null, "HS2_Suitab": "SC7", "HS2_Phase": "R1", "HS2_DocNum": "1EW02-CSJ-GI-GDD-S002-000019", "HS2_DocRev": "C02", "HS2_RevDat": "2021-07-05T00:00:00", "HS2_Layer": "HIS_CSJ_1EW02_CH_HERDS_Feature_Ply", "Contract": "1EW02", "Originator": "CSJ", "CreatedAt": "2021-03-11T00:00:00", "LastEdited": "2021-06-29T00:00:00", "HS2_SupDoc": null, "FeatID": "1S19SSPTT_FTR_000155", "WSIIntID": "1S19SSPTT_INT000023", "MonType": "GULLY", "MonDesc": "9005", "Period": "MEDIEVAL", "PeriodPhas": 0, "PeriodSubP": "N/A", "PhaseDesc": null, "BuildMater": "CLAY", "ArchScienc": "N/A", "Evidence": "EXCAVATED FEATURE", "MaxLength": 0.7 }, "geometry": { "type": "Polygon", "coordinates": [ [ [ -0.462731247044784, 51.571283192945245 ], [ -0.462732786359953, 51.571285727295539 ], [ -0.462734085310203, 51.57128837179765 ], [ -0.462733734557747, 51.571289444455246 ], [ -0.462732744926411, 51.571290035760661 ], [ -0.46273152846909, 51.571290378611003 ], [ -0.462730646241108, 51.571290138656032 ], [ -0.462729362995984, 51.571289338636539 ], [ -0.462727317053572, 51.571287107877048 ], [ -0.462725213318076, 51.571285007644967 ], [ -0.462731247044784, 51.571283192945245 ] ] ] } },
{ "type": "Feature", "properties": { "_source_path": "C:\\Uni\\HS2\\HS2_ADS_GIS\\2025-11-24_HIS_HSTWO_CH_HERDS_Feature_Ply\\2025-11-24_HIS_HSTWO_CH_HERDS_Feature_Ply.shp", "_source_layer": "", "box_id": "box_05", "section": "HS2 Phase 1", "HS2_AssetI": null, "HS2_AssetN": null, "HS2_Suitab": "SC7", "HS2_Phase": "R1", "HS2_DocNum": "1EW02-CSJ-GI-GDD-S002-000019", "HS2_DocRev": "C02", "HS2_RevDat": "2021-07-05T00:00:00", "HS2_Layer": "HIS_CSJ_1EW02_CH_HERDS_Feature_Ply", "Contract": "1EW02", "Originator": "CSJ", "CreatedAt": "2021-03-11T00:00:00", "LastEdited": "2021-06-29T00:00:00", "HS2_SupDoc": null, "FeatID": "1S19SSPTT_FTR_000156", "WSIIntID": "1S19SSPTT_INT000023", "MonType": "DITCH", "MonDesc": "9007", "Period": "UNKNOWN", "PeriodPhas": 0, "PeriodSubP": "N/A", "PhaseDesc": null, "BuildMater": "CLAY", "ArchScienc": "N/A", "Evidence": "EXCAVATED FEATURE", "MaxLength": 2.4 }, "geometry": { "type": "Polygon", "coordinates": [ [ [ -0.462913671973353, 51.571238144568021 ], [ -0.462901206268558, 51.571242715636537 ], [ -0.462890137362168, 51.571240056477173 ], [ -0.462872990346009, 51.571234281980928 ], [ -0.462884083441941, 51.57123002024985 ], [ -0.462896893844456, 51.571232342535097 ], [ -0.462913671973353, 51.571238144568021 ] ] ] } },
{ "type": "Feature", "properties": { "_source_path": "C:\\Uni\\HS2\\HS2_ADS_GIS\\2025-11-24_HIS_HSTWO_CH_HERDS_Feature_Ply\\2025-11-24_HIS_HSTWO_CH_HERDS_Feature_Ply.shp", "_source_layer": "", "box_id": "box_05", "section": "HS2 Phase 1", "HS2_AssetI": null, "HS2_AssetN": null, "HS2_Suitab": "SC7", "HS2_Phase": "R1", "HS2_DocNum": "1EW02-CSJ-GI-GDD-S002-000019", "HS2_DocRev": "C02", "HS2_RevDat": "2021-07-05T00:00:00", "HS2_Layer": "HIS_CSJ_1EW02_CH_HERDS_Feature_Ply", "Contract": "1EW02", "Originator": "CSJ", "CreatedAt": "2021-03-11T00:00:00", "LastEdited": "2021-06-29T00:00:00", "HS2_SupDoc": null, "FeatID": "1S19SSPTT_FTR_000157", "WSIIntID": "1S19SSPTT_INT000003", "MonType": "DITCH", "MonDesc": "3003", "Period": "UNKNOWN", "PeriodPhas": 0, "PeriodSubP": "N/A", "PhaseDesc": null, "BuildMater": "CLAY", "ArchScienc": "N/A", "Evidence": "EXCAVATED FEATURE", "MaxLength": 9.0 }, "geometry": { "type": "Polygon", "coordinates": [ [ [ -0.464978966960164, 51.568998274424565 ], [ -0.464977233875827, 51.568999735450781 ], [ -0.464956760204245, 51.568989972913663 ], [ -0.46495818581434, 51.568988987144316 ], [ -0.464967634955412, 51.568982446701483 ], [ -0.464974426120371, 51.568976509930472 ], [ -0.464975862475864, 51.568975205082332 ], [ -0.464996293415116, 51.568984008500692 ], [ -0.464994780344957, 51.568985449025412 ], [ -0.464986172765858, 51.568990951101135 ], [ -0.464978966960164, 51.568998274424565 ] ] ] } },
{ "type": "Feature", "properties": { "_source_path": "C:\\Uni\\HS2\\HS2_ADS_GIS\\2025-11-24_HIS_HSTWO_CH_HERDS_Feature_Ply\\2025-11-24_HIS_HSTWO_CH_HERDS_Feature_Ply.shp", "_source_layer": "", "box_id": "box_05", "section": "HS2 Phase 1", "HS2_AssetI": null, "HS2_AssetN": null, "HS2_Suitab": "SC7", "HS2_Phase": "R1", "HS2_DocNum": "1EW02-CSJ-GI-GDD-S002-000019", "HS2_DocRev": "C02", "HS2_RevDat": "2021-07-05T00:00:00", "HS2_Layer": "HIS_CSJ_1EW02_CH_HERDS_Feature_Ply", "Contract": "1EW02", "Originator": "CSJ", "CreatedAt": "2021-03-11T00:00:00", "LastEdited": "2021-06-29T00:00:00", "HS2_SupDoc": null, "FeatID": "1S19SSPTT_FTR_000158", "WSIIntID": "1S19SSPTT_INT000038", "MonType": "DITCH", "MonDesc": "3005", "Period": "UNKNOWN", "PeriodPhas": 0, "PeriodSubP": "N/A", "PhaseDesc": null, "BuildMater": "CLAY", "ArchScienc": "N/A", "Evidence": "EXCAVATED FEATURE", "MaxLength": 8.4 }, "geometry": { "type": "Polygon", "coordinates": [ [ [ -0.465109839100559, 51.56905740329718 ], [ -0.465103025153513, 51.569056175781924 ], [ -0.465094226030605, 51.569052112275386 ], [ -0.465097013543836, 51.569051989572515 ], [ -0.465108482485078, 51.56905286972826 ], [ -0.465119238706388, 51.569054818712871 ], [ -0.465126068052642, 51.569056231665563 ], [ -0.46513257877545, 51.56905862238677 ], [ -0.465145118052871, 51.569061182770994 ], [ -0.465160457930214, 51.569065160065975 ], [ -0.46517387556337, 51.569070174185292 ], [ -0.465189402147658, 51.569075934351531 ], [ -0.46519868271302, 51.569079969977118 ], [ -0.465204672807803, 51.569082610160066 ], [ -0.465205983012668, 51.569083680268051 ], [ -0.465206342765702, 51.569084694784216 ], [ -0.465206136487128, 51.569085935692222 ], [ -0.465205208539429, 51.569086625838764 ], [ -0.465202769053186, 51.56908618299731 ], [ -0.465199237717623, 51.569085041578951 ], [ -0.465187341123001, 51.569080492462923 ], [ -0.465172203020565, 51.569073265372324 ], [ -0.465152324729141, 51.569065702027949 ], [ -0.465139440422684, 51.569062246915429 ], [ -0.465130643809487, 51.569060551061085 ], [ -0.465124033355909, 51.569060007808652 ], [ -0.465117422168616, 51.569058415169629 ], [ -0.465109839100559, 51.56905740329718 ] ] ] } },
{ "type": "Feature", "properties": { "_source_path": "C:\\Uni\\HS2\\HS2_ADS_GIS\\2025-11-24_HIS_HSTWO_CH_HERDS_Feature_Ply\\2025-11-24_HIS_HSTWO_CH_HERDS_Feature_Ply.shp", "_source_layer": "", "box_id": "box_05", "section": "HS2 Phase 1", "HS2_AssetI": null, "HS2_AssetN": null, "HS2_Suitab": "SC7", "HS2_Phase": "R1", "HS2_DocNum": "1EW02-CSJ-GI-GDD-S002-000019", "HS2_DocRev": "C02", "HS2_RevDat": "2021-07-05T00:00:00", "HS2_Layer": "HIS_CSJ_1EW02_CH_HERDS_Feature_Ply", "Contract": "1EW02", "Originator": "CSJ", "CreatedAt": "2021-03-11T00:00:00", "LastEdited": "2021-06-29T00:00:00", "HS2_SupDoc": null, "FeatID": "1S19SSPTT_FTR_000159", "WSIIntID": "1S19SSPTT_INT000039", "MonType": "PIT", "MonDesc": "4004", "Period": "BRONZE AGE", "PeriodPhas": 0, "PeriodSubP": "N/A", "PhaseDesc": null, "BuildMater": "CLAY", "ArchScienc": "N/A", "Evidence": "EXCAVATED FEATURE", "MaxLength": 0.52 }, "geometry": { "type": "Polygon", "coordinates": [ [ [ -0.464918224971417, 51.569237835722788 ], [ -0.464916243419177, 51.569236862936883 ], [ -0.464914663034218, 51.569236488876044 ], [ -0.464915065962856, 51.569234850392881 ], [ -0.464915926772651, 51.569233754726511 ], [ -0.464918403944588, 51.569233592899366 ], [ -0.464920543020727, 51.569233187460291 ], [ -0.464921222509583, 51.569233105528035 ], [ -0.46492334003457, 51.569234411001219 ], [ -0.464920410488298, 51.569237122462567 ], [ -0.464918224971417, 51.569237835722788 ] ] ] } },
{ "type": "Feature", "properties": { "_source_path": "C:\\Uni\\HS2\\HS2_ADS_GIS\\2025-11-24_HIS_HSTWO_CH_HERDS_Feature_Ply\\2025-11-24_HIS_HSTWO_CH_HERDS_Feature_Ply.shp", "_source_layer": "", "box_id": "box_05", "section": "HS2 Phase 1", "HS2_AssetI": null, "HS2_AssetN": null, "HS2_Suitab": "SC7", "HS2_Phase": "R1", "HS2_DocNum": "1EW02-CSJ-GI-GDD-S002-000019", "HS2_DocRev": "C02", "HS2_RevDat": "2021-07-05T00:00:00", "HS2_Layer": "HIS_CSJ_1EW02_CH_HERDS_Feature_Ply", "Contract": "1EW02", "Originator": "CSJ", "CreatedAt": "2021-03-11T00:00:00", "LastEdited": "2021-06-29T00:00:00", "HS2_SupDoc": null, "FeatID": "1S19SSPTT_FTR_000160", "WSIIntID": "1S19SSPTT_INT000039", "MonType": "POST HOLE", "MonDesc": "4006", "Period": "UNKNOWN", "PeriodPhas": 0, "PeriodSubP": "N/A", "PhaseDesc": null, "BuildMater": "CLAY", "ArchScienc": "N/A", "Evidence": "EXCAVATED FEATURE", "MaxLength": 0.35 }, "geometry": { "type": "Polygon", "coordinates": [ [ [ -0.464751723136876, 51.569376896443764 ], [ -0.464750548153357, 51.569376995272613 ], [ -0.464749678640054, 51.569376721328993 ], [ -0.464749188123426, 51.56937607647405 ], [ -0.464750390022176, 51.569375178600779 ], [ -0.464750992091741, 51.569374696408047 ], [ -0.464751917644295, 51.569374377606955 ], [ -0.464752925512282, 51.569374356621552 ], [ -0.464754068988916, 51.569374679109437 ], [ -0.464754365143168, 51.56937513978162 ], [ -0.46475408153087, 51.569375934568875 ], [ -0.464753522027846, 51.569376223988563 ], [ -0.464752720237035, 51.569376681088414 ], [ -0.464751723136876, 51.569376896443764 ] ] ] } },
{ "type": "Feature", "properties": { "_source_path": "C:\\Uni\\HS2\\HS2_ADS_GIS\\2025-11-24_HIS_HSTWO_CH_HERDS_Feature_Ply\\2025-11-24_HIS_HSTWO_CH_HERDS_Feature_Ply.shp", "_source_layer": "", "box_id": "box_05", "section": "HS2 Phase 1", "HS2_AssetI": null, "HS2_AssetN": null, "HS2_Suitab": "SC7", "HS2_Phase": "R1", "HS2_DocNum": "1EW02-CSJ-GI-GDD-S002-000019", "HS2_DocRev": "C02", "HS2_RevDat": "2021-07-05T00:00:00", "HS2_Layer": "HIS_CSJ_1EW02_CH_HERDS_Feature_Ply", "Contract": "1EW02", "Originator": "CSJ", "CreatedAt": "2021-03-11T00:00:00", "LastEdited": "2021-06-29T00:00:00", "HS2_SupDoc": null, "FeatID": "1S19SSPTT_FTR_000161", "WSIIntID": "1S19SSPTT_INT000074", "MonType": "PIT", "MonDesc": "23013", "Period": "ROMAN", "PeriodPhas": 0, "PeriodSubP": "N/A", "PhaseDesc": null, "BuildMater": "CLAY", "ArchScienc": "N/A", "Evidence": "EXCAVATED FEATURE", "MaxLength": 0.66 }, "geometry": { "type": "Polygon", "coordinates": [ [ [ -0.460902388459078, 51.568143453895047 ], [ -0.460902391938414, 51.568143649968313 ], [ -0.46089193297457, 51.568143506508655 ], [ -0.460891939378551, 51.568143316859476 ], [ -0.460891806000402, 51.568141626395281 ], [ -0.460892580572552, 51.568140138470859 ], [ -0.460893132065006, 51.568138505545768 ], [ -0.460895430136623, 51.568137108638993 ], [ -0.46089761723014, 51.568136733576914 ], [ -0.460899200293933, 51.56813732533606 ], [ -0.460901053193778, 51.568138942135683 ], [ -0.460902458522514, 51.568140268016258 ], [ -0.460902591901056, 51.568141958480446 ], [ -0.460902388459078, 51.568143453895047 ] ] ] } },
{ "type": "Feature", "properties": { "_source_path": "C:\\Uni\\HS2\\HS2_ADS_GIS\\2025-11-24_HIS_HSTWO_CH_HERDS_Feature_Ply\\2025-11-24_HIS_HSTWO_CH_HERDS_Feature_Ply.shp", "_source_layer": "", "box_id": "box_05", "section": "HS2 Phase 1", "HS2_AssetI": null, "HS2_AssetN": null, "HS2_Suitab": "SC7", "HS2_Phase": "R1", "HS2_DocNum": "1EW02-CSJ-GI-GDD-S002-000019", "HS2_DocRev": "C02", "HS2_RevDat": "2021-07-05T00:00:00", "HS2_Layer": "HIS_CSJ_1EW02_CH_HERDS_Feature_Ply", "Contract": "1EW02", "Originator": "CSJ", "CreatedAt": "2021-03-11T00:00:00", "LastEdited": "2021-06-29T00:00:00", "HS2_SupDoc": null, "FeatID": "1S19SSPTT_FTR_000162", "WSIIntID": "1S19SSPTT_INT000011", "MonType": "PIT", "MonDesc": "11005", "Period": "UNKNOWN", "PeriodPhas": 0, "PeriodSubP": "N/A", "PhaseDesc": null, "BuildMater": "CLAY", "ArchScienc": "N/A", "Evidence": "EXCAVATED FEATURE", "MaxLength": 0.8 }, "geometry": { "type": "Polygon", "coordinates": [ [ [ -0.463266049081668, 51.572608727907252 ], [ -0.463267002565504, 51.572609979501266 ], [ -0.463267562631571, 51.572612499223013 ], [ -0.4632659989349, 51.572614237599744 ], [ -0.463263883399414, 51.572615565905352 ], [ -0.463260529528239, 51.572617029063196 ], [ -0.463258083524931, 51.572617031205183 ], [ -0.463256287082996, 51.572616085993964 ], [ -0.463254718510862, 51.572613989182827 ], [ -0.463254063311402, 51.572612707324531 ], [ -0.463266049081668, 51.572608727907252 ] ] ] } },
{ "type": "Feature", "properties": { "_source_path": "C:\\Uni\\HS2\\HS2_ADS_GIS\\2025-11-24_HIS_HSTWO_CH_HERDS_Feature_Ply\\2025-11-24_HIS_HSTWO_CH_HERDS_Feature_Ply.shp", "_source_layer": "", "box_id": "box_05", "section": "HS2 Phase 1", "HS2_AssetI": null, "HS2_AssetN": null, "HS2_Suitab": "SC7", "HS2_Phase": "R1", "HS2_DocNum": "1EW02-CSJ-GI-GDD-S002-000019", "HS2_DocRev": "C02", "HS2_RevDat": "2021-07-05T00:00:00", "HS2_Layer": "HIS_CSJ_1EW02_CH_HERDS_Feature_Ply", "Contract": "1EW02", "Originator": "CSJ", "CreatedAt": "2021-03-11T00:00:00", "LastEdited": "2021-06-29T00:00:00", "HS2_SupDoc": null, "FeatID": "1S19SSPTT_FTR_000163", "WSIIntID": "1S19SSPTT_INT000011", "MonType": "PIT", "MonDesc": "11003", "Period": "UNKNOWN", "PeriodPhas": 0, "PeriodSubP": "N/A", "PhaseDesc": null, "BuildMater": "CLAY", "ArchScienc": "N/A", "Evidence": "EXCAVATED FEATURE", "MaxLength": 0.0 }, "geometry": { "type": "Polygon", "coordinates": [ [ [ -0.463167751645112, 51.572656863958933 ], [ -0.463165121808936, 51.572656711725529 ], [ -0.463162889303995, 51.572655175418042 ], [ -0.463162029889939, 51.572653573464521 ], [ -0.463161722053854, 51.572652346510033 ], [ -0.463161145049478, 51.572650329223457 ], [ -0.463164794053793, 51.572648116396493 ], [ -0.463169000033625, 51.572647145476012 ], [ -0.463173081745708, 51.5726472492806 ], [ -0.463175907566126, 51.572647922923437 ], [ -0.463177784798835, 51.572649638916211 ], [ -0.463178555528445, 51.572651474401724 ], [ -0.463175726102058, 51.572654116992368 ], [ -0.463170060058595, 51.572656320492079 ], [ -0.463167751645112, 51.572656863958933 ] ] ] } },
{ "type": "Feature", "properties": { "_source_path": "C:\\Uni\\HS2\\HS2_ADS_GIS\\2025-11-24_HIS_HSTWO_CH_HERDS_Feature_Ply\\2025-11-24_HIS_HSTWO_CH_HERDS_Feature_Ply.shp", "_source_layer": "", "box_id": "box_05", "section": "HS2 Phase 1", "HS2_AssetI": null, "HS2_AssetN": null, "HS2_Suitab": "SC7", "HS2_Phase": "R1", "HS2_DocNum": "1EW02-CSJ-GI-GDD-S002-000019", "HS2_DocRev": "C02", "HS2_RevDat": "2021-07-05T00:00:00", "HS2_Layer": "HIS_CSJ_1EW02_CH_HERDS_Feature_Ply", "Contract": "1EW02", "Originator": "CSJ", "CreatedAt": "2021-03-11T00:00:00", "LastEdited": "2021-06-29T00:00:00", "HS2_SupDoc": null, "FeatID": "1S19SSPTT_FTR_000164", "WSIIntID": "1S19SSPTT_INT000012", "MonType": "DITCH", "MonDesc": "12015", "Period": "UNKNOWN", "PeriodPhas": 0, "PeriodSubP": "N/A", "PhaseDesc": null, "BuildMater": "CLAY", "ArchScienc": "N/A", "Evidence": "EXCAVATED FEATURE", "MaxLength": 1.7 }, "geometry": { "type": "Polygon", "coordinates": [ [ [ -0.463430574059854, 51.572289719892538 ], [ -0.463422678466822, 51.572292698106082 ], [ -0.463421912015429, 51.572291548774153 ], [ -0.46342090629578, 51.572289492605037 ], [ -0.46342028462599, 51.572287173500072 ], [ -0.4634210981886, 51.572283801329597 ], [ -0.463422116222651, 51.572280698901096 ], [ -0.463423240465797, 51.572279239817753 ], [ -0.463424990269412, 51.572278358123569 ], [ -0.463427991981302, 51.572277024332472 ], [ -0.463431330345543, 51.572276833346812 ], [ -0.463434308662704, 51.572277776944233 ], [ -0.463435867057954, 51.572279405132235 ], [ -0.463436224640136, 51.572281553526821 ], [ -0.463435636962653, 51.572283019635265 ], [ -0.463431108048451, 51.572288219810481 ], [ -0.463430574059854, 51.572289719892538 ] ] ] } },
{ "type": "Feature", "properties": { "_source_path": "C:\\Uni\\HS2\\HS2_ADS_GIS\\2025-11-24_HIS_HSTWO_CH_HERDS_Feature_Ply\\2025-11-24_HIS_HSTWO_CH_HERDS_Feature_Ply.shp", "_source_layer": "", "box_id": "box_05", "section": "HS2 Phase 1", "HS2_AssetI": null, "HS2_AssetN": null, "HS2_Suitab": "SC7", "HS2_Phase": "R1", "HS2_DocNum": "1EW02-CSJ-GI-GDD-S002-000019", "HS2_DocRev": "C02", "HS2_RevDat": "2021-07-05T00:00:00", "HS2_Layer": "HIS_CSJ_1EW02_CH_HERDS_Feature_Ply", "Contract": "1EW02", "Originator": "CSJ", "CreatedAt": "2021-03-11T00:00:00", "LastEdited": "2021-06-29T00:00:00", "HS2_SupDoc": null, "FeatID": "1S19SSPTT_FTR_000165", "WSIIntID": "1S19SSPTT_INT000012", "MonType": "PIT", "MonDesc": "12013", "Period": "UNKNOWN", "PeriodPhas": 0, "PeriodSubP": "N/A", "PhaseDesc": null, "BuildMater": "CLAY", "ArchScienc": "N/A", "Evidence": "EXCAVATED FEATURE", "MaxLength": 0.52 }, "geometry": { "type": "Polygon", "coordinates": [ [ [ -0.46336448158239, 51.572308147970816 ], [ -0.463362307848569, 51.572308035883459 ], [ -0.463360521304575, 51.572307610545813 ], [ -0.463359402083063, 51.572306524035191 ], [ -0.463359346716385, 51.572304999151974 ], [ -0.463359208879259, 51.572303523544612 ], [ -0.463359769409021, 51.572302006725423 ], [ -0.46336171718812, 51.572301630281785 ], [ -0.46336374774895, 51.572302008458713 ], [ -0.463365628603297, 51.572302803706584 ], [ -0.463367005964697, 51.572303424210162 ], [ -0.463368022068931, 51.572304359202768 ], [ -0.463368226021072, 51.572305500271021 ], [ -0.463367779816604, 51.572306750623014 ], [ -0.463366621962647, 51.572307622981853 ], [ -0.46336448158239, 51.572308147970816 ] ] ] } },
{ "type": "Feature", "properties": { "_source_path": "C:\\Uni\\HS2\\HS2_ADS_GIS\\2025-11-24_HIS_HSTWO_CH_HERDS_Feature_Ply\\2025-11-24_HIS_HSTWO_CH_HERDS_Feature_Ply.shp", "_source_layer": "", "box_id": "box_05", "section": "HS2 Phase 1", "HS2_AssetI": null, "HS2_AssetN": null, "HS2_Suitab": "SC7", "HS2_Phase": "R1", "HS2_DocNum": "1EW02-CSJ-GI-GDD-S002-000019", "HS2_DocRev": "C02", "HS2_RevDat": "2021-07-05T00:00:00", "HS2_Layer": "HIS_CSJ_1EW02_CH_HERDS_Feature_Ply", "Contract": "1EW02", "Originator": "CSJ", "CreatedAt": "2021-03-11T00:00:00", "LastEdited": "2021-06-29T00:00:00", "HS2_SupDoc": null, "FeatID": "1S19SSPTT_FTR_000166", "WSIIntID": "1S19SSPTT_INT000012", "MonType": "POST HOLE", "MonDesc": "12011", "Period": "UNKNOWN", "PeriodPhas": 0, "PeriodSubP": "N/A", "PhaseDesc": null, "BuildMater": "CLAY", "ArchScienc": "N/A", "Evidence": "EXCAVATED FEATURE", "MaxLength": 0.18 }, "geometry": { "type": "Polygon", "coordinates": [ [ [ -0.463355682127596, 51.572310457024152 ], [ -0.463354598391211, 51.572310329534318 ], [ -0.463354311432528, 51.57230985279346 ], [ -0.463354320756758, 51.572309191098135 ], [ -0.463355212702315, 51.572308629980796 ], [ -0.463355976363735, 51.572308706520971 ], [ -0.463356966071547, 51.572309054884144 ], [ -0.463357058714119, 51.572309688240672 ], [ -0.463356582992463, 51.572310230529105 ], [ -0.463355682127596, 51.572310457024152 ] ] ] } },
{ "type": "Feature", "properties": { "_source_path": "C:\\Uni\\HS2\\HS2_ADS_GIS\\2025-11-24_HIS_HSTWO_CH_HERDS_Feature_Ply\\2025-11-24_HIS_HSTWO_CH_HERDS_Feature_Ply.shp", "_source_layer": "", "box_id": "box_05", "section": "HS2 Phase 1", "HS2_AssetI": null, "HS2_AssetN": null, "HS2_Suitab": "SC7", "HS2_Phase": "R1", "HS2_DocNum": "1EW02-CSJ-GI-GDD-S002-000019", "HS2_DocRev": "C02", "HS2_RevDat": "2021-07-05T00:00:00", "HS2_Layer": "HIS_CSJ_1EW02_CH_HERDS_Feature_Ply", "Contract": "1EW02", "Originator": "CSJ", "CreatedAt": "2021-03-11T00:00:00", "LastEdited": "2021-06-29T00:00:00", "HS2_SupDoc": null, "FeatID": "1S19SSPTT_FTR_000167", "WSIIntID": "1S19SSPTT_INT000012", "MonType": "PIT", "MonDesc": "12009", "Period": "UNKNOWN", "PeriodPhas": 0, "PeriodSubP": "N/A", "PhaseDesc": null, "BuildMater": "CLAY", "ArchScienc": "N/A", "Evidence": "EXCAVATED FEATURE", "MaxLength": 1.5 }, "geometry": { "type": "Polygon", "coordinates": [ [ [ -0.463335911098658, 51.572324116104888 ], [ -0.463332617097522, 51.572324574733628 ], [ -0.463329802013051, 51.572324353536857 ], [ -0.463326852446212, 51.572323327586062 ], [ -0.463324824713723, 51.572322095197542 ], [ -0.463323780639317, 51.572320406301671 ], [ -0.463324056532166, 51.572318600706652 ], [ -0.463324896941414, 51.572316786317373 ], [ -0.463327040696972, 51.572315390939565 ], [ -0.463329955106839, 51.572314207074889 ], [ -0.463335133707254, 51.5723144754038 ], [ -0.463339061488558, 51.572315163471195 ], [ -0.463341156447294, 51.572316798685861 ], [ -0.463341706626335, 51.572318798535427 ], [ -0.463341009701491, 51.572321150731746 ], [ -0.463338316954496, 51.572322907597169 ], [ -0.463335911098658, 51.572324116104888 ] ] ] } },
{ "type": "Feature", "properties": { "_source_path": "C:\\Uni\\HS2\\HS2_ADS_GIS\\2025-11-24_HIS_HSTWO_CH_HERDS_Feature_Ply\\2025-11-24_HIS_HSTWO_CH_HERDS_Feature_Ply.shp", "_source_layer": "", "box_id": "box_05", "section": "HS2 Phase 1", "HS2_AssetI": null, "HS2_AssetN": null, "HS2_Suitab": "SC7", "HS2_Phase": "R1", "HS2_DocNum": "1EW02-CSJ-GI-GDD-S002-000019", "HS2_DocRev": "C02", "HS2_RevDat": "2021-07-05T00:00:00", "HS2_Layer": "HIS_CSJ_1EW02_CH_HERDS_Feature_Ply", "Contract": "1EW02", "Originator": "CSJ", "CreatedAt": "2021-03-11T00:00:00", "LastEdited": "2021-06-29T00:00:00", "HS2_SupDoc": null, "FeatID": "1S19SSPTT_FTR_000168", "WSIIntID": "1S19SSPTT_INT000012", "MonType": "GULLY", "MonDesc": "12007", "Period": "UNKNOWN", "PeriodPhas": 0, "PeriodSubP": "N/A", "PhaseDesc": null, "BuildMater": "CLAY", "ArchScienc": "N/A", "Evidence": "EXCAVATED FEATURE", "MaxLength": 3.2 }, "geometry": { "type": "Polygon", "coordinates": [ [ [ -0.463163731352679, 51.572390535915282 ], [ -0.463156876694743, 51.572392941458013 ], [ -0.46315778376079, 51.572391546973918 ], [ -0.463163196611789, 51.57238247290443 ], [ -0.463169060438874, 51.572374360598708 ], [ -0.463172787290766, 51.572367442333892 ], [ -0.463173221341983, 51.572365739521601 ], [ -0.463179206757156, 51.572363606745334 ], [ -0.463179701525734, 51.572364853232628 ], [ -0.463180483288677, 51.572367174435293 ], [ -0.463180390396184, 51.572368345786714 ], [ -0.46317879230281, 51.572371104313518 ], [ -0.463174809797986, 51.572376018492037 ], [ -0.463170835506395, 51.572380689092483 ], [ -0.463165409965507, 51.572388556258403 ], [ -0.463163731352679, 51.572390535915282 ] ] ] } },
{ "type": "Feature", "properties": { "_source_path": "C:\\Uni\\HS2\\HS2_ADS_GIS\\2025-11-24_HIS_HSTWO_CH_HERDS_Feature_Ply\\2025-11-24_HIS_HSTWO_CH_HERDS_Feature_Ply.shp", "_source_layer": "", "box_id": "box_05", "section": "HS2 Phase 1", "HS2_AssetI": null, "HS2_AssetN": null, "HS2_Suitab": "SC7", "HS2_Phase": "R1", "HS2_DocNum": "1EW02-CSJ-GI-GDD-S002-000019", "HS2_DocRev": "C02", "HS2_RevDat": "2021-07-05T00:00:00", "HS2_Layer": "HIS_CSJ_1EW02_CH_HERDS_Feature_Ply", "Contract": "1EW02", "Originator": "CSJ", "CreatedAt": "2021-03-11T00:00:00", "LastEdited": "2021-06-29T00:00:00", "HS2_SupDoc": null, "FeatID": "1S19SSPTT_FTR_000169", "WSIIntID": "1S19SSPTT_INT000012", "MonType": "PIT", "MonDesc": "12005", "Period": "UNKNOWN", "PeriodPhas": 0, "PeriodSubP": "N/A", "PhaseDesc": null, "BuildMater": "CLAY", "ArchScienc": "N/A", "Evidence": "EXCAVATED FEATURE", "MaxLength": 2.4 }, "geometry": { "type": "Polygon", "coordinates": [ [ [ -0.463104770359115, 51.572411050778562 ], [ -0.463101342115065, 51.572405947837019 ], [ -0.463101414378106, 51.572403805070387 ], [ -0.4631026735911, 51.572401510594482 ], [ -0.463106301707468, 51.572399146428779 ], [ -0.463110598274576, 51.572397628179573 ], [ -0.463114459663819, 51.572396305654145 ], [ -0.463118894394724, 51.572395525665634 ], [ -0.463123036787629, 51.57239541265826 ], [ -0.46312668694942, 51.572395561169024 ], [ -0.463130040608322, 51.572396542960021 ], [ -0.463132626672755, 51.572397949916081 ], [ -0.463134929753209, 51.5723997892825 ], [ -0.463135392643256, 51.57240039781373 ], [ -0.463105029354564, 51.572411372489981 ], [ -0.463104770359115, 51.572411050778562 ] ] ] } },
{ "type": "Feature", "properties": { "_source_path": "C:\\Uni\\HS2\\HS2_ADS_GIS\\2025-11-24_HIS_HSTWO_CH_HERDS_Feature_Ply\\2025-11-24_HIS_HSTWO_CH_HERDS_Feature_Ply.shp", "_source_layer": "", "box_id": "box_05", "section": "HS2 Phase 1", "HS2_AssetI": null, "HS2_AssetN": null, "HS2_Suitab": "SC7", "HS2_Phase": "R1", "HS2_DocNum": "1EW02-CSJ-GI-GDD-S002-000019", "HS2_DocRev": "C02", "HS2_RevDat": "2021-07-05T00:00:00", "HS2_Layer": "HIS_CSJ_1EW02_CH_HERDS_Feature_Ply", "Contract": "1EW02", "Originator": "CSJ", "CreatedAt": "2021-03-11T00:00:00", "LastEdited": "2021-06-29T00:00:00", "HS2_SupDoc": null, "FeatID": "1S19SSPTT_FTR_000170", "WSIIntID": "1S19SSPTT_INT000012", "MonType": "PIT", "MonDesc": "12003", "Period": "UNKNOWN", "PeriodPhas": 0, "PeriodSubP": "N/A", "PhaseDesc": null, "BuildMater": "CLAY", "ArchScienc": "N/A", "Evidence": "EXCAVATED FEATURE", "MaxLength": 1.38 }, "geometry": { "type": "Polygon", "coordinates": [ [ [ -0.463076061353314, 51.572416787640492 ], [ -0.463072281819043, 51.572414912752151 ], [ -0.46307083245691, 51.572412447924862 ], [ -0.4630707245471, 51.572410085190306 ], [ -0.463071801329697, 51.572408407880346 ], [ -0.463073698581148, 51.572407176531748 ], [ -0.463075577991235, 51.572406431421271 ], [ -0.463078285170321, 51.57240583023372 ], [ -0.463081256167383, 51.572406220730997 ], [ -0.463084336159775, 51.572407315836593 ], [ -0.463085835765303, 51.572409061055687 ], [ -0.463086924519174, 51.572411050874422 ], [ -0.463086029032982, 51.572412914896432 ], [ -0.463084459122484, 51.572414837527155 ], [ -0.463082534210604, 51.572416118869334 ], [ -0.46307890410251, 51.572416958849928 ], [ -0.463076061353314, 51.572416787640492 ] ] ] } },
{ "type": "Feature", "properties": { "_source_path": "C:\\Uni\\HS2\\HS2_ADS_GIS\\2025-11-24_HIS_HSTWO_CH_HERDS_Feature_Ply\\2025-11-24_HIS_HSTWO_CH_HERDS_Feature_Ply.shp", "_source_layer": "", "box_id": "box_05", "section": "HS2 Phase 1", "HS2_AssetI": null, "HS2_AssetN": null, "HS2_Suitab": "SC7", "HS2_Phase": "R1", "HS2_DocNum": "1EW02-CSJ-GI-GDD-S002-000019", "HS2_DocRev": "C02", "HS2_RevDat": "2021-07-05T00:00:00", "HS2_Layer": "HIS_CSJ_1EW02_CH_HERDS_Feature_Ply", "Contract": "1EW02", "Originator": "CSJ", "CreatedAt": "2021-03-11T00:00:00", "LastEdited": "2021-06-29T00:00:00", "HS2_SupDoc": null, "FeatID": "1S19SSPTT_FTR_000171", "WSIIntID": "1S19SSPTT_INT000013", "MonType": "DITCH", "MonDesc": "13007", "Period": "UNKNOWN", "PeriodPhas": 0, "PeriodSubP": "N/A", "PhaseDesc": null, "BuildMater": "CLAY", "ArchScienc": "N/A", "Evidence": "EXCAVATED FEATURE", "MaxLength": 1.15 }, "geometry": { "type": "Polygon", "coordinates": [ [ [ -0.46304286739631, 51.572151467706071 ], [ -0.46304264373983, 51.572153307255284 ], [ -0.463041502103775, 51.572163240248123 ], [ -0.463041004527104, 51.572165243462898 ], [ -0.463040121166629, 51.572165935075546 ], [ -0.463038561127234, 51.572165982086062 ], [ -0.463036458595352, 51.572166155074967 ], [ -0.463034684473199, 51.572164591497014 ], [ -0.463033226362796, 51.572163199310303 ], [ -0.463033763467593, 51.572160024045331 ], [ -0.46303367162337, 51.572156372056078 ], [ -0.463033881409634, 51.572154901000701 ], [ -0.46304286739631, 51.572151467706071 ] ] ] } },
{ "type": "Feature", "properties": { "_source_path": "C:\\Uni\\HS2\\HS2_ADS_GIS\\2025-11-24_HIS_HSTWO_CH_HERDS_Feature_Ply\\2025-11-24_HIS_HSTWO_CH_HERDS_Feature_Ply.shp", "_source_layer": "", "box_id": "box_05", "section": "HS2 Phase 1", "HS2_AssetI": null, "HS2_AssetN": null, "HS2_Suitab": "SC7", "HS2_Phase": "R1", "HS2_DocNum": "1EW02-CSJ-GI-GDD-S002-000019", "HS2_DocRev": "C02", "HS2_RevDat": "2021-07-05T00:00:00", "HS2_Layer": "HIS_CSJ_1EW02_CH_HERDS_Feature_Ply", "Contract": "1EW02", "Originator": "CSJ", "CreatedAt": "2021-03-11T00:00:00", "LastEdited": "2021-06-29T00:00:00", "HS2_SupDoc": null, "FeatID": "1S19SSPTT_FTR_000172", "WSIIntID": "1S19SSPTT_INT000013", "MonType": "PIT", "MonDesc": "13009", "Period": "UNKNOWN", "PeriodPhas": 0, "PeriodSubP": "N/A", "PhaseDesc": null, "BuildMater": "CLAY", "ArchScienc": "N/A", "Evidence": "EXCAVATED FEATURE", "MaxLength": 0.55 }, "geometry": { "type": "Polygon", "coordinates": [ [ [ -0.463037189869359, 51.572173182074749 ], [ -0.463035416868327, 51.572173125584939 ], [ -0.463034363759556, 51.57217247515387 ], [ -0.463033354970476, 51.572171323544872 ], [ -0.463034369668315, 51.57216994665697 ], [ -0.463035827728674, 51.572168944250784 ], [ -0.463037977444815, 51.572168955318368 ], [ -0.463039538881205, 51.572169679847029 ], [ -0.463039855198546, 51.572170655134677 ], [ -0.463039725864642, 51.572172093972945 ], [ -0.463038626468396, 51.572172816027091 ], [ -0.463037189869359, 51.572173182074749 ] ] ] } },
{ "type": "Feature", "properties": { "_source_path": "C:\\Uni\\HS2\\HS2_ADS_GIS\\2025-11-24_HIS_HSTWO_CH_HERDS_Feature_Ply\\2025-11-24_HIS_HSTWO_CH_HERDS_Feature_Ply.shp", "_source_layer": "", "box_id": "box_05", "section": "HS2 Phase 1", "HS2_AssetI": null, "HS2_AssetN": null, "HS2_Suitab": "SC7", "HS2_Phase": "R1", "HS2_DocNum": "1EW02-CSJ-GI-GDD-S002-000019", "HS2_DocRev": "C02", "HS2_RevDat": "2021-07-05T00:00:00", "HS2_Layer": "HIS_CSJ_1EW02_CH_HERDS_Feature_Ply", "Contract": "1EW02", "Originator": "CSJ", "CreatedAt": "2021-03-11T00:00:00", "LastEdited": "2021-06-29T00:00:00", "HS2_SupDoc": null, "FeatID": "1S19SSPTT_FTR_000173", "WSIIntID": "1S19SSPTT_INT000105", "MonType": "PIT", "MonDesc": "17007", "Period": "UNKNOWN", "PeriodPhas": 0, "PeriodSubP": "N/A", "PhaseDesc": null, "BuildMater": "CLAY", "ArchScienc": "N/A", "Evidence": "EXCAVATED FEATURE", "MaxLength": 0.6 }, "geometry": { "type": "Polygon", "coordinates": [ [ [ -0.461405311025619, 51.566435232820268 ], [ -0.461402785176691, 51.566434361641967 ], [ -0.461402003578996, 51.566433579873134 ], [ -0.461401948917915, 51.566432036113042 ], [ -0.461403635655999, 51.566430666250731 ], [ -0.461405945287514, 51.566429992450054 ], [ -0.461408694807188, 51.566430648952007 ], [ -0.461409957512987, 51.566432309261515 ], [ -0.461409456225441, 51.566433610140002 ], [ -0.461407559377808, 51.566434792909831 ], [ -0.461405311025619, 51.566435232820268 ] ] ] } },
{ "type": "Feature", "properties": { "_source_path": "C:\\Uni\\HS2\\HS2_ADS_GIS\\2025-11-24_HIS_HSTWO_CH_HERDS_Feature_Ply\\2025-11-24_HIS_HSTWO_CH_HERDS_Feature_Ply.shp", "_source_layer": "", "box_id": "box_05", "section": "HS2 Phase 1", "HS2_AssetI": null, "HS2_AssetN": null, "HS2_Suitab": "SC7", "HS2_Phase": "R1", "HS2_DocNum": "1EW02-CSJ-GI-GDD-S002-000019", "HS2_DocRev": "C02", "HS2_RevDat": "2021-07-05T00:00:00", "HS2_Layer": "HIS_CSJ_1EW02_CH_HERDS_Feature_Ply", "Contract": "1EW02", "Originator": "CSJ", "CreatedAt": "2021-03-11T00:00:00", "LastEdited": "2021-06-29T00:00:00", "HS2_SupDoc": null, "FeatID": "1S19SSPTT_FTR_000174", "WSIIntID": "1S19SSPTT_INT000105", "MonType": "PIT", "MonDesc": "17011", "Period": "UNKNOWN", "PeriodPhas": 0, "PeriodSubP": "N/A", "PhaseDesc": null, "BuildMater": "CLAY", "ArchScienc": "N/A", "Evidence": "EXCAVATED FEATURE", "MaxLength": 0.64 }, "geometry": { "type": "Polygon", "coordinates": [ [ [ -0.461502985489316, 51.566499681002398 ], [ -0.461500506161576, 51.566499782481529 ], [ -0.461498027449422, 51.566499096261225 ], [ -0.461496381530104, 51.566497632351812 ], [ -0.461496704947324, 51.566496044091764 ], [ -0.461498497604728, 51.566494742158156 ], [ -0.46150260369386, 51.566495047766146 ], [ -0.461505038911715, 51.566496253159237 ], [ -0.46150537053897, 51.566498354463178 ], [ -0.461502985489316, 51.566499681002398 ] ] ] } },
{ "type": "Feature", "properties": { "_source_path": "C:\\Uni\\HS2\\HS2_ADS_GIS\\2025-11-24_HIS_HSTWO_CH_HERDS_Feature_Ply\\2025-11-24_HIS_HSTWO_CH_HERDS_Feature_Ply.shp", "_source_layer": "", "box_id": "box_05", "section": "HS2 Phase 1", "HS2_AssetI": null, "HS2_AssetN": null, "HS2_Suitab": "SC7", "HS2_Phase": "R1", "HS2_DocNum": "1EW02-CSJ-GI-GDD-S002-000019", "HS2_DocRev": "C02", "HS2_RevDat": "2021-07-05T00:00:00", "HS2_Layer": "HIS_CSJ_1EW02_CH_HERDS_Feature_Ply", "Contract": "1EW02", "Originator": "CSJ", "CreatedAt": "2021-03-11T00:00:00", "LastEdited": "2021-06-29T00:00:00", "HS2_SupDoc": null, "FeatID": "1S19SSPTT_FTR_000175", "WSIIntID": "1S19SSPTT_INT000105", "MonType": "GULLY", "MonDesc": "17005", "Period": "UNKNOWN", "PeriodPhas": 0, "PeriodSubP": "N/A", "PhaseDesc": null, "BuildMater": "CLAY", "ArchScienc": "N/A", "Evidence": "EXCAVATED FEATURE", "MaxLength": 0.55 }, "geometry": { "type": "Polygon", "coordinates": [ [ [ -0.461518052284585, 51.566533986434926 ], [ -0.461513018574308, 51.566533249635206 ], [ -0.46150501683532, 51.56652640336268 ], [ -0.461510847692192, 51.566527418577401 ], [ -0.461520961677461, 51.566529094210139 ], [ -0.461525348160943, 51.566529855795466 ], [ -0.461527281814859, 51.566531558170169 ], [ -0.461528264743319, 51.56653274452411 ], [ -0.461527093639213, 51.566533970080656 ], [ -0.461523307677703, 51.566534524717646 ], [ -0.461518052284585, 51.566533986434926 ] ] ] } },
{ "type": "Feature", "properties": { "_source_path": "C:\\Uni\\HS2\\HS2_ADS_GIS\\2025-11-24_HIS_HSTWO_CH_HERDS_Feature_Ply\\2025-11-24_HIS_HSTWO_CH_HERDS_Feature_Ply.shp", "_source_layer": "", "box_id": "box_05", "section": "HS2 Phase 1", "HS2_AssetI": null, "HS2_AssetN": null, "HS2_Suitab": "SC7", "HS2_Phase": "R1", "HS2_DocNum": "1EW02-CSJ-GI-GDD-S002-000019", "HS2_DocRev": "C02", "HS2_RevDat": "2021-07-05T00:00:00", "HS2_Layer": "HIS_CSJ_1EW02_CH_HERDS_Feature_Ply", "Contract": "1EW02", "Originator": "CSJ", "CreatedAt": "2021-03-11T00:00:00", "LastEdited": "2021-06-29T00:00:00", "HS2_SupDoc": null, "FeatID": "1S19SSPTT_FTR_000176", "WSIIntID": "1S19SSPTT_INT000105", "MonType": "PIT", "MonDesc": "17009", "Period": "UNKNOWN", "PeriodPhas": 0, "PeriodSubP": "N/A", "PhaseDesc": null, "BuildMater": "CLAY", "ArchScienc": "N/A", "Evidence": "EXCAVATED FEATURE", "MaxLength": 0.8 }, "geometry": { "type": "Polygon", "coordinates": [ [ [ -0.46155116546003, 51.56655655456732 ], [ -0.461548253828193, 51.566555913028594 ], [ -0.46154523355434, 51.566554514729638 ], [ -0.461543406113793, 51.566552059310908 ], [ -0.461543722513867, 51.566549866690032 ], [ -0.461546804755423, 51.566548616730365 ], [ -0.46154988785461, 51.566548153590134 ], [ -0.461552659112456, 51.566548978525788 ], [ -0.461554118087909, 51.5665511935212 ], [ -0.461554633003157, 51.566553464480684 ], [ -0.461552971899254, 51.566555656558606 ], [ -0.46155116546003, 51.56655655456732 ] ] ] } },
{ "type": "Feature", "properties": { "_source_path": "C:\\Uni\\HS2\\HS2_ADS_GIS\\2025-11-24_HIS_HSTWO_CH_HERDS_Feature_Ply\\2025-11-24_HIS_HSTWO_CH_HERDS_Feature_Ply.shp", "_source_layer": "", "box_id": "box_05", "section": "HS2 Phase 1", "HS2_AssetI": null, "HS2_AssetN": null, "HS2_Suitab": "SC7", "HS2_Phase": "R1", "HS2_DocNum": "1EW02-CSJ-GI-GDD-S002-000019", "HS2_DocRev": "C02", "HS2_RevDat": "2021-07-05T00:00:00", "HS2_Layer": "HIS_CSJ_1EW02_CH_HERDS_Feature_Ply", "Contract": "1EW02", "Originator": "CSJ", "CreatedAt": "2021-03-11T00:00:00", "LastEdited": "2021-06-29T00:00:00", "HS2_SupDoc": null, "FeatID": "1S19SSPTT_FTR_000177", "WSIIntID": "1S19SSPTT_INT000105", "MonType": "POST HOLE", "MonDesc": "17003", "Period": "UNKNOWN", "PeriodPhas": 0, "PeriodSubP": "N/A", "PhaseDesc": null, "BuildMater": "CLAY", "ArchScienc": "N/A", "Evidence": "EXCAVATED FEATURE", "MaxLength": 0.45 }, "geometry": { "type": "Polygon", "coordinates": [ [ [ -0.461604781961564, 51.566608603182232 ], [ -0.461603391522257, 51.566608333176681 ], [ -0.461602912043206, 51.566607790962479 ], [ -0.461602212371461, 51.566607018361843 ], [ -0.461602383228026, 51.566606316520613 ], [ -0.461603319921582, 51.566606094105822 ], [ -0.461605180841999, 51.566605548401363 ], [ -0.461606372224862, 51.566605731271835 ], [ -0.461607046786443, 51.566606478365415 ], [ -0.461607484731235, 51.566607054205093 ], [ -0.461607371756005, 51.566607622822907 ], [ -0.461606460155236, 51.566608298768173 ], [ -0.461604781961564, 51.566608603182232 ] ] ] } },
{ "type": "Feature", "properties": { "_source_path": "C:\\Uni\\HS2\\HS2_ADS_GIS\\2025-11-24_HIS_HSTWO_CH_HERDS_Feature_Ply\\2025-11-24_HIS_HSTWO_CH_HERDS_Feature_Ply.shp", "_source_layer": "", "box_id": "box_05", "section": "HS2 Phase 1", "HS2_AssetI": null, "HS2_AssetN": null, "HS2_Suitab": "SC7", "HS2_Phase": "R1", "HS2_DocNum": "1EW02-CSJ-GI-GDD-S002-000019", "HS2_DocRev": "C02", "HS2_RevDat": "2021-07-05T00:00:00", "HS2_Layer": "HIS_CSJ_1EW02_CH_HERDS_Feature_Ply", "Contract": "1EW02", "Originator": "CSJ", "CreatedAt": "2021-03-11T00:00:00", "LastEdited": "2021-06-29T00:00:00", "HS2_SupDoc": null, "FeatID": "1S19SSPTT_FTR_000178", "WSIIntID": "1S19SSPTT_INT000070", "MonType": "POST HOLE", "MonDesc": "19003", "Period": "UNKNOWN", "PeriodPhas": 0, "PeriodSubP": "N/A", "PhaseDesc": null, "BuildMater": "CLAY", "ArchScienc": "N/A", "Evidence": "EXCAVATED FEATURE", "MaxLength": 0.29 }, "geometry": { "type": "Polygon", "coordinates": [ [ [ -0.460932801574319, 51.568617726122199 ], [ -0.460932052470701, 51.56861717767196 ], [ -0.460931752045339, 51.568616502922055 ], [ -0.460932058766193, 51.568615794770764 ], [ -0.460932660604454, 51.568615106675502 ], [ -0.460933440635017, 51.568614739237169 ], [ -0.460934449899164, 51.568614719202145 ], [ -0.460935362493104, 51.568615169085007 ], [ -0.460935760617318, 51.568616155343328 ], [ -0.460935849802266, 51.56861667625585 ], [ -0.460935327880902, 51.56861739057701 ], [ -0.460934281016007, 51.568617712253236 ], [ -0.460932801574319, 51.568617726122199 ] ] ] } },
{ "type": "Feature", "properties": { "_source_path": "C:\\Uni\\HS2\\HS2_ADS_GIS\\2025-11-24_HIS_HSTWO_CH_HERDS_Feature_Ply\\2025-11-24_HIS_HSTWO_CH_HERDS_Feature_Ply.shp", "_source_layer": "", "box_id": "box_05", "section": "HS2 Phase 1", "HS2_AssetI": null, "HS2_AssetN": null, "HS2_Suitab": "SC7", "HS2_Phase": "R1", "HS2_DocNum": "1EW02-CSJ-GI-GDD-S002-000019", "HS2_DocRev": "C02", "HS2_RevDat": "2021-07-05T00:00:00", "HS2_Layer": "HIS_CSJ_1EW02_CH_HERDS_Feature_Ply", "Contract": "1EW02", "Originator": "CSJ", "CreatedAt": "2021-03-11T00:00:00", "LastEdited": "2021-06-29T00:00:00", "HS2_SupDoc": null, "FeatID": "1S19SSPTT_FTR_000179", "WSIIntID": "1S19SSPTT_INT000070", "MonType": "POST HOLE", "MonDesc": "19005", "Period": "UNKNOWN", "PeriodPhas": 0, "PeriodSubP": "N/A", "PhaseDesc": null, "BuildMater": "CLAY", "ArchScienc": "N/A", "Evidence": "EXCAVATED FEATURE", "MaxLength": 0.29 }, "geometry": { "type": "Polygon", "coordinates": [ [ [ -0.460937176098155, 51.568619232116752 ], [ -0.460936397533917, 51.568619171550772 ], [ -0.460935617856261, 51.568618759379383 ], [ -0.460935571604088, 51.568618163496346 ], [ -0.460935874956015, 51.568617555113121 ], [ -0.460936844149929, 51.568617140698962 ], [ -0.460937754021957, 51.568617286613382 ], [ -0.460938713312152, 51.568617550073093 ], [ -0.460938873066145, 51.568618374045343 ], [ -0.460938216741269, 51.568619094696821 ], [ -0.460937176098155, 51.568619232116752 ] ] ] } },
{ "type": "Feature", "properties": { "_source_path": "C:\\Uni\\HS2\\HS2_ADS_GIS\\2025-11-24_HIS_HSTWO_CH_HERDS_Feature_Ply\\2025-11-24_HIS_HSTWO_CH_HERDS_Feature_Ply.shp", "_source_layer": "", "box_id": "box_05", "section": "HS2 Phase 1", "HS2_AssetI": null, "HS2_AssetN": null, "HS2_Suitab": "SC7", "HS2_Phase": "R1", "HS2_DocNum": "1EW02-CSJ-GI-GDD-S002-000019", "HS2_DocRev": "C02", "HS2_RevDat": "2021-07-05T00:00:00", "HS2_Layer": "HIS_CSJ_1EW02_CH_HERDS_Feature_Ply", "Contract": "1EW02", "Originator": "CSJ", "CreatedAt": "2021-03-11T00:00:00", "LastEdited": "2021-06-29T00:00:00", "HS2_SupDoc": null, "FeatID": "1S19SSPTT_FTR_000180", "WSIIntID": "1S19SSPTT_INT000070", "MonType": "GULLY", "MonDesc": "19007", "Period": "UNKNOWN", "PeriodPhas": 0, "PeriodSubP": "N/A", "PhaseDesc": null, "BuildMater": "CLAY", "ArchScienc": "N/A", "Evidence": "EXCAVATED FEATURE", "MaxLength": 1.8 }, "geometry": { "type": "Polygon", "coordinates": [ [ [ -0.46097848597322, 51.56887802853079 ], [ -0.460976569062515, 51.568878221001349 ], [ -0.460965952306438, 51.568878686042865 ], [ -0.460958708754033, 51.568879630536955 ], [ -0.4609509795153, 51.568880216171252 ], [ -0.460949118214329, 51.568880342829146 ], [ -0.460948722863503, 51.568876112260625 ], [ -0.460950506796394, 51.568875883876693 ], [ -0.460958263734623, 51.568874862489238 ], [ -0.460965365184751, 51.56887492144751 ], [ -0.460976359247392, 51.568874093577449 ], [ -0.460978164042184, 51.568874016533812 ], [ -0.46097848597322, 51.56887802853079 ] ] ] } },
{ "type": "Feature", "properties": { "_source_path": "C:\\Uni\\HS2\\HS2_ADS_GIS\\2025-11-24_HIS_HSTWO_CH_HERDS_Feature_Ply\\2025-11-24_HIS_HSTWO_CH_HERDS_Feature_Ply.shp", "_source_layer": "", "box_id": "box_05", "section": "HS2 Phase 1", "HS2_AssetI": null, "HS2_AssetN": null, "HS2_Suitab": "SC7", "HS2_Phase": "R1", "HS2_DocNum": "1EW02-CSJ-GI-GDD-S002-000019", "HS2_DocRev": "C02", "HS2_RevDat": "2021-07-05T00:00:00", "HS2_Layer": "HIS_CSJ_1EW02_CH_HERDS_Feature_Ply", "Contract": "1EW02", "Originator": "CSJ", "CreatedAt": "2021-03-11T00:00:00", "LastEdited": "2021-06-29T00:00:00", "HS2_SupDoc": null, "FeatID": "1S19SSPTT_FTR_000181", "WSIIntID": "1S19SSPTT_INT000071", "MonType": "PIT", "MonDesc": "20010", "Period": "UNKNOWN", "PeriodPhas": 0, "PeriodSubP": "N/A", "PhaseDesc": null, "BuildMater": "CLAY", "ArchScienc": "N/A", "Evidence": "EXCAVATED FEATURE", "MaxLength": 1.16 }, "geometry": { "type": "Polygon", "coordinates": [ [ [ -0.461204485003514, 51.568481486881367 ], [ -0.461201160698812, 51.568481141158927 ], [ -0.461197995331679, 51.568480831690295 ], [ -0.461195482893461, 51.568480329359978 ], [ -0.461193193591296, 51.568479628532522 ], [ -0.461191283797683, 51.568478798698962 ], [ -0.46119002920888, 51.568477708592944 ], [ -0.46118945857725, 51.568476275864178 ], [ -0.46118961227856, 51.568474885903704 ], [ -0.461191809402078, 51.568473573092376 ], [ -0.461194031577104, 51.568473099571705 ], [ -0.461195254968869, 51.568472763122877 ], [ -0.461197254903938, 51.568472504296729 ], [ -0.461198580972242, 51.568473058512033 ], [ -0.461200295609274, 51.568474070124481 ], [ -0.461201742864953, 51.568474240168001 ], [ -0.461203497922929, 51.568474866549629 ], [ -0.461205172139324, 51.568476263392746 ], [ -0.461206192593431, 51.568477920527286 ], [ -0.461206556249161, 51.56847911584849 ], [ -0.46120559488385, 51.568480495218957 ], [ -0.461204485003514, 51.568481486881367 ] ] ] } },
{ "type": "Feature", "properties": { "_source_path": "C:\\Uni\\HS2\\HS2_ADS_GIS\\2025-11-24_HIS_HSTWO_CH_HERDS_Feature_Ply\\2025-11-24_HIS_HSTWO_CH_HERDS_Feature_Ply.shp", "_source_layer": "", "box_id": "box_05", "section": "HS2 Phase 1", "HS2_AssetI": null, "HS2_AssetN": null, "HS2_Suitab": "SC7", "HS2_Phase": "R1", "HS2_DocNum": "1EW02-CSJ-GI-GDD-S002-000019", "HS2_DocRev": "C02", "HS2_RevDat": "2021-07-05T00:00:00", "HS2_Layer": "HIS_CSJ_1EW02_CH_HERDS_Feature_Ply", "Contract": "1EW02", "Originator": "CSJ", "CreatedAt": "2021-03-11T00:00:00", "LastEdited": "2021-06-29T00:00:00", "HS2_SupDoc": null, "FeatID": "1S19SSPTT_FTR_000182", "WSIIntID": "1S19SSPTT_INT000104", "MonType": "DITCH", "MonDesc": "16003", "Period": "UNKNOWN", "PeriodPhas": 0, "PeriodSubP": "N/A", "PhaseDesc": null, "BuildMater": "CLAY", "ArchScienc": "N/A", "Evidence": "EXCAVATED FEATURE", "MaxLength": 1.8 }, "geometry": { "type": "Polygon", "coordinates": [ [ [ -0.461527819801885, 51.568524092542155 ], [ -0.46152599101669, 51.568524068568266 ], [ -0.461515983786417, 51.56852400482169 ], [ -0.461508117121435, 51.56852430364156 ], [ -0.461499502920189, 51.568524392137483 ], [ -0.461497352511124, 51.568524363946828 ], [ -0.461496679786454, 51.56851556805583 ], [ -0.461499263675723, 51.568515535387711 ], [ -0.461507762909932, 51.568515646807533 ], [ -0.461516392946329, 51.568515089131438 ], [ -0.461523936573926, 51.568514785177044 ], [ -0.461527386042745, 51.568514628973986 ], [ -0.461527819801885, 51.568524092542155 ] ] ] } },
{ "type": "Feature", "properties": { "_source_path": "C:\\Uni\\HS2\\HS2_ADS_GIS\\2025-11-24_HIS_HSTWO_CH_HERDS_Feature_Ply\\2025-11-24_HIS_HSTWO_CH_HERDS_Feature_Ply.shp", "_source_layer": "", "box_id": "box_05", "section": "HS2 Phase 1", "HS2_AssetI": null, "HS2_AssetN": null, "HS2_Suitab": "SC7", "HS2_Phase": "R1", "HS2_DocNum": "1EW02-CSJ-GI-GDD-S002-000019", "HS2_DocRev": "C02", "HS2_RevDat": "2021-07-05T00:00:00", "HS2_Layer": "HIS_CSJ_1EW02_CH_HERDS_Feature_Ply", "Contract": "1EW02", "Originator": "CSJ", "CreatedAt": "2021-03-11T00:00:00", "LastEdited": "2021-06-29T00:00:00", "HS2_SupDoc": null, "FeatID": "1S19SSPTT_FTR_000183", "WSIIntID": "1S19SSPTT_INT000085", "MonType": "POST HOLE", "MonDesc": "7012", "Period": "UNKNOWN", "PeriodPhas": 0, "PeriodSubP": "N/A", "PhaseDesc": null, "BuildMater": "CLAY", "ArchScienc": "N/A", "Evidence": "EXCAVATED FEATURE", "MaxLength": 0.4 }, "geometry": { "type": "Polygon", "coordinates": [ [ [ -0.463494155030268, 51.565578071976617 ], [ -0.463493901691805, 51.565581607048678 ], [ -0.463492270975336, 51.565581317733738 ], [ -0.463491335164804, 51.565580316351046 ], [ -0.463491419930504, 51.565579428142776 ], [ -0.463492716020044, 51.565578473066807 ], [ -0.463493344889657, 51.565578179166081 ], [ -0.463494155030268, 51.565578071976617 ] ] ] } },
{ "type": "Feature", "properties": { "_source_path": "C:\\Uni\\HS2\\HS2_ADS_GIS\\2025-11-24_HIS_HSTWO_CH_HERDS_Feature_Ply\\2025-11-24_HIS_HSTWO_CH_HERDS_Feature_Ply.shp", "_source_layer": "", "box_id": "box_05", "section": "HS2 Phase 1", "HS2_AssetI": null, "HS2_AssetN": null, "HS2_Suitab": "SC7", "HS2_Phase": "R1", "HS2_DocNum": "1EW02-CSJ-GI-GDD-S002-000019", "HS2_DocRev": "C02", "HS2_RevDat": "2021-07-05T00:00:00", "HS2_Layer": "HIS_CSJ_1EW02_CH_HERDS_Feature_Ply", "Contract": "1EW02", "Originator": "CSJ", "CreatedAt": "2021-03-11T00:00:00", "LastEdited": "2021-06-29T00:00:00", "HS2_SupDoc": null, "FeatID": "1S19SSPTT_FTR_000184", "WSIIntID": "1S19SSPTT_INT000108", "MonType": "GULLY", "MonDesc": "20009", "Period": "UNKNOWN", "PeriodPhas": 0, "PeriodSubP": "N/A", "PhaseDesc": null, "BuildMater": "CLAY", "ArchScienc": "N/A", "Evidence": "EXCAVATED FEATURE", "MaxLength": 1.4 }, "geometry": { "type": "Polygon", "coordinates": [ [ [ -0.460457921764832, 51.567333392783596 ], [ -0.4604420837653, 51.567333897186586 ], [ -0.46043944995041, 51.567333829363932 ], [ -0.460436772381695, 51.567333433654959 ], [ -0.46043544095185, 51.56733303941968 ], [ -0.460434860099573, 51.567332679309594 ], [ -0.460435151865741, 51.567332029411922 ], [ -0.460436382836808, 51.567331425106055 ], [ -0.460440168069189, 51.567330082786832 ], [ -0.460452697426527, 51.567328771550969 ], [ -0.460457921764832, 51.567333392783596 ] ] ] } },
{ "type": "Feature", "properties": { "_source_path": "C:\\Uni\\HS2\\HS2_ADS_GIS\\2025-11-24_HIS_HSTWO_CH_HERDS_Feature_Ply\\2025-11-24_HIS_HSTWO_CH_HERDS_Feature_Ply.shp", "_source_layer": "", "box_id": "box_05", "section": "HS2 Phase 1", "HS2_AssetI": null, "HS2_AssetN": null, "HS2_Suitab": "SC7", "HS2_Phase": "R1", "HS2_DocNum": "1EW02-CSJ-GI-GDD-S002-000019", "HS2_DocRev": "C02", "HS2_RevDat": "2021-07-05T00:00:00", "HS2_Layer": "HIS_CSJ_1EW02_CH_HERDS_Feature_Ply", "Contract": "1EW02", "Originator": "CSJ", "CreatedAt": "2021-03-11T00:00:00", "LastEdited": "2021-06-29T00:00:00", "HS2_SupDoc": null, "FeatID": "1S19SSPTT_FTR_000185", "WSIIntID": "1S19SSPTT_INT000081", "MonType": "DITCH", "MonDesc": "3031", "Period": "UNKNOWN", "PeriodPhas": 0, "PeriodSubP": "N/A", "PhaseDesc": null, "BuildMater": "CLAY", "ArchScienc": "N/A", "Evidence": "EXCAVATED FEATURE", "MaxLength": 3.3 }, "geometry": { "type": "Polygon", "coordinates": [ [ [ -0.464319532924137, 51.565653057493215 ], [ -0.464286576347565, 51.565654470507205 ], [ -0.464269670909108, 51.565654986633483 ], [ -0.464284775702094, 51.565647019475108 ], [ -0.464298770451137, 51.565646219773669 ], [ -0.464323420624543, 51.56564541113476 ], [ -0.464334635224921, 51.565645164031004 ], [ -0.464319532924137, 51.565653057493215 ] ] ] } },
{ "type": "Feature", "properties": { "_source_path": "C:\\Uni\\HS2\\HS2_ADS_GIS\\2025-11-24_HIS_HSTWO_CH_HERDS_Feature_Ply\\2025-11-24_HIS_HSTWO_CH_HERDS_Feature_Ply.shp", "_source_layer": "", "box_id": "box_05", "section": "HS2 Phase 1", "HS2_AssetI": null, "HS2_AssetN": null, "HS2_Suitab": "SC7", "HS2_Phase": "R1", "HS2_DocNum": "1MC04-SCJ-GI-GDD-SS05_SL08-000002", "HS2_DocRev": "C03", "HS2_RevDat": "2025-07-23T00:00:00", "HS2_Layer": "HIS_SCJ_1MC04_CH_HERDS_Feature_Ply", "Contract": "1MC04", "Originator": "SCJ", "CreatedAt": "2025-03-19T00:00:00", "LastEdited": "2025-06-19T00:00:00", "HS2_SupDoc": null, "FeatID": "1S21RSPCI_FTR_00250", "WSIIntID": "1S21RSPCI_INT_201", "MonType": "DITCH", "MonDesc": "OVERARCHING NUMBER FOR EAST-WEST ORIENTED LINEAR.", "Period": "MEDIEVAL", "PeriodPhas": 0, "PeriodSubP": "N/A", "PhaseDesc": null, "BuildMater": "EARTH", "ArchScienc": "HAND RETRIEVAL", "Evidence": "SOILMARK", "MaxLength": 118.7 }, "geometry": { "type": "Polygon", "coordinates": [ [ [ -0.463440164268604, 51.565839838900025 ], [ -0.463429859867531, 51.565837009051819 ], [ -0.463414932872577, 51.565830279053394 ], [ -0.463415899558776, 51.565823002719462 ], [ -0.463422563550952, 51.565817534657995 ], [ -0.463444304809736, 51.565816478600169 ], [ -0.463472059674486, 51.56581987502836 ], [ -0.463529138768684, 51.565825738846691 ], [ -0.463587218909343, 51.565832766730722 ], [ -0.463657151252913, 51.56584237851196 ], [ -0.463741487283205, 51.565856312470451 ], [ -0.463833592221597, 51.565870138546039 ], [ -0.46392029170986, 51.565882616020389 ], [ -0.463998157427103, 51.565893964401852 ], [ -0.464066312157261, 51.565905852849383 ], [ -0.464111193815604, 51.565914073631767 ], [ -0.464195665296891, 51.565929605131387 ], [ -0.464199003830732, 51.565937574452349 ], [ -0.464192487919357, 51.565943488704761 ], [ -0.464174250079862, 51.565943379515502 ], [ -0.464147351999258, 51.565940372134882 ], [ -0.464100630791148, 51.565936816667808 ], [ -0.464055871086256, 51.565928187438217 ], [ -0.46398035686674, 51.565916502995833 ], [ -0.463899285044861, 51.565903959850971 ], [ -0.463830135114427, 51.565895573288344 ], [ -0.463767574036442, 51.5658882719571 ], [ -0.463718017075816, 51.565884266479038 ], [ -0.46365755890926, 51.565875788576399 ], [ -0.463602987763959, 51.565864347487476 ], [ -0.463547265034347, 51.565856466552546 ], [ -0.463506700303992, 51.56585141693467 ], [ -0.463471232269255, 51.565845234488087 ], [ -0.463440164268604, 51.565839838900025 ] ] ] } },
{ "type": "Feature", "properties": { "_source_path": "C:\\Uni\\HS2\\HS2_ADS_GIS\\2025-11-24_HIS_HSTWO_CH_HERDS_Feature_Ply\\2025-11-24_HIS_HSTWO_CH_HERDS_Feature_Ply.shp", "_source_layer": "", "box_id": "box_05", "section": "HS2 Phase 1", "HS2_AssetI": null, "HS2_AssetN": null, "HS2_Suitab": "SC7", "HS2_Phase": "R1", "HS2_DocNum": "1MC04-SCJ-GI-GDD-SS05_SL08-000002", "HS2_DocRev": "C03", "HS2_RevDat": "2025-07-23T00:00:00", "HS2_Layer": "HIS_SCJ_1MC04_CH_HERDS_Feature_Ply", "Contract": "1MC04", "Originator": "SCJ", "CreatedAt": "2025-03-19T00:00:00", "LastEdited": "2025-06-19T00:00:00", "HS2_SupDoc": null, "FeatID": "1S21RSPCI_FTR_00247", "WSIIntID": "1S21RSPCI_INT_201", "MonType": "DITCH", "MonDesc": "OVERARCHING NUMBER FOR EAST-WEST LINEAR.", "Period": "MEDIEVAL", "PeriodPhas": 0, "PeriodSubP": "N/A", "PhaseDesc": null, "BuildMater": "EARTH", "ArchScienc": "HAND RETRIEVAL", "Evidence": "SOILMARK", "MaxLength": 76.4 }, "geometry": { "type": "Polygon", "coordinates": [ [ [ -0.462167302692922, 51.565666527498962 ], [ -0.462165763350683, 51.565656601635403 ], [ -0.462193884119581, 51.565656972825835 ], [ -0.462218822970456, 51.565658514449396 ], [ -0.462236599596516, 51.565660915380036 ], [ -0.462264960922954, 51.565665660762953 ], [ -0.462285440769984, 51.565669704893587 ], [ -0.462317267057682, 51.565672374430051 ], [ -0.462349051626733, 51.565677179033756 ], [ -0.462373459146715, 51.565680486004489 ], [ -0.462398800135011, 51.565685718718271 ], [ -0.462408236165019, 51.565685845047014 ], [ -0.462427577847872, 51.565686547165448 ], [ -0.462456823943689, 51.565689743965379 ], [ -0.462487127228933, 51.565692310774615 ], [ -0.462521952844729, 51.565694005242221 ], [ -0.462553046011628, 51.565694328064488 ], [ -0.462588392243501, 51.565696671368357 ], [ -0.462627966368681, 51.565702038337932 ], [ -0.462672141462407, 51.565707324389777 ], [ -0.462707858892349, 51.565713207312506 ], [ -0.462736780793168, 51.565719087532727 ], [ -0.462776571692262, 51.565725001313218 ], [ -0.46281733583445, 51.56573161932026 ], [ -0.462867583571651, 51.565736697093541 ], [ -0.462903392377666, 51.565745391182766 ], [ -0.462947146975488, 51.565755405061488 ], [ -0.463006707093354, 51.565764791461426 ], [ -0.463068884730715, 51.565780418454274 ], [ -0.463125781354954, 51.565792718419011 ], [ -0.463177864323181, 51.565804775477396 ], [ -0.463217046365532, 51.565810692824229 ], [ -0.463237251896856, 51.56581359119977 ], [ -0.463243259564781, 51.565825409047953 ], [ -0.463192707654286, 51.565814456515035 ], [ -0.463144470925329, 51.565807243517888 ], [ -0.463089230494199, 51.565794134382664 ], [ -0.46302997940495, 51.56578285563954 ], [ -0.462978828668207, 51.56577490302675 ], [ -0.462933934283583, 51.56576938017006 ], [ -0.462855172846395, 51.565754614940417 ], [ -0.462796927091521, 51.565745188130307 ], [ -0.462721330644912, 51.565733821016288 ], [ -0.462654268139259, 51.565724174333049 ], [ -0.462603568132412, 51.565719117519592 ], [ -0.46255836588536, 51.5657142981634 ], [ -0.462502765143165, 51.565709740907415 ], [ -0.462453568497213, 51.565704857489585 ], [ -0.462426544865294, 51.56570318429339 ], [ -0.462407464818107, 51.565702852480257 ], [ -0.46236166638577, 51.565694493141962 ], [ -0.462305527681111, 51.565688220245669 ], [ -0.462258196037038, 51.565678008188385 ], [ -0.462215085626967, 51.565671914953192 ], [ -0.462167340452586, 51.565666648487849 ], [ -0.462167302692922, 51.565666527498962 ] ] ] } },
{ "type": "Feature", "properties": { "_source_path": "C:\\Uni\\HS2\\HS2_ADS_GIS\\2025-11-24_HIS_HSTWO_CH_HERDS_Feature_Ply\\2025-11-24_HIS_HSTWO_CH_HERDS_Feature_Ply.shp", "_source_layer": "", "box_id": "box_05", "section": "HS2 Phase 1", "HS2_AssetI": null, "HS2_AssetN": null, "HS2_Suitab": "SC7", "HS2_Phase": "R1", "HS2_DocNum": "1MC04-SCJ-GI-GDD-SS05_SL08-000002", "HS2_DocRev": "C03", "HS2_RevDat": "2025-07-23T00:00:00", "HS2_Layer": "HIS_SCJ_1MC04_CH_HERDS_Feature_Ply", "Contract": "1MC04", "Originator": "SCJ", "CreatedAt": "2025-03-19T00:00:00", "LastEdited": "2025-06-19T00:00:00", "HS2_SupDoc": null, "FeatID": "1S21RSPCI_FTR_00248", "WSIIntID": "1S21RSPCI_INT_201", "MonType": "DITCH", "MonDesc": "OVERARCHING NUMBER FOR NORTH-SOUTH DITCH.", "Period": "ROMAN", "PeriodPhas": 0, "PeriodSubP": "N/A", "PhaseDesc": null, "BuildMater": "EARTH", "ArchScienc": "HAND RETRIEVAL", "Evidence": "SOILMARK", "MaxLength": 56.8 }, "geometry": { "type": "Polygon", "coordinates": [ [ [ -0.464359517198941, 51.565559827347592 ], [ -0.464360081730689, 51.565576390077339 ], [ -0.464359242028072, 51.565592407495501 ], [ -0.464357348565447, 51.565605699109483 ], [ -0.46436051183181, 51.565614202960759 ], [ -0.464360857130934, 51.565629007565079 ], [ -0.464364105565379, 51.565658667328655 ], [ -0.464365880029243, 51.565701629590365 ], [ -0.464367162542508, 51.565731056810691 ], [ -0.464367626914573, 51.565762584668661 ], [ -0.464368667662136, 51.565780215595375 ], [ -0.464368750803116, 51.56578815490284 ], [ -0.464367486759255, 51.565793127175574 ], [ -0.46436390668023, 51.56579665288772 ], [ -0.464360370162817, 51.565797771986482 ], [ -0.46435633792812, 51.565797845112598 ], [ -0.464351387416777, 51.565795838940417 ], [ -0.464349095939946, 51.565792164460262 ], [ -0.464348591142364, 51.565789417964076 ], [ -0.464348822094199, 51.565751555283214 ], [ -0.464345305437376, 51.565717565913879 ], [ -0.464342925457069, 51.565689922750899 ], [ -0.46433920852693, 51.565647873844995 ], [ -0.464335133456923, 51.56563461473263 ], [ -0.464336891317067, 51.565618967214633 ], [ -0.464336683357018, 51.565607752252482 ], [ -0.464342045975952, 51.565583862993101 ], [ -0.464338763378723, 51.565562798323263 ], [ -0.464359517198941, 51.565559827347592 ] ] ] } },
{ "type": "Feature", "properties": { "_source_path": "C:\\Uni\\HS2\\HS2_ADS_GIS\\2025-11-24_HIS_HSTWO_CH_HERDS_Feature_Ply\\2025-11-24_HIS_HSTWO_CH_HERDS_Feature_Ply.shp", "_source_layer": "", "box_id": "box_05", "section": "HS2 Phase 1", "HS2_AssetI": null, "HS2_AssetN": null, "HS2_Suitab": "SC7", "HS2_Phase": "R1", "HS2_DocNum": "1MC04-SCJ-GI-GDD-SS05_SL08-000002", "HS2_DocRev": "C03", "HS2_RevDat": "2025-07-23T00:00:00", "HS2_Layer": "HIS_SCJ_1MC04_CH_HERDS_Feature_Ply", "Contract": "1MC04", "Originator": "SCJ", "CreatedAt": "2025-03-19T00:00:00", "LastEdited": "2025-06-19T00:00:00", "HS2_SupDoc": null, "FeatID": "1S21RSPCI_FTR_00317", "WSIIntID": "1S21RSPCI_INT_201", "MonType": "DITCH", "MonDesc": "OVERARCHING NUMBER OF NE-SW RUNNING LINEAR.", "Period": "POST MEDIEVAL", "PeriodPhas": 0, "PeriodSubP": "N/A", "PhaseDesc": null, "BuildMater": "EARTH", "ArchScienc": "HAND RETRIEVAL", "Evidence": "SOILMARK", "MaxLength": 14.4 }, "geometry": { "type": "Polygon", "coordinates": [ [ [ -0.464959007537747, 51.566286136719548 ], [ -0.464941713407283, 51.566285206427281 ], [ -0.464947947772818, 51.566278568184615 ], [ -0.464954948589523, 51.566272349107109 ], [ -0.464965672570741, 51.566261439896437 ], [ -0.464977551032537, 51.566251466575608 ], [ -0.464990376462283, 51.566243835490745 ], [ -0.465004616297336, 51.566235077312172 ], [ -0.465014407979342, 51.566224859983564 ], [ -0.465045991616994, 51.566211485510095 ], [ -0.46509684739605, 51.566195229346327 ], [ -0.465104239724116, 51.566217317089368 ], [ -0.465072499034786, 51.566221687541557 ], [ -0.46502898003715, 51.566238241979207 ], [ -0.465006896394393, 51.56624864652759 ], [ -0.464998987357299, 51.566254414914717 ], [ -0.464968488408005, 51.566279237007883 ], [ -0.464959007537747, 51.566286136719548 ] ] ] } },
{ "type": "Feature", "properties": { "_source_path": "C:\\Uni\\HS2\\HS2_ADS_GIS\\2025-11-24_HIS_HSTWO_CH_HERDS_Feature_Ply\\2025-11-24_HIS_HSTWO_CH_HERDS_Feature_Ply.shp", "_source_layer": "", "box_id": "box_05", "section": "HS2 Phase 1", "HS2_AssetI": null, "HS2_AssetN": null, "HS2_Suitab": "SC7", "HS2_Phase": "R1", "HS2_DocNum": "1MC04-SCJ-GI-GDD-SS05_SL08-000002", "HS2_DocRev": "C03", "HS2_RevDat": "2025-07-23T00:00:00", "HS2_Layer": "HIS_SCJ_1MC04_CH_HERDS_Feature_Ply", "Contract": "1MC04", "Originator": "SCJ", "CreatedAt": "2025-03-19T00:00:00", "LastEdited": "2025-06-19T00:00:00", "HS2_SupDoc": null, "FeatID": "1S21RSPCI_FTR_00253", "WSIIntID": "1S21RSPCI_INT_201", "MonType": "DITCH", "MonDesc": "OVERARCHING  NUMBER FOR GULLY", "Period": "UNKNOWN", "PeriodPhas": 0, "PeriodSubP": "N/A", "PhaseDesc": null, "BuildMater": "EARTH", "ArchScienc": "HAND RETRIEVAL", "Evidence": "SOILMARK", "MaxLength": 44.7 }, "geometry": { "type": "Polygon", "coordinates": [ [ [ -0.464734068716328, 51.565757663130753 ], [ -0.464719788029017, 51.565755128472475 ], [ -0.464734650610988, 51.56574085732862 ], [ -0.464745225034409, 51.565726161409238 ], [ -0.464749801476956, 51.565710700926687 ], [ -0.464758856160949, 51.565694347664738 ], [ -0.464764077208108, 51.565676540585251 ], [ -0.464769455669781, 51.56565928588082 ], [ -0.464771912891936, 51.565648915073893 ], [ -0.464773797347692, 51.56564145650654 ], [ -0.464778191612181, 51.565633503835336 ], [ -0.464783785763373, 51.565624838501058 ], [ -0.464789249506814, 51.565617046391182 ], [ -0.46480009469908, 51.565593538161238 ], [ -0.46480602318599, 51.56557875808047 ], [ -0.464817612948253, 51.565583050550678 ], [ -0.464814883421376, 51.565591696709966 ], [ -0.464811931468354, 51.565601420809003 ], [ -0.464805793429356, 51.565614583168895 ], [ -0.464794879712742, 51.565631343735795 ], [ -0.464790545387122, 51.565642186351077 ], [ -0.464786050244688, 51.565651163700849 ], [ -0.46478101392317, 51.565669826547456 ], [ -0.464775653173165, 51.565688825950012 ], [ -0.464768079932084, 51.565712385972851 ], [ -0.464758757273348, 51.565730526954653 ], [ -0.464742397758284, 51.565748461679647 ], [ -0.464734068716328, 51.565757663130753 ] ] ] } },
{ "type": "Feature", "properties": { "_source_path": "C:\\Uni\\HS2\\HS2_ADS_GIS\\2025-11-24_HIS_HSTWO_CH_HERDS_Feature_Ply\\2025-11-24_HIS_HSTWO_CH_HERDS_Feature_Ply.shp", "_source_layer": "", "box_id": "box_05", "section": "HS2 Phase 1", "HS2_AssetI": null, "HS2_AssetN": null, "HS2_Suitab": "SC7", "HS2_Phase": "R1", "HS2_DocNum": "1MC04-SCJ-GI-GDD-SS05_SL08-000002", "HS2_DocRev": "C03", "HS2_RevDat": "2025-07-23T00:00:00", "HS2_Layer": "HIS_SCJ_1MC04_CH_HERDS_Feature_Ply", "Contract": "1MC04", "Originator": "SCJ", "CreatedAt": "2025-03-19T00:00:00", "LastEdited": "2025-06-19T00:00:00", "HS2_SupDoc": null, "FeatID": "1S21RSPCI_FTR_00093", "WSIIntID": "1S21RSPCI_INT_200", "MonType": "DITCH", "MonDesc": "NATURAL GULLY", "Period": "UNKNOWN", "PeriodPhas": 0, "PeriodSubP": "N/A", "PhaseDesc": null, "BuildMater": "EARTH", "ArchScienc": "HAND RETRIEVAL", "Evidence": "EXCAVATED FEATURE", "MaxLength": 45.4 }, "geometry": { "type": "Polygon", "coordinates": [ [ [ -0.459750252110763, 51.568250046461735 ], [ -0.459743758978178, 51.56825154475095 ], [ -0.45973860804795, 51.568235911833618 ], [ -0.45973162501061, 51.568207117421494 ], [ -0.45973332032435, 51.568200245433381 ], [ -0.459728742020248, 51.568185985030752 ], [ -0.459722161646945, 51.568161842117441 ], [ -0.459722224760364, 51.568139650458129 ], [ -0.459722495845283, 51.568122619393399 ], [ -0.459722401631685, 51.568110762081055 ], [ -0.459718265851328, 51.568105396170537 ], [ -0.45971798852728, 51.568099256325851 ], [ -0.45971287953613, 51.568079992050563 ], [ -0.459714360196575, 51.568061624450038 ], [ -0.459715303242217, 51.568042471078087 ], [ -0.459716725533105, 51.568024891317982 ], [ -0.459717965347035, 51.568009380941348 ], [ -0.459716217606883, 51.567995345622627 ], [ -0.459721402192304, 51.567973432494576 ], [ -0.459726049351895, 51.567951197589466 ], [ -0.459730796554021, 51.5679354383049 ], [ -0.459740276550047, 51.56790310755995 ], [ -0.459742441749833, 51.567889204525549 ], [ -0.459743063667967, 51.567873447748305 ], [ -0.459741561298173, 51.567861117853468 ], [ -0.459735490114546, 51.567851839259681 ], [ -0.459737057587021, 51.567850201689858 ], [ -0.459740307055585, 51.567848703991814 ], [ -0.459744363381626, 51.567849076448333 ], [ -0.459748719497232, 51.56785479594172 ], [ -0.459750056905119, 51.567867310707001 ], [ -0.459748460240639, 51.567883817220881 ], [ -0.45974557484354, 51.567903704033981 ], [ -0.459738248131067, 51.567922612665733 ], [ -0.459733053609347, 51.567941148233672 ], [ -0.459728333880435, 51.567957375467749 ], [ -0.459727075579363, 51.567973006096011 ], [ -0.459722248504438, 51.567993733363238 ], [ -0.459721404511105, 51.568017726681241 ], [ -0.459720875300154, 51.568034411759669 ], [ -0.459719412750634, 51.568050578333441 ], [ -0.459718908795017, 51.568065149701965 ], [ -0.459718512510676, 51.568079352908541 ], [ -0.459723777480578, 51.568097203875148 ], [ -0.459729880653336, 51.568111471702551 ], [ -0.459726882947903, 51.568127550687272 ], [ -0.459727112852677, 51.568142224305809 ], [ -0.459730982252885, 51.56816145073013 ], [ -0.459735253698168, 51.568184279268422 ], [ -0.459737318857372, 51.568201731251918 ], [ -0.459740553507277, 51.568217196944204 ], [ -0.459745321894032, 51.5682379161643 ], [ -0.459750252110763, 51.568250046461735 ] ] ] } },
{ "type": "Feature", "properties": { "_source_path": "C:\\Uni\\HS2\\HS2_ADS_GIS\\2025-11-24_HIS_HSTWO_CH_HERDS_Feature_Ply\\2025-11-24_HIS_HSTWO_CH_HERDS_Feature_Ply.shp", "_source_layer": "", "box_id": "box_05", "section": "HS2 Phase 1", "HS2_AssetI": null, "HS2_AssetN": null, "HS2_Suitab": "SC7", "HS2_Phase": "R1", "HS2_DocNum": "1MC04-SCJ-GI-GDD-SS05_SL08-000002", "HS2_DocRev": "C03", "HS2_RevDat": "2025-07-23T00:00:00", "HS2_Layer": "HIS_SCJ_1MC04_CH_HERDS_Feature_Ply", "Contract": "1MC04", "Originator": "SCJ", "CreatedAt": "2025-03-19T00:00:00", "LastEdited": "2025-06-19T00:00:00", "HS2_SupDoc": null, "FeatID": "1S21RSPCI_FTR_00270", "WSIIntID": "1S21RSPCI_INT_201", "MonType": "DITCH", "MonDesc": "OVERARCHING NUMBER FOR DITCH", "Period": "ROMAN", "PeriodPhas": 0, "PeriodSubP": "N/A", "PhaseDesc": null, "BuildMater": "EARTH", "ArchScienc": "HAND RETRIEVAL", "Evidence": "SOILMARK", "MaxLength": 26.8 }, "geometry": { "type": "Polygon", "coordinates": [ [ [ -0.464721057188692, 51.566010286703786 ], [ -0.464742306322871, 51.566013220052731 ], [ -0.464744167972063, 51.566013593300106 ], [ -0.464745474052876, 51.566013711996938 ], [ -0.464748748002039, 51.566014648640717 ], [ -0.464750798394581, 51.566015629524905 ], [ -0.464752900852394, 51.566016863767935 ], [ -0.464753915887696, 51.5660179129356 ], [ -0.464755617411852, 51.566019527694344 ], [ -0.464757413812729, 51.566021409860177 ], [ -0.464757394571036, 51.566023009301638 ], [ -0.464757567746022, 51.566023993503563 ], [ -0.464757355796748, 51.566025574238267 ], [ -0.464756022405376, 51.566026523444847 ], [ -0.464754122139148, 51.566027253921412 ], [ -0.464752065242961, 51.566028351024698 ], [ -0.464749612368541, 51.566028524855192 ], [ -0.464747351580577, 51.56602903570429 ], [ -0.464744870097432, 51.566029587727471 ], [ -0.464741124627448, 51.566029542325914 ], [ -0.464738887218182, 51.566029444716058 ], [ -0.464735336952691, 51.566029643755272 ], [ -0.464732007587039, 51.566029110131083 ], [ -0.464728186871842, 51.566028514327925 ], [ -0.464725300300111, 51.566027813848081 ], [ -0.464722010998673, 51.566026990303158 ], [ -0.464717913780733, 51.566026250605752 ], [ -0.464715044436589, 51.566025981072251 ], [ -0.4647126497691, 51.566025883203018 ], [ -0.464709247931591, 51.566025359420593 ], [ -0.46470584845295, 51.566024894117533 ], [ -0.464702865141235, 51.566024881165809 ], [ -0.464698764275024, 51.566024549660966 ], [ -0.464696316859956, 51.566024047356429 ], [ -0.464692542507446, 51.566023445864161 ], [ -0.464688878328424, 51.566023214488879 ], [ -0.464685327082862, 51.566023014264879 ], [ -0.464682047274261, 51.566023622384094 ], [ -0.464677579893577, 51.566023720401624 ], [ -0.464676817278518, 51.566023358833831 ], [ -0.464672715046241, 51.566024267319733 ], [ -0.464668791149102, 51.566025235687967 ], [ -0.464665103334014, 51.566025320524389 ], [ -0.464660278179087, 51.566025502882312 ], [ -0.464655927009884, 51.566026091589194 ], [ -0.464652120666268, 51.566026525566123 ], [ -0.464647666753128, 51.566028365526975 ], [ -0.464643200621994, 51.566029454488103 ], [ -0.464637919106811, 51.566030334955414 ], [ -0.464629079079698, 51.566031702097568 ], [ -0.464626247202335, 51.566031905136903 ], [ -0.46462192120425, 51.566032517551264 ], [ -0.464618946391085, 51.566032166605943 ], [ -0.464607106665106, 51.566029209769091 ], [ -0.464605751299891, 51.566028069823474 ], [ -0.464604618281159, 51.566027482203651 ], [ -0.464602462221164, 51.566026383037247 ], [ -0.464601241934301, 51.566024916647464 ], [ -0.464600744131445, 51.56602341834644 ], [ -0.464600038258162, 51.56602158641423 ], [ -0.464600818658333, 51.566020306259183 ], [ -0.464601552493156, 51.566018652323073 ], [ -0.464602549949809, 51.56601769602549 ], [ -0.464604552769925, 51.566016705223205 ], [ -0.464607793494285, 51.566015843917022 ], [ -0.464610830471701, 51.566015248808625 ], [ -0.464614270205877, 51.56601537563926 ], [ -0.46461908790127, 51.566015928738771 ], [ -0.464622738695031, 51.566015743607231 ], [ -0.464626900758915, 51.566015500421486 ], [ -0.464629416409216, 51.566015047760793 ], [ -0.464633579543612, 51.566014729954453 ], [ -0.464641010354717, 51.566014249879032 ], [ -0.464648250957304, 51.5660138482435 ], [ -0.464652832913528, 51.566013818267542 ], [ -0.464656256301991, 51.566013830683509 ], [ -0.464660124980826, 51.56601390197833 ], [ -0.464663924360771, 51.566014145913805 ], [ -0.464668184721837, 51.566014539753503 ], [ -0.464672241726377, 51.566014374322087 ], [ -0.464674602133114, 51.566014504115465 ], [ -0.464677672605034, 51.566014285313003 ], [ -0.464680074730089, 51.566014118912989 ], [ -0.464683499102781, 51.566013331044836 ], [ -0.464685800736806, 51.566012764081144 ], [ -0.464688563838825, 51.566012204053749 ], [ -0.464690724195378, 51.566010819658949 ], [ -0.464693303872707, 51.56601000815084 ], [ -0.464695649027561, 51.566009262813687 ], [ -0.464698664332835, 51.566009054079501 ], [ -0.464703247102583, 51.566008657234839 ], [ -0.464706135785057, 51.5660086096008 ], [ -0.464710588771711, 51.566008039309047 ], [ -0.464713796986315, 51.566008357337104 ], [ -0.464716174647965, 51.566009045764268 ], [ -0.464721057188692, 51.566010286703786 ] ] ] } },
{ "type": "Feature", "properties": { "_source_path": "C:\\Uni\\HS2\\HS2_ADS_GIS\\2025-11-24_HIS_HSTWO_CH_HERDS_Feature_Ply\\2025-11-24_HIS_HSTWO_CH_HERDS_Feature_Ply.shp", "_source_layer": "", "box_id": "box_05", "section": "HS2 Phase 1", "HS2_AssetI": null, "HS2_AssetN": null, "HS2_Suitab": "SC7", "HS2_Phase": "R1", "HS2_DocNum": "1MC04-SCJ-GI-GDD-SS05_SL08-000002", "HS2_DocRev": "C03", "HS2_RevDat": "2025-07-23T00:00:00", "HS2_Layer": "HIS_SCJ_1MC04_CH_HERDS_Feature_Ply", "Contract": "1MC04", "Originator": "SCJ", "CreatedAt": "2025-03-19T00:00:00", "LastEdited": "2025-06-19T00:00:00", "HS2_SupDoc": null, "FeatID": "1S21RSPCI_FTR_00142", "WSIIntID": "1S21RSPCI_INT_201", "MonType": "PIT", "MonDesc": "CUT OF MODERN FEATURE", "Period": "POST MEDIEVAL", "PeriodPhas": 0, "PeriodSubP": "N/A", "PhaseDesc": null, "BuildMater": "EARTH", "ArchScienc": "HAND RETRIEVAL", "Evidence": "EXCAVATED FEATURE", "MaxLength": 6.0 }, "geometry": { "type": "Polygon", "coordinates": [ [ [ -0.464922377740882, 51.565997523093948 ], [ -0.464924965980054, 51.565993672365707 ], [ -0.464928109948413, 51.565980474433296 ], [ -0.464939102368412, 51.565972046057496 ], [ -0.464949476379307, 51.565962315629655 ], [ -0.464964680045711, 51.565956381890302 ], [ -0.464976577200949, 51.5659549342164 ], [ -0.464989162883128, 51.565960161384936 ], [ -0.464995813986629, 51.565965825276294 ], [ -0.464996143512752, 51.565970992845671 ], [ -0.464987307614659, 51.565975194376094 ], [ -0.464974978064479, 51.565980184674842 ], [ -0.464965154914594, 51.565984311244883 ], [ -0.464960181538464, 51.565992065715399 ], [ -0.464958903196539, 51.56600102040457 ], [ -0.464952145034813, 51.566009203831591 ], [ -0.464937076646182, 51.566010648688156 ], [ -0.464925867839354, 51.56600802205309 ], [ -0.464917264745589, 51.566005353068398 ], [ -0.464922377740882, 51.565997523093948 ] ] ] } },
{ "type": "Feature", "properties": { "_source_path": "C:\\Uni\\HS2\\HS2_ADS_GIS\\2025-11-24_HIS_HSTWO_CH_HERDS_Feature_Ply\\2025-11-24_HIS_HSTWO_CH_HERDS_Feature_Ply.shp", "_source_layer": "", "box_id": "box_05", "section": "HS2 Phase 1", "HS2_AssetI": null, "HS2_AssetN": null, "HS2_Suitab": "SC7", "HS2_Phase": "R1", "HS2_DocNum": "1MC04-SCJ-GI-GDD-SS05_SL08-000002", "HS2_DocRev": "C03", "HS2_RevDat": "2025-07-23T00:00:00", "HS2_Layer": "HIS_SCJ_1MC04_CH_HERDS_Feature_Ply", "Contract": "1MC04", "Originator": "SCJ", "CreatedAt": "2025-03-19T00:00:00", "LastEdited": "2025-06-19T00:00:00", "HS2_SupDoc": null, "FeatID": "1S21RSPCI_FTR_00305", "WSIIntID": "1S21RSPCI_INT_201", "MonType": "ARCHAEOLOGICAL FEATURE", "MonDesc": "SPREADING OF GRAVEL LAYER", "Period": "ROMAN", "PeriodPhas": 0, "PeriodSubP": "N/A", "PhaseDesc": null, "BuildMater": "EARTH", "ArchScienc": "HAND RETRIEVAL", "Evidence": "EXCAVATED FEATURE", "MaxLength": 2.0 }, "geometry": { "type": "Polygon", "coordinates": [ [ [ -0.464621110672093, 51.566015759175272 ], [ -0.464635113370504, 51.56603867168436 ], [ -0.464636561358866, 51.566040788483434 ], [ -0.464636495459388, 51.56604235943901 ], [ -0.464634845159311, 51.56604419291682 ], [ -0.464629342410769, 51.56604757208941 ], [ -0.464624379401226, 51.566050005161408 ], [ -0.464620989353714, 51.56605178710312 ], [ -0.4646182807349, 51.566053470954031 ], [ -0.46461758548952, 51.56605496443666 ], [ -0.464616057861932, 51.566056454222817 ], [ -0.464604886355492, 51.566055804506952 ], [ -0.464601654689108, 51.566055540121631 ], [ -0.464595661359759, 51.566054893409039 ], [ -0.464590300313396, 51.566052823427476 ], [ -0.464585774222993, 51.566050680743224 ], [ -0.464581259304314, 51.566048677582408 ], [ -0.464576745505776, 51.566047112350937 ], [ -0.464573672583678, 51.566045390625213 ], [ -0.464572285053061, 51.566041736069366 ], [ -0.464573519017314, 51.566038598687172 ], [ -0.464573999756276, 51.566033750146303 ], [ -0.464574128835648, 51.566029746757224 ], [ -0.464577007214275, 51.566024650830926 ], [ -0.464580303150913, 51.566019494725388 ], [ -0.464586299974355, 51.566015154470101 ], [ -0.464591485757769, 51.566013003968393 ], [ -0.464597014881435, 51.56601175447009 ], [ -0.46460332936358, 51.566011219327393 ], [ -0.46460903611136, 51.566012106875128 ], [ -0.464614933232898, 51.566013210925036 ], [ -0.464621110672093, 51.566015759175272 ] ] ] } },
{ "type": "Feature", "properties": { "_source_path": "C:\\Uni\\HS2\\HS2_ADS_GIS\\2025-11-24_HIS_HSTWO_CH_HERDS_Feature_Ply\\2025-11-24_HIS_HSTWO_CH_HERDS_Feature_Ply.shp", "_source_layer": "", "box_id": "box_05", "section": "HS2 Phase 1", "HS2_AssetI": null, "HS2_AssetN": null, "HS2_Suitab": "SC7", "HS2_Phase": "R1", "HS2_DocNum": "1MC04-SCJ-GI-GDD-SS05_SL08-000002", "HS2_DocRev": "C03", "HS2_RevDat": "2025-07-23T00:00:00", "HS2_Layer": "HIS_SCJ_1MC04_CH_HERDS_Feature_Ply", "Contract": "1MC04", "Originator": "SCJ", "CreatedAt": "2025-03-19T00:00:00", "LastEdited": "2025-06-19T00:00:00", "HS2_SupDoc": null, "FeatID": "1S21RSPCI_FTR_00259", "WSIIntID": "1S21RSPCI_INT_201", "MonType": "PIT", "MonDesc": "CUT OF PIT", "Period": "IRON AGE", "PeriodPhas": 0, "PeriodSubP": "N/A", "PhaseDesc": null, "BuildMater": "EARTH", "ArchScienc": "HAND RETRIEVAL", "Evidence": "EXCAVATED FEATURE", "MaxLength": 16.6 }, "geometry": { "type": "Polygon", "coordinates": [ [ [ -0.464483791598626, 51.565648361136553 ], [ -0.464481033247604, 51.565648866369457 ], [ -0.464477781844303, 51.565648589133396 ], [ -0.464474344971758, 51.565648892158109 ], [ -0.464470162361539, 51.565649360771012 ], [ -0.464467680084759, 51.565649679882668 ], [ -0.464464363151292, 51.565650105869693 ], [ -0.464461496826708, 51.565649875934575 ], [ -0.464458650455147, 51.565650681250325 ], [ -0.464456074762231, 51.565650090038865 ], [ -0.464452318014404, 51.565650209035681 ], [ -0.464449274573869, 51.565649626091123 ], [ -0.464446718007063, 51.565648852590229 ], [ -0.464444885124824, 51.565647797214616 ], [ -0.464443106135335, 51.56564642692166 ], [ -0.464441917543653, 51.565644448395474 ], [ -0.464441114433709, 51.565642933509892 ], [ -0.464441106982964, 51.565640841851604 ], [ -0.464441044100375, 51.565638511177532 ], [ -0.464441054830504, 51.565636522266956 ], [ -0.464441689226621, 51.565634822070166 ], [ -0.464442062655167, 51.565633330672064 ], [ -0.464442501097736, 51.565631622516015 ], [ -0.464442351546138, 51.565629594640633 ], [ -0.464443130370804, 51.565628703823585 ], [ -0.464443241396051, 51.565627164031561 ], [ -0.464443663120413, 51.565625738008471 ], [ -0.464444913528296, 51.565624296751338 ], [ -0.464445991285419, 51.56562219861074 ], [ -0.464447584215707, 51.565620269068667 ], [ -0.464448674744804, 51.565619205185847 ], [ -0.464450759588526, 51.565617577920065 ], [ -0.464452673379615, 51.565616317091909 ], [ -0.464454479893888, 51.565615114207851 ], [ -0.464457144781002, 51.565614342485922 ], [ -0.464459589967459, 51.565613839450478 ], [ -0.464462198281548, 51.565613290891307 ], [ -0.464465171274971, 51.565613480858516 ], [ -0.464467222621595, 51.565613233440445 ], [ -0.464469538484471, 51.565613228673008 ], [ -0.464472541279328, 51.565614247201708 ], [ -0.464476494174172, 51.565615586590582 ], [ -0.464480846609455, 51.565617400594284 ], [ -0.464484087069891, 51.565618859248119 ], [ -0.464486292244165, 51.56562072698425 ], [ -0.464489661079108, 51.565622572179166 ], [ -0.464492199695944, 51.565624092687216 ], [ -0.464494048688184, 51.565625826276687 ], [ -0.464495587227773, 51.565626839134325 ], [ -0.464496641401024, 51.565628225120697 ], [ -0.464497431956914, 51.565629727252677 ], [ -0.464497855320563, 51.565631379244245 ], [ -0.464498927146089, 51.565633055006977 ], [ -0.464499730108336, 51.565634916984997 ], [ -0.464499564265263, 51.565636756395683 ], [ -0.464499455499231, 51.565639214309989 ], [ -0.464498828839959, 51.565640513560986 ], [ -0.464497645002351, 51.56564164905933 ], [ -0.464497220689426, 51.565644265601819 ], [ -0.464495897227479, 51.565645648354291 ], [ -0.464493538676834, 51.565646320676187 ], [ -0.464491971052251, 51.565646942200502 ], [ -0.464489364102127, 51.565647321726821 ], [ -0.464486745601663, 51.565647401665267 ], [ -0.464483791598626, 51.565648361136553 ] ] ] } },
{ "type": "Feature", "properties": { "_source_path": "C:\\Uni\\HS2\\HS2_ADS_GIS\\2025-11-24_HIS_HSTWO_CH_HERDS_Feature_Ply\\2025-11-24_HIS_HSTWO_CH_HERDS_Feature_Ply.shp", "_source_layer": "", "box_id": "box_05", "section": "HS2 Phase 1", "HS2_AssetI": null, "HS2_AssetN": null, "HS2_Suitab": "SC7", "HS2_Phase": "R1", "HS2_DocNum": "1MC04-SCJ-GI-GDD-SS05_SL08-000002", "HS2_DocRev": "C03", "HS2_RevDat": "2025-07-23T00:00:00", "HS2_Layer": "HIS_SCJ_1MC04_CH_HERDS_Feature_Ply", "Contract": "1MC04", "Originator": "SCJ", "CreatedAt": "2025-03-19T00:00:00", "LastEdited": "2025-06-19T00:00:00", "HS2_SupDoc": null, "FeatID": "1S21RSPCI_FTR_00193", "WSIIntID": "1S21RSPCI_INT_201", "MonType": "PIT", "MonDesc": "CUT OF PIT [193].", "Period": "IRON AGE", "PeriodPhas": 0, "PeriodSubP": "N/A", "PhaseDesc": null, "BuildMater": "EARTH", "ArchScienc": "HAND RETRIEVAL", "Evidence": "EXCAVATED FEATURE", "MaxLength": 4.1 }, "geometry": { "type": "Polygon", "coordinates": [ [ [ -0.464529156530058, 51.565706221738118 ], [ -0.464541719052459, 51.565708149453656 ], [ -0.464549214456222, 51.56570960532774 ], [ -0.464558461926194, 51.565711646130559 ], [ -0.464567437356913, 51.56571431012226 ], [ -0.464574446463118, 51.56571688184539 ], [ -0.464581840534102, 51.565719247290573 ], [ -0.46458538972874, 51.565725847163371 ], [ -0.464581185979913, 51.565731526421402 ], [ -0.464574830691677, 51.565737043547422 ], [ -0.464567107578267, 51.565741533864276 ], [ -0.464553849111196, 51.565744032845352 ], [ -0.464542883624255, 51.565737954594674 ], [ -0.464533070491796, 51.565733431765679 ], [ -0.464525816399783, 51.565726867942388 ], [ -0.464522802008668, 51.56572066801953 ], [ -0.464518832194483, 51.565713577068379 ], [ -0.46452350435889, 51.565708940729571 ], [ -0.464529156530058, 51.565706221738118 ] ] ] } },
{ "type": "Feature", "properties": { "_source_path": "C:\\Uni\\HS2\\HS2_ADS_GIS\\2025-11-24_HIS_HSTWO_CH_HERDS_Feature_Ply\\2025-11-24_HIS_HSTWO_CH_HERDS_Feature_Ply.shp", "_source_layer": "", "box_id": "box_05", "section": "HS2 Phase 1", "HS2_AssetI": null, "HS2_AssetN": null, "HS2_Suitab": "SC7", "HS2_Phase": "R1", "HS2_DocNum": "1MC04-SCJ-GI-GDD-SS05_SL08-000002", "HS2_DocRev": "C03", "HS2_RevDat": "2025-07-23T00:00:00", "HS2_Layer": "HIS_SCJ_1MC04_CH_HERDS_Feature_Ply", "Contract": "1MC04", "Originator": "SCJ", "CreatedAt": "2025-03-19T00:00:00", "LastEdited": "2025-06-19T00:00:00", "HS2_SupDoc": null, "FeatID": "1S21RSPCI_FTR_00092", "WSIIntID": "1S21RSPCI_INT_200", "MonType": "NATURAL FEATURE", "MonDesc": "GRAVEL DEPOSIT", "Period": "UNKNOWN", "PeriodPhas": 0, "PeriodSubP": "N/A", "PhaseDesc": null, "BuildMater": "EARTH", "ArchScienc": "HAND RETRIEVAL", "Evidence": "EXCAVATED FEATURE", "MaxLength": 26.3 }, "geometry": { "type": "Polygon", "coordinates": [ [ [ -0.459286706610845, 51.568185889058761 ], [ -0.459292504357158, 51.568187974007209 ], [ -0.459292930461569, 51.568194235401165 ], [ -0.459291732663357, 51.568209394734282 ], [ -0.459282036128286, 51.568241631780332 ], [ -0.459271034292279, 51.568267791916647 ], [ -0.459262269383342, 51.568285273475531 ], [ -0.459257474179567, 51.568291135412274 ], [ -0.459253465968326, 51.568291045922543 ], [ -0.459251703287217, 51.568288639876044 ], [ -0.45925800440052, 51.568273742671217 ], [ -0.459264815137664, 51.568248549914365 ], [ -0.45927473498473, 51.568228573824264 ], [ -0.459277200451179, 51.568217573791607 ], [ -0.459273300661137, 51.568211032999116 ], [ -0.459286706610845, 51.568185889058761 ] ] ] } },
{ "type": "Feature", "properties": { "_source_path": "C:\\Uni\\HS2\\HS2_ADS_GIS\\2025-11-24_HIS_HSTWO_CH_HERDS_Feature_Ply\\2025-11-24_HIS_HSTWO_CH_HERDS_Feature_Ply.shp", "_source_layer": "", "box_id": "box_05", "section": "HS2 Phase 1", "HS2_AssetI": null, "HS2_AssetN": null, "HS2_Suitab": "SC7", "HS2_Phase": "R1", "HS2_DocNum": "1MC04-SCJ-GI-GDD-SS05_SL08-000002", "HS2_DocRev": "C03", "HS2_RevDat": "2025-07-23T00:00:00", "HS2_Layer": "HIS_SCJ_1MC04_CH_HERDS_Feature_Ply", "Contract": "1MC04", "Originator": "SCJ", "CreatedAt": "2025-03-19T00:00:00", "LastEdited": "2025-06-19T00:00:00", "HS2_SupDoc": null, "FeatID": "1S21RSPCI_FTR_00271", "WSIIntID": "1S21RSPCI_INT_201", "MonType": "DITCH", "MonDesc": "OVERARCHING FEATURE NUMBER", "Period": "IRON AGE", "PeriodPhas": 0, "PeriodSubP": "N/A", "PhaseDesc": null, "BuildMater": "EARTH", "ArchScienc": "HAND RETRIEVAL", "Evidence": "SOILMARK", "MaxLength": 17.0 }, "geometry": { "type": "Polygon", "coordinates": [ [ [ -0.464528941570367, 51.565642186232694 ], [ -0.464529494893966, 51.565646362206579 ], [ -0.464529752729544, 51.565648987674344 ], [ -0.464530414867641, 51.565652032068257 ], [ -0.464530158080278, 51.56565421558544 ], [ -0.464530668079634, 51.565656165449496 ], [ -0.464531465465124, 51.565659392354007 ], [ -0.46453190016133, 51.56566254977006 ], [ -0.464531667639725, 51.565665126559189 ], [ -0.464531199234827, 51.565667809965603 ], [ -0.464530175394355, 51.565671263021571 ], [ -0.464529642200749, 51.565674456331152 ], [ -0.464528732555066, 51.565678288549108 ], [ -0.464529329109623, 51.565681780790328 ], [ -0.464528468652837, 51.565685009383238 ], [ -0.464528468268135, 51.56568767643293 ], [ -0.464527308108878, 51.565691021598575 ], [ -0.46452748135314, 51.565694402194559 ], [ -0.464526581850615, 51.565698747094501 ], [ -0.464526320455093, 51.565702609375101 ], [ -0.464524617369345, 51.565706095806632 ], [ -0.464523791314023, 51.565709673742802 ], [ -0.464522467031082, 51.565715064260523 ], [ -0.464522940239107, 51.565719648326393 ], [ -0.464523570308043, 51.56572437292283 ], [ -0.464522557718286, 51.565727063596434 ], [ -0.464523568477338, 51.565730209666278 ], [ -0.464523539069236, 51.565733224330195 ], [ -0.464525442725327, 51.565739845836745 ], [ -0.464526098345622, 51.565742184266043 ], [ -0.464527690972758, 51.565746817148202 ], [ -0.464528610206381, 51.565753151515743 ], [ -0.464528710259442, 51.565757120136126 ], [ -0.464529410571209, 51.565762329426164 ], [ -0.464530255448543, 51.565766887781692 ], [ -0.464531265217502, 51.565771905092951 ], [ -0.464532268434623, 51.565776345925357 ], [ -0.464534092994743, 51.565779533215839 ], [ -0.464535523779177, 51.565783659523909 ], [ -0.464538059336463, 51.565787541314371 ], [ -0.464539077035466, 51.565791166753371 ], [ -0.464538177987857, 51.565792799644143 ], [ -0.464537247142287, 51.565793534708014 ], [ -0.46453549684731, 51.565793882281675 ], [ -0.464533135109199, 51.565793835195294 ], [ -0.464531486751925, 51.565792570021998 ], [ -0.464531263422897, 51.565790119452373 ], [ -0.464528512635745, 51.565785945300348 ], [ -0.464524401162634, 51.565781731764126 ], [ -0.46452386289153, 51.565776851906406 ], [ -0.464523116060356, 51.565772381157743 ], [ -0.46452293586376, 51.56576916412692 ], [ -0.464522686582164, 51.565766456043846 ], [ -0.464522466528473, 51.56576283744419 ], [ -0.464522024313413, 51.565759474910088 ], [ -0.464521981386915, 51.565756637343171 ], [ -0.464521682114719, 51.565753443033039 ], [ -0.464521352705269, 51.565750372419451 ], [ -0.464520288345235, 51.565746290470628 ], [ -0.46452009750366, 51.56574287547447 ], [ -0.464519181775577, 51.565738921359646 ], [ -0.464517448033568, 51.565734494348398 ], [ -0.464516584482443, 51.565729419602256 ], [ -0.464516583980779, 51.565725879408767 ], [ -0.464516590701079, 51.565722296147719 ], [ -0.464516770222656, 51.565716452737107 ], [ -0.464517825101674, 51.565711949810925 ], [ -0.464518222554712, 51.565708160348073 ], [ -0.46451850013067, 51.565703303753722 ], [ -0.464518521131139, 51.56569886822912 ], [ -0.464519807893459, 51.565694505915907 ], [ -0.464520622432497, 51.565690027720578 ], [ -0.464521227618369, 51.565686239177232 ], [ -0.464522047146691, 51.565681869851524 ], [ -0.464522207574237, 51.565677835400095 ], [ -0.464522091312607, 51.565673105836517 ], [ -0.464522183738038, 51.565668991364937 ], [ -0.464520546705695, 51.56566623365218 ], [ -0.464520107866346, 51.565662599600955 ], [ -0.464520173374137, 51.565658941575492 ], [ -0.464520598931175, 51.565655688409045 ], [ -0.464519743219745, 51.565651794427218 ], [ -0.464518644898962, 51.565649277557348 ], [ -0.464518616164333, 51.565647217992137 ], [ -0.464517886640841, 51.565645788595582 ], [ -0.464522356088742, 51.565644985631288 ], [ -0.464521914956739, 51.565642790284905 ], [ -0.464528941570367, 51.565642186232694 ] ] ] } },
{ "type": "Feature", "properties": { "_source_path": "C:\\Uni\\HS2\\HS2_ADS_GIS\\2025-11-24_HIS_HSTWO_CH_HERDS_Feature_Ply\\2025-11-24_HIS_HSTWO_CH_HERDS_Feature_Ply.shp", "_source_layer": "", "box_id": "box_05", "section": "HS2 Phase 1", "HS2_AssetI": null, "HS2_AssetN": null, "HS2_Suitab": "SC7", "HS2_Phase": "R1", "HS2_DocNum": "1MC04-SCJ-GI-GDD-SS05_SL08-000002", "HS2_DocRev": "C03", "HS2_RevDat": "2025-07-23T00:00:00", "HS2_Layer": "HIS_SCJ_1MC04_CH_HERDS_Feature_Ply", "Contract": "1MC04", "Originator": "SCJ", "CreatedAt": "2025-03-19T00:00:00", "LastEdited": "2025-06-19T00:00:00", "HS2_SupDoc": null, "FeatID": "1S21RSPCI_FTR_00186", "WSIIntID": "1S21RSPCI_INT_201", "MonType": "PIT", "MonDesc": "PIT WITH TREEBOLES", "Period": "POST MEDIEVAL", "PeriodPhas": 0, "PeriodSubP": "N/A", "PhaseDesc": null, "BuildMater": "EARTH", "ArchScienc": "HAND RETRIEVAL", "Evidence": "EXCAVATED FEATURE", "MaxLength": 3.2 }, "geometry": { "type": "Polygon", "coordinates": [ [ [ -0.465024712745873, 51.565995842998753 ], [ -0.465034059791601, 51.565994157843946 ], [ -0.465040864324885, 51.56599539423501 ], [ -0.465047088223764, 51.56602098620494 ], [ -0.465042038438824, 51.566023169078576 ], [ -0.465034537010407, 51.56602553209899 ], [ -0.465029458834215, 51.566026115806814 ], [ -0.46502411896012, 51.566026458700293 ], [ -0.465014470338214, 51.566025102381168 ], [ -0.465010326298423, 51.566021339839509 ], [ -0.465008414574101, 51.566017012118643 ], [ -0.465005108545016, 51.566013214678115 ], [ -0.465003493255224, 51.566008139095551 ], [ -0.465004491214882, 51.566001940411617 ], [ -0.465010062579322, 51.56599785084456 ], [ -0.465019120450934, 51.565996355238582 ], [ -0.465024712745873, 51.565995842998753 ] ] ] } },
{ "type": "Feature", "properties": { "_source_path": "C:\\Uni\\HS2\\HS2_ADS_GIS\\2025-11-24_HIS_HSTWO_CH_HERDS_Feature_Ply\\2025-11-24_HIS_HSTWO_CH_HERDS_Feature_Ply.shp", "_source_layer": "", "box_id": "box_05", "section": "HS2 Phase 1", "HS2_AssetI": null, "HS2_AssetN": null, "HS2_Suitab": "SC7", "HS2_Phase": "R1", "HS2_DocNum": "1MC04-SCJ-GI-GDD-SS05_SL08-000002", "HS2_DocRev": "C03", "HS2_RevDat": "2025-07-23T00:00:00", "HS2_Layer": "HIS_SCJ_1MC04_CH_HERDS_Feature_Ply", "Contract": "1MC04", "Originator": "SCJ", "CreatedAt": "2025-03-19T00:00:00", "LastEdited": "2025-06-19T00:00:00", "HS2_SupDoc": null, "FeatID": "1S21RSPCI_FTR_00265", "WSIIntID": "1S21RSPCI_INT_201", "MonType": "PIT", "MonDesc": "CUT OF PIT", "Period": "MEDIEVAL", "PeriodPhas": 0, "PeriodSubP": "N/A", "PhaseDesc": null, "BuildMater": "EARTH", "ArchScienc": "HAND RETRIEVAL", "Evidence": "EXCAVATED FEATURE", "MaxLength": 13.8 }, "geometry": { "type": "Polygon", "coordinates": [ [ [ -0.464494896097334, 51.565646542557481 ], [ -0.464496401621473, 51.565646608115728 ], [ -0.464498592174302, 51.565647625008303 ], [ -0.464499356497118, 51.565648792291171 ], [ -0.464501340109173, 51.565649998906849 ], [ -0.464502748916854, 51.565651350867263 ], [ -0.46450296990751, 51.565653656633721 ], [ -0.464503808003181, 51.565655246610973 ], [ -0.464504766556009, 51.565656815684086 ], [ -0.464505213472353, 51.565657896985876 ], [ -0.464505717857512, 51.565659242507955 ], [ -0.464506084592594, 51.565660519687491 ], [ -0.464506157561738, 51.565662079871124 ], [ -0.464506294894715, 51.565663613920613 ], [ -0.464506162489191, 51.565665231664127 ], [ -0.464505931561871, 51.565666861606708 ], [ -0.46450548946784, 51.565669106543162 ], [ -0.464504956702775, 51.565670745125374 ], [ -0.464503488777861, 51.565672261768334 ], [ -0.46450141739742, 51.565673874823865 ], [ -0.464499712426519, 51.565674761616357 ], [ -0.464497742970963, 51.565675747458108 ], [ -0.464495514343349, 51.565676503308062 ], [ -0.464492472923476, 51.565676931102338 ], [ -0.464490025929736, 51.565676973719675 ], [ -0.464487899423095, 51.565676925214113 ], [ -0.464484700770768, 51.565676324053932 ], [ -0.464481646483946, 51.565675848873447 ], [ -0.464478886806284, 51.565674851510217 ], [ -0.464477025209676, 51.565674220186182 ], [ -0.464475410492062, 51.565673369987671 ], [ -0.464473937011616, 51.565672310322967 ], [ -0.464472573408757, 51.565671244003028 ], [ -0.464470851930696, 51.565669965283178 ], [ -0.464468981105909, 51.565668537138812 ], [ -0.46446769549996, 51.56566712564382 ], [ -0.464466012712122, 51.565665298013229 ], [ -0.464464468678903, 51.565664148403542 ], [ -0.464462847719904, 51.565663269348477 ], [ -0.464461795373073, 51.565661443672361 ], [ -0.464460822227854, 51.565660307826846 ], [ -0.464460534199927, 51.565658964236334 ], [ -0.464460178272056, 51.565657494767237 ], [ -0.464460111258071, 51.565656614463755 ], [ -0.464459476525901, 51.565654384212394 ], [ -0.46445929592779, 51.565652506997999 ], [ -0.464458887833245, 51.565650487429465 ], [ -0.464494896097334, 51.565646542557481 ] ] ] } },
{ "type": "Feature", "properties": { "_source_path": "C:\\Uni\\HS2\\HS2_ADS_GIS\\2025-11-24_HIS_HSTWO_CH_HERDS_Feature_Ply\\2025-11-24_HIS_HSTWO_CH_HERDS_Feature_Ply.shp", "_source_layer": "", "box_id": "box_05", "section": "HS2 Phase 1", "HS2_AssetI": null, "HS2_AssetN": null, "HS2_Suitab": "SC7", "HS2_Phase": "R1", "HS2_DocNum": "1MC04-SCJ-GI-GDD-SS05_SL08-000002", "HS2_DocRev": "C03", "HS2_RevDat": "2025-07-23T00:00:00", "HS2_Layer": "HIS_SCJ_1MC04_CH_HERDS_Feature_Ply", "Contract": "1MC04", "Originator": "SCJ", "CreatedAt": "2025-03-19T00:00:00", "LastEdited": "2025-06-19T00:00:00", "HS2_SupDoc": null, "FeatID": "1S21RSPCI_FTR_00263", "WSIIntID": "1S21RSPCI_INT_201", "MonType": "PIT", "MonDesc": "CUT OF PIT", "Period": "IRON AGE", "PeriodPhas": 0, "PeriodSubP": "N/A", "PhaseDesc": null, "BuildMater": "EARTH", "ArchScienc": "HAND RETRIEVAL", "Evidence": "EXCAVATED FEATURE", "MaxLength": 13.2 }, "geometry": { "type": "Polygon", "coordinates": [ [ [ -0.464499158506784, 51.565639892923961 ], [ -0.46449376089431, 51.565625203855134 ], [ -0.46449557714708, 51.565623283528872 ], [ -0.464496469487371, 51.565622021024872 ], [ -0.464497629382863, 51.565620868128285 ], [ -0.464498688242462, 51.565620273217874 ], [ -0.46449979125244, 51.565618924448572 ], [ -0.464501789878858, 51.565618057684077 ], [ -0.464503784827551, 51.56561747142473 ], [ -0.464506321338677, 51.565616784346084 ], [ -0.464509323603886, 51.565616362333628 ], [ -0.46451170187381, 51.565616346692188 ], [ -0.46451376858768, 51.565616628209405 ], [ -0.464517727364582, 51.565617064867723 ], [ -0.46452036742116, 51.565617158758009 ], [ -0.464522456647766, 51.56561775709131 ], [ -0.464525100589961, 51.56561816395719 ], [ -0.464527692557793, 51.56561925713887 ], [ -0.464530519282605, 51.565620534133089 ], [ -0.464532843848915, 51.565621855812005 ], [ -0.464535472776706, 51.565623051087726 ], [ -0.464537558810756, 51.565623915544933 ], [ -0.464539556052124, 51.565624931705926 ], [ -0.464541205086707, 51.565625876769509 ], [ -0.464542379401563, 51.565627422588229 ], [ -0.464543032624954, 51.56562914682619 ], [ -0.46454390115041, 51.565630647280351 ], [ -0.464544307242235, 51.565632640745321 ], [ -0.464543994366038, 51.565634219260041 ], [ -0.464543169972805, 51.565636248779732 ], [ -0.464541295743713, 51.56563766299255 ], [ -0.464538709332681, 51.565639146118514 ], [ -0.464536250774767, 51.56564000326911 ], [ -0.464532776317307, 51.565641122285818 ], [ -0.464528673263115, 51.565642313107524 ], [ -0.464525421337513, 51.565643250697725 ], [ -0.464522576261261, 51.565643931941082 ], [ -0.464519366167394, 51.565644484317623 ], [ -0.464516756152609, 51.565644398014065 ], [ -0.464513026098148, 51.565643767421513 ], [ -0.464511052827459, 51.56564323894515 ], [ -0.464508482036017, 51.565642630713967 ], [ -0.46450633274288, 51.565642402068747 ], [ -0.464504468994493, 51.565641963147776 ], [ -0.464502430587158, 51.565641312425768 ], [ -0.464501261830847, 51.565640586758256 ], [ -0.464499158506784, 51.565639892923961 ] ] ] } },
{ "type": "Feature", "properties": { "_source_path": "C:\\Uni\\HS2\\HS2_ADS_GIS\\2025-11-24_HIS_HSTWO_CH_HERDS_Feature_Ply\\2025-11-24_HIS_HSTWO_CH_HERDS_Feature_Ply.shp", "_source_layer": "", "box_id": "box_05", "section": "HS2 Phase 1", "HS2_AssetI": null, "HS2_AssetN": null, "HS2_Suitab": "SC7", "HS2_Phase": "R1", "HS2_DocNum": "1MC04-SCJ-GI-GDD-SS05_SL08-000002", "HS2_DocRev": "C03", "HS2_RevDat": "2025-07-23T00:00:00", "HS2_Layer": "HIS_SCJ_1MC04_CH_HERDS_Feature_Ply", "Contract": "1MC04", "Originator": "SCJ", "CreatedAt": "2025-03-19T00:00:00", "LastEdited": "2025-06-19T00:00:00", "HS2_SupDoc": null, "FeatID": "1S21RSPCI_FTR_00312", "WSIIntID": "1S21RSPCI_INT_201", "MonType": "PIT", "MonDesc": "CUT OF PIT", "Period": "MEDIEVAL", "PeriodPhas": 0, "PeriodSubP": "N/A", "PhaseDesc": null, "BuildMater": "EARTH", "ArchScienc": "HAND RETRIEVAL", "Evidence": "EXCAVATED FEATURE", "MaxLength": 12.5 }, "geometry": { "type": "Polygon", "coordinates": [ [ [ -0.465015820944619, 51.565994377883051 ], [ -0.465007265640731, 51.565994917009213 ], [ -0.465002037555236, 51.565995196620776 ], [ -0.464996328428845, 51.565995279307806 ], [ -0.464991204885007, 51.565994896669899 ], [ -0.464987854934312, 51.565993646113995 ], [ -0.464984740837108, 51.565991561479215 ], [ -0.464982312371533, 51.565990239349695 ], [ -0.464979022445741, 51.565986949272997 ], [ -0.46497757515335, 51.565984511469622 ], [ -0.464977252880039, 51.565981613599078 ], [ -0.464977898049013, 51.565979421673021 ], [ -0.464980107252515, 51.565976200827436 ], [ -0.464983165475639, 51.565974588981767 ], [ -0.464987276154093, 51.565972529607755 ], [ -0.464991909079495, 51.565970000483688 ], [ -0.464995210441284, 51.565968709238753 ], [ -0.464998779623138, 51.56596756267264 ], [ -0.465002235684732, 51.565966776108922 ], [ -0.465005993196305, 51.565966463774409 ], [ -0.465009186447644, 51.565967268970091 ], [ -0.465012323064639, 51.565968556300234 ], [ -0.465015637849737, 51.565971193875278 ], [ -0.465019008097474, 51.565974326740708 ], [ -0.465021280587085, 51.565977153004766 ], [ -0.46502297811861, 51.565980129110102 ], [ -0.465024593856873, 51.565984120251954 ], [ -0.465024173031597, 51.565986591169818 ], [ -0.465023666270088, 51.565989086141521 ], [ -0.465015820944619, 51.565994377883051 ] ] ] } },
{ "type": "Feature", "properties": { "_source_path": "C:\\Uni\\HS2\\HS2_ADS_GIS\\2025-11-24_HIS_HSTWO_CH_HERDS_Feature_Ply\\2025-11-24_HIS_HSTWO_CH_HERDS_Feature_Ply.shp", "_source_layer": "", "box_id": "box_05", "section": "HS2 Phase 1", "HS2_AssetI": null, "HS2_AssetN": null, "HS2_Suitab": "SC7", "HS2_Phase": "R1", "HS2_DocNum": "1MC04-SCJ-GI-GDD-SS05_SL08-000002", "HS2_DocRev": "C03", "HS2_RevDat": "2025-07-23T00:00:00", "HS2_Layer": "HIS_SCJ_1MC04_CH_HERDS_Feature_Ply", "Contract": "1MC04", "Originator": "SCJ", "CreatedAt": "2025-03-19T00:00:00", "LastEdited": "2025-06-19T00:00:00", "HS2_SupDoc": null, "FeatID": "1S21RSPCI_FTR_00106", "WSIIntID": "1S21RSPCI_INT_200", "MonType": "DITCH", "MonDesc": "SHALOW DITCH/GULLY", "Period": "UNKNOWN", "PeriodPhas": 0, "PeriodSubP": "N/A", "PhaseDesc": null, "BuildMater": "EARTH", "ArchScienc": "HAND RETRIEVAL", "Evidence": "EXCAVATED FEATURE", "MaxLength": 13.1 }, "geometry": { "type": "Polygon", "coordinates": [ [ [ -0.460213644242154, 51.568209953777675 ], [ -0.460213654784442, 51.568203918422981 ], [ -0.460229518432181, 51.568195103893316 ], [ -0.460238421662145, 51.568188422683427 ], [ -0.460241922349395, 51.568183888040814 ], [ -0.460245370674297, 51.56818068983538 ], [ -0.460260833894315, 51.568171469899667 ], [ -0.46028773487128, 51.568159174559767 ], [ -0.4603088239637, 51.568151618230075 ], [ -0.460331651052488, 51.568147157296437 ], [ -0.460356421279778, 51.568140957602161 ], [ -0.460364962851937, 51.56813895921627 ], [ -0.460364848692366, 51.568141399071912 ], [ -0.460350727168639, 51.568148617898352 ], [ -0.460332194923573, 51.568151816041571 ], [ -0.460294467269099, 51.568163150169205 ], [ -0.46026628853602, 51.568175810910539 ], [ -0.46024992923924, 51.56818533111592 ], [ -0.460233589866889, 51.568198404356544 ], [ -0.460222495629712, 51.568206387649113 ], [ -0.460213644242154, 51.568209953777675 ] ] ] } },
{ "type": "Feature", "properties": { "_source_path": "C:\\Uni\\HS2\\HS2_ADS_GIS\\2025-11-24_HIS_HSTWO_CH_HERDS_Feature_Ply\\2025-11-24_HIS_HSTWO_CH_HERDS_Feature_Ply.shp", "_source_layer": "", "box_id": "box_05", "section": "HS2 Phase 1", "HS2_AssetI": null, "HS2_AssetN": null, "HS2_Suitab": "SC7", "HS2_Phase": "R1", "HS2_DocNum": "1MC04-SCJ-GI-GDD-SS05_SL08-000002", "HS2_DocRev": "C03", "HS2_RevDat": "2025-07-23T00:00:00", "HS2_Layer": "HIS_SCJ_1MC04_CH_HERDS_Feature_Ply", "Contract": "1MC04", "Originator": "SCJ", "CreatedAt": "2025-03-19T00:00:00", "LastEdited": "2025-06-19T00:00:00", "HS2_SupDoc": null, "FeatID": "1S21RSPCI_FTR_00117", "WSIIntID": "1S21RSPCI_INT_200", "MonType": "CULTIVATION MARKS", "MonDesc": "POSSIBLE BEDDING TRENCH", "Period": "20TH CENTURY", "PeriodPhas": 0, "PeriodSubP": "N/A", "PhaseDesc": null, "BuildMater": "EARTH", "ArchScienc": "HAND RETRIEVAL", "Evidence": "EXCAVATED FEATURE", "MaxLength": 11.7 }, "geometry": { "type": "Polygon", "coordinates": [ [ [ -0.460208575793845, 51.568215579272405 ], [ -0.460203242009923, 51.568225941017971 ], [ -0.460198462688812, 51.568222580910124 ], [ -0.460177236487582, 51.568221167606502 ], [ -0.460176003971887, 51.568221133450805 ], [ -0.460168274549263, 51.568220916036744 ], [ -0.460169619065273, 51.568218019340421 ], [ -0.460172944263759, 51.568212956359837 ], [ -0.460175586059901, 51.568209714303407 ], [ -0.460180001734057, 51.568204448021831 ], [ -0.460182734467133, 51.568200991348149 ], [ -0.460188232763598, 51.568197932442565 ], [ -0.460193516677242, 51.568197076484402 ], [ -0.460197621740828, 51.568197374030952 ], [ -0.460205003151737, 51.568198368289906 ], [ -0.460209353411645, 51.568199821839521 ], [ -0.460212266553104, 51.568202727639822 ], [ -0.460214463885031, 51.56820478328757 ], [ -0.460213982869282, 51.568207746165633 ], [ -0.460211642567439, 51.568210306981157 ], [ -0.460210946034313, 51.568212901053336 ], [ -0.460208575793845, 51.568215579272405 ] ] ] } },
{ "type": "Feature", "properties": { "_source_path": "C:\\Uni\\HS2\\HS2_ADS_GIS\\2025-11-24_HIS_HSTWO_CH_HERDS_Feature_Ply\\2025-11-24_HIS_HSTWO_CH_HERDS_Feature_Ply.shp", "_source_layer": "", "box_id": "box_05", "section": "HS2 Phase 1", "HS2_AssetI": null, "HS2_AssetN": null, "HS2_Suitab": "SC7", "HS2_Phase": "R1", "HS2_DocNum": "1MC04-SCJ-GI-GDD-SS05_SL08-000002", "HS2_DocRev": "C03", "HS2_RevDat": "2025-07-23T00:00:00", "HS2_Layer": "HIS_SCJ_1MC04_CH_HERDS_Feature_Ply", "Contract": "1MC04", "Originator": "SCJ", "CreatedAt": "2025-03-19T00:00:00", "LastEdited": "2025-06-19T00:00:00", "HS2_SupDoc": null, "FeatID": "1S21RSPCI_FTR_00353", "WSIIntID": "1S21RSPCI_INT_201", "MonType": "DITCH", "MonDesc": "OVERARCHING NUMBER OF ROUNDHOUSE GULLY.", "Period": "IRON AGE", "PeriodPhas": 0, "PeriodSubP": "N/A", "PhaseDesc": null, "BuildMater": "EARTH", "ArchScienc": "HAND RETRIEVAL", "Evidence": "SOILMARK", "MaxLength": 9.9 }, "geometry": { "type": "Polygon", "coordinates": [ [ [ -0.464328246759888, 51.566160064775495 ], [ -0.464329327172179, 51.566154547877296 ], [ -0.464328970027742, 51.566149345774512 ], [ -0.464326043596331, 51.566144003944423 ], [ -0.464321421568582, 51.566136828918935 ], [ -0.464317960097779, 51.566130409129109 ], [ -0.464309759035351, 51.566127712989143 ], [ -0.464300704400343, 51.566124699947778 ], [ -0.464292162077431, 51.566124081909514 ], [ -0.464285787709991, 51.5661267365873 ], [ -0.464279296170444, 51.566132226736578 ], [ -0.464276237483035, 51.56613924730155 ], [ -0.464274986791893, 51.566144208058105 ], [ -0.464270467825028, 51.566145622726694 ], [ -0.46426637426064, 51.566144688832125 ], [ -0.464264795009504, 51.56614214318634 ], [ -0.464263548653253, 51.566137125474583 ], [ -0.464265804484519, 51.56613196565813 ], [ -0.464269974402366, 51.566127378507893 ], [ -0.464273299634605, 51.566124437546605 ], [ -0.464287818226168, 51.566119056935293 ], [ -0.464298366073981, 51.566118261583846 ], [ -0.464306458158283, 51.566119353008489 ], [ -0.464321296378196, 51.566126112303493 ], [ -0.464326080448575, 51.566133488174657 ], [ -0.464330106161786, 51.566138705911257 ], [ -0.464338926915701, 51.566149003980691 ], [ -0.464340924536624, 51.566157033082661 ], [ -0.464339009502751, 51.56616364059083 ], [ -0.464334097777678, 51.566167933886398 ], [ -0.464330597746011, 51.566168440201096 ], [ -0.464328453394582, 51.566167721548389 ], [ -0.464326768977082, 51.566165299517394 ], [ -0.46432624173293, 51.566161634634959 ], [ -0.464328246759888, 51.566160064775495 ] ] ] } },
{ "type": "Feature", "properties": { "_source_path": "C:\\Uni\\HS2\\HS2_ADS_GIS\\2025-11-24_HIS_HSTWO_CH_HERDS_Feature_Ply\\2025-11-24_HIS_HSTWO_CH_HERDS_Feature_Ply.shp", "_source_layer": "", "box_id": "box_05", "section": "HS2 Phase 1", "HS2_AssetI": null, "HS2_AssetN": null, "HS2_Suitab": "SC7", "HS2_Phase": "R1", "HS2_DocNum": "1MC04-SCJ-GI-GDD-SS05_SL08-000002", "HS2_DocRev": "C03", "HS2_RevDat": "2025-07-23T00:00:00", "HS2_Layer": "HIS_SCJ_1MC04_CH_HERDS_Feature_Ply", "Contract": "1MC04", "Originator": "SCJ", "CreatedAt": "2025-03-19T00:00:00", "LastEdited": "2025-06-19T00:00:00", "HS2_SupDoc": null, "FeatID": "1S21RSPCI_FTR_00252", "WSIIntID": "1S21RSPCI_INT_201", "MonType": "DITCH", "MonDesc": "OVERARCHING PARENT NUMBER", "Period": "UNKNOWN", "PeriodPhas": 0, "PeriodSubP": "N/A", "PhaseDesc": null, "BuildMater": "EARTH", "ArchScienc": "HAND RETRIEVAL", "Evidence": "SOILMARK", "MaxLength": 15.9 }, "geometry": { "type": "Polygon", "coordinates": [ [ [ -0.46457382844275, 51.565627716260437 ], [ -0.464585683490257, 51.565623447256023 ], [ -0.464601656926774, 51.56561838867426 ], [ -0.464613236625041, 51.565615098001132 ], [ -0.464626622448526, 51.565610101777096 ], [ -0.464638528516046, 51.565606373859666 ], [ -0.46465864120006, 51.565598321104325 ], [ -0.464679110683543, 51.565591497736499 ], [ -0.464693177030194, 51.56558728642559 ], [ -0.464708804576985, 51.565583115319825 ], [ -0.464724554816645, 51.565579456567932 ], [ -0.464736314326612, 51.565576009974237 ], [ -0.464748160363999, 51.565573164283919 ], [ -0.464757545694322, 51.565571025551563 ], [ -0.464767462505427, 51.5655684855302 ], [ -0.464775698765105, 51.565566535884869 ], [ -0.464783288985022, 51.565569631343777 ], [ -0.464769304814091, 51.565572217070894 ], [ -0.464756814557396, 51.565574784572902 ], [ -0.464748605387762, 51.565576529551585 ], [ -0.464741159755979, 51.565579593767076 ], [ -0.46473078895337, 51.565582504615698 ], [ -0.464718182132747, 51.565585362831733 ], [ -0.464702093196196, 51.565589353456033 ], [ -0.464685260750947, 51.565593957503168 ], [ -0.464669680597943, 51.565598648968837 ], [ -0.46465946524956, 51.56560199886065 ], [ -0.464650790976329, 51.565605729496227 ], [ -0.464643556682126, 51.565608044731505 ], [ -0.464635138091119, 51.565610952337657 ], [ -0.464628927630851, 51.565612513042133 ], [ -0.464618330690462, 51.565616140289741 ], [ -0.464604323046841, 51.565621606756714 ], [ -0.464592306494731, 51.565626515685416 ], [ -0.464580597494104, 51.565631032085413 ], [ -0.46457382844275, 51.565627716260437 ] ] ] } },
{ "type": "Feature", "properties": { "_source_path": "C:\\Uni\\HS2\\HS2_ADS_GIS\\2025-11-24_HIS_HSTWO_CH_HERDS_Feature_Ply\\2025-11-24_HIS_HSTWO_CH_HERDS_Feature_Ply.shp", "_source_layer": "", "box_id": "box_05", "section": "HS2 Phase 1", "HS2_AssetI": null, "HS2_AssetN": null, "HS2_Suitab": "SC7", "HS2_Phase": "R1", "HS2_DocNum": "1MC04-SCJ-GI-GDD-SS05_SL08-000002", "HS2_DocRev": "C03", "HS2_RevDat": "2025-07-23T00:00:00", "HS2_Layer": "HIS_SCJ_1MC04_CH_HERDS_Feature_Ply", "Contract": "1MC04", "Originator": "SCJ", "CreatedAt": "2025-03-19T00:00:00", "LastEdited": "2025-06-19T00:00:00", "HS2_SupDoc": null, "FeatID": "1S21RSPCI_FTR_00325", "WSIIntID": "1S21RSPCI_INT_201", "MonType": "DITCH", "MonDesc": "CUT OF DITCH", "Period": "MEDIEVAL", "PeriodPhas": 0, "PeriodSubP": "N/A", "PhaseDesc": null, "BuildMater": "EARTH", "ArchScienc": "HAND RETRIEVAL", "Evidence": "EXCAVATED FEATURE", "MaxLength": 10.7 }, "geometry": { "type": "Polygon", "coordinates": [ [ [ -0.46356730087451, 51.565828486497963 ], [ -0.463560802833071, 51.565859894433885 ], [ -0.463535169687895, 51.565856602238007 ], [ -0.463540950921292, 51.565829296103885 ], [ -0.46356730087451, 51.565828486497963 ] ] ] } },
{ "type": "Feature", "properties": { "_source_path": "C:\\Uni\\HS2\\HS2_ADS_GIS\\2025-11-24_HIS_HSTWO_CH_HERDS_Feature_Ply\\2025-11-24_HIS_HSTWO_CH_HERDS_Feature_Ply.shp", "_source_layer": "", "box_id": "box_05", "section": "HS2 Phase 1", "HS2_AssetI": null, "HS2_AssetN": null, "HS2_Suitab": "SC7", "HS2_Phase": "R1", "HS2_DocNum": "1MC04-SCJ-GI-GDD-SS05_SL08-000002", "HS2_DocRev": "C03", "HS2_RevDat": "2025-07-23T00:00:00", "HS2_Layer": "HIS_SCJ_1MC04_CH_HERDS_Feature_Ply", "Contract": "1MC04", "Originator": "SCJ", "CreatedAt": "2025-03-19T00:00:00", "LastEdited": "2025-06-19T00:00:00", "HS2_SupDoc": null, "FeatID": "1S21RSPCI_FTR_00255", "WSIIntID": "1S21RSPCI_INT_201", "MonType": "DITCH", "MonDesc": "OVERARCHING NUMBER", "Period": "UNKNOWN", "PeriodPhas": 0, "PeriodSubP": "N/A", "PhaseDesc": null, "BuildMater": "EARTH", "ArchScienc": "HAND RETRIEVAL", "Evidence": "SOILMARK", "MaxLength": 15.7 }, "geometry": { "type": "Polygon", "coordinates": [ [ [ -0.464952723168958, 51.565783469417809 ], [ -0.464953161197992, 51.565787728407017 ], [ -0.46495456889235, 51.565793526936915 ], [ -0.464955214812123, 51.565798124949588 ], [ -0.464955818483494, 51.565801406866562 ], [ -0.46495360922952, 51.565808742492443 ], [ -0.464952525556417, 51.565813330470512 ], [ -0.464951807586402, 51.565821111827944 ], [ -0.464955202812888, 51.565825473341889 ], [ -0.464958345475732, 51.565829237174846 ], [ -0.464960278556927, 51.56583365869384 ], [ -0.464958911286011, 51.565836299771284 ], [ -0.464957271247619, 51.565839243012007 ], [ -0.464953418505425, 51.565840755442778 ], [ -0.464949991011405, 51.56584099386108 ], [ -0.464946954625419, 51.565840115182041 ], [ -0.464944009252438, 51.565836790945077 ], [ -0.464941038626052, 51.565832802761307 ], [ -0.464938551478187, 51.56582911044692 ], [ -0.46493827917724, 51.565825714168739 ], [ -0.464938696457063, 51.565823134400425 ], [ -0.464937227056763, 51.565820582107705 ], [ -0.464936606731916, 51.565817580526087 ], [ -0.464938040332928, 51.565814983478546 ], [ -0.46493942346768, 51.565813799327771 ], [ -0.464940177732846, 51.565809781635735 ], [ -0.464940048748437, 51.565806628220244 ], [ -0.464939605277071, 51.565803601975681 ], [ -0.464941748162563, 51.565801236310506 ], [ -0.464942762739875, 51.565797586203146 ], [ -0.464943639530409, 51.565794171684757 ], [ -0.464946046110774, 51.565791858925209 ], [ -0.464946749122157, 51.565789277499064 ], [ -0.464948036711093, 51.565787245942516 ], [ -0.464948508436485, 51.565784891688622 ], [ -0.464949697178912, 51.565784424362384 ], [ -0.464951570806702, 51.565784441676335 ], [ -0.464952723168958, 51.565783469417809 ] ] ] } },
{ "type": "Feature", "properties": { "_source_path": "C:\\Uni\\HS2\\HS2_ADS_GIS\\2025-11-24_HIS_HSTWO_CH_HERDS_Feature_Ply\\2025-11-24_HIS_HSTWO_CH_HERDS_Feature_Ply.shp", "_source_layer": "", "box_id": "box_05", "section": "HS2 Phase 1", "HS2_AssetI": null, "HS2_AssetN": null, "HS2_Suitab": "SC7", "HS2_Phase": "R1", "HS2_DocNum": "1MC04-SCJ-GI-GDD-SS05_SL08-000002", "HS2_DocRev": "C03", "HS2_RevDat": "2025-07-23T00:00:00", "HS2_Layer": "HIS_SCJ_1MC04_CH_HERDS_Feature_Ply", "Contract": "1MC04", "Originator": "SCJ", "CreatedAt": "2025-03-19T00:00:00", "LastEdited": "2025-06-19T00:00:00", "HS2_SupDoc": null, "FeatID": "1S21RSPCI_FTR_00172", "WSIIntID": "1S21RSPCI_INT_201", "MonType": "DITCH", "MonDesc": "OVERARCHING CUT OF GULLY", "Period": "IRON AGE", "PeriodPhas": 0, "PeriodSubP": "N/A", "PhaseDesc": null, "BuildMater": "EARTH", "ArchScienc": "HAND RETRIEVAL", "Evidence": "SOILMARK", "MaxLength": 13.1 }, "geometry": { "type": "Polygon", "coordinates": [ [ [ -0.464937187467189, 51.565962028997227 ], [ -0.464934493762053, 51.565961556746792 ], [ -0.464932141857085, 51.565961560152793 ], [ -0.46491222936534, 51.565959851960216 ], [ -0.464899213232001, 51.56595691033781 ], [ -0.464890786006932, 51.565952789630281 ], [ -0.464890730094856, 51.565952779007596 ], [ -0.464886689874914, 51.565951203797063 ], [ -0.46488226651958, 51.565949609187307 ], [ -0.464876493359145, 51.565945766881867 ], [ -0.464872462454082, 51.565943229638847 ], [ -0.464868392878388, 51.565940341198214 ], [ -0.464863842564223, 51.565937375431375 ], [ -0.464859130328852, 51.565934676409803 ], [ -0.464855786621119, 51.565932041149551 ], [ -0.464852789882049, 51.565928914064457 ], [ -0.464850427706298, 51.565924938333715 ], [ -0.464848581630409, 51.565921532259054 ], [ -0.464846487286205, 51.565918857590674 ], [ -0.464844573960625, 51.565916205972016 ], [ -0.464843170693188, 51.565913532250768 ], [ -0.464841641980243, 51.565911241750101 ], [ -0.464840280006687, 51.565908884191423 ], [ -0.46483965308397, 51.565906335724478 ], [ -0.464838859876155, 51.565903840833258 ], [ -0.464838163772186, 51.56590111881313 ], [ -0.464838087085553, 51.56589984003368 ], [ -0.464836438801386, 51.565894031161513 ], [ -0.464836019999345, 51.565887059509208 ], [ -0.464840484500348, 51.565883405075553 ], [ -0.464843233237993, 51.56588305707006 ], [ -0.464844822296292, 51.565884326858466 ], [ -0.464844734053745, 51.565890931295073 ], [ -0.464844977867423, 51.565893716637774 ], [ -0.464846229588473, 51.565895535027032 ], [ -0.464846159856689, 51.565897562730868 ], [ -0.464845502853304, 51.565899720331515 ], [ -0.464845555941743, 51.565900328891402 ], [ -0.464846006221626, 51.565905423406562 ], [ -0.464846352109271, 51.565906248909194 ], [ -0.464851869506851, 51.565916014558447 ], [ -0.464859675801796, 51.565926148251314 ], [ -0.464863986422789, 51.565931475803126 ], [ -0.464864084832709, 51.565931552624015 ], [ -0.464866706209334, 51.565933615530234 ], [ -0.464869023348802, 51.565935544071365 ], [ -0.464870108558794, 51.565936523118431 ], [ -0.464876970502992, 51.565940381464905 ], [ -0.464887337168229, 51.565946892463174 ], [ -0.464891666799286, 51.565948656696506 ], [ -0.464892536107901, 51.565948891970834 ], [ -0.464896463125071, 51.565949587172987 ], [ -0.46490151943411, 51.565951366306706 ], [ -0.464906983642358, 51.565952900795608 ], [ -0.464911512923338, 51.565953834972014 ], [ -0.464916126258296, 51.565955186581597 ], [ -0.464919275078959, 51.565956197117444 ], [ -0.464932274348302, 51.56595724028643 ], [ -0.464946876629158, 51.565957468157301 ], [ -0.464954279647147, 51.565958155771298 ], [ -0.464952727693059, 51.56595929724962 ], [ -0.46495001358128, 51.565961273279285 ], [ -0.464949079056971, 51.565961346480321 ], [ -0.464948605564001, 51.565961610948868 ], [ -0.464942976514761, 51.565961929374303 ], [ -0.464937187467189, 51.565962028997227 ] ] ] } },
{ "type": "Feature", "properties": { "_source_path": "C:\\Uni\\HS2\\HS2_ADS_GIS\\2025-11-24_HIS_HSTWO_CH_HERDS_Feature_Ply\\2025-11-24_HIS_HSTWO_CH_HERDS_Feature_Ply.shp", "_source_layer": "", "box_id": "box_05", "section": "HS2 Phase 1", "HS2_AssetI": null, "HS2_AssetN": null, "HS2_Suitab": "SC7", "HS2_Phase": "R1", "HS2_DocNum": "1MC04-SCJ-GI-GDD-SS05_SL08-000002", "HS2_DocRev": "C03", "HS2_RevDat": "2025-07-23T00:00:00", "HS2_Layer": "HIS_SCJ_1MC04_CH_HERDS_Feature_Ply", "Contract": "1MC04", "Originator": "SCJ", "CreatedAt": "2025-03-19T00:00:00", "LastEdited": "2025-06-19T00:00:00", "HS2_SupDoc": null, "FeatID": "1S21RSPCI_FTR_00286", "WSIIntID": "1S21RSPCI_INT_201", "MonType": "DITCH", "MonDesc": "OVERARCHING NUMBER FOR LINEAR.", "Period": "IRON AGE", "PeriodPhas": 0, "PeriodSubP": "N/A", "PhaseDesc": null, "BuildMater": "EARTH", "ArchScienc": "HAND RETRIEVAL", "Evidence": "SOILMARK", "MaxLength": 11.8 }, "geometry": { "type": "Polygon", "coordinates": [ [ [ -0.464507250079221, 51.565819864029663 ], [ -0.464512801812298, 51.565819056342932 ], [ -0.464513305012383, 51.56582197906247 ], [ -0.464513679654024, 51.565824178034887 ], [ -0.464512484065473, 51.565826476057204 ], [ -0.464512238977054, 51.565828140883646 ], [ -0.464512716357379, 51.565830288146948 ], [ -0.464512055457927, 51.565831532997429 ], [ -0.464512019604184, 51.565832854365951 ], [ -0.464510940938759, 51.565834037100146 ], [ -0.464509970363766, 51.56583573739475 ], [ -0.464508975933871, 51.565836732397152 ], [ -0.464508878463093, 51.565837912682809 ], [ -0.464507667762184, 51.565838689045279 ], [ -0.464506622982095, 51.565839893803854 ], [ -0.464505827030507, 51.565840779001988 ], [ -0.464504844014434, 51.565842720121843 ], [ -0.464504483434224, 51.565845072231447 ], [ -0.464504060319909, 51.565846411013197 ], [ -0.464503232601519, 51.565848496240051 ], [ -0.464503075873631, 51.565851221491044 ], [ -0.46450284724806, 51.565853125722548 ], [ -0.464502407439912, 51.565855002912237 ], [ -0.464503140973366, 51.565857555473656 ], [ -0.464503027492022, 51.565858954057653 ], [ -0.46450359314206, 51.565860065687659 ], [ -0.464503330330412, 51.565861014511604 ], [ -0.464503609890513, 51.565861881410278 ], [ -0.464503645964853, 51.5658627379295 ], [ -0.46450512490689, 51.565863849819344 ], [ -0.464505052753182, 51.565865306493485 ], [ -0.464506762461434, 51.565868219821205 ], [ -0.46450777296318, 51.565870388447273 ], [ -0.464509617031545, 51.565873082327464 ], [ -0.464511003657466, 51.565874493345255 ], [ -0.464511972800758, 51.565875790995577 ], [ -0.464514311127003, 51.56587704721251 ], [ -0.464515739506701, 51.56587884633575 ], [ -0.464518266938162, 51.565879757032853 ], [ -0.464520455382227, 51.565881308027656 ], [ -0.464523209766749, 51.565882377257317 ], [ -0.464525151726726, 51.56588319307069 ], [ -0.46452691575297, 51.565884493927378 ], [ -0.464529614090726, 51.565885727878069 ], [ -0.46453209963104, 51.565886554400308 ], [ -0.464535452853149, 51.565887621573459 ], [ -0.464539043658267, 51.565888403208859 ], [ -0.46454047500575, 51.565888829278087 ], [ -0.464542769722551, 51.565889324192824 ], [ -0.464546052138822, 51.565889880587619 ], [ -0.464548853313613, 51.565890331772898 ], [ -0.46455235151474, 51.565890778589619 ], [ -0.464556320397681, 51.565890915942042 ], [ -0.464558180557399, 51.565890862048512 ], [ -0.464561036155537, 51.56589115388627 ], [ -0.464563327113246, 51.565891546241559 ], [ -0.464565307199137, 51.565891787059215 ], [ -0.464567697163589, 51.56589215283428 ], [ -0.464569101214831, 51.565892404099451 ], [ -0.464570440001879, 51.565892793888146 ], [ -0.464571527073321, 51.565893631786544 ], [ -0.464572152700067, 51.565894376424303 ], [ -0.464573246106913, 51.565895583081357 ], [ -0.4645735775894, 51.565896793257906 ], [ -0.464573374591607, 51.565896951560447 ], [ -0.464572631890391, 51.565898269076158 ], [ -0.464570820273803, 51.565899066351875 ], [ -0.464567584162927, 51.565898720079375 ], [ -0.464564525915794, 51.565898747507291 ], [ -0.464561372017328, 51.565898487735126 ], [ -0.46455894996136, 51.565898132330553 ], [ -0.464556421503273, 51.565897937391462 ], [ -0.464554376078987, 51.565897537457985 ], [ -0.464549356377411, 51.565896256950104 ], [ -0.464546000619246, 51.565895350702625 ], [ -0.464543183322535, 51.565894264464617 ], [ -0.464540436263674, 51.565892977722662 ], [ -0.464537774833855, 51.565892746873452 ], [ -0.464533548486609, 51.565890872476338 ], [ -0.464529767942461, 51.565889512864366 ], [ -0.464526040375509, 51.565887308688694 ], [ -0.464522998804413, 51.565886284258909 ], [ -0.4645203402705, 51.565884725315108 ], [ -0.464518124892159, 51.565883459916449 ], [ -0.464515642447616, 51.565881813355574 ], [ -0.464513363991184, 51.565880364592012 ], [ -0.46451186732952, 51.565879221897319 ], [ -0.464510374349495, 51.56587848389492 ], [ -0.464509884583402, 51.56587764661743 ], [ -0.46450829465368, 51.565876531477052 ], [ -0.464507348381434, 51.56587532584529 ], [ -0.464506442655769, 51.56587394449901 ], [ -0.4645045768246, 51.56587163969165 ], [ -0.464502682666378, 51.565867563071393 ], [ -0.464501192501239, 51.565865113910483 ], [ -0.464500093415398, 51.565863219283358 ], [ -0.464499576541675, 51.565860659665432 ], [ -0.464498745163373, 51.565858056367261 ], [ -0.464498203012751, 51.565855647485776 ], [ -0.464497858146928, 51.56585286441689 ], [ -0.464498161666396, 51.565850064653709 ], [ -0.46449806354697, 51.565847580653134 ], [ -0.464498748779834, 51.565845185133263 ], [ -0.464499151107523, 51.565843478302924 ], [ -0.464498963953164, 51.565841966981047 ], [ -0.464499353136826, 51.56583996503813 ], [ -0.464499397965417, 51.565839962027816 ], [ -0.464499922403534, 51.565838699206147 ], [ -0.464501077200531, 51.565835898891478 ], [ -0.464502555184017, 51.565833612657052 ], [ -0.464503035766485, 51.565831724311138 ], [ -0.46450363465872, 51.56583022147553 ], [ -0.464504149450541, 51.565828731027707 ], [ -0.464504852628568, 51.565827002056679 ], [ -0.464505981089076, 51.565825197721189 ], [ -0.464507597793369, 51.56582290520884 ], [ -0.464507896330212, 51.565821366971036 ], [ -0.464507250079221, 51.565819864029663 ] ] ] } },
{ "type": "Feature", "properties": { "_source_path": "C:\\Uni\\HS2\\HS2_ADS_GIS\\2025-11-24_HIS_HSTWO_CH_HERDS_Feature_Ply\\2025-11-24_HIS_HSTWO_CH_HERDS_Feature_Ply.shp", "_source_layer": "", "box_id": "box_05", "section": "HS2 Phase 1", "HS2_AssetI": null, "HS2_AssetN": null, "HS2_Suitab": "SC7", "HS2_Phase": "R1", "HS2_DocNum": "1MC04-SCJ-GI-GDD-SS05_SL08-000002", "HS2_DocRev": "C03", "HS2_RevDat": "2025-07-23T00:00:00", "HS2_Layer": "HIS_SCJ_1MC04_CH_HERDS_Feature_Ply", "Contract": "1MC04", "Originator": "SCJ", "CreatedAt": "2025-03-19T00:00:00", "LastEdited": "2025-06-19T00:00:00", "HS2_SupDoc": null, "FeatID": "1S21RSPCI_FTR_00091", "WSIIntID": "1S21RSPCI_INT_200", "MonType": "DITCH", "MonDesc": "POSSIBLE GULLY", "Period": "UNKNOWN", "PeriodPhas": 0, "PeriodSubP": "N/A", "PhaseDesc": null, "BuildMater": "EARTH", "ArchScienc": "HAND RETRIEVAL", "Evidence": "SOILMARK", "MaxLength": 15.23 }, "geometry": { "type": "Polygon", "coordinates": [ [ [ -0.459755104892356, 51.567878132402676 ], [ -0.459753776787206, 51.56787823726458 ], [ -0.459753569195409, 51.567876908206195 ], [ -0.459753400963001, 51.567874755988498 ], [ -0.459753681680993, 51.567866662291912 ], [ -0.459753729087593, 51.567854670158006 ], [ -0.459755739934897, 51.567839015235975 ], [ -0.459755279508407, 51.567817115241986 ], [ -0.459756441196775, 51.567792942653895 ], [ -0.459754883638073, 51.567778104139649 ], [ -0.459755725730888, 51.567763261150937 ], [ -0.459755104840319, 51.567754991065804 ], [ -0.45975834819151, 51.567742914087923 ], [ -0.459760184833323, 51.567741978736187 ], [ -0.459761685305801, 51.567741725968432 ], [ -0.459762733964355, 51.567742888021819 ], [ -0.459761661807781, 51.567747118219039 ], [ -0.459761941319728, 51.567753535049171 ], [ -0.459762534239334, 51.567761138452951 ], [ -0.45976309342642, 51.567771533459329 ], [ -0.45976226934118, 51.567786356002586 ], [ -0.459758533160622, 51.567804733567392 ], [ -0.459758532830504, 51.567814179758138 ], [ -0.459758919283545, 51.567827295303552 ], [ -0.459758640113574, 51.567841150255319 ], [ -0.459757353748208, 51.567854751000162 ], [ -0.459756089938852, 51.567867214541053 ], [ -0.459755104892356, 51.567878132402676 ] ] ] } },
{ "type": "Feature", "properties": { "_source_path": "C:\\Uni\\HS2\\HS2_ADS_GIS\\2025-11-24_HIS_HSTWO_CH_HERDS_Feature_Ply\\2025-11-24_HIS_HSTWO_CH_HERDS_Feature_Ply.shp", "_source_layer": "", "box_id": "box_05", "section": "HS2 Phase 1", "HS2_AssetI": null, "HS2_AssetN": null, "HS2_Suitab": "SC7", "HS2_Phase": "R1", "HS2_DocNum": "1MC04-SCJ-GI-GDD-SS05_SL08-000002", "HS2_DocRev": "C03", "HS2_RevDat": "2025-07-23T00:00:00", "HS2_Layer": "HIS_SCJ_1MC04_CH_HERDS_Feature_Ply", "Contract": "1MC04", "Originator": "SCJ", "CreatedAt": "2025-03-19T00:00:00", "LastEdited": "2025-06-19T00:00:00", "HS2_SupDoc": null, "FeatID": "1S21RSPCI_FTR_00274", "WSIIntID": "1S21RSPCI_INT_201", "MonType": "DITCH", "MonDesc": "OVERARCHING FEATURE NUMBER", "Period": "IRON AGE", "PeriodPhas": 0, "PeriodSubP": "N/A", "PhaseDesc": null, "BuildMater": "EARTH", "ArchScienc": "HAND RETRIEVAL", "Evidence": "SOILMARK", "MaxLength": 19.9 }, "geometry": { "type": "Polygon", "coordinates": [ [ [ -0.464863989148227, 51.565805610826402 ], [ -0.46486531495875, 51.565804543723047 ], [ -0.464866172554198, 51.565804869664476 ], [ -0.464867482186359, 51.565805182635621 ], [ -0.464868669226899, 51.565805279991359 ], [ -0.464869483709647, 51.56580680041791 ], [ -0.464869808884444, 51.565808755056331 ], [ -0.464870786643197, 51.565811082410917 ], [ -0.464867646641708, 51.565816193805475 ], [ -0.464867209778633, 51.565820297477046 ], [ -0.464865120599528, 51.565827880156164 ], [ -0.464866484965576, 51.565832565798537 ], [ -0.464866812471347, 51.565836978905487 ], [ -0.464866483967717, 51.565840778263357 ], [ -0.464865404514594, 51.565845754754221 ], [ -0.464863852796656, 51.565853058515295 ], [ -0.464863480801015, 51.56586029138424 ], [ -0.464862400296835, 51.565865984531058 ], [ -0.464861539625289, 51.565870633873978 ], [ -0.464860190372789, 51.565874967497741 ], [ -0.464858130676051, 51.565880218013625 ], [ -0.464856146876858, 51.565886899264946 ], [ -0.464854213447968, 51.565887629309337 ], [ -0.464852017442329, 51.565887073646522 ], [ -0.464850598950103, 51.565886051573521 ], [ -0.464850380164662, 51.565881580540946 ], [ -0.464852044215338, 51.565877324770362 ], [ -0.464854061422772, 51.565870893936257 ], [ -0.464855261457649, 51.565864564813786 ], [ -0.46485717738363, 51.565859084917314 ], [ -0.464858603821409, 51.565854515811225 ], [ -0.464860431829673, 51.565848690367496 ], [ -0.464859704909513, 51.565845683794265 ], [ -0.464857938770621, 51.565840418301498 ], [ -0.464858394000767, 51.565836883170476 ], [ -0.464858558584456, 51.565831610562064 ], [ -0.464859186097573, 51.565825658811832 ], [ -0.4648625175372, 51.565816748065117 ], [ -0.464863111425461, 51.565810809363157 ], [ -0.464863495501353, 51.565806816503013 ], [ -0.464863989148227, 51.565805610826402 ] ] ] } },
{ "type": "Feature", "properties": { "_source_path": "C:\\Uni\\HS2\\HS2_ADS_GIS\\2025-11-24_HIS_HSTWO_CH_HERDS_Feature_Ply\\2025-11-24_HIS_HSTWO_CH_HERDS_Feature_Ply.shp", "_source_layer": "", "box_id": "box_05", "section": "HS2 Phase 1", "HS2_AssetI": null, "HS2_AssetN": null, "HS2_Suitab": "SC7", "HS2_Phase": "R1", "HS2_DocNum": "1MC04-SCJ-GI-GDD-SS05_SL08-000002", "HS2_DocRev": "C03", "HS2_RevDat": "2025-07-23T00:00:00", "HS2_Layer": "HIS_SCJ_1MC04_CH_HERDS_Feature_Ply", "Contract": "1MC04", "Originator": "SCJ", "CreatedAt": "2025-03-19T00:00:00", "LastEdited": "2025-06-19T00:00:00", "HS2_SupDoc": null, "FeatID": "1S21RSPCI_FTR_00288", "WSIIntID": "1S21RSPCI_INT_201", "MonType": "TREE THROW", "MonDesc": "TREE BOLE", "Period": "ROMAN", "PeriodPhas": 0, "PeriodSubP": "N/A", "PhaseDesc": null, "BuildMater": "EARTH", "ArchScienc": "HAND RETRIEVAL", "Evidence": "EXCAVATED FEATURE", "MaxLength": 2.66 }, "geometry": { "type": "Polygon", "coordinates": [ [ [ -0.464369065388575, 51.566028247892518 ], [ -0.464369009871059, 51.56603006716557 ], [ -0.464369018944629, 51.566031682264104 ], [ -0.464368834698237, 51.566033553805269 ], [ -0.464368069920035, 51.566036083164896 ], [ -0.464368232250804, 51.566037603154228 ], [ -0.464367914237769, 51.566039719328337 ], [ -0.464365884770462, 51.566042057692556 ], [ -0.464362849883456, 51.566043489985795 ], [ -0.46436001401512, 51.566043897086999 ], [ -0.464357013125272, 51.56604457718678 ], [ -0.464354372193031, 51.566044637046247 ], [ -0.464351961237557, 51.56604455154546 ], [ -0.464349732349255, 51.566044500798583 ], [ -0.4643469713285, 51.566043971003616 ], [ -0.464344756759277, 51.566043623704964 ], [ -0.46434319185694, 51.56604296478897 ], [ -0.464340615518902, 51.566042349288011 ], [ -0.464339097633381, 51.566041708072177 ], [ -0.464337539706964, 51.566040799267178 ], [ -0.464335091135582, 51.566039560487582 ], [ -0.464333283557312, 51.566039124097429 ], [ -0.464331959620966, 51.566038464737602 ], [ -0.464330539678867, 51.566037614388321 ], [ -0.464329012613934, 51.566036688902102 ], [ -0.464328030667442, 51.56603564286133 ], [ -0.464327851883823, 51.566034311490561 ], [ -0.464329257511507, 51.566033830822889 ], [ -0.464330786674667, 51.566033280734196 ], [ -0.464332770727973, 51.566033189799406 ], [ -0.464333906002452, 51.566033410574015 ], [ -0.464334673640847, 51.566033280342317 ], [ -0.464336183197667, 51.566033483534333 ], [ -0.464337138040825, 51.566033963617762 ], [ -0.464338380596725, 51.566033997861389 ], [ -0.464340412435686, 51.56603420159319 ], [ -0.464341198139514, 51.566033235333251 ], [ -0.464342036871634, 51.566032622257254 ], [ -0.464343540953446, 51.566032045763109 ], [ -0.46434399650298, 51.56603090073633 ], [ -0.464344623948254, 51.566029621279085 ], [ -0.464346203598054, 51.566028686090071 ], [ -0.464349637038934, 51.566027714911606 ], [ -0.464351746410449, 51.566027630112401 ], [ -0.464353427589641, 51.566027364364288 ], [ -0.46435491152638, 51.56602695755695 ], [ -0.464356942410122, 51.566026675702979 ], [ -0.464358689650142, 51.566026676085954 ], [ -0.464361154396324, 51.566026492527712 ], [ -0.464363357191275, 51.566026247093092 ], [ -0.464366298361144, 51.566026097644347 ], [ -0.464367931854736, 51.566026305155354 ], [ -0.4643692160045, 51.566026989172009 ], [ -0.464369065388575, 51.566028247892518 ] ] ] } },
{ "type": "Feature", "properties": { "_source_path": "C:\\Uni\\HS2\\HS2_ADS_GIS\\2025-11-24_HIS_HSTWO_CH_HERDS_Feature_Ply\\2025-11-24_HIS_HSTWO_CH_HERDS_Feature_Ply.shp", "_source_layer": "", "box_id": "box_05", "section": "HS2 Phase 1", "HS2_AssetI": null, "HS2_AssetN": null, "HS2_Suitab": "SC7", "HS2_Phase": "R1", "HS2_DocNum": "1MC04-SCJ-GI-GDD-SS05_SL08-000002", "HS2_DocRev": "C03", "HS2_RevDat": "2025-07-23T00:00:00", "HS2_Layer": "HIS_SCJ_1MC04_CH_HERDS_Feature_Ply", "Contract": "1MC04", "Originator": "SCJ", "CreatedAt": "2025-03-19T00:00:00", "LastEdited": "2025-06-19T00:00:00", "HS2_SupDoc": null, "FeatID": "1S21RSPCI_FTR_00086", "WSIIntID": "1S21RSPCI_INT_200", "MonType": "DITCH", "MonDesc": "OVERARCHING CURVILINEAR", "Period": "UNKNOWN", "PeriodPhas": 0, "PeriodSubP": "N/A", "PhaseDesc": null, "BuildMater": "EARTH", "ArchScienc": "HAND RETRIEVAL", "Evidence": "SOILMARK", "MaxLength": 7.5 }, "geometry": { "type": "Polygon", "coordinates": [ [ [ -0.459727710585981, 51.567830263136308 ], [ -0.459719053111037, 51.567834283175763 ], [ -0.459716719133161, 51.567831575596536 ], [ -0.459712305514481, 51.567828582649412 ], [ -0.459700318187529, 51.567822559775088 ], [ -0.459687153542711, 51.567815382148929 ], [ -0.459678631773543, 51.567809793216064 ], [ -0.45967607272207, 51.567805676318329 ], [ -0.459673836878769, 51.567795966083928 ], [ -0.459671644409279, 51.567783904986008 ], [ -0.459670361310375, 51.56777759727597 ], [ -0.459671908521824, 51.567776644638656 ], [ -0.459673026977275, 51.567777064861957 ], [ -0.459675053818277, 51.567778272126382 ], [ -0.459675361485244, 51.567781848723648 ], [ -0.459676233784937, 51.567787418186185 ], [ -0.45967873488719, 51.567795213888367 ], [ -0.459681719436067, 51.567801128495113 ], [ -0.45968877926805, 51.567808733150869 ], [ -0.459700328471817, 51.567815765483573 ], [ -0.459713505429706, 51.567820486629714 ], [ -0.459727710585981, 51.567830263136308 ] ] ] } },
{ "type": "Feature", "properties": { "_source_path": "C:\\Uni\\HS2\\HS2_ADS_GIS\\2025-11-24_HIS_HSTWO_CH_HERDS_Feature_Ply\\2025-11-24_HIS_HSTWO_CH_HERDS_Feature_Ply.shp", "_source_layer": "", "box_id": "box_05", "section": "HS2 Phase 1", "HS2_AssetI": null, "HS2_AssetN": null, "HS2_Suitab": "SC7", "HS2_Phase": "R1", "HS2_DocNum": "1MC04-SCJ-GI-GDD-SS05_SL08-000002", "HS2_DocRev": "C03", "HS2_RevDat": "2025-07-23T00:00:00", "HS2_Layer": "HIS_SCJ_1MC04_CH_HERDS_Feature_Ply", "Contract": "1MC04", "Originator": "SCJ", "CreatedAt": "2025-03-19T00:00:00", "LastEdited": "2025-06-19T00:00:00", "HS2_SupDoc": null, "FeatID": "1S21RSPCI_FTR_00292", "WSIIntID": "1S21RSPCI_INT_201", "MonType": "DITCH", "MonDesc": "OVERARCHING FEATURE NUMBER", "Period": "UNKNOWN", "PeriodPhas": 0, "PeriodSubP": "N/A", "PhaseDesc": null, "BuildMater": "EARTH", "ArchScienc": "HAND RETRIEVAL", "Evidence": "SOILMARK", "MaxLength": 14.0 }, "geometry": { "type": "Polygon", "coordinates": [ [ [ -0.464396557100015, 51.565774907421329 ], [ -0.464390938964551, 51.565781283935898 ], [ -0.464385100117564, 51.565787530773676 ], [ -0.464376751583782, 51.565795937942902 ], [ -0.464372514521316, 51.565799735611826 ], [ -0.464367106557841, 51.565802956852451 ], [ -0.464360167674489, 51.56580669488816 ], [ -0.464353622468606, 51.565809882363567 ], [ -0.464346153413017, 51.56581265490388 ], [ -0.464340703130896, 51.565813962971411 ], [ -0.46433895908701, 51.565812454655976 ], [ -0.464340130538699, 51.565810573552632 ], [ -0.464345795746723, 51.56580772525443 ], [ -0.464352220001477, 51.565803802441984 ], [ -0.464356978063237, 51.565800428824375 ], [ -0.464364827820998, 51.565796505781051 ], [ -0.464369719859545, 51.565791724855103 ], [ -0.464373203040107, 51.565787049584621 ], [ -0.464378344177883, 51.565780442026956 ], [ -0.464382296688439, 51.565774640793002 ], [ -0.464385469256365, 51.565773318205984 ], [ -0.464391292297497, 51.565771694895489 ], [ -0.464393572241809, 51.565772585271972 ], [ -0.464396557100015, 51.565774907421329 ] ] ] } },
{ "type": "Feature", "properties": { "_source_path": "C:\\Uni\\HS2\\HS2_ADS_GIS\\2025-11-24_HIS_HSTWO_CH_HERDS_Feature_Ply\\2025-11-24_HIS_HSTWO_CH_HERDS_Feature_Ply.shp", "_source_layer": "", "box_id": "box_05", "section": "HS2 Phase 1", "HS2_AssetI": null, "HS2_AssetN": null, "HS2_Suitab": "SC7", "HS2_Phase": "R1", "HS2_DocNum": "1MC04-SCJ-GI-GDD-SS05_SL08-000002", "HS2_DocRev": "C03", "HS2_RevDat": "2025-07-23T00:00:00", "HS2_Layer": "HIS_SCJ_1MC04_CH_HERDS_Feature_Ply", "Contract": "1MC04", "Originator": "SCJ", "CreatedAt": "2025-03-19T00:00:00", "LastEdited": "2025-06-19T00:00:00", "HS2_SupDoc": null, "FeatID": "1S21RSPCI_FTR_00321", "WSIIntID": "1S21RSPCI_INT_201", "MonType": "DITCH", "MonDesc": "CUT OF DITCH", "Period": "MEDIEVAL", "PeriodPhas": 0, "PeriodSubP": "N/A", "PhaseDesc": null, "BuildMater": "EARTH", "ArchScienc": "HAND RETRIEVAL", "Evidence": "EXCAVATED FEATURE", "MaxLength": 8.6 }, "geometry": { "type": "Polygon", "coordinates": [ [ [ -0.462432912115931, 51.565686583783183 ], [ -0.462426663366407, 51.565705060697745 ], [ -0.462399067731145, 51.56570319296533 ], [ -0.462406468602774, 51.565686918024781 ], [ -0.462432912115931, 51.565686583783183 ] ] ] } },
{ "type": "Feature", "properties": { "_source_path": "C:\\Uni\\HS2\\HS2_ADS_GIS\\2025-11-24_HIS_HSTWO_CH_HERDS_Feature_Ply\\2025-11-24_HIS_HSTWO_CH_HERDS_Feature_Ply.shp", "_source_layer": "", "box_id": "box_05", "section": "HS2 Phase 1", "HS2_AssetI": null, "HS2_AssetN": null, "HS2_Suitab": "SC7", "HS2_Phase": "R1", "HS2_DocNum": "1MC04-SCJ-GI-GDD-SS05_SL08-000002", "HS2_DocRev": "C03", "HS2_RevDat": "2025-07-23T00:00:00", "HS2_Layer": "HIS_SCJ_1MC04_CH_HERDS_Feature_Ply", "Contract": "1MC04", "Originator": "SCJ", "CreatedAt": "2025-03-19T00:00:00", "LastEdited": "2025-06-19T00:00:00", "HS2_SupDoc": null, "FeatID": "1S21RSPCI_FTR_00249", "WSIIntID": "1S21RSPCI_INT_201", "MonType": "DITCH", "MonDesc": "OVERARCHING PARENT NUMBER", "Period": "MEDIEVAL", "PeriodPhas": 0, "PeriodSubP": "N/A", "PhaseDesc": null, "BuildMater": "EARTH", "ArchScienc": "HAND RETRIEVAL", "Evidence": "SOILMARK", "MaxLength": 14.7 }, "geometry": { "type": "Polygon", "coordinates": [ [ [ -0.463621554931179, 51.565660510504102 ], [ -0.46363259469137, 51.565666392887159 ], [ -0.463644903468087, 51.565671010509099 ], [ -0.463659244175856, 51.56567326013586 ], [ -0.463673558243259, 51.565674716309466 ], [ -0.463681700328337, 51.565675990971791 ], [ -0.463689558408303, 51.565678200690215 ], [ -0.463689702588587, 51.565678118052006 ], [ -0.463691772280986, 51.565679466984228 ], [ -0.463691163830277, 51.565680567744103 ], [ -0.463689418317889, 51.565681543915098 ], [ -0.463682020080456, 51.56568097318074 ], [ -0.46366450654836, 51.565679496704199 ], [ -0.463649780988261, 51.565678006367769 ], [ -0.46363461599945, 51.565672773162568 ], [ -0.463620622351977, 51.565668659519325 ], [ -0.463610690240373, 51.565664416507509 ], [ -0.463606028530805, 51.565660392661833 ], [ -0.463621554931179, 51.565660510504102 ] ] ] } },
{ "type": "Feature", "properties": { "_source_path": "C:\\Uni\\HS2\\HS2_ADS_GIS\\2025-11-24_HIS_HSTWO_CH_HERDS_Feature_Ply\\2025-11-24_HIS_HSTWO_CH_HERDS_Feature_Ply.shp", "_source_layer": "", "box_id": "box_05", "section": "HS2 Phase 1", "HS2_AssetI": null, "HS2_AssetN": null, "HS2_Suitab": "SC7", "HS2_Phase": "R1", "HS2_DocNum": "1MC04-SCJ-GI-GDD-SS05_SL08-000002", "HS2_DocRev": "C03", "HS2_RevDat": "2025-07-23T00:00:00", "HS2_Layer": "HIS_SCJ_1MC04_CH_HERDS_Feature_Ply", "Contract": "1MC04", "Originator": "SCJ", "CreatedAt": "2025-03-19T00:00:00", "LastEdited": "2025-06-19T00:00:00", "HS2_SupDoc": null, "FeatID": "1S21RSPCI_FTR_00162", "WSIIntID": "1S21RSPCI_INT_201", "MonType": "PIT", "MonDesc": "MODERN PIT", "Period": "POST MEDIEVAL", "PeriodPhas": 0, "PeriodSubP": "N/A", "PhaseDesc": null, "BuildMater": "EARTH", "ArchScienc": "HAND RETRIEVAL", "Evidence": "EXCAVATED FEATURE", "MaxLength": 2.34 }, "geometry": { "type": "Polygon", "coordinates": [ [ [ -0.464946557557058, 51.565940208159148 ], [ -0.464960052626497, 51.565936425460023 ], [ -0.464966576883623, 51.565937543989811 ], [ -0.464973448168678, 51.565938168896515 ], [ -0.464977200912871, 51.565941211450095 ], [ -0.46498019216964, 51.565946986631353 ], [ -0.4649677914861, 51.565953403943119 ], [ -0.464952870514901, 51.565952442647635 ], [ -0.464945525472914, 51.565948533925308 ], [ -0.464941626461985, 51.565943579537141 ], [ -0.464946557557058, 51.565940208159148 ] ] ] } },
{ "type": "Feature", "properties": { "_source_path": "C:\\Uni\\HS2\\HS2_ADS_GIS\\2025-11-24_HIS_HSTWO_CH_HERDS_Feature_Ply\\2025-11-24_HIS_HSTWO_CH_HERDS_Feature_Ply.shp", "_source_layer": "", "box_id": "box_05", "section": "HS2 Phase 1", "HS2_AssetI": null, "HS2_AssetN": null, "HS2_Suitab": "SC7", "HS2_Phase": "R1", "HS2_DocNum": "1MC04-SCJ-GI-GDD-SS05_SL08-000002", "HS2_DocRev": "C03", "HS2_RevDat": "2025-07-23T00:00:00", "HS2_Layer": "HIS_SCJ_1MC04_CH_HERDS_Feature_Ply", "Contract": "1MC04", "Originator": "SCJ", "CreatedAt": "2025-03-19T00:00:00", "LastEdited": "2025-06-19T00:00:00", "HS2_SupDoc": null, "FeatID": "1S21RSPCI_FTR_00202", "WSIIntID": "1S21RSPCI_INT_201", "MonType": "PIT", "MonDesc": "POSSIBLE SHALLOW PIT OR NATURAL HOLLOW", "Period": "UNKNOWN", "PeriodPhas": 0, "PeriodSubP": "N/A", "PhaseDesc": null, "BuildMater": "EARTH", "ArchScienc": "HAND RETRIEVAL", "Evidence": "EXCAVATED FEATURE", "MaxLength": 9.2 }, "geometry": { "type": "Polygon", "coordinates": [ [ [ -0.464331523223703, 51.565600405629823 ], [ -0.464335893545059, 51.565600660644044 ], [ -0.464338427144509, 51.565602501208282 ], [ -0.464338706447948, 51.565607786818632 ], [ -0.464339135249056, 51.565613217359463 ], [ -0.464339760352881, 51.565617317840847 ], [ -0.464340144862363, 51.56562230718955 ], [ -0.464340127978296, 51.5656267913254 ], [ -0.464338697349344, 51.565628485598616 ], [ -0.464331154007067, 51.565629010041746 ], [ -0.464323042618398, 51.565624168662907 ], [ -0.464319609630185, 51.565619731102416 ], [ -0.464318853338335, 51.565614642471637 ], [ -0.464322068307659, 51.565609577032866 ], [ -0.464331523223703, 51.565600405629823 ] ] ] } },
{ "type": "Feature", "properties": { "_source_path": "C:\\Uni\\HS2\\HS2_ADS_GIS\\2025-11-24_HIS_HSTWO_CH_HERDS_Feature_Ply\\2025-11-24_HIS_HSTWO_CH_HERDS_Feature_Ply.shp", "_source_layer": "", "box_id": "box_05", "section": "HS2 Phase 1", "HS2_AssetI": null, "HS2_AssetN": null, "HS2_Suitab": "SC7", "HS2_Phase": "R1", "HS2_DocNum": "1MC04-SCJ-GI-GDD-SS05_SL08-000002", "HS2_DocRev": "C03", "HS2_RevDat": "2025-07-23T00:00:00", "HS2_Layer": "HIS_SCJ_1MC04_CH_HERDS_Feature_Ply", "Contract": "1MC04", "Originator": "SCJ", "CreatedAt": "2025-03-19T00:00:00", "LastEdited": "2025-06-19T00:00:00", "HS2_SupDoc": null, "FeatID": "1S21RSPCI_FTR_00251", "WSIIntID": "1S21RSPCI_INT_201", "MonType": "DITCH", "MonDesc": "OVERARCHING NUMBER FOR DITCH", "Period": "IRON AGE", "PeriodPhas": 0, "PeriodSubP": "N/A", "PhaseDesc": null, "BuildMater": "EARTH", "ArchScienc": "HAND RETRIEVAL", "Evidence": "SOILMARK", "MaxLength": 11.9 }, "geometry": { "type": "Polygon", "coordinates": [ [ [ -0.464542551153537, 51.565535201031054 ], [ -0.464539775155182, 51.565546082010506 ], [ -0.464536325575369, 51.565553315976018 ], [ -0.464534930272907, 51.565559872738461 ], [ -0.464534851191761, 51.565565732749967 ], [ -0.464535062361685, 51.565569315265094 ], [ -0.464535562320599, 51.565571049187533 ], [ -0.464535660867193, 51.5655725782335 ], [ -0.464535996842834, 51.565574297421477 ], [ -0.464535422803549, 51.565576733062507 ], [ -0.464534451633369, 51.56557785156113 ], [ -0.464533816296448, 51.565578551825382 ], [ -0.4645313745728, 51.56558032279279 ], [ -0.464529764784835, 51.565580525633592 ], [ -0.464528170426613, 51.565580313241554 ], [ -0.464526763216003, 51.56557929940503 ], [ -0.464525246519636, 51.565577937940404 ], [ -0.464524094774694, 51.565576493128233 ], [ -0.464523890772419, 51.565574368325159 ], [ -0.464524675789721, 51.565572051442636 ], [ -0.464526665042555, 51.565566494279366 ], [ -0.464529610699357, 51.565558115321913 ], [ -0.464528873176466, 51.565550284349719 ], [ -0.464529097778913, 51.565541689049077 ], [ -0.464530241397068, 51.565536050683207 ], [ -0.464542551153537, 51.565535201031054 ] ] ] } },
{ "type": "Feature", "properties": { "_source_path": "C:\\Uni\\HS2\\HS2_ADS_GIS\\2025-11-24_HIS_HSTWO_CH_HERDS_Feature_Ply\\2025-11-24_HIS_HSTWO_CH_HERDS_Feature_Ply.shp", "_source_layer": "", "box_id": "box_05", "section": "HS2 Phase 1", "HS2_AssetI": null, "HS2_AssetN": null, "HS2_Suitab": "SC7", "HS2_Phase": "R1", "HS2_DocNum": "1MC04-SCJ-GI-GDD-SS05_SL08-000002", "HS2_DocRev": "C03", "HS2_RevDat": "2025-07-23T00:00:00", "HS2_Layer": "HIS_SCJ_1MC04_CH_HERDS_Feature_Ply", "Contract": "1MC04", "Originator": "SCJ", "CreatedAt": "2025-03-19T00:00:00", "LastEdited": "2025-06-19T00:00:00", "HS2_SupDoc": null, "FeatID": "1S21RSPCI_FTR_00110", "WSIIntID": "1S21RSPCI_INT_200", "MonType": "DITCH", "MonDesc": "DITCH/GULLY", "Period": "UNKNOWN", "PeriodPhas": 0, "PeriodSubP": "N/A", "PhaseDesc": null, "BuildMater": "EARTH", "ArchScienc": "HAND RETRIEVAL", "Evidence": "EXCAVATED FEATURE", "MaxLength": 21.4 }, "geometry": { "type": "Polygon", "coordinates": [ [ [ -0.459750419338765, 51.567957225614883 ], [ -0.459754267779323, 51.567953459878566 ], [ -0.459752479827062, 51.567961621916069 ], [ -0.459753272248334, 51.56797322762143 ], [ -0.45975635857652, 51.567989111298075 ], [ -0.459758774924572, 51.568014018739952 ], [ -0.459758237728012, 51.568037516124129 ], [ -0.459758963630677, 51.568044557468582 ], [ -0.459758037967289, 51.568044665813936 ], [ -0.459757456731353, 51.568044359648077 ], [ -0.459756505891311, 51.568038082377072 ], [ -0.45975413231034, 51.568022754774255 ], [ -0.459750379814097, 51.568004381435891 ], [ -0.459750314017615, 51.567982502807496 ], [ -0.459750419338765, 51.567957225614883 ] ] ] } },
{ "type": "Feature", "properties": { "_source_path": "C:\\Uni\\HS2\\HS2_ADS_GIS\\2025-11-24_HIS_HSTWO_CH_HERDS_Feature_Ply\\2025-11-24_HIS_HSTWO_CH_HERDS_Feature_Ply.shp", "_source_layer": "", "box_id": "box_05", "section": "HS2 Phase 1", "HS2_AssetI": null, "HS2_AssetN": null, "HS2_Suitab": "SC7", "HS2_Phase": "R1", "HS2_DocNum": "1MC04-SCJ-GI-GDD-SS05_SL08-000002", "HS2_DocRev": "C03", "HS2_RevDat": "2025-07-23T00:00:00", "HS2_Layer": "HIS_SCJ_1MC04_CH_HERDS_Feature_Ply", "Contract": "1MC04", "Originator": "SCJ", "CreatedAt": "2025-03-19T00:00:00", "LastEdited": "2025-06-19T00:00:00", "HS2_SupDoc": null, "FeatID": "1S21RSPCI_FTR_00277", "WSIIntID": "1S21RSPCI_INT_201", "MonType": "PIT", "MonDesc": "CUT OF LARGE PIT [277].", "Period": "IRON AGE", "PeriodPhas": 0, "PeriodSubP": "N/A", "PhaseDesc": null, "BuildMater": "EARTH", "ArchScienc": "HAND RETRIEVAL", "Evidence": "EXCAVATED FEATURE", "MaxLength": 2.55 }, "geometry": { "type": "Polygon", "coordinates": [ [ [ -0.464494391521564, 51.565864329836678 ], [ -0.464495698673759, 51.565865401712145 ], [ -0.464497017761357, 51.565865862281477 ], [ -0.464498880245361, 51.565868095108428 ], [ -0.464497562418835, 51.565868453735256 ], [ -0.464496403905961, 51.565868880088843 ], [ -0.464495264195736, 51.565869562063867 ], [ -0.464494579956984, 51.565874626449776 ], [ -0.464494710299708, 51.565877053322566 ], [ -0.464495840757666, 51.565878230791235 ], [ -0.464496323669757, 51.565879314362448 ], [ -0.464497508268791, 51.565879912549512 ], [ -0.464496589210297, 51.565881068597228 ], [ -0.464495547420169, 51.565882441546954 ], [ -0.464494702240766, 51.565883374658199 ], [ -0.464492006796269, 51.565884324923829 ], [ -0.46448913407455, 51.565884027465053 ], [ -0.464488214911544, 51.565884072987906 ], [ -0.464485953531351, 51.565883402263289 ], [ -0.464483459560704, 51.565882997358884 ], [ -0.464481171792694, 51.565882124866022 ], [ -0.464479881503486, 51.565881023537116 ], [ -0.46447830704929, 51.565879320515968 ], [ -0.464476960011463, 51.565877376784648 ], [ -0.46447643199049, 51.565875405103618 ], [ -0.464475951465987, 51.565874036514252 ], [ -0.4644761601942, 51.565872979976824 ], [ -0.464475789337495, 51.56587195362269 ], [ -0.464475700232756, 51.565870401320844 ], [ -0.464475142997266, 51.565869168407559 ], [ -0.464476232765171, 51.565867698971182 ], [ -0.464476717390561, 51.565866333118848 ], [ -0.464478356586536, 51.565864914932611 ], [ -0.464479404209486, 51.565864225458398 ], [ -0.464481407588159, 51.565863731928246 ], [ -0.464482963186025, 51.565863638981746 ], [ -0.464485108320552, 51.56586360590304 ], [ -0.464486448379006, 51.565863486756889 ], [ -0.464494391521564, 51.565864329836678 ] ] ] } },
{ "type": "Feature", "properties": { "_source_path": "C:\\Uni\\HS2\\HS2_ADS_GIS\\2025-11-24_HIS_HSTWO_CH_HERDS_Feature_Ply\\2025-11-24_HIS_HSTWO_CH_HERDS_Feature_Ply.shp", "_source_layer": "", "box_id": "box_05", "section": "HS2 Phase 1", "HS2_AssetI": null, "HS2_AssetN": null, "HS2_Suitab": "SC7", "HS2_Phase": "R1", "HS2_DocNum": "1MC04-SCJ-GI-GDD-SS05_SL08-000002", "HS2_DocRev": "C03", "HS2_RevDat": "2025-07-23T00:00:00", "HS2_Layer": "HIS_SCJ_1MC04_CH_HERDS_Feature_Ply", "Contract": "1MC04", "Originator": "SCJ", "CreatedAt": "2025-03-19T00:00:00", "LastEdited": "2025-06-19T00:00:00", "HS2_SupDoc": null, "FeatID": "1S21RSPCI_FTR_00211", "WSIIntID": "1S21RSPCI_INT_201", "MonType": "PIT", "MonDesc": "CUT OF POSSIBLE PIT", "Period": "UNKNOWN", "PeriodPhas": 0, "PeriodSubP": "N/A", "PhaseDesc": null, "BuildMater": "EARTH", "ArchScienc": "HAND RETRIEVAL", "Evidence": "EXCAVATED FEATURE", "MaxLength": 7.7 }, "geometry": { "type": "Polygon", "coordinates": [ [ [ -0.464372698089723, 51.565780153235721 ], [ -0.464378918338739, 51.565779544935424 ], [ -0.464384908023777, 51.565782268785036 ], [ -0.46438941904474, 51.565787341803137 ], [ -0.46438951837465, 51.565791502844995 ], [ -0.464384943755171, 51.565794485010635 ], [ -0.46437981833305, 51.565797156935226 ], [ -0.464375112287977, 51.565798429782326 ], [ -0.464367997511099, 51.56579689615053 ], [ -0.464363621143369, 51.565793136839908 ], [ -0.464362995105299, 51.565789492245692 ], [ -0.464365271272583, 51.56578608345373 ], [ -0.46436784557083, 51.565782133642031 ], [ -0.464372698089723, 51.565780153235721 ] ] ] } },
{ "type": "Feature", "properties": { "_source_path": "C:\\Uni\\HS2\\HS2_ADS_GIS\\2025-11-24_HIS_HSTWO_CH_HERDS_Feature_Ply\\2025-11-24_HIS_HSTWO_CH_HERDS_Feature_Ply.shp", "_source_layer": "", "box_id": "box_05", "section": "HS2 Phase 1", "HS2_AssetI": null, "HS2_AssetN": null, "HS2_Suitab": "SC7", "HS2_Phase": "R1", "HS2_DocNum": "1MC04-SCJ-GI-GDD-SS05_SL08-000002", "HS2_DocRev": "C03", "HS2_RevDat": "2025-07-23T00:00:00", "HS2_Layer": "HIS_SCJ_1MC04_CH_HERDS_Feature_Ply", "Contract": "1MC04", "Originator": "SCJ", "CreatedAt": "2025-03-19T00:00:00", "LastEdited": "2025-06-19T00:00:00", "HS2_SupDoc": null, "FeatID": "1S21RSPCI_FTR_00354", "WSIIntID": "1S21RSPCI_INT_201", "MonType": "DITCH", "MonDesc": "OVERARCHING NUMBER OF LATER ROUNDHOUSE GULLY RECUT.", "Period": "IRON AGE", "PeriodPhas": 0, "PeriodSubP": "N/A", "PhaseDesc": null, "BuildMater": "EARTH", "ArchScienc": "HAND RETRIEVAL", "Evidence": "SOILMARK", "MaxLength": 7.3 }, "geometry": { "type": "Polygon", "coordinates": [ [ [ -0.464329784630826, 51.566160241361807 ], [ -0.46433297871423, 51.566155454404544 ], [ -0.464333593247364, 51.56615036123204 ], [ -0.464332661912711, 51.566147984124768 ], [ -0.464326383055943, 51.566139623842233 ], [ -0.464324595282472, 51.566131918503658 ], [ -0.4643199374452, 51.566125763611993 ], [ -0.464307095420067, 51.566120523125889 ], [ -0.46429977001516, 51.566120443452988 ], [ -0.464294602843644, 51.566121526824062 ], [ -0.464291085370183, 51.566123707236947 ], [ -0.464287884585387, 51.566124025035492 ], [ -0.464286544756395, 51.566122895180776 ], [ -0.464286284647299, 51.566121536668682 ], [ -0.464294074383622, 51.566117812469024 ], [ -0.464302058626089, 51.566115723778111 ], [ -0.464311412511957, 51.566116449550137 ], [ -0.464323901490477, 51.566122875968986 ], [ -0.464328707790537, 51.566129463524469 ], [ -0.464329344532276, 51.566136302249909 ], [ -0.464334635027886, 51.566143549866219 ], [ -0.464338334743632, 51.566150392703776 ], [ -0.464337551323295, 51.566157329742865 ], [ -0.464334906887944, 51.566162375671269 ], [ -0.464332347701012, 51.566163477884245 ], [ -0.464329879547043, 51.566162991486451 ], [ -0.464329065156372, 51.566161854120516 ], [ -0.464329784630826, 51.566160241361807 ] ] ] } },
{ "type": "Feature", "properties": { "_source_path": "C:\\Uni\\HS2\\HS2_ADS_GIS\\2025-11-24_HIS_HSTWO_CH_HERDS_Feature_Ply\\2025-11-24_HIS_HSTWO_CH_HERDS_Feature_Ply.shp", "_source_layer": "", "box_id": "box_05", "section": "HS2 Phase 1", "HS2_AssetI": null, "HS2_AssetN": null, "HS2_Suitab": "SC7", "HS2_Phase": "R1", "HS2_DocNum": "1MC04-SCJ-GI-GDD-SS05_SL08-000002", "HS2_DocRev": "C03", "HS2_RevDat": "2025-07-23T00:00:00", "HS2_Layer": "HIS_SCJ_1MC04_CH_HERDS_Feature_Ply", "Contract": "1MC04", "Originator": "SCJ", "CreatedAt": "2025-03-19T00:00:00", "LastEdited": "2025-06-19T00:00:00", "HS2_SupDoc": null, "FeatID": "1S21RSPCI_FTR_00268", "WSIIntID": "1S21RSPCI_INT_201", "MonType": "DITCH", "MonDesc": "SLOT IN DITCH", "Period": "ROMAN", "PeriodPhas": 0, "PeriodSubP": "N/A", "PhaseDesc": null, "BuildMater": "EARTH", "ArchScienc": "HAND RETRIEVAL", "Evidence": "EXCAVATED FEATURE", "MaxLength": 11.0 }, "geometry": { "type": "Polygon", "coordinates": [ [ [ -0.464736653796413, 51.566029143037859 ], [ -0.464717311936439, 51.566026256220418 ], [ -0.464721594311639, 51.566009461062805 ], [ -0.464742846780387, 51.566013109326633 ], [ -0.464736653796413, 51.566029143037859 ] ] ] } },
{ "type": "Feature", "properties": { "_source_path": "C:\\Uni\\HS2\\HS2_ADS_GIS\\2025-11-24_HIS_HSTWO_CH_HERDS_Feature_Ply\\2025-11-24_HIS_HSTWO_CH_HERDS_Feature_Ply.shp", "_source_layer": "", "box_id": "box_05", "section": "HS2 Phase 1", "HS2_AssetI": null, "HS2_AssetN": null, "HS2_Suitab": "SC7", "HS2_Phase": "R1", "HS2_DocNum": "1MC04-SCJ-GI-GDD-SS05_SL08-000002", "HS2_DocRev": "C03", "HS2_RevDat": "2025-07-23T00:00:00", "HS2_Layer": "HIS_SCJ_1MC04_CH_HERDS_Feature_Ply", "Contract": "1MC04", "Originator": "SCJ", "CreatedAt": "2025-03-19T00:00:00", "LastEdited": "2025-06-19T00:00:00", "HS2_SupDoc": null, "FeatID": "1S21RSPCI_FTR_00254", "WSIIntID": "1S21RSPCI_INT_201", "MonType": "DITCH", "MonDesc": "OVERARCHING PARENT NUMBER OF GULLY", "Period": "IRON AGE", "PeriodPhas": 0, "PeriodSubP": "N/A", "PhaseDesc": null, "BuildMater": "EARTH", "ArchScienc": "HAND RETRIEVAL", "Evidence": "SOILMARK", "MaxLength": 11.9 }, "geometry": { "type": "Polygon", "coordinates": [ [ [ -0.464978092243696, 51.565783636694412 ], [ -0.464970880553785, 51.565783309469651 ], [ -0.464962954709539, 51.565783366756776 ], [ -0.464956644687371, 51.565781928212786 ], [ -0.464946164071323, 51.565780815481268 ], [ -0.464935894240407, 51.565781455367087 ], [ -0.464926334622069, 51.565781613573762 ], [ -0.464918462475966, 51.565782732627191 ], [ -0.464911622138768, 51.565783288783678 ], [ -0.464905836733459, 51.565783452296429 ], [ -0.46490395930734, 51.565782519537073 ], [ -0.464903982142796, 51.565781670083062 ], [ -0.46490524673889, 51.565781006822675 ], [ -0.464907865779514, 51.565780354085653 ], [ -0.464915448159133, 51.565780598939853 ], [ -0.464927998932368, 51.565777478299502 ], [ -0.464936198115907, 51.565777230360929 ], [ -0.464943112976894, 51.565776260642345 ], [ -0.464954467407438, 51.565777474724797 ], [ -0.464969138203912, 51.56577887965507 ], [ -0.46497603160509, 51.56577927555265 ], [ -0.464978092243696, 51.565783636694412 ] ] ] } },
{ "type": "Feature", "properties": { "_source_path": "C:\\Uni\\HS2\\HS2_ADS_GIS\\2025-11-24_HIS_HSTWO_CH_HERDS_Feature_Ply\\2025-11-24_HIS_HSTWO_CH_HERDS_Feature_Ply.shp", "_source_layer": "", "box_id": "box_05", "section": "HS2 Phase 1", "HS2_AssetI": null, "HS2_AssetN": null, "HS2_Suitab": "SC7", "HS2_Phase": "R1", "HS2_DocNum": "1MC04-SCJ-GI-GDD-SS05_SL08-000002", "HS2_DocRev": "C03", "HS2_RevDat": "2025-07-23T00:00:00", "HS2_Layer": "HIS_SCJ_1MC04_CH_HERDS_Feature_Ply", "Contract": "1MC04", "Originator": "SCJ", "CreatedAt": "2025-03-19T00:00:00", "LastEdited": "2025-06-19T00:00:00", "HS2_SupDoc": null, "FeatID": "1S21RSPCI_FTR_00185", "WSIIntID": "1S21RSPCI_INT_201", "MonType": "PIT", "MonDesc": "CUT OF PIT", "Period": "UNKNOWN", "PeriodPhas": 0, "PeriodSubP": "N/A", "PhaseDesc": null, "BuildMater": "EARTH", "ArchScienc": "HAND RETRIEVAL", "Evidence": "EXCAVATED FEATURE", "MaxLength": 6.4 }, "geometry": { "type": "Polygon", "coordinates": [ [ [ -0.464646994733938, 51.565543409587441 ], [ -0.464645761118069, 51.565545252113772 ], [ -0.464645336194822, 51.565547116010606 ], [ -0.464645152308784, 51.56554880591672 ], [ -0.464645405127804, 51.565551452000442 ], [ -0.464644251422722, 51.565553449336981 ], [ -0.464641274401286, 51.565554578461651 ], [ -0.464638034001984, 51.565555002757193 ], [ -0.464634535140611, 51.565555004639684 ], [ -0.464630828576577, 51.565554533518203 ], [ -0.464627041726785, 51.565552547977006 ], [ -0.464624280899832, 51.565550770987649 ], [ -0.464621985656476, 51.565548750109336 ], [ -0.464621403744005, 51.565546493573677 ], [ -0.464621103866347, 51.565544944808764 ], [ -0.464621012530353, 51.565542816084623 ], [ -0.464621362288499, 51.565541042024577 ], [ -0.464646994733938, 51.565543409587441 ] ] ] } },
{ "type": "Feature", "properties": { "_source_path": "C:\\Uni\\HS2\\HS2_ADS_GIS\\2025-11-24_HIS_HSTWO_CH_HERDS_Feature_Ply\\2025-11-24_HIS_HSTWO_CH_HERDS_Feature_Ply.shp", "_source_layer": "", "box_id": "box_05", "section": "HS2 Phase 1", "HS2_AssetI": null, "HS2_AssetN": null, "HS2_Suitab": "SC7", "HS2_Phase": "R1", "HS2_DocNum": "1MC04-SCJ-GI-GDD-SS05_SL08-000002", "HS2_DocRev": "C03", "HS2_RevDat": "2025-07-23T00:00:00", "HS2_Layer": "HIS_SCJ_1MC04_CH_HERDS_Feature_Ply", "Contract": "1MC04", "Originator": "SCJ", "CreatedAt": "2025-03-19T00:00:00", "LastEdited": "2025-06-19T00:00:00", "HS2_SupDoc": null, "FeatID": "1S21RSPCI_FTR_00301", "WSIIntID": "1S21RSPCI_INT_201", "MonType": "DITCH", "MonDesc": "SLOT IN LINEAR", "Period": "ROMAN", "PeriodPhas": 0, "PeriodSubP": "N/A", "PhaseDesc": null, "BuildMater": "EARTH", "ArchScienc": "HAND RETRIEVAL", "Evidence": "EXCAVATED FEATURE", "MaxLength": 6.5 }, "geometry": { "type": "Polygon", "coordinates": [ [ [ -0.464619565131511, 51.566015981741316 ], [ -0.464617832425916, 51.5660323840278 ], [ -0.464610078431042, 51.56603055070422 ], [ -0.464605289765417, 51.566028793043785 ], [ -0.464601156448012, 51.566027882919464 ], [ -0.46459897967808, 51.566025171199861 ], [ -0.464598298346595, 51.566023595863356 ], [ -0.464598598153401, 51.566022019875199 ], [ -0.464599831608231, 51.566020396754411 ], [ -0.464601706333307, 51.566018625561085 ], [ -0.464603632902414, 51.5660170285934 ], [ -0.464607114710931, 51.56601534946337 ], [ -0.464610564078027, 51.566015404483402 ], [ -0.464615364574543, 51.566015654324545 ], [ -0.464619565131511, 51.566015981741316 ] ] ] } },
{ "type": "Feature", "properties": { "_source_path": "C:\\Uni\\HS2\\HS2_ADS_GIS\\2025-11-24_HIS_HSTWO_CH_HERDS_Feature_Ply\\2025-11-24_HIS_HSTWO_CH_HERDS_Feature_Ply.shp", "_source_layer": "", "box_id": "box_05", "section": "HS2 Phase 1", "HS2_AssetI": null, "HS2_AssetN": null, "HS2_Suitab": "SC7", "HS2_Phase": "R1", "HS2_DocNum": "1MC04-SCJ-GI-GDD-SS05_SL08-000002", "HS2_DocRev": "C03", "HS2_RevDat": "2025-07-23T00:00:00", "HS2_Layer": "HIS_SCJ_1MC04_CH_HERDS_Feature_Ply", "Contract": "1MC04", "Originator": "SCJ", "CreatedAt": "2025-03-19T00:00:00", "LastEdited": "2025-06-19T00:00:00", "HS2_SupDoc": null, "FeatID": "1S21RSPCI_FTR_00119", "WSIIntID": "1S21RSPCI_INT_200", "MonType": "PIT", "MonDesc": "PIT", "Period": "MEDIEVAL", "PeriodPhas": 0, "PeriodSubP": "N/A", "PhaseDesc": null, "BuildMater": "EARTH", "ArchScienc": "HAND RETRIEVAL", "Evidence": "EXCAVATED FEATURE", "MaxLength": 2.2 }, "geometry": { "type": "Polygon", "coordinates": [ [ [ -0.460263446923825, 51.567907250833507 ], [ -0.460265607275936, 51.567903865778611 ], [ -0.460270935407899, 51.567902853035598 ], [ -0.460277100539599, 51.567902477123418 ], [ -0.4602839526023, 51.567902439333992 ], [ -0.460289677335232, 51.56790267090399 ], [ -0.460294689026036, 51.56790384987751 ], [ -0.460296751702715, 51.567905406494468 ], [ -0.460296276114771, 51.567907397398884 ], [ -0.460295400783217, 51.567908963127941 ], [ -0.460291376739661, 51.567910752813397 ], [ -0.460284023095622, 51.567911415267538 ], [ -0.46027919749958, 51.567911903171648 ], [ -0.460273750814382, 51.567912282215445 ], [ -0.460269094779628, 51.567911722966457 ], [ -0.460265832722363, 51.56791068923954 ], [ -0.460264225627152, 51.567909186257374 ], [ -0.460263446923825, 51.567907250833507 ] ] ] } },
{ "type": "Feature", "properties": { "_source_path": "C:\\Uni\\HS2\\HS2_ADS_GIS\\2025-11-24_HIS_HSTWO_CH_HERDS_Feature_Ply\\2025-11-24_HIS_HSTWO_CH_HERDS_Feature_Ply.shp", "_source_layer": "", "box_id": "box_05", "section": "HS2 Phase 1", "HS2_AssetI": null, "HS2_AssetN": null, "HS2_Suitab": "SC7", "HS2_Phase": "R1", "HS2_DocNum": "1MC04-SCJ-GI-GDD-SS05_SL08-000002", "HS2_DocRev": "C03", "HS2_RevDat": "2025-07-23T00:00:00", "HS2_Layer": "HIS_SCJ_1MC04_CH_HERDS_Feature_Ply", "Contract": "1MC04", "Originator": "SCJ", "CreatedAt": "2025-03-19T00:00:00", "LastEdited": "2025-06-19T00:00:00", "HS2_SupDoc": null, "FeatID": "1S21RSPCI_FTR_00182", "WSIIntID": "1S21RSPCI_INT_201", "MonType": "PIT", "MonDesc": "PIT", "Period": "IRON AGE", "PeriodPhas": 0, "PeriodSubP": "N/A", "PhaseDesc": null, "BuildMater": "EARTH", "ArchScienc": "HAND RETRIEVAL", "Evidence": "EXCAVATED FEATURE", "MaxLength": 6.4 }, "geometry": { "type": "Polygon", "coordinates": [ [ [ -0.464573897040234, 51.565693100463037 ], [ -0.464575063539975, 51.565696548905983 ], [ -0.464571015257273, 51.565700311285092 ], [ -0.464565360700913, 51.565702501512263 ], [ -0.464560413862152, 51.565702699358859 ], [ -0.464555886037637, 51.565700780553584 ], [ -0.464553524004001, 51.565698857713159 ], [ -0.464552601385374, 51.5656966929349 ], [ -0.464551554373396, 51.565692909750823 ], [ -0.464553032204036, 51.565690370835902 ], [ -0.464556607031669, 51.565688371007539 ], [ -0.464560334256613, 51.565688100553935 ], [ -0.464564332987092, 51.565687651113038 ], [ -0.464567589768388, 51.565688411292435 ], [ -0.464570623202105, 51.565690190950498 ], [ -0.464571880766651, 51.565691535535976 ], [ -0.464573897040234, 51.565693100463037 ] ] ] } },
{ "type": "Feature", "properties": { "_source_path": "C:\\Uni\\HS2\\HS2_ADS_GIS\\2025-11-24_HIS_HSTWO_CH_HERDS_Feature_Ply\\2025-11-24_HIS_HSTWO_CH_HERDS_Feature_Ply.shp", "_source_layer": "", "box_id": "box_05", "section": "HS2 Phase 1", "HS2_AssetI": null, "HS2_AssetN": null, "HS2_Suitab": "SC7", "HS2_Phase": "R1", "HS2_DocNum": "1MC04-SCJ-GI-GDD-SS05_SL08-000002", "HS2_DocRev": "C03", "HS2_RevDat": "2025-07-23T00:00:00", "HS2_Layer": "HIS_SCJ_1MC04_CH_HERDS_Feature_Ply", "Contract": "1MC04", "Originator": "SCJ", "CreatedAt": "2025-03-19T00:00:00", "LastEdited": "2025-06-19T00:00:00", "HS2_SupDoc": null, "FeatID": "1S21RSPCI_FTR_00340", "WSIIntID": "1S21RSPCI_INT_201", "MonType": "PIT", "MonDesc": "SHALLOW PIT", "Period": "IRON AGE", "PeriodPhas": 0, "PeriodSubP": "N/A", "PhaseDesc": null, "BuildMater": "EARTH", "ArchScienc": "HAND RETRIEVAL", "Evidence": "EXCAVATED FEATURE", "MaxLength": 1.68 }, "geometry": { "type": "Polygon", "coordinates": [ [ [ -0.46465794812537, 51.566155807378451 ], [ -0.464654297985521, 51.566154559180227 ], [ -0.464654024570886, 51.566151839092186 ], [ -0.464653940230767, 51.566148303197423 ], [ -0.464654850821684, 51.566146541869934 ], [ -0.464658848867302, 51.566145514225191 ], [ -0.464662407958955, 51.566143725501824 ], [ -0.464666282937476, 51.566143524418472 ], [ -0.464670246404492, 51.566143780391677 ], [ -0.464673825327185, 51.566145772202908 ], [ -0.464676744478365, 51.566148589848645 ], [ -0.464678167729421, 51.566150884366941 ], [ -0.464678853841559, 51.566153174636796 ], [ -0.464678115992368, 51.566155376139235 ], [ -0.464672619390482, 51.566156516363364 ], [ -0.46465794812537, 51.566155807378451 ] ] ] } },
{ "type": "Feature", "properties": { "_source_path": "C:\\Uni\\HS2\\HS2_ADS_GIS\\2025-11-24_HIS_HSTWO_CH_HERDS_Feature_Ply\\2025-11-24_HIS_HSTWO_CH_HERDS_Feature_Ply.shp", "_source_layer": "", "box_id": "box_05", "section": "HS2 Phase 1", "HS2_AssetI": null, "HS2_AssetN": null, "HS2_Suitab": "SC7", "HS2_Phase": "R1", "HS2_DocNum": "1MC04-SCJ-GI-GDD-SS05_SL08-000002", "HS2_DocRev": "C03", "HS2_RevDat": "2025-07-23T00:00:00", "HS2_Layer": "HIS_SCJ_1MC04_CH_HERDS_Feature_Ply", "Contract": "1MC04", "Originator": "SCJ", "CreatedAt": "2025-03-19T00:00:00", "LastEdited": "2025-06-19T00:00:00", "HS2_SupDoc": null, "FeatID": "1S21RSPCI_FTR_00222", "WSIIntID": "1S21RSPCI_INT_201", "MonType": "DITCH", "MonDesc": "CUT OF A GULLY", "Period": "ROMAN", "PeriodPhas": 0, "PeriodSubP": "N/A", "PhaseDesc": null, "BuildMater": "EARTH", "ArchScienc": "HAND RETRIEVAL", "Evidence": "SOILMARK", "MaxLength": 6.0 }, "geometry": { "type": "Polygon", "coordinates": [ [ [ -0.464652471881829, 51.566026593105668 ], [ -0.464647591964118, 51.566029686386081 ], [ -0.464643070336745, 51.566031609087304 ], [ -0.464639010744787, 51.566034849779392 ], [ -0.464634126787901, 51.566038576948884 ], [ -0.464629860158794, 51.566041667461704 ], [ -0.464624970021328, 51.56604287946179 ], [ -0.464620655793609, 51.566043870597198 ], [ -0.464617326216383, 51.566043814447077 ], [ -0.464613175249832, 51.566043299744337 ], [ -0.464612437345205, 51.566040062828336 ], [ -0.464615285924057, 51.566037522063851 ], [ -0.464619161821268, 51.566033095609932 ], [ -0.464628719546875, 51.566031967156547 ], [ -0.464639063352271, 51.566030375103367 ], [ -0.464646467506779, 51.566028630390676 ], [ -0.464650669440214, 51.566027332054055 ], [ -0.464652471881829, 51.566026593105668 ] ] ] } },
{ "type": "Feature", "properties": { "_source_path": "C:\\Uni\\HS2\\HS2_ADS_GIS\\2025-11-24_HIS_HSTWO_CH_HERDS_Feature_Ply\\2025-11-24_HIS_HSTWO_CH_HERDS_Feature_Ply.shp", "_source_layer": "", "box_id": "box_05", "section": "HS2 Phase 1", "HS2_AssetI": null, "HS2_AssetN": null, "HS2_Suitab": "SC7", "HS2_Phase": "R1", "HS2_DocNum": "1MC04-SCJ-GI-GDD-SS05_SL08-000002", "HS2_DocRev": "C03", "HS2_RevDat": "2025-07-23T00:00:00", "HS2_Layer": "HIS_SCJ_1MC04_CH_HERDS_Feature_Ply", "Contract": "1MC04", "Originator": "SCJ", "CreatedAt": "2025-03-19T00:00:00", "LastEdited": "2025-06-19T00:00:00", "HS2_SupDoc": null, "FeatID": "1S21RSPCI_FTR_00121", "WSIIntID": "1S21RSPCI_INT_200", "MonType": "DITCH", "MonDesc": "OVERARCHING FEATURE NUMBER", "Period": "MEDIEVAL", "PeriodPhas": 0, "PeriodSubP": "N/A", "PhaseDesc": null, "BuildMater": "EARTH", "ArchScienc": "HAND RETRIEVAL", "Evidence": "SOILMARK", "MaxLength": 6.0 }, "geometry": { "type": "Polygon", "coordinates": [ [ [ -0.460469123859399, 51.568118951467781 ], [ -0.460437596312934, 51.568129645809826 ], [ -0.460411702328876, 51.56813874331791 ], [ -0.460397939108632, 51.568144538906068 ], [ -0.460392527791043, 51.568141905169028 ], [ -0.460415720972621, 51.568133782046203 ], [ -0.460443163578279, 51.568125185030588 ], [ -0.460469636432369, 51.568115395524543 ], [ -0.460469123859399, 51.568118951467781 ] ] ] } },
{ "type": "Feature", "properties": { "_source_path": "C:\\Uni\\HS2\\HS2_ADS_GIS\\2025-11-24_HIS_HSTWO_CH_HERDS_Feature_Ply\\2025-11-24_HIS_HSTWO_CH_HERDS_Feature_Ply.shp", "_source_layer": "", "box_id": "box_05", "section": "HS2 Phase 1", "HS2_AssetI": null, "HS2_AssetN": null, "HS2_Suitab": "SC7", "HS2_Phase": "R1", "HS2_DocNum": "1MC04-SCJ-GI-GDD-SS05_SL08-000002", "HS2_DocRev": "C03", "HS2_RevDat": "2025-07-23T00:00:00", "HS2_Layer": "HIS_SCJ_1MC04_CH_HERDS_Feature_Ply", "Contract": "1MC04", "Originator": "SCJ", "CreatedAt": "2025-03-19T00:00:00", "LastEdited": "2025-06-19T00:00:00", "HS2_SupDoc": null, "FeatID": "1S21RSPCI_FTR_00108", "WSIIntID": "1S21RSPCI_INT_200", "MonType": "NATURAL FEATURE", "MonDesc": "CUT OF WALLOW/NATURAL DEPRESSION", "Period": "UNKNOWN", "PeriodPhas": 0, "PeriodSubP": "N/A", "PhaseDesc": null, "BuildMater": "EARTH", "ArchScienc": "HAND RETRIEVAL", "Evidence": "EXCAVATED FEATURE", "MaxLength": 2.45 }, "geometry": { "type": "Polygon", "coordinates": [ [ [ -0.459865943134447, 51.567823965535091 ], [ -0.459871672393016, 51.567822525554625 ], [ -0.459877203235746, 51.567824053957906 ], [ -0.459878925624896, 51.567826585355654 ], [ -0.459879322492232, 51.567829145217829 ], [ -0.459877510846183, 51.567830920761054 ], [ -0.45987615070621, 51.567833297506155 ], [ -0.459874604083144, 51.567836794916502 ], [ -0.459872241135385, 51.567840666475533 ], [ -0.4598668044581, 51.567841304604073 ], [ -0.459863839799774, 51.567840821488126 ], [ -0.459860787977595, 51.567839416437749 ], [ -0.459860147332451, 51.567836299463295 ], [ -0.45986242819262, 51.567830928744335 ], [ -0.459865789759437, 51.567827180893573 ], [ -0.459865943134447, 51.567823965535091 ] ] ] } },
{ "type": "Feature", "properties": { "_source_path": "C:\\Uni\\HS2\\HS2_ADS_GIS\\2025-11-24_HIS_HSTWO_CH_HERDS_Feature_Ply\\2025-11-24_HIS_HSTWO_CH_HERDS_Feature_Ply.shp", "_source_layer": "", "box_id": "box_05", "section": "HS2 Phase 1", "HS2_AssetI": null, "HS2_AssetN": null, "HS2_Suitab": "SC7", "HS2_Phase": "R1", "HS2_DocNum": "1MC04-SCJ-GI-GDD-SS05_SL08-000002", "HS2_DocRev": "C03", "HS2_RevDat": "2025-07-23T00:00:00", "HS2_Layer": "HIS_SCJ_1MC04_CH_HERDS_Feature_Ply", "Contract": "1MC04", "Originator": "SCJ", "CreatedAt": "2025-03-19T00:00:00", "LastEdited": "2025-06-19T00:00:00", "HS2_SupDoc": null, "FeatID": "1S21RSPCI_FTR_00195", "WSIIntID": "1S21RSPCI_INT_201", "MonType": "PIT", "MonDesc": "POSSIBLE PIT", "Period": "UNKNOWN", "PeriodPhas": 0, "PeriodSubP": "N/A", "PhaseDesc": null, "BuildMater": "EARTH", "ArchScienc": "HAND RETRIEVAL", "Evidence": "EXCAVATED FEATURE", "MaxLength": 1.8 }, "geometry": { "type": "Polygon", "coordinates": [ [ [ -0.464778938090297, 51.565965066434593 ], [ -0.464779232312132, 51.565961299899293 ], [ -0.464781072905618, 51.565958057150361 ], [ -0.464782854046146, 51.565955979898014 ], [ -0.464786164147492, 51.565955200423318 ], [ -0.46478898052049, 51.565955457572464 ], [ -0.464791688740363, 51.56595626991718 ], [ -0.464793696952455, 51.565958546009313 ], [ -0.464795051635556, 51.565961933966904 ], [ -0.464795862483907, 51.565966561114195 ], [ -0.46479447686847, 51.565968975349051 ], [ -0.464793121227841, 51.565970713770675 ], [ -0.464790975615704, 51.565972388804809 ], [ -0.464788564696832, 51.565973244785496 ], [ -0.464786138418178, 51.56597352866816 ], [ -0.4647840346272, 51.565972462560381 ], [ -0.464782166563551, 51.565970480544479 ], [ -0.464780125324157, 51.565968114099164 ], [ -0.464779557314066, 51.565966558230322 ], [ -0.464778938090297, 51.565965066434593 ] ] ] } },
{ "type": "Feature", "properties": { "_source_path": "C:\\Uni\\HS2\\HS2_ADS_GIS\\2025-11-24_HIS_HSTWO_CH_HERDS_Feature_Ply\\2025-11-24_HIS_HSTWO_CH_HERDS_Feature_Ply.shp", "_source_layer": "", "box_id": "box_05", "section": "HS2 Phase 1", "HS2_AssetI": null, "HS2_AssetN": null, "HS2_Suitab": "SC7", "HS2_Phase": "R1", "HS2_DocNum": "1MC04-SCJ-GI-GDD-SS05_SL08-000002", "HS2_DocRev": "C03", "HS2_RevDat": "2025-07-23T00:00:00", "HS2_Layer": "HIS_SCJ_1MC04_CH_HERDS_Feature_Ply", "Contract": "1MC04", "Originator": "SCJ", "CreatedAt": "2025-03-19T00:00:00", "LastEdited": "2025-06-19T00:00:00", "HS2_SupDoc": null, "FeatID": "1S21RSPCI_FTR_00134", "WSIIntID": "1S21RSPCI_INT_201", "MonType": "PIT", "MonDesc": "POSSIBLE INDUSTRIAL PIT", "Period": "UNKNOWN", "PeriodPhas": 0, "PeriodSubP": "N/A", "PhaseDesc": null, "BuildMater": "EARTH", "ArchScienc": "HAND RETRIEVAL", "Evidence": "EXCAVATED FEATURE", "MaxLength": 2.21 }, "geometry": { "type": "Polygon", "coordinates": [ [ [ -0.462744522280884, 51.565572830911023 ], [ -0.462745654348911, 51.565571434880475 ], [ -0.462746131561358, 51.565570204718519 ], [ -0.46274437340398, 51.565568474988638 ], [ -0.462743805672443, 51.565567041405622 ], [ -0.462744005826268, 51.565565341823927 ], [ -0.462746998677219, 51.565562760731289 ], [ -0.462749312798637, 51.565559898287333 ], [ -0.462750260035911, 51.565558677879103 ], [ -0.462753726147912, 51.565557251276054 ], [ -0.462756109551525, 51.565557340045778 ], [ -0.462758634155027, 51.565555338204582 ], [ -0.462760712025011, 51.565555031815904 ], [ -0.462762479132444, 51.56555880646512 ], [ -0.462762496764218, 51.565562176933142 ], [ -0.462760989523124, 51.565565499551418 ], [ -0.462758054153642, 51.565568472553458 ], [ -0.462754700525037, 51.565571440975916 ], [ -0.462751566633572, 51.565573540942609 ], [ -0.462750263893879, 51.565574478838393 ], [ -0.46274813830864, 51.565574488761939 ], [ -0.462745863384315, 51.565573835810298 ], [ -0.462744522280884, 51.565572830911023 ] ] ] } },
{ "type": "Feature", "properties": { "_source_path": "C:\\Uni\\HS2\\HS2_ADS_GIS\\2025-11-24_HIS_HSTWO_CH_HERDS_Feature_Ply\\2025-11-24_HIS_HSTWO_CH_HERDS_Feature_Ply.shp", "_source_layer": "", "box_id": "box_05", "section": "HS2 Phase 1", "HS2_AssetI": null, "HS2_AssetN": null, "HS2_Suitab": "SC7", "HS2_Phase": "R1", "HS2_DocNum": "1MC04-SCJ-GI-GDD-SS05_SL08-000002", "HS2_DocRev": "C03", "HS2_RevDat": "2025-07-23T00:00:00", "HS2_Layer": "HIS_SCJ_1MC04_CH_HERDS_Feature_Ply", "Contract": "1MC04", "Originator": "SCJ", "CreatedAt": "2025-03-19T00:00:00", "LastEdited": "2025-06-19T00:00:00", "HS2_SupDoc": null, "FeatID": "1S21RSPCI_FTR_00175", "WSIIntID": "1S21RSPCI_INT_201", "MonType": "PIT", "MonDesc": "POSSIBLE RUBBISH PIT [175].", "Period": "IRON AGE", "PeriodPhas": 0, "PeriodSubP": "N/A", "PhaseDesc": null, "BuildMater": "EARTH", "ArchScienc": "HAND RETRIEVAL", "Evidence": "EXCAVATED FEATURE", "MaxLength": 1.09 }, "geometry": { "type": "Polygon", "coordinates": [ [ [ -0.464694088780346, 51.565647218961928 ], [ -0.464700671910167, 51.565650229314102 ], [ -0.464702997445163, 51.565652379174004 ], [ -0.464701950538315, 51.565656089103506 ], [ -0.464697914808372, 51.565658151246467 ], [ -0.464693233936471, 51.565657991995188 ], [ -0.464686597033396, 51.565656963695588 ], [ -0.464681168790286, 51.565655476425512 ], [ -0.464678978585732, 51.565652949768555 ], [ -0.464678340469036, 51.565650991035398 ], [ -0.464678979020048, 51.56564886736416 ], [ -0.464682180674171, 51.565646637847536 ], [ -0.464685030592002, 51.565645812790159 ], [ -0.464689759820298, 51.565646506804676 ], [ -0.464694217766757, 51.565647330352952 ], [ -0.464694088780346, 51.565647218961928 ] ] ] } },
{ "type": "Feature", "properties": { "_source_path": "C:\\Uni\\HS2\\HS2_ADS_GIS\\2025-11-24_HIS_HSTWO_CH_HERDS_Feature_Ply\\2025-11-24_HIS_HSTWO_CH_HERDS_Feature_Ply.shp", "_source_layer": "", "box_id": "box_05", "section": "HS2 Phase 1", "HS2_AssetI": null, "HS2_AssetN": null, "HS2_Suitab": "SC7", "HS2_Phase": "R1", "HS2_DocNum": "1MC04-SCJ-GI-GDD-SS05_SL08-000002", "HS2_DocRev": "C03", "HS2_RevDat": "2025-07-23T00:00:00", "HS2_Layer": "HIS_SCJ_1MC04_CH_HERDS_Feature_Ply", "Contract": "1MC04", "Originator": "SCJ", "CreatedAt": "2025-03-19T00:00:00", "LastEdited": "2025-06-19T00:00:00", "HS2_SupDoc": null, "FeatID": "1S21RSPCI_FTR_00199", "WSIIntID": "1S21RSPCI_INT_201", "MonType": "DITCH", "MonDesc": "BOUNDARY DITCH", "Period": "ROMAN", "PeriodPhas": 0, "PeriodSubP": "N/A", "PhaseDesc": null, "BuildMater": "EARTH", "ArchScienc": "HAND RETRIEVAL", "Evidence": "EXCAVATED FEATURE", "MaxLength": 5.6 }, "geometry": { "type": "Polygon", "coordinates": [ [ [ -0.464336869830594, 51.56560885532479 ], [ -0.464357348565447, 51.565605699109483 ], [ -0.46436051183181, 51.565614202960759 ], [ -0.464337768254069, 51.565618718818342 ], [ -0.464336869830594, 51.56560885532479 ] ] ] } },
{ "type": "Feature", "properties": { "_source_path": "C:\\Uni\\HS2\\HS2_ADS_GIS\\2025-11-24_HIS_HSTWO_CH_HERDS_Feature_Ply\\2025-11-24_HIS_HSTWO_CH_HERDS_Feature_Ply.shp", "_source_layer": "", "box_id": "box_05", "section": "HS2 Phase 1", "HS2_AssetI": null, "HS2_AssetN": null, "HS2_Suitab": "SC7", "HS2_Phase": "R1", "HS2_DocNum": "1MC04-SCJ-GI-GDD-SS05_SL08-000002", "HS2_DocRev": "C03", "HS2_RevDat": "2025-07-23T00:00:00", "HS2_Layer": "HIS_SCJ_1MC04_CH_HERDS_Feature_Ply", "Contract": "1MC04", "Originator": "SCJ", "CreatedAt": "2025-03-19T00:00:00", "LastEdited": "2025-06-19T00:00:00", "HS2_SupDoc": null, "FeatID": "1S21RSPCI_FTR_00314", "WSIIntID": "1S21RSPCI_INT_201", "MonType": "PIT", "MonDesc": "CUT OF PIT", "Period": "UNKNOWN", "PeriodPhas": 0, "PeriodSubP": "N/A", "PhaseDesc": null, "BuildMater": "EARTH", "ArchScienc": "HAND RETRIEVAL", "Evidence": "EXCAVATED FEATURE", "MaxLength": 5.8 }, "geometry": { "type": "Polygon", "coordinates": [ [ [ -0.465024032687284, 51.565988916487541 ], [ -0.465023931017517, 51.565990607469452 ], [ -0.465023614600118, 51.565992591482328 ], [ -0.465024279325244, 51.565994189079348 ], [ -0.465024605539151, 51.565995127624447 ], [ -0.465016885045264, 51.56599898316329 ], [ -0.465015040184364, 51.566000339319146 ], [ -0.465011667964949, 51.566001421021291 ], [ -0.465007508778536, 51.566002435779808 ], [ -0.465008298286606, 51.565986831338833 ], [ -0.465013439343678, 51.565986736724966 ], [ -0.465024032687284, 51.565988916487541 ] ] ] } },
{ "type": "Feature", "properties": { "_source_path": "C:\\Uni\\HS2\\HS2_ADS_GIS\\2025-11-24_HIS_HSTWO_CH_HERDS_Feature_Ply\\2025-11-24_HIS_HSTWO_CH_HERDS_Feature_Ply.shp", "_source_layer": "", "box_id": "box_05", "section": "HS2 Phase 1", "HS2_AssetI": null, "HS2_AssetN": null, "HS2_Suitab": "SC7", "HS2_Phase": "R1", "HS2_DocNum": "1MC04-SCJ-GI-GDD-SS05_SL08-000002", "HS2_DocRev": "C03", "HS2_RevDat": "2025-07-23T00:00:00", "HS2_Layer": "HIS_SCJ_1MC04_CH_HERDS_Feature_Ply", "Contract": "1MC04", "Originator": "SCJ", "CreatedAt": "2025-03-19T00:00:00", "LastEdited": "2025-06-19T00:00:00", "HS2_SupDoc": null, "FeatID": "1S21RSPCI_FTR_00094", "WSIIntID": "1S21RSPCI_INT_200", "MonType": "TREE THROW", "MonDesc": "PROBABLE TREEBOLE", "Period": "UNKNOWN", "PeriodPhas": 0, "PeriodSubP": "N/A", "PhaseDesc": null, "BuildMater": "EARTH", "ArchScienc": "HAND RETRIEVAL", "Evidence": "EXCAVATED FEATURE", "MaxLength": 5.8 }, "geometry": { "type": "Polygon", "coordinates": [ [ [ -0.459698253500688, 51.568217205576119 ], [ -0.459691684652128, 51.56822060289813 ], [ -0.459685717952439, 51.568221339269463 ], [ -0.459681588684058, 51.568221587207418 ], [ -0.459678219337855, 51.568218775218341 ], [ -0.459679160096974, 51.568216170866521 ], [ -0.459683114329893, 51.568214057469497 ], [ -0.459686629995249, 51.568212112762787 ], [ -0.459693743647037, 51.56821005701827 ], [ -0.459697371868815, 51.568208026565244 ], [ -0.459699854133295, 51.568207798373798 ], [ -0.459699864310693, 51.568208564633778 ], [ -0.459700176198552, 51.568212443420457 ], [ -0.459700306415517, 51.568215763212109 ], [ -0.459698807404849, 51.568216826185996 ], [ -0.459698253500688, 51.568217205576119 ] ] ] } },
{ "type": "Feature", "properties": { "_source_path": "C:\\Uni\\HS2\\HS2_ADS_GIS\\2025-11-24_HIS_HSTWO_CH_HERDS_Feature_Ply\\2025-11-24_HIS_HSTWO_CH_HERDS_Feature_Ply.shp", "_source_layer": "", "box_id": "box_05", "section": "HS2 Phase 1", "HS2_AssetI": null, "HS2_AssetN": null, "HS2_Suitab": "SC7", "HS2_Phase": "R1", "HS2_DocNum": "1MC04-SCJ-GI-GDD-SS05_SL08-000002", "HS2_DocRev": "C03", "HS2_RevDat": "2025-07-23T00:00:00", "HS2_Layer": "HIS_SCJ_1MC04_CH_HERDS_Feature_Ply", "Contract": "1MC04", "Originator": "SCJ", "CreatedAt": "2025-03-19T00:00:00", "LastEdited": "2025-06-19T00:00:00", "HS2_SupDoc": null, "FeatID": "1S21RSPCI_FTR_00209", "WSIIntID": "1S21RSPCI_INT_201", "MonType": "DITCH", "MonDesc": "SMALL DITCH", "Period": "UNKNOWN", "PeriodPhas": 0, "PeriodSubP": "N/A", "PhaseDesc": null, "BuildMater": "EARTH", "ArchScienc": "HAND RETRIEVAL", "Evidence": "EXCAVATED FEATURE", "MaxLength": 6.3 }, "geometry": { "type": "Polygon", "coordinates": [ [ [ -0.464365199146346, 51.565804370628271 ], [ -0.46435737285163, 51.565800230769014 ], [ -0.464364827820998, 51.565796505781051 ], [ -0.464369719859545, 51.565791724855103 ], [ -0.464372513978282, 51.565787973947337 ], [ -0.464385186943032, 51.565787437492844 ], [ -0.464376751583782, 51.565795937942902 ], [ -0.464372514521316, 51.565799735611826 ], [ -0.464365199146346, 51.565804370628271 ] ] ] } },
{ "type": "Feature", "properties": { "_source_path": "C:\\Uni\\HS2\\HS2_ADS_GIS\\2025-11-24_HIS_HSTWO_CH_HERDS_Feature_Ply\\2025-11-24_HIS_HSTWO_CH_HERDS_Feature_Ply.shp", "_source_layer": "", "box_id": "box_05", "section": "HS2 Phase 1", "HS2_AssetI": null, "HS2_AssetN": null, "HS2_Suitab": "SC7", "HS2_Phase": "R1", "HS2_DocNum": "1MC04-SCJ-GI-GDD-SS05_SL08-000002", "HS2_DocRev": "C03", "HS2_RevDat": "2025-07-23T00:00:00", "HS2_Layer": "HIS_SCJ_1MC04_CH_HERDS_Feature_Ply", "Contract": "1MC04", "Originator": "SCJ", "CreatedAt": "2025-03-19T00:00:00", "LastEdited": "2025-06-19T00:00:00", "HS2_SupDoc": null, "FeatID": "1S21RSPCI_FTR_00173", "WSIIntID": "1S21RSPCI_INT_201", "MonType": "PIT", "MonDesc": "PIT", "Period": "UNKNOWN", "PeriodPhas": 0, "PeriodSubP": "N/A", "PhaseDesc": null, "BuildMater": "EARTH", "ArchScienc": "HAND RETRIEVAL", "Evidence": "EXCAVATED FEATURE", "MaxLength": 1.9 }, "geometry": { "type": "Polygon", "coordinates": [ [ [ -0.464988451472956, 51.565941269585792 ], [ -0.464987023886386, 51.565939703373971 ], [ -0.464986552495217, 51.565937420410499 ], [ -0.464988002044849, 51.565934606861589 ], [ -0.464992273706044, 51.565932779790629 ], [ -0.464995143996219, 51.565932121345838 ], [ -0.464998600115195, 51.5659329182904 ], [ -0.464999356053053, 51.565935748997205 ], [ -0.464999700343026, 51.565938678628008 ], [ -0.464999419479546, 51.56594110641602 ], [ -0.465000430747831, 51.565942096184457 ], [ -0.465000883600558, 51.565945358144212 ], [ -0.464998687342111, 51.565948366046904 ], [ -0.464996101320824, 51.565949109138806 ], [ -0.464991867669753, 51.565948607755281 ], [ -0.464990182560455, 51.565946076920483 ], [ -0.464989331986057, 51.565943828562546 ], [ -0.464988451472956, 51.565941269585792 ] ] ] } },
{ "type": "Feature", "properties": { "_source_path": "C:\\Uni\\HS2\\HS2_ADS_GIS\\2025-11-24_HIS_HSTWO_CH_HERDS_Feature_Ply\\2025-11-24_HIS_HSTWO_CH_HERDS_Feature_Ply.shp", "_source_layer": "", "box_id": "box_05", "section": "HS2 Phase 1", "HS2_AssetI": null, "HS2_AssetN": null, "HS2_Suitab": "SC7", "HS2_Phase": "R1", "HS2_DocNum": "1MC04-SCJ-GI-GDD-SS05_SL08-000002", "HS2_DocRev": "C03", "HS2_RevDat": "2025-07-23T00:00:00", "HS2_Layer": "HIS_SCJ_1MC04_CH_HERDS_Feature_Ply", "Contract": "1MC04", "Originator": "SCJ", "CreatedAt": "2025-03-19T00:00:00", "LastEdited": "2025-06-19T00:00:00", "HS2_SupDoc": null, "FeatID": "1S21RSPCI_FTR_00115", "WSIIntID": "1S21RSPCI_INT_200", "MonType": "DITCH", "MonDesc": "POSSIBLE DITCH / GULLY", "Period": "MEDIEVAL", "PeriodPhas": 0, "PeriodSubP": "N/A", "PhaseDesc": null, "BuildMater": "EARTH", "ArchScienc": "HAND RETRIEVAL", "Evidence": "EXCAVATED FEATURE", "MaxLength": 6.4 }, "geometry": { "type": "Polygon", "coordinates": [ [ [ -0.460351546721946, 51.568182832774518 ], [ -0.460352410530428, 51.568186904936304 ], [ -0.460343139486425, 51.56818696224952 ], [ -0.460325474484258, 51.568188235771665 ], [ -0.460315641298133, 51.568189044640341 ], [ -0.460318739528222, 51.568183225140565 ], [ -0.460337103624743, 51.568182314180355 ], [ -0.460351546721946, 51.568182832774518 ] ] ] } },
{ "type": "Feature", "properties": { "_source_path": "C:\\Uni\\HS2\\HS2_ADS_GIS\\2025-11-24_HIS_HSTWO_CH_HERDS_Feature_Ply\\2025-11-24_HIS_HSTWO_CH_HERDS_Feature_Ply.shp", "_source_layer": "", "box_id": "box_05", "section": "HS2 Phase 1", "HS2_AssetI": null, "HS2_AssetN": null, "HS2_Suitab": "SC7", "HS2_Phase": "R1", "HS2_DocNum": "1MC04-SCJ-GI-GDD-SS05_SL08-000002", "HS2_DocRev": "C03", "HS2_RevDat": "2025-07-23T00:00:00", "HS2_Layer": "HIS_SCJ_1MC04_CH_HERDS_Feature_Ply", "Contract": "1MC04", "Originator": "SCJ", "CreatedAt": "2025-03-19T00:00:00", "LastEdited": "2025-06-19T00:00:00", "HS2_SupDoc": null, "FeatID": "1S21RSPCI_FTR_00297", "WSIIntID": "1S21RSPCI_INT_201", "MonType": "DITCH", "MonDesc": "POSSIBLE POST-MEDIEVAL DITCH [297].", "Period": "POST MEDIEVAL", "PeriodPhas": 0, "PeriodSubP": "N/A", "PhaseDesc": null, "BuildMater": "EARTH", "ArchScienc": "HAND RETRIEVAL", "Evidence": "EXCAVATED FEATURE", "MaxLength": 4.7 }, "geometry": { "type": "Polygon", "coordinates": [ [ [ -0.465028544500059, 51.566238707468152 ], [ -0.465015600651881, 51.5662435998156 ], [ -0.465006268801517, 51.56623377798833 ], [ -0.465011034497049, 51.566231848574198 ], [ -0.465019028808396, 51.566229331942694 ], [ -0.465028544500059, 51.566238707468152 ] ] ] } },
{ "type": "Feature", "properties": { "_source_path": "C:\\Uni\\HS2\\HS2_ADS_GIS\\2025-11-24_HIS_HSTWO_CH_HERDS_Feature_Ply\\2025-11-24_HIS_HSTWO_CH_HERDS_Feature_Ply.shp", "_source_layer": "", "box_id": "box_05", "section": "HS2 Phase 1", "HS2_AssetI": null, "HS2_AssetN": null, "HS2_Suitab": "SC7", "HS2_Phase": "R1", "HS2_DocNum": "1MC04-SCJ-GI-GDD-SS05_SL08-000002", "HS2_DocRev": "C03", "HS2_RevDat": "2025-07-23T00:00:00", "HS2_Layer": "HIS_SCJ_1MC04_CH_HERDS_Feature_Ply", "Contract": "1MC04", "Originator": "SCJ", "CreatedAt": "2025-03-19T00:00:00", "LastEdited": "2025-06-19T00:00:00", "HS2_SupDoc": null, "FeatID": "1S21RSPCI_FTR_00242", "WSIIntID": "1S21RSPCI_INT_201", "MonType": "DITCH", "MonDesc": "GULLY", "Period": "MEDIEVAL", "PeriodPhas": 0, "PeriodSubP": "N/A", "PhaseDesc": null, "BuildMater": "EARTH", "ArchScienc": "HAND RETRIEVAL", "Evidence": "EXCAVATED FEATURE", "MaxLength": 5.0 }, "geometry": { "type": "Polygon", "coordinates": [ [ [ -0.46367822767128, 51.565680523385616 ], [ -0.463643880467706, 51.565675421226629 ], [ -0.463647145473539, 51.565670928358209 ], [ -0.463680288638876, 51.565676351957535 ], [ -0.46367822767128, 51.565680523385616 ] ] ] } },
{ "type": "Feature", "properties": { "_source_path": "C:\\Uni\\HS2\\HS2_ADS_GIS\\2025-11-24_HIS_HSTWO_CH_HERDS_Feature_Ply\\2025-11-24_HIS_HSTWO_CH_HERDS_Feature_Ply.shp", "_source_layer": "", "box_id": "box_05", "section": "HS2 Phase 1", "HS2_AssetI": null, "HS2_AssetN": null, "HS2_Suitab": "SC7", "HS2_Phase": "R1", "HS2_DocNum": "1MC04-SCJ-GI-GDD-SS05_SL08-000002", "HS2_DocRev": "C03", "HS2_RevDat": "2025-07-23T00:00:00", "HS2_Layer": "HIS_SCJ_1MC04_CH_HERDS_Feature_Ply", "Contract": "1MC04", "Originator": "SCJ", "CreatedAt": "2025-03-19T00:00:00", "LastEdited": "2025-06-19T00:00:00", "HS2_SupDoc": null, "FeatID": "1S21RSPCI_FTR_00315", "WSIIntID": "1S21RSPCI_INT_201", "MonType": "DITCH", "MonDesc": "CUT OF LINEAR [315].", "Period": "POST MEDIEVAL", "PeriodPhas": 0, "PeriodSubP": "N/A", "PhaseDesc": null, "BuildMater": "EARTH", "ArchScienc": "HAND RETRIEVAL", "Evidence": "EXCAVATED FEATURE", "MaxLength": 5.3 }, "geometry": { "type": "Polygon", "coordinates": [ [ [ -0.464953724137036, 51.566273919295931 ], [ -0.464966587865592, 51.566280446762768 ], [ -0.464958490638656, 51.566286104780538 ], [ -0.464942464867082, 51.566285385307928 ], [ -0.464953724137036, 51.566273919295931 ] ] ] } },
{ "type": "Feature", "properties": { "_source_path": "C:\\Uni\\HS2\\HS2_ADS_GIS\\2025-11-24_HIS_HSTWO_CH_HERDS_Feature_Ply\\2025-11-24_HIS_HSTWO_CH_HERDS_Feature_Ply.shp", "_source_layer": "", "box_id": "box_05", "section": "HS2 Phase 1", "HS2_AssetI": null, "HS2_AssetN": null, "HS2_Suitab": "SC7", "HS2_Phase": "R1", "HS2_DocNum": "1MC04-SCJ-GI-GDD-SS05_SL08-000002", "HS2_DocRev": "C03", "HS2_RevDat": "2025-07-23T00:00:00", "HS2_Layer": "HIS_SCJ_1MC04_CH_HERDS_Feature_Ply", "Contract": "1MC04", "Originator": "SCJ", "CreatedAt": "2025-03-19T00:00:00", "LastEdited": "2025-06-19T00:00:00", "HS2_SupDoc": null, "FeatID": "1S21RSPCI_FTR_00112", "WSIIntID": "1S21RSPCI_INT_200", "MonType": "NATURAL FEATURE", "MonDesc": "NATURAL CLAY DEPOSIT", "Period": "UNKNOWN", "PeriodPhas": 0, "PeriodSubP": "N/A", "PhaseDesc": null, "BuildMater": "EARTH", "ArchScienc": "HAND RETRIEVAL", "Evidence": "EXCAVATED FEATURE", "MaxLength": 4.9 }, "geometry": { "type": "Polygon", "coordinates": [ [ [ -0.46012823011224, 51.567799634365933 ], [ -0.460123946303623, 51.567801041170839 ], [ -0.460120065291811, 51.567801287885409 ], [ -0.460115453517122, 51.567798052264607 ], [ -0.460111350913228, 51.567794736101305 ], [ -0.460109338468693, 51.56779297422117 ], [ -0.460109093430793, 51.567791215749175 ], [ -0.460111707647332, 51.567789515476321 ], [ -0.46011466177289, 51.567788772825388 ], [ -0.460118978761612, 51.567789288066692 ], [ -0.46012332902317, 51.56779155180746 ], [ -0.460126172953573, 51.567793814666572 ], [ -0.460128386293041, 51.567796164567753 ], [ -0.460128767752327, 51.567797814226921 ], [ -0.460128852385501, 51.567799024774054 ], [ -0.46012823011224, 51.567799634365933 ] ] ] } },
{ "type": "Feature", "properties": { "_source_path": "C:\\Uni\\HS2\\HS2_ADS_GIS\\2025-11-24_HIS_HSTWO_CH_HERDS_Feature_Ply\\2025-11-24_HIS_HSTWO_CH_HERDS_Feature_Ply.shp", "_source_layer": "", "box_id": "box_05", "section": "HS2 Phase 1", "HS2_AssetI": null, "HS2_AssetN": null, "HS2_Suitab": "SC7", "HS2_Phase": "R1", "HS2_DocNum": "1MC04-SCJ-GI-GDD-SS05_SL08-000002", "HS2_DocRev": "C03", "HS2_RevDat": "2025-07-23T00:00:00", "HS2_Layer": "HIS_SCJ_1MC04_CH_HERDS_Feature_Ply", "Contract": "1MC04", "Originator": "SCJ", "CreatedAt": "2025-03-19T00:00:00", "LastEdited": "2025-06-19T00:00:00", "HS2_SupDoc": null, "FeatID": "1S21RSPCI_FTR_00128", "WSIIntID": "1S21RSPCI_INT_201", "MonType": "TREE THROW", "MonDesc": "CUT OF TREE BOLE", "Period": "POST MEDIEVAL", "PeriodPhas": 0, "PeriodSubP": "N/A", "PhaseDesc": null, "BuildMater": "EARTH", "ArchScienc": "HAND RETRIEVAL", "Evidence": "EXCAVATED FEATURE", "MaxLength": 4.8 }, "geometry": { "type": "Polygon", "coordinates": [ [ [ -0.464893118472248, 51.565960989456379 ], [ -0.464894523723975, 51.565958848836857 ], [ -0.464896814688211, 51.56595791305368 ], [ -0.464900633969387, 51.56595640917913 ], [ -0.464903900782944, 51.565956315231517 ], [ -0.464907405124783, 51.565956751327427 ], [ -0.464910759782856, 51.565958504605177 ], [ -0.464912141494159, 51.565961133083128 ], [ -0.464911345991816, 51.565963376095738 ], [ -0.464907776597317, 51.565965128723427 ], [ -0.464904846870821, 51.565966523740137 ], [ -0.464901924402872, 51.565966760670285 ], [ -0.464899563189385, 51.565966740574453 ], [ -0.464896240091123, 51.565965421128077 ], [ -0.464893707903924, 51.565963408845683 ], [ -0.464893118472248, 51.565960989456379 ] ] ] } },
{ "type": "Feature", "properties": { "_source_path": "C:\\Uni\\HS2\\HS2_ADS_GIS\\2025-11-24_HIS_HSTWO_CH_HERDS_Feature_Ply\\2025-11-24_HIS_HSTWO_CH_HERDS_Feature_Ply.shp", "_source_layer": "", "box_id": "box_05", "section": "HS2 Phase 1", "HS2_AssetI": null, "HS2_AssetN": null, "HS2_Suitab": "SC7", "HS2_Phase": "R1", "HS2_DocNum": "1MC04-SCJ-GI-GDD-SS05_SL08-000002", "HS2_DocRev": "C03", "HS2_RevDat": "2025-07-23T00:00:00", "HS2_Layer": "HIS_SCJ_1MC04_CH_HERDS_Feature_Ply", "Contract": "1MC04", "Originator": "SCJ", "CreatedAt": "2025-03-19T00:00:00", "LastEdited": "2025-06-19T00:00:00", "HS2_SupDoc": null, "FeatID": "1S21RSPCI_FTR_00299", "WSIIntID": "1S21RSPCI_INT_201", "MonType": "PIT", "MonDesc": "CUT OF PIT [299].", "Period": "UNKNOWN", "PeriodPhas": 0, "PeriodSubP": "N/A", "PhaseDesc": null, "BuildMater": "EARTH", "ArchScienc": "HAND RETRIEVAL", "Evidence": "EXCAVATED FEATURE", "MaxLength": 1.27 }, "geometry": { "type": "Polygon", "coordinates": [ [ [ -0.465024392273534, 51.566233944899551 ], [ -0.465021637904285, 51.566234630938375 ], [ -0.465020022808244, 51.566234219556684 ], [ -0.465017484502291, 51.566235130526117 ], [ -0.465016389751231, 51.566234177432754 ], [ -0.46501375114574, 51.5662336537508 ], [ -0.465011046703774, 51.566231571777408 ], [ -0.465011077251118, 51.56622929358096 ], [ -0.465011793340609, 51.566227180813613 ], [ -0.46501251009001, 51.566226290979344 ], [ -0.465014134122795, 51.566225794276747 ], [ -0.465016812349279, 51.566225012825235 ], [ -0.465018665835663, 51.566224172029031 ], [ -0.465021816914388, 51.566224516277558 ], [ -0.465024963978278, 51.566224936906252 ], [ -0.465026832667153, 51.566226172582695 ], [ -0.465028438337069, 51.566227892190312 ], [ -0.465028891826247, 51.566229807142804 ], [ -0.46502801396758, 51.56623132521554 ], [ -0.465026331641133, 51.566232696086352 ], [ -0.465024392273534, 51.566233944899551 ] ] ] } },
{ "type": "Feature", "properties": { "_source_path": "C:\\Uni\\HS2\\HS2_ADS_GIS\\2025-11-24_HIS_HSTWO_CH_HERDS_Feature_Ply\\2025-11-24_HIS_HSTWO_CH_HERDS_Feature_Ply.shp", "_source_layer": "", "box_id": "box_05", "section": "HS2 Phase 1", "HS2_AssetI": null, "HS2_AssetN": null, "HS2_Suitab": "SC7", "HS2_Phase": "R1", "HS2_DocNum": "1MC04-SCJ-GI-GDD-SS05_SL08-000002", "HS2_DocRev": "C03", "HS2_RevDat": "2025-07-23T00:00:00", "HS2_Layer": "HIS_SCJ_1MC04_CH_HERDS_Feature_Ply", "Contract": "1MC04", "Originator": "SCJ", "CreatedAt": "2025-03-19T00:00:00", "LastEdited": "2025-06-19T00:00:00", "HS2_SupDoc": null, "FeatID": "1S21RSPCI_FTR_00239", "WSIIntID": "1S21RSPCI_INT_201", "MonType": "PIT", "MonDesc": "CUT OF PIT.", "Period": "IRON AGE", "PeriodPhas": 0, "PeriodSubP": "N/A", "PhaseDesc": null, "BuildMater": "EARTH", "ArchScienc": "HAND RETRIEVAL", "Evidence": "EXCAVATED FEATURE", "MaxLength": 1.83 }, "geometry": { "type": "Polygon", "coordinates": [ [ [ -0.464603152019516, 51.565881512369437 ], [ -0.464593879820583, 51.565878277096942 ], [ -0.464589227849574, 51.5658740466003 ], [ -0.46458911720988, 51.56587291934278 ], [ -0.464591302357352, 51.565872212378679 ], [ -0.46459434955464, 51.565873326801238 ], [ -0.464601847273987, 51.565875828482447 ], [ -0.464604912086244, 51.565876676969253 ], [ -0.464611527975544, 51.565877987350092 ], [ -0.464614786488585, 51.565879082056576 ], [ -0.464617453821626, 51.565880080006764 ], [ -0.464618771631148, 51.565881435271187 ], [ -0.464618732136456, 51.565882907659223 ], [ -0.464617806189305, 51.565883283104121 ], [ -0.464616927308326, 51.565884188799046 ], [ -0.464615022449666, 51.565884327533588 ], [ -0.464610424136203, 51.565883515634134 ], [ -0.464606782991648, 51.565882429409612 ], [ -0.464603152019516, 51.565881512369437 ] ] ] } },
{ "type": "Feature", "properties": { "_source_path": "C:\\Uni\\HS2\\HS2_ADS_GIS\\2025-11-24_HIS_HSTWO_CH_HERDS_Feature_Ply\\2025-11-24_HIS_HSTWO_CH_HERDS_Feature_Ply.shp", "_source_layer": "", "box_id": "box_05", "section": "HS2 Phase 1", "HS2_AssetI": null, "HS2_AssetN": null, "HS2_Suitab": "SC7", "HS2_Phase": "R1", "HS2_DocNum": "1MC04-SCJ-GI-GDD-SS05_SL08-000002", "HS2_DocRev": "C03", "HS2_RevDat": "2025-07-23T00:00:00", "HS2_Layer": "HIS_SCJ_1MC04_CH_HERDS_Feature_Ply", "Contract": "1MC04", "Originator": "SCJ", "CreatedAt": "2025-03-19T00:00:00", "LastEdited": "2025-06-19T00:00:00", "HS2_SupDoc": null, "FeatID": "1S21RSPCI_FTR_00207", "WSIIntID": "1S21RSPCI_INT_201", "MonType": "DITCH", "MonDesc": "CUT OF DITCH TERMINUS", "Period": "ROMAN", "PeriodPhas": 0, "PeriodSubP": "N/A", "PhaseDesc": null, "BuildMater": "EARTH", "ArchScienc": "HAND RETRIEVAL", "Evidence": "EXCAVATED FEATURE", "MaxLength": 4.8 }, "geometry": { "type": "Polygon", "coordinates": [ [ [ -0.464368750803116, 51.56578815490284 ], [ -0.464367488364071, 51.565793079538494 ], [ -0.46436390668023, 51.56579665288772 ], [ -0.464360370162817, 51.565797771986482 ], [ -0.46435633792812, 51.565797845112598 ], [ -0.464351387416777, 51.565795838940417 ], [ -0.464349095939946, 51.565792164460262 ], [ -0.464348591142364, 51.565789417964076 ], [ -0.464368750803116, 51.56578815490284 ] ] ] } },
{ "type": "Feature", "properties": { "_source_path": "C:\\Uni\\HS2\\HS2_ADS_GIS\\2025-11-24_HIS_HSTWO_CH_HERDS_Feature_Ply\\2025-11-24_HIS_HSTWO_CH_HERDS_Feature_Ply.shp", "_source_layer": "", "box_id": "box_05", "section": "HS2 Phase 1", "HS2_AssetI": null, "HS2_AssetN": null, "HS2_Suitab": "SC7", "HS2_Phase": "R1", "HS2_DocNum": "1MC04-SCJ-GI-GDD-SS05_SL08-000002", "HS2_DocRev": "C03", "HS2_RevDat": "2025-07-23T00:00:00", "HS2_Layer": "HIS_SCJ_1MC04_CH_HERDS_Feature_Ply", "Contract": "1MC04", "Originator": "SCJ", "CreatedAt": "2025-03-19T00:00:00", "LastEdited": "2025-06-19T00:00:00", "HS2_SupDoc": null, "FeatID": "1S21RSPCI_FTR_00188", "WSIIntID": "1S21RSPCI_INT_201", "MonType": "TREE THROW", "MonDesc": "IRREGULARLY SHAPED POSSIBLE TREEBOLE", "Period": "UNKNOWN", "PeriodPhas": 0, "PeriodSubP": "N/A", "PhaseDesc": null, "BuildMater": "EARTH", "ArchScienc": "HAND RETRIEVAL", "Evidence": "EXCAVATED FEATURE", "MaxLength": 4.5 }, "geometry": { "type": "Polygon", "coordinates": [ [ [ -0.464940742530542, 51.56581267548512 ], [ -0.464939800920442, 51.56580207677829 ], [ -0.464955107875279, 51.565802757175952 ], [ -0.464953091503826, 51.565812676954486 ], [ -0.464940742530542, 51.56581267548512 ] ] ] } },
{ "type": "Feature", "properties": { "_source_path": "C:\\Uni\\HS2\\HS2_ADS_GIS\\2025-11-24_HIS_HSTWO_CH_HERDS_Feature_Ply\\2025-11-24_HIS_HSTWO_CH_HERDS_Feature_Ply.shp", "_source_layer": "", "box_id": "box_05", "section": "HS2 Phase 1", "HS2_AssetI": null, "HS2_AssetN": null, "HS2_Suitab": "SC7", "HS2_Phase": "R1", "HS2_DocNum": "1MC04-SCJ-GI-GDD-SS05_SL08-000002", "HS2_DocRev": "C03", "HS2_RevDat": "2025-07-23T00:00:00", "HS2_Layer": "HIS_SCJ_1MC04_CH_HERDS_Feature_Ply", "Contract": "1MC04", "Originator": "SCJ", "CreatedAt": "2025-03-19T00:00:00", "LastEdited": "2025-06-19T00:00:00", "HS2_SupDoc": null, "FeatID": "1S21RSPCI_FTR_00234", "WSIIntID": "1S21RSPCI_INT_201", "MonType": "DITCH", "MonDesc": "CUT OF GULLY. OVERARCHING NUMBER IS [286].", "Period": "IRON AGE", "PeriodPhas": 0, "PeriodSubP": "N/A", "PhaseDesc": null, "BuildMater": "EARTH", "ArchScienc": "HAND RETRIEVAL", "Evidence": "EXCAVATED FEATURE", "MaxLength": 4.8 }, "geometry": { "type": "Polygon", "coordinates": [ [ [ -0.464550840408687, 51.565896746653159 ], [ -0.464554491177072, 51.565890179835421 ], [ -0.464558423283528, 51.565891023485051 ], [ -0.464563851689448, 51.565891264458742 ], [ -0.464568753823327, 51.565892308734192 ], [ -0.464571874952137, 51.565893584183883 ], [ -0.464573621544254, 51.565895274169371 ], [ -0.464573678883105, 51.565896870116759 ], [ -0.464572086732944, 51.565898433692539 ], [ -0.464568315493085, 51.565898982325564 ], [ -0.464555603182498, 51.565897944669025 ], [ -0.464550840408687, 51.565896746653159 ] ] ] } },
{ "type": "Feature", "properties": { "_source_path": "C:\\Uni\\HS2\\HS2_ADS_GIS\\2025-11-24_HIS_HSTWO_CH_HERDS_Feature_Ply\\2025-11-24_HIS_HSTWO_CH_HERDS_Feature_Ply.shp", "_source_layer": "", "box_id": "box_05", "section": "HS2 Phase 1", "HS2_AssetI": null, "HS2_AssetN": null, "HS2_Suitab": "SC7", "HS2_Phase": "R1", "HS2_DocNum": "1MC04-SCJ-GI-GDD-SS05_SL08-000002", "HS2_DocRev": "C03", "HS2_RevDat": "2025-07-23T00:00:00", "HS2_Layer": "HIS_SCJ_1MC04_CH_HERDS_Feature_Ply", "Contract": "1MC04", "Originator": "SCJ", "CreatedAt": "2025-03-19T00:00:00", "LastEdited": "2025-06-19T00:00:00", "HS2_SupDoc": null, "FeatID": "1S21RSPCI_FTR_00168", "WSIIntID": "1S21RSPCI_INT_201", "MonType": "DITCH", "MonDesc": "CUT OF CURVILINEAR DITCH [168].", "Period": "UNKNOWN", "PeriodPhas": 0, "PeriodSubP": "N/A", "PhaseDesc": null, "BuildMater": "EARTH", "ArchScienc": "HAND RETRIEVAL", "Evidence": "EXCAVATED FEATURE", "MaxLength": 4.5 }, "geometry": { "type": "Polygon", "coordinates": [ [ [ -0.464776315128605, 51.565637341391366 ], [ -0.464790931889708, 51.565637521813478 ], [ -0.464785039934007, 51.56564796098899 ], [ -0.464773050735289, 51.565646060582225 ], [ -0.464776315128605, 51.565637341391366 ] ] ] } },
{ "type": "Feature", "properties": { "_source_path": "C:\\Uni\\HS2\\HS2_ADS_GIS\\2025-11-24_HIS_HSTWO_CH_HERDS_Feature_Ply\\2025-11-24_HIS_HSTWO_CH_HERDS_Feature_Ply.shp", "_source_layer": "", "box_id": "box_05", "section": "HS2 Phase 1", "HS2_AssetI": null, "HS2_AssetN": null, "HS2_Suitab": "SC7", "HS2_Phase": "R1", "HS2_DocNum": "1MC04-SCJ-GI-GDD-SS05_SL08-000002", "HS2_DocRev": "C03", "HS2_RevDat": "2025-07-23T00:00:00", "HS2_Layer": "HIS_SCJ_1MC04_CH_HERDS_Feature_Ply", "Contract": "1MC04", "Originator": "SCJ", "CreatedAt": "2025-03-19T00:00:00", "LastEdited": "2025-06-19T00:00:00", "HS2_SupDoc": null, "FeatID": "1S21RSPCI_FTR_00158", "WSIIntID": "1S21RSPCI_INT_201", "MonType": "DITCH", "MonDesc": "GULLY", "Period": "IRON AGE", "PeriodPhas": 0, "PeriodSubP": "N/A", "PhaseDesc": null, "BuildMater": "EARTH", "ArchScienc": "HAND RETRIEVAL", "Evidence": "EXCAVATED FEATURE", "MaxLength": 5.3 }, "geometry": { "type": "Polygon", "coordinates": [ [ [ -0.464837014534984, 51.565900627198786 ], [ -0.464834765271957, 51.565899296619847 ], [ -0.464833961841669, 51.565896591179921 ], [ -0.464838338079307, 51.565894100966894 ], [ -0.464838488841446, 51.565891723631466 ], [ -0.464836884059657, 51.565890492303311 ], [ -0.464835883418453, 51.565887516319272 ], [ -0.464838292348768, 51.565885219778437 ], [ -0.46483857598862, 51.565884937540268 ], [ -0.464843331654572, 51.565883947675388 ], [ -0.464844370555672, 51.565885916146307 ], [ -0.464843696979301, 51.565888265960929 ], [ -0.464843020427684, 51.565890618434224 ], [ -0.464844082468056, 51.565891128690467 ], [ -0.464844559408472, 51.565893418021624 ], [ -0.464845431151083, 51.565895208960093 ], [ -0.464847044921978, 51.565897501472612 ], [ -0.464845738192194, 51.56589962989225 ], [ -0.464837014534984, 51.565900627198786 ] ] ] } },
{ "type": "Feature", "properties": { "_source_path": "C:\\Uni\\HS2\\HS2_ADS_GIS\\2025-11-24_HIS_HSTWO_CH_HERDS_Feature_Ply\\2025-11-24_HIS_HSTWO_CH_HERDS_Feature_Ply.shp", "_source_layer": "", "box_id": "box_05", "section": "HS2 Phase 1", "HS2_AssetI": null, "HS2_AssetN": null, "HS2_Suitab": "SC7", "HS2_Phase": "R1", "HS2_DocNum": "1MC04-SCJ-GI-GDD-SS05_SL08-000002", "HS2_DocRev": "C03", "HS2_RevDat": "2025-07-23T00:00:00", "HS2_Layer": "HIS_SCJ_1MC04_CH_HERDS_Feature_Ply", "Contract": "1MC04", "Originator": "SCJ", "CreatedAt": "2025-03-19T00:00:00", "LastEdited": "2025-06-19T00:00:00", "HS2_SupDoc": null, "FeatID": "1S21RSPCI_FTR_00284", "WSIIntID": "1S21RSPCI_INT_201", "MonType": "PIT", "MonDesc": "CUT OF MEDIUM SIZED PIT [284].", "Period": "IRON AGE", "PeriodPhas": 0, "PeriodSubP": "N/A", "PhaseDesc": null, "BuildMater": "EARTH", "ArchScienc": "HAND RETRIEVAL", "Evidence": "EXCAVATED FEATURE", "MaxLength": 4.6 }, "geometry": { "type": "Polygon", "coordinates": [ [ [ -0.464495264195736, 51.565869562063867 ], [ -0.464496403905961, 51.565868880088843 ], [ -0.464497562418835, 51.565868453735256 ], [ -0.464498880245361, 51.565868095108428 ], [ -0.464501506900648, 51.565868715760367 ], [ -0.464502977105071, 51.565869573059707 ], [ -0.464504337450712, 51.565870479277372 ], [ -0.464505652024989, 51.565872016140993 ], [ -0.464506449618668, 51.565872923987619 ], [ -0.464507039288507, 51.565873750882538 ], [ -0.464507641173808, 51.565875328777011 ], [ -0.46450842292779, 51.565876492690997 ], [ -0.464507466998515, 51.565878486319392 ], [ -0.464506408233767, 51.565879506557089 ], [ -0.464503750380251, 51.565880326030303 ], [ -0.464500873520692, 51.565880579732934 ], [ -0.464498111233278, 51.565880216278636 ], [ -0.464496323669757, 51.565879314362448 ], [ -0.464495840757666, 51.565878230791235 ], [ -0.464494710299708, 51.565877053322566 ], [ -0.464494579956984, 51.565874626449776 ], [ -0.464495264195736, 51.565869562063867 ] ] ] } },
{ "type": "Feature", "properties": { "_source_path": "C:\\Uni\\HS2\\HS2_ADS_GIS\\2025-11-24_HIS_HSTWO_CH_HERDS_Feature_Ply\\2025-11-24_HIS_HSTWO_CH_HERDS_Feature_Ply.shp", "_source_layer": "", "box_id": "box_05", "section": "HS2 Phase 1", "HS2_AssetI": null, "HS2_AssetN": null, "HS2_Suitab": "SC7", "HS2_Phase": "R1", "HS2_DocNum": "1MC04-SCJ-GI-GDD-SS05_SL08-000002", "HS2_DocRev": "C03", "HS2_RevDat": "2025-07-23T00:00:00", "HS2_Layer": "HIS_SCJ_1MC04_CH_HERDS_Feature_Ply", "Contract": "1MC04", "Originator": "SCJ", "CreatedAt": "2025-03-19T00:00:00", "LastEdited": "2025-06-19T00:00:00", "HS2_SupDoc": null, "FeatID": "1S21RSPCI_FTR_00087", "WSIIntID": "1S21RSPCI_INT_200", "MonType": "NATURAL FEATURE", "MonDesc": "GRAVEL/CHALK DEPOSIT", "Period": "UNKNOWN", "PeriodPhas": 0, "PeriodSubP": "N/A", "PhaseDesc": null, "BuildMater": "EARTH", "ArchScienc": "HAND RETRIEVAL", "Evidence": "EXCAVATED FEATURE", "MaxLength": 0.68 }, "geometry": { "type": "Polygon", "coordinates": [ [ [ -0.459537250961735, 51.567850242610156 ], [ -0.459537821609353, 51.567850733875289 ], [ -0.459539867414356, 51.567851764246711 ], [ -0.459543253403527, 51.567853997367664 ], [ -0.459547223934952, 51.567855542173191 ], [ -0.459548307871216, 51.567856770333833 ], [ -0.459546418737267, 51.567857764341092 ], [ -0.459543112448164, 51.567857613037049 ], [ -0.459536960978087, 51.567856218546595 ], [ -0.459530537288769, 51.567854895116945 ], [ -0.459527104746854, 51.567853100198768 ], [ -0.459525132352475, 51.567851562737381 ], [ -0.459524509222325, 51.567850148194388 ], [ -0.459524684607629, 51.567849569607262 ], [ -0.459525799602818, 51.567848042998058 ], [ -0.459529187341028, 51.56784715049033 ], [ -0.459531955211214, 51.567847820764875 ], [ -0.459534713525869, 51.567848901852614 ], [ -0.459537250961735, 51.567850242610156 ] ] ] } },
{ "type": "Feature", "properties": { "_source_path": "C:\\Uni\\HS2\\HS2_ADS_GIS\\2025-11-24_HIS_HSTWO_CH_HERDS_Feature_Ply\\2025-11-24_HIS_HSTWO_CH_HERDS_Feature_Ply.shp", "_source_layer": "", "box_id": "box_05", "section": "HS2 Phase 1", "HS2_AssetI": null, "HS2_AssetN": null, "HS2_Suitab": "SC7", "HS2_Phase": "R1", "HS2_DocNum": "1MC04-SCJ-GI-GDD-SS05_SL08-000002", "HS2_DocRev": "C03", "HS2_RevDat": "2025-07-23T00:00:00", "HS2_Layer": "HIS_SCJ_1MC04_CH_HERDS_Feature_Ply", "Contract": "1MC04", "Originator": "SCJ", "CreatedAt": "2025-03-19T00:00:00", "LastEdited": "2025-06-19T00:00:00", "HS2_SupDoc": null, "FeatID": "1S21RSPCI_FTR_00228", "WSIIntID": "1S21RSPCI_INT_201", "MonType": "PIT", "MonDesc": "PIT", "Period": "UNKNOWN", "PeriodPhas": 0, "PeriodSubP": "N/A", "PhaseDesc": null, "BuildMater": "EARTH", "ArchScienc": "HAND RETRIEVAL", "Evidence": "EXCAVATED FEATURE", "MaxLength": 1.21 }, "geometry": { "type": "Polygon", "coordinates": [ [ [ -0.464515689358603, 51.565818356772056 ], [ -0.464510567434423, 51.565819597206954 ], [ -0.464505044580047, 51.565820618383995 ], [ -0.464505000941021, 51.565818101825506 ], [ -0.464504979810749, 51.565815216885703 ], [ -0.464506940563113, 51.565812347985741 ], [ -0.464510856036463, 51.565810429947767 ], [ -0.464513452637171, 51.565809672617625 ], [ -0.464516607717042, 51.56581045394794 ], [ -0.46451948136994, 51.565812137099705 ], [ -0.464520903069873, 51.565814434297451 ], [ -0.464518795481745, 51.565816736573034 ], [ -0.464515689358603, 51.565818356772056 ] ] ] } },
{ "type": "Feature", "properties": { "_source_path": "C:\\Uni\\HS2\\HS2_ADS_GIS\\2025-11-24_HIS_HSTWO_CH_HERDS_Feature_Ply\\2025-11-24_HIS_HSTWO_CH_HERDS_Feature_Ply.shp", "_source_layer": "", "box_id": "box_05", "section": "HS2 Phase 1", "HS2_AssetI": null, "HS2_AssetN": null, "HS2_Suitab": "SC7", "HS2_Phase": "R1", "HS2_DocNum": "1MC04-SCJ-GI-GDD-SS05_SL08-000002", "HS2_DocRev": "C03", "HS2_RevDat": "2025-07-23T00:00:00", "HS2_Layer": "HIS_SCJ_1MC04_CH_HERDS_Feature_Ply", "Contract": "1MC04", "Originator": "SCJ", "CreatedAt": "2025-03-19T00:00:00", "LastEdited": "2025-06-19T00:00:00", "HS2_SupDoc": null, "FeatID": "1S21RSPCI_FTR_00323", "WSIIntID": "1S21RSPCI_INT_201", "MonType": "DITCH", "MonDesc": "CUT OF DITCH", "Period": "MEDIEVAL", "PeriodPhas": 0, "PeriodSubP": "N/A", "PhaseDesc": null, "BuildMater": "EARTH", "ArchScienc": "HAND RETRIEVAL", "Evidence": "EXCAVATED FEATURE", "MaxLength": 4.4 }, "geometry": { "type": "Polygon", "coordinates": [ [ [ -0.462811718544361, 51.565743783083285 ], [ -0.462812710172822, 51.565738850420288 ], [ -0.462835628326521, 51.565741529021189 ], [ -0.462834627557552, 51.565746390527103 ], [ -0.462811718544361, 51.565743783083285 ] ] ] } },
{ "type": "Feature", "properties": { "_source_path": "C:\\Uni\\HS2\\HS2_ADS_GIS\\2025-11-24_HIS_HSTWO_CH_HERDS_Feature_Ply\\2025-11-24_HIS_HSTWO_CH_HERDS_Feature_Ply.shp", "_source_layer": "", "box_id": "box_05", "section": "HS2 Phase 1", "HS2_AssetI": null, "HS2_AssetN": null, "HS2_Suitab": "SC7", "HS2_Phase": "R1", "HS2_DocNum": "1MC04-SCJ-GI-GDD-SS05_SL08-000002", "HS2_DocRev": "C03", "HS2_RevDat": "2025-07-23T00:00:00", "HS2_Layer": "HIS_SCJ_1MC04_CH_HERDS_Feature_Ply", "Contract": "1MC04", "Originator": "SCJ", "CreatedAt": "2025-03-19T00:00:00", "LastEdited": "2025-06-19T00:00:00", "HS2_SupDoc": null, "FeatID": "1S21RSPCI_FTR_00191", "WSIIntID": "1S21RSPCI_INT_201", "MonType": "DITCH", "MonDesc": "GULLY TERMINUS", "Period": "IRON AGE", "PeriodPhas": 0, "PeriodSubP": "N/A", "PhaseDesc": null, "BuildMater": "EARTH", "ArchScienc": "HAND RETRIEVAL", "Evidence": "EXCAVATED FEATURE", "MaxLength": 1.33 }, "geometry": { "type": "Polygon", "coordinates": [ [ [ -0.464534186947978, 51.56556831917711 ], [ -0.464534752200197, 51.565570384862873 ], [ -0.464535688906381, 51.565572902315722 ], [ -0.464535212317952, 51.56557540037798 ], [ -0.464534233778858, 51.56557725163578 ], [ -0.464532850041994, 51.565579481554366 ], [ -0.464529556790623, 51.565580489641484 ], [ -0.464527736689959, 51.565579740165518 ], [ -0.464525898926857, 51.565578272889439 ], [ -0.464525235210056, 51.565576817377639 ], [ -0.464524695040281, 51.565571265785564 ], [ -0.464524837663714, 51.565568231021849 ], [ -0.464534186947978, 51.56556831917711 ] ] ] } },
{ "type": "Feature", "properties": { "_source_path": "C:\\Uni\\HS2\\HS2_ADS_GIS\\2025-11-24_HIS_HSTWO_CH_HERDS_Feature_Ply\\2025-11-24_HIS_HSTWO_CH_HERDS_Feature_Ply.shp", "_source_layer": "", "box_id": "box_05", "section": "HS2 Phase 1", "HS2_AssetI": null, "HS2_AssetN": null, "HS2_Suitab": "SC7", "HS2_Phase": "R1", "HS2_DocNum": "1MC04-SCJ-GI-GDD-SS05_SL08-000002", "HS2_DocRev": "C03", "HS2_RevDat": "2025-07-23T00:00:00", "HS2_Layer": "HIS_SCJ_1MC04_CH_HERDS_Feature_Ply", "Contract": "1MC04", "Originator": "SCJ", "CreatedAt": "2025-03-19T00:00:00", "LastEdited": "2025-06-19T00:00:00", "HS2_SupDoc": null, "FeatID": "1S21RSPCI_FTR_00218", "WSIIntID": "1S21RSPCI_INT_201", "MonType": "NATURAL FEATURE", "MonDesc": "FILL OF GULLY", "Period": "UNKNOWN", "PeriodPhas": 0, "PeriodSubP": "N/A", "PhaseDesc": null, "BuildMater": "EARTH", "ArchScienc": "HAND RETRIEVAL", "Evidence": "EXCAVATED FEATURE", "MaxLength": 4.0 }, "geometry": { "type": "Polygon", "coordinates": [ [ [ -0.464520013165693, 51.565656630309888 ], [ -0.464532518768227, 51.565655749950345 ], [ -0.464531333392024, 51.565664983707713 ], [ -0.464520520707131, 51.565665335001952 ], [ -0.464520013165693, 51.565656630309888 ] ] ] } },
{ "type": "Feature", "properties": { "_source_path": "C:\\Uni\\HS2\\HS2_ADS_GIS\\2025-11-24_HIS_HSTWO_CH_HERDS_Feature_Ply\\2025-11-24_HIS_HSTWO_CH_HERDS_Feature_Ply.shp", "_source_layer": "", "box_id": "box_05", "section": "HS2 Phase 1", "HS2_AssetI": null, "HS2_AssetN": null, "HS2_Suitab": "SC7", "HS2_Phase": "R1", "HS2_DocNum": "1MC04-SCJ-GI-GDD-SS05_SL08-000002", "HS2_DocRev": "C03", "HS2_RevDat": "2025-07-23T00:00:00", "HS2_Layer": "HIS_SCJ_1MC04_CH_HERDS_Feature_Ply", "Contract": "1MC04", "Originator": "SCJ", "CreatedAt": "2025-03-19T00:00:00", "LastEdited": "2025-06-19T00:00:00", "HS2_SupDoc": null, "FeatID": "1S21RSPCI_FTR_00226", "WSIIntID": "1S21RSPCI_INT_201", "MonType": "PIT", "MonDesc": "CUT OF PIT [226].", "Period": "UNKNOWN", "PeriodPhas": 0, "PeriodSubP": "N/A", "PhaseDesc": null, "BuildMater": "EARTH", "ArchScienc": "HAND RETRIEVAL", "Evidence": "EXCAVATED FEATURE", "MaxLength": 1.15 }, "geometry": { "type": "Polygon", "coordinates": [ [ [ -0.464524713127425, 51.565823098572743 ], [ -0.464522494371213, 51.565823646835028 ], [ -0.46451829010367, 51.565824500927107 ], [ -0.464515383210348, 51.565823204899594 ], [ -0.464514639384627, 51.565821300533464 ], [ -0.464513719727598, 51.565818833659364 ], [ -0.464515689358603, 51.565818356772056 ], [ -0.464518795481745, 51.565816736573034 ], [ -0.464520903069873, 51.565814434297451 ], [ -0.464523570621023, 51.565814911610516 ], [ -0.464526885123806, 51.565814986449539 ], [ -0.464529559547244, 51.565817015887561 ], [ -0.46452887677904, 51.565819766627513 ], [ -0.464524713127425, 51.565823098572743 ] ] ] } },
{ "type": "Feature", "properties": { "_source_path": "C:\\Uni\\HS2\\HS2_ADS_GIS\\2025-11-24_HIS_HSTWO_CH_HERDS_Feature_Ply\\2025-11-24_HIS_HSTWO_CH_HERDS_Feature_Ply.shp", "_source_layer": "", "box_id": "box_05", "section": "HS2 Phase 1", "HS2_AssetI": null, "HS2_AssetN": null, "HS2_Suitab": "SC7", "HS2_Phase": "R1", "HS2_DocNum": "1MC04-SCJ-GI-GDD-SS05_SL08-000002", "HS2_DocRev": "C03", "HS2_RevDat": "2025-07-23T00:00:00", "HS2_Layer": "HIS_SCJ_1MC04_CH_HERDS_Feature_Ply", "Contract": "1MC04", "Originator": "SCJ", "CreatedAt": "2025-03-19T00:00:00", "LastEdited": "2025-06-19T00:00:00", "HS2_SupDoc": null, "FeatID": "1S21RSPCI_FTR_00140", "WSIIntID": "1S21RSPCI_INT_201", "MonType": "PIT", "MonDesc": "PIT", "Period": "UNKNOWN", "PeriodPhas": 0, "PeriodSubP": "N/A", "PhaseDesc": null, "BuildMater": "EARTH", "ArchScienc": "HAND RETRIEVAL", "Evidence": "EXCAVATED FEATURE", "MaxLength": 4.0 }, "geometry": { "type": "Polygon", "coordinates": [ [ [ -0.464917085724565, 51.566005270697083 ], [ -0.464913956230172, 51.566005185700277 ], [ -0.464909675112513, 51.566003437388936 ], [ -0.464906850477751, 51.565999055462058 ], [ -0.464910827029022, 51.565996309138846 ], [ -0.464915976282093, 51.565995157166455 ], [ -0.464923064308406, 51.565997657963905 ], [ -0.464917085724565, 51.566005270697083 ] ] ] } },
{ "type": "Feature", "properties": { "_source_path": "C:\\Uni\\HS2\\HS2_ADS_GIS\\2025-11-24_HIS_HSTWO_CH_HERDS_Feature_Ply\\2025-11-24_HIS_HSTWO_CH_HERDS_Feature_Ply.shp", "_source_layer": "", "box_id": "box_05", "section": "HS2 Phase 1", "HS2_AssetI": null, "HS2_AssetN": null, "HS2_Suitab": "SC7", "HS2_Phase": "R1", "HS2_DocNum": "1MC04-SCJ-GI-GDD-SS05_SL08-000002", "HS2_DocRev": "C03", "HS2_RevDat": "2025-07-23T00:00:00", "HS2_Layer": "HIS_SCJ_1MC04_CH_HERDS_Feature_Ply", "Contract": "1MC04", "Originator": "SCJ", "CreatedAt": "2025-03-19T00:00:00", "LastEdited": "2025-06-19T00:00:00", "HS2_SupDoc": null, "FeatID": "1S21RSPCI_FTR_00219", "WSIIntID": "1S21RSPCI_INT_201", "MonType": "DITCH", "MonDesc": "CUT OF GULLY", "Period": "IRON AGE", "PeriodPhas": 0, "PeriodSubP": "N/A", "PhaseDesc": null, "BuildMater": "EARTH", "ArchScienc": "HAND RETRIEVAL", "Evidence": "EXCAVATED FEATURE", "MaxLength": 4.0 }, "geometry": { "type": "Polygon", "coordinates": [ [ [ -0.464520487895293, 51.565656928764263 ], [ -0.464532979048894, 51.565655920527902 ], [ -0.464531304491031, 51.565664856541048 ], [ -0.464520315745243, 51.565665423140359 ], [ -0.464520487895293, 51.565656928764263 ] ] ] } },
{ "type": "Feature", "properties": { "_source_path": "C:\\Uni\\HS2\\HS2_ADS_GIS\\2025-11-24_HIS_HSTWO_CH_HERDS_Feature_Ply\\2025-11-24_HIS_HSTWO_CH_HERDS_Feature_Ply.shp", "_source_layer": "", "box_id": "box_05", "section": "HS2 Phase 1", "HS2_AssetI": null, "HS2_AssetN": null, "HS2_Suitab": "SC7", "HS2_Phase": "R1", "HS2_DocNum": "1MC04-SCJ-GI-GDD-SS05_SL08-000002", "HS2_DocRev": "C03", "HS2_RevDat": "2025-07-23T00:00:00", "HS2_Layer": "HIS_SCJ_1MC04_CH_HERDS_Feature_Ply", "Contract": "1MC04", "Originator": "SCJ", "CreatedAt": "2025-03-19T00:00:00", "LastEdited": "2025-06-19T00:00:00", "HS2_SupDoc": null, "FeatID": "1S21RSPCI_FTR_00104", "WSIIntID": "1S21RSPCI_INT_200", "MonType": "DITCH", "MonDesc": "POSSIBLE GULLY", "Period": "UNKNOWN", "PeriodPhas": 0, "PeriodSubP": "N/A", "PhaseDesc": null, "BuildMater": "EARTH", "ArchScienc": "HAND RETRIEVAL", "Evidence": "EXCAVATED FEATURE", "MaxLength": 2.17 }, "geometry": { "type": "Polygon", "coordinates": [ [ [ -0.459819130363621, 51.568114416272834 ], [ -0.459817437467689, 51.56811630667395 ], [ -0.459814206989031, 51.568119419603427 ], [ -0.459811488741603, 51.568120311913624 ], [ -0.459809670007371, 51.568120460692995 ], [ -0.459809316957106, 51.568119294281097 ], [ -0.459810639557464, 51.56811772992944 ], [ -0.459813786299906, 51.568114106049393 ], [ -0.459817798885629, 51.568110948532386 ], [ -0.459820561449646, 51.568108232307814 ], [ -0.459824379758932, 51.568104803377338 ], [ -0.459827611548522, 51.568102548310542 ], [ -0.459829694256371, 51.568102615208637 ], [ -0.459830406887293, 51.56810317487713 ], [ -0.459830479407084, 51.568105042587518 ], [ -0.459828180957899, 51.568107816158211 ], [ -0.459823761769943, 51.56811058078015 ], [ -0.459819130363621, 51.568114416272834 ] ] ] } },
{ "type": "Feature", "properties": { "_source_path": "C:\\Uni\\HS2\\HS2_ADS_GIS\\2025-11-24_HIS_HSTWO_CH_HERDS_Feature_Ply\\2025-11-24_HIS_HSTWO_CH_HERDS_Feature_Ply.shp", "_source_layer": "", "box_id": "box_05", "section": "HS2 Phase 1", "HS2_AssetI": null, "HS2_AssetN": null, "HS2_Suitab": "SC7", "HS2_Phase": "R1", "HS2_DocNum": "1MC04-SCJ-GI-GDD-SS05_SL08-000002", "HS2_DocRev": "C03", "HS2_RevDat": "2025-07-23T00:00:00", "HS2_Layer": "HIS_SCJ_1MC04_CH_HERDS_Feature_Ply", "Contract": "1MC04", "Originator": "SCJ", "CreatedAt": "2025-03-19T00:00:00", "LastEdited": "2025-06-19T00:00:00", "HS2_SupDoc": null, "FeatID": "1S21RSPCI_FTR_00214", "WSIIntID": "1S21RSPCI_INT_201", "MonType": "DITCH", "MonDesc": "CUT OF A CURVILINEAR GULLY [214]. OVERARCHING NUMBER IS [286]. SLOT ASSOCIATED WITH THIS CONTEXT IS ORIENTED IS NORTH-SOUTH", "Period": "IRON AGE", "PeriodPhas": 0, "PeriodSubP": "N/A", "PhaseDesc": null, "BuildMater": "EARTH", "ArchScienc": "HAND RETRIEVAL", "Evidence": "EXCAVATED FEATURE", "MaxLength": 3.8 }, "geometry": { "type": "Polygon", "coordinates": [ [ [ -0.464504299065884, 51.565827373380884 ], [ -0.464512937728019, 51.565829370253077 ], [ -0.464512716357379, 51.565830288146948 ], [ -0.464512055457927, 51.565831532997429 ], [ -0.464512019604184, 51.565832854365951 ], [ -0.464510940938759, 51.565834037100146 ], [ -0.464509970363766, 51.56583573739475 ], [ -0.464508975933871, 51.565836732397152 ], [ -0.464508878463093, 51.565837912682809 ], [ -0.464507667762184, 51.565838689045279 ], [ -0.464506780452973, 51.565839416585682 ], [ -0.464499365118323, 51.565837424928731 ], [ -0.464504299065884, 51.565827373380884 ] ] ] } },
{ "type": "Feature", "properties": { "_source_path": "C:\\Uni\\HS2\\HS2_ADS_GIS\\2025-11-24_HIS_HSTWO_CH_HERDS_Feature_Ply\\2025-11-24_HIS_HSTWO_CH_HERDS_Feature_Ply.shp", "_source_layer": "", "box_id": "box_05", "section": "HS2 Phase 1", "HS2_AssetI": null, "HS2_AssetN": null, "HS2_Suitab": "SC7", "HS2_Phase": "R1", "HS2_DocNum": "1MC04-SCJ-GI-GDD-SS05_SL08-000002", "HS2_DocRev": "C03", "HS2_RevDat": "2025-07-23T00:00:00", "HS2_Layer": "HIS_SCJ_1MC04_CH_HERDS_Feature_Ply", "Contract": "1MC04", "Originator": "SCJ", "CreatedAt": "2025-03-19T00:00:00", "LastEdited": "2025-06-19T00:00:00", "HS2_SupDoc": null, "FeatID": "1S21RSPCI_FTR_00204", "WSIIntID": "1S21RSPCI_INT_201", "MonType": "DITCH", "MonDesc": "GULLY", "Period": "IRON AGE", "PeriodPhas": 0, "PeriodSubP": "N/A", "PhaseDesc": null, "BuildMater": "EARTH", "ArchScienc": "HAND RETRIEVAL", "Evidence": "EXCAVATED FEATURE", "MaxLength": 4.4 }, "geometry": { "type": "Polygon", "coordinates": [ [ [ -0.464864274784558, 51.565846440460184 ], [ -0.464858002399114, 51.565845983440511 ], [ -0.464859531668445, 51.565831120633092 ], [ -0.464866033147566, 51.565830858584441 ], [ -0.464864274784558, 51.565846440460184 ] ] ] } },
{ "type": "Feature", "properties": { "_source_path": "C:\\Uni\\HS2\\HS2_ADS_GIS\\2025-11-24_HIS_HSTWO_CH_HERDS_Feature_Ply\\2025-11-24_HIS_HSTWO_CH_HERDS_Feature_Ply.shp", "_source_layer": "", "box_id": "box_05", "section": "HS2 Phase 1", "HS2_AssetI": null, "HS2_AssetN": null, "HS2_Suitab": "SC7", "HS2_Phase": "R1", "HS2_DocNum": "1MC04-SCJ-GI-GDD-SS05_SL08-000002", "HS2_DocRev": "C03", "HS2_RevDat": "2025-07-23T00:00:00", "HS2_Layer": "HIS_SCJ_1MC04_CH_HERDS_Feature_Ply", "Contract": "1MC04", "Originator": "SCJ", "CreatedAt": "2025-03-19T00:00:00", "LastEdited": "2025-06-19T00:00:00", "HS2_SupDoc": null, "FeatID": "1S21RSPCI_FTR_00345", "WSIIntID": "1S21RSPCI_INT_201", "MonType": "DITCH", "MonDesc": "CUT OF GULLY [345].", "Period": "IRON AGE", "PeriodPhas": 0, "PeriodSubP": "N/A", "PhaseDesc": null, "BuildMater": "EARTH", "ArchScienc": "HAND RETRIEVAL", "Evidence": "EXCAVATED FEATURE", "MaxLength": 4.1 }, "geometry": { "type": "Polygon", "coordinates": [ [ [ -0.464288168064691, 51.566120021868713 ], [ -0.464291500383102, 51.566124193744713 ], [ -0.464281352298575, 51.566130339226525 ], [ -0.464272883032156, 51.566124169525821 ], [ -0.464288168064691, 51.566120021868713 ] ] ] } },
{ "type": "Feature", "properties": { "_source_path": "C:\\Uni\\HS2\\HS2_ADS_GIS\\2025-11-24_HIS_HSTWO_CH_HERDS_Feature_Ply\\2025-11-24_HIS_HSTWO_CH_HERDS_Feature_Ply.shp", "_source_layer": "", "box_id": "box_05", "section": "HS2 Phase 1", "HS2_AssetI": null, "HS2_AssetN": null, "HS2_Suitab": "SC7", "HS2_Phase": "R1", "HS2_DocNum": "1MC04-SCJ-GI-GDD-SS05_SL08-000002", "HS2_DocRev": "C03", "HS2_RevDat": "2025-07-23T00:00:00", "HS2_Layer": "HIS_SCJ_1MC04_CH_HERDS_Feature_Ply", "Contract": "1MC04", "Originator": "SCJ", "CreatedAt": "2025-03-19T00:00:00", "LastEdited": "2025-06-19T00:00:00", "HS2_SupDoc": null, "FeatID": "1S21RSPCI_FTR_00074", "WSIIntID": "1S21RSPCI_INT_200", "MonType": "DITCH", "MonDesc": "NATURAL GULLY", "Period": "UNKNOWN", "PeriodPhas": 0, "PeriodSubP": "N/A", "PhaseDesc": null, "BuildMater": "EARTH", "ArchScienc": "HAND RETRIEVAL", "Evidence": "EXCAVATED FEATURE", "MaxLength": 1.8 }, "geometry": { "type": "Polygon", "coordinates": [ [ [ -0.459731163563798, 51.567845714610407 ], [ -0.45973947754095, 51.567843362591347 ], [ -0.459747174750589, 51.567852430529612 ], [ -0.459738640337175, 51.56785481562445 ], [ -0.459731163563798, 51.567845714610407 ] ] ] } },
{ "type": "Feature", "properties": { "_source_path": "C:\\Uni\\HS2\\HS2_ADS_GIS\\2025-11-24_HIS_HSTWO_CH_HERDS_Feature_Ply\\2025-11-24_HIS_HSTWO_CH_HERDS_Feature_Ply.shp", "_source_layer": "", "box_id": "box_05", "section": "HS2 Phase 1", "HS2_AssetI": null, "HS2_AssetN": null, "HS2_Suitab": "SC7", "HS2_Phase": "R1", "HS2_DocNum": "1MC04-SCJ-GI-GDD-SS05_SL08-000002", "HS2_DocRev": "C03", "HS2_RevDat": "2025-07-23T00:00:00", "HS2_Layer": "HIS_SCJ_1MC04_CH_HERDS_Feature_Ply", "Contract": "1MC04", "Originator": "SCJ", "CreatedAt": "2025-03-19T00:00:00", "LastEdited": "2025-06-19T00:00:00", "HS2_SupDoc": null, "FeatID": "1S21RSPCI_FTR_00235", "WSIIntID": "1S21RSPCI_INT_201", "MonType": "PIT", "MonDesc": "SMALL PIT", "Period": "UNKNOWN", "PeriodPhas": 0, "PeriodSubP": "N/A", "PhaseDesc": null, "BuildMater": "EARTH", "ArchScienc": "HAND RETRIEVAL", "Evidence": "EXCAVATED FEATURE", "MaxLength": 115.0 }, "geometry": { "type": "Polygon", "coordinates": [ [ [ -0.463237410781753, 51.565902560157006 ], [ -0.463241327180949, 51.565900873270067 ], [ -0.463243177587839, 51.565901836275465 ], [ -0.463244659797236, 51.565902764785434 ], [ -0.463245669251695, 51.565903550424913 ], [ -0.463246807587456, 51.565904279303446 ], [ -0.463248134211304, 51.565905243542801 ], [ -0.46324920033981, 51.565906316772178 ], [ -0.463250161861719, 51.565907454274033 ], [ -0.463250234085423, 51.565908949705737 ], [ -0.463250143635554, 51.565910049153615 ], [ -0.463249839046393, 51.565911166479161 ], [ -0.463248699009991, 51.565912713477275 ], [ -0.463246173282585, 51.565912865640513 ], [ -0.463244513397082, 51.565912628094352 ], [ -0.463242618414777, 51.565911831758207 ], [ -0.463241575483298, 51.565910541223872 ], [ -0.463241328931504, 51.565909166701019 ], [ -0.463241061261229, 51.565907990626897 ], [ -0.463240073744365, 51.565906768258913 ], [ -0.463238734189341, 51.565905845213749 ], [ -0.463237447051862, 51.565904437281951 ], [ -0.463236930865958, 51.565903400028589 ], [ -0.463237410781753, 51.565902560157006 ] ] ] } },
{ "type": "Feature", "properties": { "_source_path": "C:\\Uni\\HS2\\HS2_ADS_GIS\\2025-11-24_HIS_HSTWO_CH_HERDS_Feature_Ply\\2025-11-24_HIS_HSTWO_CH_HERDS_Feature_Ply.shp", "_source_layer": "", "box_id": "box_05", "section": "HS2 Phase 1", "HS2_AssetI": null, "HS2_AssetN": null, "HS2_Suitab": "SC7", "HS2_Phase": "R1", "HS2_DocNum": "1MC04-SCJ-GI-GDD-SS05_SL08-000002", "HS2_DocRev": "C03", "HS2_RevDat": "2025-07-23T00:00:00", "HS2_Layer": "HIS_SCJ_1MC04_CH_HERDS_Feature_Ply", "Contract": "1MC04", "Originator": "SCJ", "CreatedAt": "2025-03-19T00:00:00", "LastEdited": "2025-06-19T00:00:00", "HS2_SupDoc": null, "FeatID": "1S21RSPCI_FTR_00212", "WSIIntID": "1S21RSPCI_INT_201", "MonType": "PIT", "MonDesc": "PIT", "Period": "MEDIEVAL", "PeriodPhas": 0, "PeriodSubP": "N/A", "PhaseDesc": null, "BuildMater": "EARTH", "ArchScienc": "HAND RETRIEVAL", "Evidence": "EXCAVATED FEATURE", "MaxLength": 0.8 }, "geometry": { "type": "Polygon", "coordinates": [ [ [ -0.464430931349378, 51.565835704037589 ], [ -0.464429628467911, 51.565838103165028 ], [ -0.464426584156281, 51.565839558715993 ], [ -0.464423055233628, 51.565840580801456 ], [ -0.464419599422883, 51.565840631798224 ], [ -0.464416246052275, 51.565839697702771 ], [ -0.464415064983015, 51.565838009719393 ], [ -0.464414818106612, 51.565836129839305 ], [ -0.464416473803985, 51.565833879202039 ], [ -0.464420483263895, 51.565833240173212 ], [ -0.464424982846475, 51.565833213624465 ], [ -0.464427945461997, 51.565833969059362 ], [ -0.464430931349378, 51.565835704037589 ] ] ] } },
{ "type": "Feature", "properties": { "_source_path": "C:\\Uni\\HS2\\HS2_ADS_GIS\\2025-11-24_HIS_HSTWO_CH_HERDS_Feature_Ply\\2025-11-24_HIS_HSTWO_CH_HERDS_Feature_Ply.shp", "_source_layer": "", "box_id": "box_05", "section": "HS2 Phase 1", "HS2_AssetI": null, "HS2_AssetN": null, "HS2_Suitab": "SC7", "HS2_Phase": "R1", "HS2_DocNum": "1MC04-SCJ-GI-GDD-SS05_SL08-000002", "HS2_DocRev": "C03", "HS2_RevDat": "2025-07-23T00:00:00", "HS2_Layer": "HIS_SCJ_1MC04_CH_HERDS_Feature_Ply", "Contract": "1MC04", "Originator": "SCJ", "CreatedAt": "2025-03-19T00:00:00", "LastEdited": "2025-06-19T00:00:00", "HS2_SupDoc": null, "FeatID": "1S21RSPCI_FTR_00088", "WSIIntID": "1S21RSPCI_INT_200", "MonType": "NATURAL FEATURE", "MonDesc": "NATURAL GRAVEL DEPOSIT", "Period": "UNKNOWN", "PeriodPhas": 0, "PeriodSubP": "N/A", "PhaseDesc": null, "BuildMater": "EARTH", "ArchScienc": "HAND RETRIEVAL", "Evidence": "EXCAVATED FEATURE", "MaxLength": 0.26 }, "geometry": { "type": "Polygon", "coordinates": [ [ [ -0.459508973634872, 51.567978483559685 ], [ -0.459503472317025, 51.567977703668923 ], [ -0.459496918036291, 51.567977255252529 ], [ -0.459495052159617, 51.567976109445787 ], [ -0.459496163869376, 51.567974295945987 ], [ -0.459501546769292, 51.567974267691817 ], [ -0.4595067081721, 51.567975115057557 ], [ -0.459510175689798, 51.567975704595497 ], [ -0.459517601525775, 51.567977005212356 ], [ -0.459521577367767, 51.567977453952068 ], [ -0.459524384402964, 51.567977862171674 ], [ -0.459524891883464, 51.567979197864581 ], [ -0.459523866095362, 51.567980475664477 ], [ -0.459517794128687, 51.567980101020979 ], [ -0.459513227381261, 51.567979418823086 ], [ -0.459508973634872, 51.567978483559685 ] ] ] } },
{ "type": "Feature", "properties": { "_source_path": "C:\\Uni\\HS2\\HS2_ADS_GIS\\2025-11-24_HIS_HSTWO_CH_HERDS_Feature_Ply\\2025-11-24_HIS_HSTWO_CH_HERDS_Feature_Ply.shp", "_source_layer": "", "box_id": "box_05", "section": "HS2 Phase 1", "HS2_AssetI": null, "HS2_AssetN": null, "HS2_Suitab": "SC7", "HS2_Phase": "R1", "HS2_DocNum": "1MC04-SCJ-GI-GDD-SS05_SL08-000002", "HS2_DocRev": "C03", "HS2_RevDat": "2025-07-23T00:00:00", "HS2_Layer": "HIS_SCJ_1MC04_CH_HERDS_Feature_Ply", "Contract": "1MC04", "Originator": "SCJ", "CreatedAt": "2025-03-19T00:00:00", "LastEdited": "2025-06-19T00:00:00", "HS2_SupDoc": null, "FeatID": "1S21RSPCI_FTR_00293", "WSIIntID": "1S21RSPCI_INT_201", "MonType": "TREE THROW", "MonDesc": "TREE BOLE", "Period": "UNKNOWN", "PeriodPhas": 0, "PeriodSubP": "N/A", "PhaseDesc": null, "BuildMater": "EARTH", "ArchScienc": "HAND RETRIEVAL", "Evidence": "EXCAVATED FEATURE", "MaxLength": 4.5 }, "geometry": { "type": "Polygon", "coordinates": [ [ [ -0.463719809895876, 51.566160750951163 ], [ -0.463721763306115, 51.566161655050244 ], [ -0.463723009910809, 51.566162382643753 ], [ -0.463723466662364, 51.566162829235516 ], [ -0.463724152490929, 51.566164227491853 ], [ -0.463724859469076, 51.566164869790029 ], [ -0.463726409629792, 51.56616558067546 ], [ -0.463727430610847, 51.56616623877386 ], [ -0.463728113042914, 51.566167095661726 ], [ -0.463729602301325, 51.566168243664777 ], [ -0.463730395369591, 51.566169071427822 ], [ -0.46373091449224, 51.566170407254795 ], [ -0.463731369465904, 51.566171420325098 ], [ -0.463730591567546, 51.566172026100261 ], [ -0.46372981223092, 51.56617228925785 ], [ -0.463728506629178, 51.566172498767379 ], [ -0.463726995542866, 51.566172169658245 ], [ -0.463726426515355, 51.566171158691709 ], [ -0.463724725624301, 51.566169868540747 ], [ -0.463723115417181, 51.566168884408853 ], [ -0.463723188909556, 51.566168116546983 ], [ -0.463721573751698, 51.566167108071589 ], [ -0.463720299732228, 51.566166209269397 ], [ -0.463719332263644, 51.566165547375412 ], [ -0.463718166047242, 51.56616508879857 ], [ -0.463717127966862, 51.566164552768697 ], [ -0.463715388141008, 51.566163904143352 ], [ -0.463714714607174, 51.56616346820185 ], [ -0.463713263326742, 51.566162648907159 ], [ -0.46371279015164, 51.566161833424559 ], [ -0.463713469050472, 51.566160569031524 ], [ -0.463715231930574, 51.56615976303808 ], [ -0.463719809895876, 51.566160750951163 ] ] ] } },
{ "type": "Feature", "properties": { "_source_path": "C:\\Uni\\HS2\\HS2_ADS_GIS\\2025-11-24_HIS_HSTWO_CH_HERDS_Feature_Ply\\2025-11-24_HIS_HSTWO_CH_HERDS_Feature_Ply.shp", "_source_layer": "", "box_id": "box_05", "section": "HS2 Phase 1", "HS2_AssetI": null, "HS2_AssetN": null, "HS2_Suitab": "SC7", "HS2_Phase": "R1", "HS2_DocNum": "1MC04-SCJ-GI-GDD-SS05_SL08-000002", "HS2_DocRev": "C03", "HS2_RevDat": "2025-07-23T00:00:00", "HS2_Layer": "HIS_SCJ_1MC04_CH_HERDS_Feature_Ply", "Contract": "1MC04", "Originator": "SCJ", "CreatedAt": "2025-03-19T00:00:00", "LastEdited": "2025-06-19T00:00:00", "HS2_SupDoc": null, "FeatID": "1S21RSPCI_FTR_00336", "WSIIntID": "1S21RSPCI_INT_201", "MonType": "DITCH", "MonDesc": "CUT OF GULLY [336].", "Period": "IRON AGE", "PeriodPhas": 0, "PeriodSubP": "N/A", "PhaseDesc": null, "BuildMater": "EARTH", "ArchScienc": "HAND RETRIEVAL", "Evidence": "EXCAVATED FEATURE", "MaxLength": 3.5 }, "geometry": { "type": "Polygon", "coordinates": [ [ [ -0.464337524607543, 51.566147116174818 ], [ -0.464328669627952, 51.566148669235112 ], [ -0.464323145333862, 51.566140095822377 ], [ -0.464330631711267, 51.566138395367503 ], [ -0.464337524607543, 51.566147116174818 ] ] ] } },
{ "type": "Feature", "properties": { "_source_path": "C:\\Uni\\HS2\\HS2_ADS_GIS\\2025-11-24_HIS_HSTWO_CH_HERDS_Feature_Ply\\2025-11-24_HIS_HSTWO_CH_HERDS_Feature_Ply.shp", "_source_layer": "", "box_id": "box_05", "section": "HS2 Phase 1", "HS2_AssetI": null, "HS2_AssetN": null, "HS2_Suitab": "SC7", "HS2_Phase": "R1", "HS2_DocNum": "1MC04-SCJ-GI-GDD-SS05_SL08-000002", "HS2_DocRev": "C03", "HS2_RevDat": "2025-07-23T00:00:00", "HS2_Layer": "HIS_SCJ_1MC04_CH_HERDS_Feature_Ply", "Contract": "1MC04", "Originator": "SCJ", "CreatedAt": "2025-03-19T00:00:00", "LastEdited": "2025-06-19T00:00:00", "HS2_SupDoc": null, "FeatID": "1S21RSPCI_FTR_00326", "WSIIntID": "1S21RSPCI_INT_201", "MonType": "TREE THROW", "MonDesc": "NATURAL DEPRESSION WITH ROOTING", "Period": "POST MEDIEVAL", "PeriodPhas": 0, "PeriodSubP": "N/A", "PhaseDesc": null, "BuildMater": "EARTH", "ArchScienc": "HAND RETRIEVAL", "Evidence": "EXCAVATED FEATURE", "MaxLength": 1.0 }, "geometry": { "type": "Polygon", "coordinates": [ [ [ -0.464637771365066, 51.565720221831945 ], [ -0.464634359756262, 51.565720288699872 ], [ -0.464633489671403, 51.565719348433376 ], [ -0.464632230926271, 51.565717910315342 ], [ -0.464630572467941, 51.565715959813829 ], [ -0.464631022246362, 51.56571442894964 ], [ -0.464630784678348, 51.565713600367438 ], [ -0.464630363035167, 51.565712839515264 ], [ -0.464630293202327, 51.565712042801451 ], [ -0.464632708819277, 51.565711218357812 ], [ -0.464634948755695, 51.565711240469241 ], [ -0.46463860709967, 51.565711987016904 ], [ -0.464640634102071, 51.565713790373579 ], [ -0.464641784500382, 51.565715832241871 ], [ -0.464642074590258, 51.565717714485231 ], [ -0.464639454058387, 51.565719268204518 ], [ -0.464637771365066, 51.565720221831945 ] ] ] } },
{ "type": "Feature", "properties": { "_source_path": "C:\\Uni\\HS2\\HS2_ADS_GIS\\2025-11-24_HIS_HSTWO_CH_HERDS_Feature_Ply\\2025-11-24_HIS_HSTWO_CH_HERDS_Feature_Ply.shp", "_source_layer": "", "box_id": "box_05", "section": "HS2 Phase 1", "HS2_AssetI": null, "HS2_AssetN": null, "HS2_Suitab": "SC7", "HS2_Phase": "R1", "HS2_DocNum": "1MC04-SCJ-GI-GDD-SS05_SL08-000002", "HS2_DocRev": "C03", "HS2_RevDat": "2025-07-23T00:00:00", "HS2_Layer": "HIS_SCJ_1MC04_CH_HERDS_Feature_Ply", "Contract": "1MC04", "Originator": "SCJ", "CreatedAt": "2025-03-19T00:00:00", "LastEdited": "2025-06-19T00:00:00", "HS2_SupDoc": null, "FeatID": "1S21RSPCI_FTR_00148", "WSIIntID": "1S21RSPCI_INT_201", "MonType": "PIT", "MonDesc": "CUT OF PIT [148].", "Period": "IRON AGE", "PeriodPhas": 0, "PeriodSubP": "N/A", "PhaseDesc": null, "BuildMater": "EARTH", "ArchScienc": "HAND RETRIEVAL", "Evidence": "EXCAVATED FEATURE", "MaxLength": 1.21 }, "geometry": { "type": "Polygon", "coordinates": [ [ [ -0.463418667146475, 51.566196652344019 ], [ -0.463416953555182, 51.566196852012119 ], [ -0.463415111028036, 51.566196339616631 ], [ -0.463413592097119, 51.566194745213217 ], [ -0.463412344587956, 51.566193616557214 ], [ -0.463410837818845, 51.566192046591652 ], [ -0.463409292940422, 51.566191050721862 ], [ -0.463408088933899, 51.566189401993192 ], [ -0.463408510399544, 51.56618764236373 ], [ -0.463410414202305, 51.566186722221964 ], [ -0.463412701953279, 51.56618656783845 ], [ -0.463415579757979, 51.566187314095529 ], [ -0.463417441044881, 51.566188425610036 ], [ -0.463418311446192, 51.566189784022029 ], [ -0.463419064842462, 51.566191274884225 ], [ -0.463419467338974, 51.566192646053203 ], [ -0.463419945605138, 51.566193609973197 ], [ -0.463420251657092, 51.5661947604723 ], [ -0.463419845741183, 51.566195930424087 ], [ -0.463419957219791, 51.566196004719671 ], [ -0.463418667146475, 51.566196652344019 ] ] ] } },
{ "type": "Feature", "properties": { "_source_path": "C:\\Uni\\HS2\\HS2_ADS_GIS\\2025-11-24_HIS_HSTWO_CH_HERDS_Feature_Ply\\2025-11-24_HIS_HSTWO_CH_HERDS_Feature_Ply.shp", "_source_layer": "", "box_id": "box_05", "section": "HS2 Phase 1", "HS2_AssetI": null, "HS2_AssetN": null, "HS2_Suitab": "SC7", "HS2_Phase": "R1", "HS2_DocNum": "1MC04-SCJ-GI-GDD-SS05_SL08-000002", "HS2_DocRev": "C03", "HS2_RevDat": "2025-07-23T00:00:00", "HS2_Layer": "HIS_SCJ_1MC04_CH_HERDS_Feature_Ply", "Contract": "1MC04", "Originator": "SCJ", "CreatedAt": "2025-03-19T00:00:00", "LastEdited": "2025-06-19T00:00:00", "HS2_SupDoc": null, "FeatID": "1S21RSPCI_FTR_00132", "WSIIntID": "1S21RSPCI_INT_201", "MonType": "PIT", "MonDesc": "CUT OF PIT [132].", "Period": "IRON AGE", "PeriodPhas": 0, "PeriodSubP": "N/A", "PhaseDesc": null, "BuildMater": "EARTH", "ArchScienc": "HAND RETRIEVAL", "Evidence": "EXCAVATED FEATURE", "MaxLength": 1.08 }, "geometry": { "type": "Polygon", "coordinates": [ [ [ -0.462684844424165, 51.566202031695184 ], [ -0.462685375991571, 51.566202740941009 ], [ -0.462684854528202, 51.566203314999328 ], [ -0.462683214344903, 51.566204289837614 ], [ -0.462681019508322, 51.566205197163114 ], [ -0.462678924378958, 51.566205244352076 ], [ -0.462677117424099, 51.566204361936691 ], [ -0.462674848837093, 51.566202707347657 ], [ -0.462672964280656, 51.566200190052179 ], [ -0.462671777528842, 51.566198501077444 ], [ -0.462672087910289, 51.56619695580558 ], [ -0.462674096462045, 51.566196053233661 ], [ -0.462676338572788, 51.566196011566987 ], [ -0.462678197419347, 51.566196681549556 ], [ -0.462679868622872, 51.566197781593729 ], [ -0.462681367688316, 51.566199408118074 ], [ -0.462682966770835, 51.566200849816234 ], [ -0.462684844424165, 51.566202031695184 ] ] ] } },
{ "type": "Feature", "properties": { "_source_path": "C:\\Uni\\HS2\\HS2_ADS_GIS\\2025-11-24_HIS_HSTWO_CH_HERDS_Feature_Ply\\2025-11-24_HIS_HSTWO_CH_HERDS_Feature_Ply.shp", "_source_layer": "", "box_id": "box_05", "section": "HS2 Phase 1", "HS2_AssetI": null, "HS2_AssetN": null, "HS2_Suitab": "SC7", "HS2_Phase": "R1", "HS2_DocNum": "1MC04-SCJ-GI-GDD-SS05_SL08-000002", "HS2_DocRev": "C03", "HS2_RevDat": "2025-07-23T00:00:00", "HS2_Layer": "HIS_SCJ_1MC04_CH_HERDS_Feature_Ply", "Contract": "1MC04", "Originator": "SCJ", "CreatedAt": "2025-03-19T00:00:00", "LastEdited": "2025-06-19T00:00:00", "HS2_SupDoc": null, "FeatID": "1S21RSPCI_FTR_00180", "WSIIntID": "1S21RSPCI_INT_201", "MonType": "DITCH", "MonDesc": "GULLY", "Period": "IRON AGE", "PeriodPhas": 0, "PeriodSubP": "N/A", "PhaseDesc": null, "BuildMater": "EARTH", "ArchScienc": "HAND RETRIEVAL", "Evidence": "EXCAVATED FEATURE", "MaxLength": 3.3 }, "geometry": { "type": "Polygon", "coordinates": [ [ [ -0.464942140039519, 51.565775803706607 ], [ -0.464943881633352, 51.565780727177597 ], [ -0.464930453776509, 51.565782386821681 ], [ -0.464928272892056, 51.565777697693242 ], [ -0.464942140039519, 51.565775803706607 ] ] ] } },
{ "type": "Feature", "properties": { "_source_path": "C:\\Uni\\HS2\\HS2_ADS_GIS\\2025-11-24_HIS_HSTWO_CH_HERDS_Feature_Ply\\2025-11-24_HIS_HSTWO_CH_HERDS_Feature_Ply.shp", "_source_layer": "", "box_id": "box_05", "section": "HS2 Phase 1", "HS2_AssetI": null, "HS2_AssetN": null, "HS2_Suitab": "SC7", "HS2_Phase": "R1", "HS2_DocNum": "1MC04-SCJ-GI-GDD-SS05_SL08-000002", "HS2_DocRev": "C03", "HS2_RevDat": "2025-07-23T00:00:00", "HS2_Layer": "HIS_SCJ_1MC04_CH_HERDS_Feature_Ply", "Contract": "1MC04", "Originator": "SCJ", "CreatedAt": "2025-03-19T00:00:00", "LastEdited": "2025-06-19T00:00:00", "HS2_SupDoc": null, "FeatID": "1S21RSPCI_FTR_00343", "WSIIntID": "1S21RSPCI_INT_201", "MonType": "DITCH", "MonDesc": "RECUT GULLY [343].", "Period": "IRON AGE", "PeriodPhas": 0, "PeriodSubP": "N/A", "PhaseDesc": null, "BuildMater": "EARTH", "ArchScienc": "HAND RETRIEVAL", "Evidence": "EXCAVATED FEATURE", "MaxLength": 3.3 }, "geometry": { "type": "Polygon", "coordinates": [ [ [ -0.464323879679083, 51.566122409893211 ], [ -0.464320359842893, 51.566125816797431 ], [ -0.464307883727444, 51.56612029335259 ], [ -0.464312958954488, 51.566116243185718 ], [ -0.464323879679083, 51.566122409893211 ] ] ] } },
{ "type": "Feature", "properties": { "_source_path": "C:\\Uni\\HS2\\HS2_ADS_GIS\\2025-11-24_HIS_HSTWO_CH_HERDS_Feature_Ply\\2025-11-24_HIS_HSTWO_CH_HERDS_Feature_Ply.shp", "_source_layer": "", "box_id": "box_05", "section": "HS2 Phase 1", "HS2_AssetI": null, "HS2_AssetN": null, "HS2_Suitab": "SC7", "HS2_Phase": "R1", "HS2_DocNum": "1MC04-SCJ-GI-GDD-SS05_SL08-000002", "HS2_DocRev": "C03", "HS2_RevDat": "2025-07-23T00:00:00", "HS2_Layer": "HIS_SCJ_1MC04_CH_HERDS_Feature_Ply", "Contract": "1MC04", "Originator": "SCJ", "CreatedAt": "2025-03-19T00:00:00", "LastEdited": "2025-06-19T00:00:00", "HS2_SupDoc": null, "FeatID": "1S21RSPCI_FTR_00070", "WSIIntID": "1S21RSPCI_INT_200", "MonType": "DITCH", "MonDesc": "PROBABLE NATURAL GULLY", "Period": "UNKNOWN", "PeriodPhas": 0, "PeriodSubP": "N/A", "PhaseDesc": null, "BuildMater": "EARTH", "ArchScienc": "HAND RETRIEVAL", "Evidence": "EXCAVATED FEATURE", "MaxLength": 0.7 }, "geometry": { "type": "Polygon", "coordinates": [ [ [ -0.459705665371612, 51.567825594649413 ], [ -0.459712789261528, 51.567820416083947 ], [ -0.459720665320859, 51.567825045175987 ], [ -0.459714782523858, 51.56782936330174 ], [ -0.459705665371612, 51.567825594649413 ] ] ] } },
{ "type": "Feature", "properties": { "_source_path": "C:\\Uni\\HS2\\HS2_ADS_GIS\\2025-11-24_HIS_HSTWO_CH_HERDS_Feature_Ply\\2025-11-24_HIS_HSTWO_CH_HERDS_Feature_Ply.shp", "_source_layer": "", "box_id": "box_05", "section": "HS2 Phase 1", "HS2_AssetI": null, "HS2_AssetN": null, "HS2_Suitab": "SC7", "HS2_Phase": "R1", "HS2_DocNum": "1MC04-SCJ-GI-GDD-SS05_SL08-000002", "HS2_DocRev": "C03", "HS2_RevDat": "2025-07-23T00:00:00", "HS2_Layer": "HIS_SCJ_1MC04_CH_HERDS_Feature_Ply", "Contract": "1MC04", "Originator": "SCJ", "CreatedAt": "2025-03-19T00:00:00", "LastEdited": "2025-06-19T00:00:00", "HS2_SupDoc": null, "FeatID": "1S21RSPCI_FTR_00332", "WSIIntID": "1S21RSPCI_INT_201", "MonType": "DITCH", "MonDesc": "CUT OF GULLY TERMINUS [332].", "Period": "IRON AGE", "PeriodPhas": 0, "PeriodSubP": "N/A", "PhaseDesc": null, "BuildMater": "EARTH", "ArchScienc": "HAND RETRIEVAL", "Evidence": "EXCAVATED FEATURE", "MaxLength": 3.3 }, "geometry": { "type": "Polygon", "coordinates": [ [ [ -0.464339081389477, 51.56616403358673 ], [ -0.464337417056687, 51.566166154623708 ], [ -0.464335022919534, 51.566167796723626 ], [ -0.464332126248671, 51.566168595083774 ], [ -0.464328883291552, 51.566167937588808 ], [ -0.464327709501161, 51.566166889936888 ], [ -0.464327057773714, 51.566165078494159 ], [ -0.46432652781819, 51.566163164336622 ], [ -0.464327070565321, 51.566160972872204 ], [ -0.464327688667484, 51.566159927986405 ], [ -0.464339081389477, 51.56616403358673 ] ] ] } },
{ "type": "Feature", "properties": { "_source_path": "C:\\Uni\\HS2\\HS2_ADS_GIS\\2025-11-24_HIS_HSTWO_CH_HERDS_Feature_Ply\\2025-11-24_HIS_HSTWO_CH_HERDS_Feature_Ply.shp", "_source_layer": "", "box_id": "box_05", "section": "HS2 Phase 1", "HS2_AssetI": null, "HS2_AssetN": null, "HS2_Suitab": "SC7", "HS2_Phase": "R1", "HS2_DocNum": "1MC04-SCJ-GI-GDD-SS05_SL08-000002", "HS2_DocRev": "C03", "HS2_RevDat": "2025-07-23T00:00:00", "HS2_Layer": "HIS_SCJ_1MC04_CH_HERDS_Feature_Ply", "Contract": "1MC04", "Originator": "SCJ", "CreatedAt": "2025-03-19T00:00:00", "LastEdited": "2025-06-19T00:00:00", "HS2_SupDoc": null, "FeatID": "1S21RSPCI_FTR_00221", "WSIIntID": "1S21RSPCI_INT_201", "MonType": "DITCH", "MonDesc": "CUT OF GULLY", "Period": "UNKNOWN", "PeriodPhas": 0, "PeriodSubP": "N/A", "PhaseDesc": null, "BuildMater": "EARTH", "ArchScienc": "HAND RETRIEVAL", "Evidence": "EXCAVATED FEATURE", "MaxLength": 3.1 }, "geometry": { "type": "Polygon", "coordinates": [ [ [ -0.464659100182896, 51.565602299815716 ], [ -0.464647060877672, 51.565606813699453 ], [ -0.464643373396455, 51.565603120061986 ], [ -0.464654449989278, 51.565598017190496 ], [ -0.464659100182896, 51.565602299815716 ] ] ] } },
{ "type": "Feature", "properties": { "_source_path": "C:\\Uni\\HS2\\HS2_ADS_GIS\\2025-11-24_HIS_HSTWO_CH_HERDS_Feature_Ply\\2025-11-24_HIS_HSTWO_CH_HERDS_Feature_Ply.shp", "_source_layer": "", "box_id": "box_05", "section": "HS2 Phase 1", "HS2_AssetI": null, "HS2_AssetN": null, "HS2_Suitab": "SC7", "HS2_Phase": "R1", "HS2_DocNum": "1MC04-SCJ-GI-GDD-SS05_SL08-000002", "HS2_DocRev": "C03", "HS2_RevDat": "2025-07-23T00:00:00", "HS2_Layer": "HIS_SCJ_1MC04_CH_HERDS_Feature_Ply", "Contract": "1MC04", "Originator": "SCJ", "CreatedAt": "2025-03-19T00:00:00", "LastEdited": "2025-06-19T00:00:00", "HS2_SupDoc": null, "FeatID": "1S21RSPCI_FTR_00076", "WSIIntID": "1S21RSPCI_INT_200", "MonType": "DITCH", "MonDesc": "CUT OF GULLY", "Period": "UNKNOWN", "PeriodPhas": 0, "PeriodSubP": "N/A", "PhaseDesc": null, "BuildMater": "EARTH", "ArchScienc": "HAND RETRIEVAL", "Evidence": "EXCAVATED FEATURE", "MaxLength": 1.18 }, "geometry": { "type": "Polygon", "coordinates": [ [ [ -0.459754409212263, 51.567755038586292 ], [ -0.459764403311902, 51.567755699386723 ], [ -0.459764541491694, 51.567761516387655 ], [ -0.459754526139998, 51.567761954142277 ], [ -0.459754409212263, 51.567755038586292 ] ] ] } },
{ "type": "Feature", "properties": { "_source_path": "C:\\Uni\\HS2\\HS2_ADS_GIS\\2025-11-24_HIS_HSTWO_CH_HERDS_Feature_Ply\\2025-11-24_HIS_HSTWO_CH_HERDS_Feature_Ply.shp", "_source_layer": "", "box_id": "box_05", "section": "HS2 Phase 1", "HS2_AssetI": null, "HS2_AssetN": null, "HS2_Suitab": "SC7", "HS2_Phase": "R1", "HS2_DocNum": "1MC04-SCJ-GI-GDD-SS05_SL08-000002", "HS2_DocRev": "C03", "HS2_RevDat": "2025-07-23T00:00:00", "HS2_Layer": "HIS_SCJ_1MC04_CH_HERDS_Feature_Ply", "Contract": "1MC04", "Originator": "SCJ", "CreatedAt": "2025-03-19T00:00:00", "LastEdited": "2025-06-19T00:00:00", "HS2_SupDoc": null, "FeatID": "1S21RSPCI_FTR_00290", "WSIIntID": "1S21RSPCI_INT_201", "MonType": "PIT", "MonDesc": "POSSIBLE PIT", "Period": "UNKNOWN", "PeriodPhas": 0, "PeriodSubP": "N/A", "PhaseDesc": null, "BuildMater": "EARTH", "ArchScienc": "HAND RETRIEVAL", "Evidence": "EXCAVATED FEATURE", "MaxLength": 0.6 }, "geometry": { "type": "Polygon", "coordinates": [ [ [ -0.463982808349349, 51.566078519542351 ], [ -0.463983890710581, 51.566079753935846 ], [ -0.463983571392714, 51.566081180398406 ], [ -0.463982582029696, 51.566082152982482 ], [ -0.463981055393308, 51.566082670728193 ], [ -0.463979381703078, 51.566083227912806 ], [ -0.463977236793687, 51.566083724977261 ], [ -0.463974942994501, 51.566084273146259 ], [ -0.463973544259795, 51.56608390684481 ], [ -0.463972303978707, 51.566083119988924 ], [ -0.463970959708647, 51.566081779657424 ], [ -0.463970946718864, 51.566080366829631 ], [ -0.463971698941957, 51.566079580874998 ], [ -0.463973881578318, 51.566078563662266 ], [ -0.46397614134027, 51.566077997962822 ], [ -0.463977720130419, 51.566077388281208 ], [ -0.463979170699356, 51.566077286773016 ], [ -0.463981281714245, 51.566077581468292 ], [ -0.463982808349349, 51.566078519542351 ] ] ] } },
{ "type": "Feature", "properties": { "_source_path": "C:\\Uni\\HS2\\HS2_ADS_GIS\\2025-11-24_HIS_HSTWO_CH_HERDS_Feature_Ply\\2025-11-24_HIS_HSTWO_CH_HERDS_Feature_Ply.shp", "_source_layer": "", "box_id": "box_05", "section": "HS2 Phase 1", "HS2_AssetI": null, "HS2_AssetN": null, "HS2_Suitab": "SC7", "HS2_Phase": "R1", "HS2_DocNum": "1MC04-SCJ-GI-GDD-SS05_SL08-000002", "HS2_DocRev": "C03", "HS2_RevDat": "2025-07-23T00:00:00", "HS2_Layer": "HIS_SCJ_1MC04_CH_HERDS_Feature_Ply", "Contract": "1MC04", "Originator": "SCJ", "CreatedAt": "2025-03-19T00:00:00", "LastEdited": "2025-06-19T00:00:00", "HS2_SupDoc": null, "FeatID": "1S21RSPCI_FTR_00291", "WSIIntID": "1S21RSPCI_INT_201", "MonType": "NATURAL FEATURE", "MonDesc": "FILL OF PIT", "Period": "UNKNOWN", "PeriodPhas": 0, "PeriodSubP": "N/A", "PhaseDesc": null, "BuildMater": "EARTH", "ArchScienc": "HAND RETRIEVAL", "Evidence": "EXCAVATED FEATURE", "MaxLength": 3.1 }, "geometry": { "type": "Polygon", "coordinates": [ [ [ -0.463983740588185, 51.566079584718047 ], [ -0.463983991277748, 51.566080965587801 ], [ -0.463982460359741, 51.566082209838612 ], [ -0.463980104314039, 51.566083063823342 ], [ -0.463977719736573, 51.566083651268649 ], [ -0.463975477837363, 51.566084157854142 ], [ -0.463973798920617, 51.566083928162129 ], [ -0.463972792580796, 51.566083006789178 ], [ -0.463971281006092, 51.566082264040517 ], [ -0.463971087086129, 51.566080611453366 ], [ -0.463972015462779, 51.56607939348622 ], [ -0.463973337749264, 51.566078688728069 ], [ -0.463975865561606, 51.566077961082513 ], [ -0.463978612648884, 51.566077448520296 ], [ -0.463980576180962, 51.56607736721417 ], [ -0.463982289204589, 51.56607791207572 ], [ -0.463983740588185, 51.566079584718047 ] ] ] } },
{ "type": "Feature", "properties": { "_source_path": "C:\\Uni\\HS2\\HS2_ADS_GIS\\2025-11-24_HIS_HSTWO_CH_HERDS_Feature_Ply\\2025-11-24_HIS_HSTWO_CH_HERDS_Feature_Ply.shp", "_source_layer": "", "box_id": "box_05", "section": "HS2 Phase 1", "HS2_AssetI": null, "HS2_AssetN": null, "HS2_Suitab": "SC7", "HS2_Phase": "R1", "HS2_DocNum": "1MC04-SCJ-GI-GDD-SS05_SL08-000002", "HS2_DocRev": "C03", "HS2_RevDat": "2025-07-23T00:00:00", "HS2_Layer": "HIS_SCJ_1MC04_CH_HERDS_Feature_Ply", "Contract": "1MC04", "Originator": "SCJ", "CreatedAt": "2025-03-19T00:00:00", "LastEdited": "2025-06-19T00:00:00", "HS2_SupDoc": null, "FeatID": "1S21RSPCI_FTR_00341", "WSIIntID": "1S21RSPCI_INT_201", "MonType": "DITCH", "MonDesc": "CUT OF GULLY [341].", "Period": "IRON AGE", "PeriodPhas": 0, "PeriodSubP": "N/A", "PhaseDesc": null, "BuildMater": "EARTH", "ArchScienc": "HAND RETRIEVAL", "Evidence": "EXCAVATED FEATURE", "MaxLength": 3.2 }, "geometry": { "type": "Polygon", "coordinates": [ [ [ -0.464316576600487, 51.566128862369425 ], [ -0.464304250580351, 51.566125564632749 ], [ -0.464307509914334, 51.566120810901531 ], [ -0.464320020513026, 51.566125910370893 ], [ -0.464316576600487, 51.566128862369425 ] ] ] } },
{ "type": "Feature", "properties": { "_source_path": "C:\\Uni\\HS2\\HS2_ADS_GIS\\2025-11-24_HIS_HSTWO_CH_HERDS_Feature_Ply\\2025-11-24_HIS_HSTWO_CH_HERDS_Feature_Ply.shp", "_source_layer": "", "box_id": "box_05", "section": "HS2 Phase 1", "HS2_AssetI": null, "HS2_AssetN": null, "HS2_Suitab": "SC7", "HS2_Phase": "R1", "HS2_DocNum": "1MC04-SCJ-GI-GDD-SS05_SL08-000002", "HS2_DocRev": "C03", "HS2_RevDat": "2025-07-23T00:00:00", "HS2_Layer": "HIS_SCJ_1MC04_CH_HERDS_Feature_Ply", "Contract": "1MC04", "Originator": "SCJ", "CreatedAt": "2025-03-19T00:00:00", "LastEdited": "2025-06-19T00:00:00", "HS2_SupDoc": null, "FeatID": "1S21RSPCI_FTR_00245", "WSIIntID": "1S21RSPCI_INT_201", "MonType": "PIT", "MonDesc": "CUT OF PIT [245].", "Period": "UNKNOWN", "PeriodPhas": 0, "PeriodSubP": "N/A", "PhaseDesc": null, "BuildMater": "EARTH", "ArchScienc": "HAND RETRIEVAL", "Evidence": "EXCAVATED FEATURE", "MaxLength": 0.68 }, "geometry": { "type": "Polygon", "coordinates": [ [ [ -0.464591018198897, 51.565901551657021 ], [ -0.464589764216723, 51.565900743047386 ], [ -0.464588066640878, 51.565899825224967 ], [ -0.464588089523937, 51.565898460524735 ], [ -0.464588765688685, 51.565897790468256 ], [ -0.464589519805763, 51.565896476698654 ], [ -0.464591528846438, 51.565895343902923 ], [ -0.464593373205706, 51.565895159416769 ], [ -0.464595348150785, 51.565895295858333 ], [ -0.464597722086295, 51.565896308853766 ], [ -0.464599427742681, 51.565897586465454 ], [ -0.464600108816738, 51.565898398369981 ], [ -0.464599999114216, 51.565900070363107 ], [ -0.464597893659493, 51.565901195603118 ], [ -0.464596270996306, 51.565901651853423 ], [ -0.464593939738948, 51.565902113220304 ], [ -0.464591018198897, 51.565901551657021 ] ] ] } },
{ "type": "Feature", "properties": { "_source_path": "C:\\Uni\\HS2\\HS2_ADS_GIS\\2025-11-24_HIS_HSTWO_CH_HERDS_Feature_Ply\\2025-11-24_HIS_HSTWO_CH_HERDS_Feature_Ply.shp", "_source_layer": "", "box_id": "box_05", "section": "HS2 Phase 1", "HS2_AssetI": null, "HS2_AssetN": null, "HS2_Suitab": "SC7", "HS2_Phase": "R1", "HS2_DocNum": "1MC04-SCJ-GI-GDD-SS05_SL08-000002", "HS2_DocRev": "C03", "HS2_RevDat": "2025-07-23T00:00:00", "HS2_Layer": "HIS_SCJ_1MC04_CH_HERDS_Feature_Ply", "Contract": "1MC04", "Originator": "SCJ", "CreatedAt": "2025-03-19T00:00:00", "LastEdited": "2025-06-19T00:00:00", "HS2_SupDoc": null, "FeatID": "1S21RSPCI_FTR_00351", "WSIIntID": "1S21RSPCI_INT_201", "MonType": "DITCH", "MonDesc": "CUT OF TERMINUS OF ROUNDHOUSE DRIP GULLY [351].", "Period": "IRON AGE", "PeriodPhas": 0, "PeriodSubP": "N/A", "PhaseDesc": null, "BuildMater": "EARTH", "ArchScienc": "HAND RETRIEVAL", "Evidence": "EXCAVATED FEATURE", "MaxLength": 3.0 }, "geometry": { "type": "Polygon", "coordinates": [ [ [ -0.464264460811645, 51.566139172321719 ], [ -0.464276303274795, 51.56613939293517 ], [ -0.464275871149903, 51.566141598435919 ], [ -0.464275413356791, 51.566143152573233 ], [ -0.464274196114493, 51.566144765112305 ], [ -0.464271461828169, 51.566145497256038 ], [ -0.464268618612943, 51.566145479832159 ], [ -0.46426598783417, 51.566144381641017 ], [ -0.464264777714685, 51.566142442396711 ], [ -0.464264460811645, 51.566139172321719 ] ] ] } },
{ "type": "Feature", "properties": { "_source_path": "C:\\Uni\\HS2\\HS2_ADS_GIS\\2025-11-24_HIS_HSTWO_CH_HERDS_Feature_Ply\\2025-11-24_HIS_HSTWO_CH_HERDS_Feature_Ply.shp", "_source_layer": "", "box_id": "box_05", "section": "HS2 Phase 1", "HS2_AssetI": null, "HS2_AssetN": null, "HS2_Suitab": "SC7", "HS2_Phase": "R1", "HS2_DocNum": "1MC04-SCJ-GI-GDD-SS05_SL08-000002", "HS2_DocRev": "C03", "HS2_RevDat": "2025-07-23T00:00:00", "HS2_Layer": "HIS_SCJ_1MC04_CH_HERDS_Feature_Ply", "Contract": "1MC04", "Originator": "SCJ", "CreatedAt": "2025-03-19T00:00:00", "LastEdited": "2025-06-19T00:00:00", "HS2_SupDoc": null, "FeatID": "1S21RSPCI_FTR_00164", "WSIIntID": "1S21RSPCI_INT_201", "MonType": "DITCH", "MonDesc": "SLOT IN GULLY", "Period": "IRON AGE", "PeriodPhas": 0, "PeriodSubP": "N/A", "PhaseDesc": null, "BuildMater": "EARTH", "ArchScienc": "HAND RETRIEVAL", "Evidence": "EXCAVATED FEATURE", "MaxLength": 1.0 }, "geometry": { "type": "Polygon", "coordinates": [ [ [ -0.464946732108393, 51.565957475259012 ], [ -0.464946330933247, 51.565961504763195 ], [ -0.464932173211127, 51.565961614515487 ], [ -0.464932359436953, 51.565957241399438 ], [ -0.464946732108393, 51.565957475259012 ] ] ] } },
{ "type": "Feature", "properties": { "_source_path": "C:\\Uni\\HS2\\HS2_ADS_GIS\\2025-11-24_HIS_HSTWO_CH_HERDS_Feature_Ply\\2025-11-24_HIS_HSTWO_CH_HERDS_Feature_Ply.shp", "_source_layer": "", "box_id": "box_05", "section": "HS2 Phase 1", "HS2_AssetI": null, "HS2_AssetN": null, "HS2_Suitab": "SC7", "HS2_Phase": "R1", "HS2_DocNum": "1MC04-SCJ-GI-GDD-SS05_SL08-000002", "HS2_DocRev": "C03", "HS2_RevDat": "2025-07-23T00:00:00", "HS2_Layer": "HIS_SCJ_1MC04_CH_HERDS_Feature_Ply", "Contract": "1MC04", "Originator": "SCJ", "CreatedAt": "2025-03-19T00:00:00", "LastEdited": "2025-06-19T00:00:00", "HS2_SupDoc": null, "FeatID": "1S21RSPCI_FTR_00071", "WSIIntID": "1S21RSPCI_INT_200", "MonType": "DITCH", "MonDesc": "DITCH/GULLY", "Period": "UNKNOWN", "PeriodPhas": 0, "PeriodSubP": "N/A", "PhaseDesc": null, "BuildMater": "EARTH", "ArchScienc": "HAND RETRIEVAL", "Evidence": "EXCAVATED FEATURE", "MaxLength": 2.8 }, "geometry": { "type": "Polygon", "coordinates": [ [ [ -0.459679399406391, 51.567809877925647 ], [ -0.459685224793176, 51.567806362042141 ], [ -0.459692823529495, 51.567812109709614 ], [ -0.459686188322378, 51.567815380270943 ], [ -0.459679399406391, 51.567809877925647 ] ] ] } },
{ "type": "Feature", "properties": { "_source_path": "C:\\Uni\\HS2\\HS2_ADS_GIS\\2025-11-24_HIS_HSTWO_CH_HERDS_Feature_Ply\\2025-11-24_HIS_HSTWO_CH_HERDS_Feature_Ply.shp", "_source_layer": "", "box_id": "box_05", "section": "HS2 Phase 1", "HS2_AssetI": null, "HS2_AssetN": null, "HS2_Suitab": "SC7", "HS2_Phase": "R1", "HS2_DocNum": "1MC04-SCJ-GI-GDD-SS05_SL08-000002", "HS2_DocRev": "C03", "HS2_RevDat": "2025-07-23T00:00:00", "HS2_Layer": "HIS_SCJ_1MC04_CH_HERDS_Feature_Ply", "Contract": "1MC04", "Originator": "SCJ", "CreatedAt": "2025-03-19T00:00:00", "LastEdited": "2025-06-19T00:00:00", "HS2_SupDoc": null, "FeatID": "1S21RSPCI_FTR_00130", "WSIIntID": "1S21RSPCI_INT_201", "MonType": "DITCH", "MonDesc": "CUT OF POSSIBLE GULLY", "Period": "IRON AGE", "PeriodPhas": 0, "PeriodSubP": "N/A", "PhaseDesc": null, "BuildMater": "EARTH", "ArchScienc": "HAND RETRIEVAL", "Evidence": "EXCAVATED FEATURE", "MaxLength": 6.0 }, "geometry": { "type": "Polygon", "coordinates": [ [ [ -0.464883201002714, 51.565949580047523 ], [ -0.464873235120971, 51.565943164212484 ], [ -0.464877353192634, 51.565939899998668 ], [ -0.464887453477018, 51.565947123282932 ], [ -0.464883201002714, 51.565949580047523 ] ] ] } },
{ "type": "Feature", "properties": { "_source_path": "C:\\Uni\\HS2\\HS2_ADS_GIS\\2025-11-24_HIS_HSTWO_CH_HERDS_Feature_Ply\\2025-11-24_HIS_HSTWO_CH_HERDS_Feature_Ply.shp", "_source_layer": "", "box_id": "box_05", "section": "HS2 Phase 1", "HS2_AssetI": null, "HS2_AssetN": null, "HS2_Suitab": "SC7", "HS2_Phase": "R1", "HS2_DocNum": "1MC04-SCJ-GI-GDD-SS05_SL08-000002", "HS2_DocRev": "C03", "HS2_RevDat": "2025-07-23T00:00:00", "HS2_Layer": "HIS_SCJ_1MC04_CH_HERDS_Feature_Ply", "Contract": "1MC04", "Originator": "SCJ", "CreatedAt": "2025-03-19T00:00:00", "LastEdited": "2025-06-19T00:00:00", "HS2_SupDoc": null, "FeatID": "1S21RSPCI_FTR_00272", "WSIIntID": "1S21RSPCI_INT_201", "MonType": "DITCH", "MonDesc": "GULLY TERMINUS", "Period": "IRON AGE", "PeriodPhas": 0, "PeriodSubP": "N/A", "PhaseDesc": null, "BuildMater": "EARTH", "ArchScienc": "HAND RETRIEVAL", "Evidence": "EXCAVATED FEATURE", "MaxLength": 1.0 }, "geometry": { "type": "Polygon", "coordinates": [ [ [ -0.464868487288092, 51.565814366818316 ], [ -0.464862854376935, 51.565813857916808 ], [ -0.464862908023227, 51.56581175087215 ], [ -0.464863441605259, 51.565810044858367 ], [ -0.464863376830965, 51.565807983922689 ], [ -0.464864167576335, 51.565806139197825 ], [ -0.464864250566845, 51.56580551713143 ], [ -0.464864703772767, 51.565804912496773 ], [ -0.464866337790301, 51.565804804385252 ], [ -0.464867587558046, 51.565805052729452 ], [ -0.464868624004859, 51.565805294686363 ], [ -0.464869308572139, 51.565806088650845 ], [ -0.464869684825228, 51.565806955015042 ], [ -0.464869698036203, 51.565806991156222 ], [ -0.464869994755716, 51.565807991361439 ], [ -0.464870259960475, 51.565810184405052 ], [ -0.464870080075056, 51.565811884255041 ], [ -0.4648687869589, 51.565813051598369 ], [ -0.464868487288092, 51.565814366818316 ] ] ] } },
{ "type": "Feature", "properties": { "_source_path": "C:\\Uni\\HS2\\HS2_ADS_GIS\\2025-11-24_HIS_HSTWO_CH_HERDS_Feature_Ply\\2025-11-24_HIS_HSTWO_CH_HERDS_Feature_Ply.shp", "_source_layer": "", "box_id": "box_05", "section": "HS2 Phase 1", "HS2_AssetI": null, "HS2_AssetN": null, "HS2_Suitab": "SC7", "HS2_Phase": "R1", "HS2_DocNum": "1MC04-SCJ-GI-GDD-SS05_SL08-000002", "HS2_DocRev": "C03", "HS2_RevDat": "2025-07-23T00:00:00", "HS2_Layer": "HIS_SCJ_1MC04_CH_HERDS_Feature_Ply", "Contract": "1MC04", "Originator": "SCJ", "CreatedAt": "2025-03-19T00:00:00", "LastEdited": "2025-06-19T00:00:00", "HS2_SupDoc": null, "FeatID": "1S21RSPCI_FTR_00176", "WSIIntID": "1S21RSPCI_INT_201", "MonType": "DITCH", "MonDesc": "GULLY", "Period": "UNKNOWN", "PeriodPhas": 0, "PeriodSubP": "N/A", "PhaseDesc": null, "BuildMater": "EARTH", "ArchScienc": "HAND RETRIEVAL", "Evidence": "EXCAVATED FEATURE", "MaxLength": 3.1 }, "geometry": { "type": "Polygon", "coordinates": [ [ [ -0.464745838993959, 51.565577145288202 ], [ -0.464732939967885, 51.565581739653091 ], [ -0.464729939514502, 51.565577738484528 ], [ -0.464743674660061, 51.565574493081549 ], [ -0.464745838993959, 51.565577145288202 ] ] ] } },
{ "type": "Feature", "properties": { "_source_path": "C:\\Uni\\HS2\\HS2_ADS_GIS\\2025-11-24_HIS_HSTWO_CH_HERDS_Feature_Ply\\2025-11-24_HIS_HSTWO_CH_HERDS_Feature_Ply.shp", "_source_layer": "", "box_id": "box_05", "section": "HS2 Phase 1", "HS2_AssetI": null, "HS2_AssetN": null, "HS2_Suitab": "SC7", "HS2_Phase": "R1", "HS2_DocNum": "1MC04-SCJ-GI-GDD-SS05_SL08-000002", "HS2_DocRev": "C03", "HS2_RevDat": "2025-07-23T00:00:00", "HS2_Layer": "HIS_SCJ_1MC04_CH_HERDS_Feature_Ply", "Contract": "1MC04", "Originator": "SCJ", "CreatedAt": "2025-03-19T00:00:00", "LastEdited": "2025-06-19T00:00:00", "HS2_SupDoc": null, "FeatID": "1S21RSPCI_FTR_00124", "WSIIntID": "1S21RSPCI_INT_200", "MonType": "DITCH", "MonDesc": "SLOT OF GULLY", "Period": "UNKNOWN", "PeriodPhas": 0, "PeriodSubP": "N/A", "PhaseDesc": null, "BuildMater": "EARTH", "ArchScienc": "HAND RETRIEVAL", "Evidence": "EXCAVATED FEATURE", "MaxLength": 3.2 }, "geometry": { "type": "Polygon", "coordinates": [ [ [ -0.460412946501133, 51.568138517752551 ], [ -0.46041094184495, 51.568135712897188 ], [ -0.460426434634813, 51.568130400392263 ], [ -0.460428055532715, 51.568133203809836 ], [ -0.460412946501133, 51.568138517752551 ] ] ] } },
{ "type": "Feature", "properties": { "_source_path": "C:\\Uni\\HS2\\HS2_ADS_GIS\\2025-11-24_HIS_HSTWO_CH_HERDS_Feature_Ply\\2025-11-24_HIS_HSTWO_CH_HERDS_Feature_Ply.shp", "_source_layer": "", "box_id": "box_05", "section": "HS2 Phase 1", "HS2_AssetI": null, "HS2_AssetN": null, "HS2_Suitab": "SC7", "HS2_Phase": "R1", "HS2_DocNum": "1MC04-SCJ-GI-GDD-SS05_SL08-000002", "HS2_DocRev": "C03", "HS2_RevDat": "2025-07-23T00:00:00", "HS2_Layer": "HIS_SCJ_1MC04_CH_HERDS_Feature_Ply", "Contract": "1MC04", "Originator": "SCJ", "CreatedAt": "2025-03-19T00:00:00", "LastEdited": "2025-06-19T00:00:00", "HS2_SupDoc": null, "FeatID": "1S21RSPCI_FTR_00349", "WSIIntID": "1S21RSPCI_INT_201", "MonType": "PIT", "MonDesc": "CUT OF PIT [349].", "Period": "UNKNOWN", "PeriodPhas": 0, "PeriodSubP": "N/A", "PhaseDesc": null, "BuildMater": "EARTH", "ArchScienc": "HAND RETRIEVAL", "Evidence": "EXCAVATED FEATURE", "MaxLength": 0.75 }, "geometry": { "type": "Polygon", "coordinates": [ [ [ -0.464281614970919, 51.566119758971112 ], [ -0.464281468115535, 51.566122362058529 ], [ -0.464280305593853, 51.566124063436241 ], [ -0.464278256672316, 51.566124366633886 ], [ -0.464275198496835, 51.566123834747124 ], [ -0.464273940748028, 51.566123180748825 ], [ -0.464272997376755, 51.56612248860165 ], [ -0.464273270486608, 51.566120677571313 ], [ -0.464272918051498, 51.566119190163313 ], [ -0.464274567400083, 51.566118070650205 ], [ -0.4642777677946, 51.566117635949716 ], [ -0.464280844415487, 51.566118519668606 ], [ -0.464281614970919, 51.566119758971112 ] ] ] } },
{ "type": "Feature", "properties": { "_source_path": "C:\\Uni\\HS2\\HS2_ADS_GIS\\2025-11-24_HIS_HSTWO_CH_HERDS_Feature_Ply\\2025-11-24_HIS_HSTWO_CH_HERDS_Feature_Ply.shp", "_source_layer": "", "box_id": "box_05", "section": "HS2 Phase 1", "HS2_AssetI": null, "HS2_AssetN": null, "HS2_Suitab": "SC7", "HS2_Phase": "R1", "HS2_DocNum": "1MC04-SCJ-GI-GDD-SS05_SL08-000002", "HS2_DocRev": "C03", "HS2_RevDat": "2025-07-23T00:00:00", "HS2_Layer": "HIS_SCJ_1MC04_CH_HERDS_Feature_Ply", "Contract": "1MC04", "Originator": "SCJ", "CreatedAt": "2025-03-19T00:00:00", "LastEdited": "2025-06-19T00:00:00", "HS2_SupDoc": null, "FeatID": "1S21RSPCI_FTR_00295", "WSIIntID": "1S21RSPCI_INT_201", "MonType": "PIT", "MonDesc": "SMALL PIT", "Period": "UNKNOWN", "PeriodPhas": 0, "PeriodSubP": "N/A", "PhaseDesc": null, "BuildMater": "EARTH", "ArchScienc": "HAND RETRIEVAL", "Evidence": "EXCAVATED FEATURE", "MaxLength": 0.5 }, "geometry": { "type": "Polygon", "coordinates": [ [ [ -0.464281516566056, 51.566056599923577 ], [ -0.464283109451529, 51.566055957151612 ], [ -0.464284967419468, 51.566056610911374 ], [ -0.464285925136073, 51.566057819392299 ], [ -0.464286351920925, 51.56605889863301 ], [ -0.464286052980748, 51.566059763357238 ], [ -0.464285152301669, 51.566060459248689 ], [ -0.464284052684676, 51.566061407013059 ], [ -0.464282653388869, 51.566062599037586 ], [ -0.464281265073628, 51.566063165356162 ], [ -0.464279491626973, 51.566063300409674 ], [ -0.464278328620983, 51.56606261797733 ], [ -0.464276942878952, 51.566061737501812 ], [ -0.464276761076187, 51.56606058143727 ], [ -0.464276836814919, 51.566059575314021 ], [ -0.464277867994353, 51.566058260676009 ], [ -0.464279682109153, 51.566057261115397 ], [ -0.464281516566056, 51.566056599923577 ] ] ] } },
{ "type": "Feature", "properties": { "_source_path": "C:\\Uni\\HS2\\HS2_ADS_GIS\\2025-11-24_HIS_HSTWO_CH_HERDS_Feature_Ply\\2025-11-24_HIS_HSTWO_CH_HERDS_Feature_Ply.shp", "_source_layer": "", "box_id": "box_05", "section": "HS2 Phase 1", "HS2_AssetI": null, "HS2_AssetN": null, "HS2_Suitab": "SC7", "HS2_Phase": "R1", "HS2_DocNum": "1MC04-SCJ-GI-GDD-SS05_SL08-000002", "HS2_DocRev": "C03", "HS2_RevDat": "2025-07-23T00:00:00", "HS2_Layer": "HIS_SCJ_1MC04_CH_HERDS_Feature_Ply", "Contract": "1MC04", "Originator": "SCJ", "CreatedAt": "2025-03-19T00:00:00", "LastEdited": "2025-06-19T00:00:00", "HS2_SupDoc": null, "FeatID": "1S21RSPCI_FTR_00303", "WSIIntID": "1S21RSPCI_INT_201", "MonType": "DITCH", "MonDesc": "DITCH", "Period": "ROMAN", "PeriodPhas": 0, "PeriodSubP": "N/A", "PhaseDesc": null, "BuildMater": "EARTH", "ArchScienc": "HAND RETRIEVAL", "Evidence": "EXCAVATED FEATURE", "MaxLength": 5.0 }, "geometry": { "type": "Polygon", "coordinates": [ [ [ -0.464618663010387, 51.566032955101768 ], [ -0.464618394009989, 51.566042269188351 ], [ -0.464614438638123, 51.566043058200385 ], [ -0.464612440389179, 51.566040143796975 ], [ -0.464612328576274, 51.566038194646936 ], [ -0.464616095613711, 51.566034729821958 ], [ -0.464618663010387, 51.566032955101768 ] ] ] } },
{ "type": "Feature", "properties": { "_source_path": "C:\\Uni\\HS2\\HS2_ADS_GIS\\2025-11-24_HIS_HSTWO_CH_HERDS_Feature_Ply\\2025-11-24_HIS_HSTWO_CH_HERDS_Feature_Ply.shp", "_source_layer": "", "box_id": "box_05", "section": "HS2 Phase 1", "HS2_AssetI": null, "HS2_AssetN": null, "HS2_Suitab": "SC7", "HS2_Phase": "R1", "HS2_DocNum": "1MC04-SCJ-GI-GDD-SS05_SL08-000002", "HS2_DocRev": "C03", "HS2_RevDat": "2025-07-23T00:00:00", "HS2_Layer": "HIS_SCJ_1MC04_CH_HERDS_Feature_Ply", "Contract": "1MC04", "Originator": "SCJ", "CreatedAt": "2025-03-19T00:00:00", "LastEdited": "2025-06-19T00:00:00", "HS2_SupDoc": null, "FeatID": "1S21RSPCI_FTR_00275", "WSIIntID": "1S21RSPCI_INT_201", "MonType": "DITCH", "MonDesc": "CUT OF LINEAR [275]. OVERARCHING NUMBER IS [286].", "Period": "IRON AGE", "PeriodPhas": 0, "PeriodSubP": "N/A", "PhaseDesc": null, "BuildMater": "EARTH", "ArchScienc": "HAND RETRIEVAL", "Evidence": "EXCAVATED FEATURE", "MaxLength": 3.2 }, "geometry": { "type": "Polygon", "coordinates": [ [ [ -0.464503631420067, 51.565862398737295 ], [ -0.464503645964853, 51.5658627379295 ], [ -0.46450512490689, 51.565863849819344 ], [ -0.464505052753182, 51.565865306493485 ], [ -0.464506762461434, 51.565868219821205 ], [ -0.46450777296318, 51.565870388447273 ], [ -0.464509538642299, 51.565872968001443 ], [ -0.464506442655769, 51.56587394449901 ], [ -0.4645045768246, 51.56587163969165 ], [ -0.464502682666378, 51.565867563071393 ], [ -0.464501192501239, 51.565865113910483 ], [ -0.464500085973415, 51.565863183217594 ], [ -0.464503631420067, 51.565862398737295 ] ] ] } },
{ "type": "Feature", "properties": { "_source_path": "C:\\Uni\\HS2\\HS2_ADS_GIS\\2025-11-24_HIS_HSTWO_CH_HERDS_Feature_Ply\\2025-11-24_HIS_HSTWO_CH_HERDS_Feature_Ply.shp", "_source_layer": "", "box_id": "box_05", "section": "HS2 Phase 1", "HS2_AssetI": null, "HS2_AssetN": null, "HS2_Suitab": "SC7", "HS2_Phase": "R1", "HS2_DocNum": "1MC04-SCJ-GI-GDD-SS05_SL08-000002", "HS2_DocRev": "C03", "HS2_RevDat": "2025-07-23T00:00:00", "HS2_Layer": "HIS_SCJ_1MC04_CH_HERDS_Feature_Ply", "Contract": "1MC04", "Originator": "SCJ", "CreatedAt": "2025-03-19T00:00:00", "LastEdited": "2025-06-19T00:00:00", "HS2_SupDoc": null, "FeatID": "1S21RSPCI_FTR_00144", "WSIIntID": "1S21RSPCI_INT_201", "MonType": "PIT", "MonDesc": "PIT", "Period": "ROMAN", "PeriodPhas": 0, "PeriodSubP": "N/A", "PhaseDesc": null, "BuildMater": "EARTH", "ArchScienc": "HAND RETRIEVAL", "Evidence": "EXCAVATED FEATURE", "MaxLength": 2.5 }, "geometry": { "type": "Polygon", "coordinates": [ [ [ -0.464987946066149, 51.565820115216113 ], [ -0.464985823812985, 51.565820454334428 ], [ -0.464983450339358, 51.565819984475297 ], [ -0.46498158545703, 51.565818979045325 ], [ -0.464980230147301, 51.565817965893224 ], [ -0.464979994909899, 51.565816553755468 ], [ -0.464980545015728, 51.565814956761649 ], [ -0.46498297196438, 51.565813624405806 ], [ -0.464985862373655, 51.565813225196706 ], [ -0.464987946066149, 51.565820115216113 ] ] ] } },
{ "type": "Feature", "properties": { "_source_path": "C:\\Uni\\HS2\\HS2_ADS_GIS\\2025-11-24_HIS_HSTWO_CH_HERDS_Feature_Ply\\2025-11-24_HIS_HSTWO_CH_HERDS_Feature_Ply.shp", "_source_layer": "", "box_id": "box_05", "section": "HS2 Phase 1", "HS2_AssetI": null, "HS2_AssetN": null, "HS2_Suitab": "SC7", "HS2_Phase": "R1", "HS2_DocNum": "1MC04-SCJ-GI-GDD-SS05_SL08-000002", "HS2_DocRev": "C03", "HS2_RevDat": "2025-07-23T00:00:00", "HS2_Layer": "HIS_SCJ_1MC04_CH_HERDS_Feature_Ply", "Contract": "1MC04", "Originator": "SCJ", "CreatedAt": "2025-03-19T00:00:00", "LastEdited": "2025-06-19T00:00:00", "HS2_SupDoc": null, "FeatID": "1S21RSPCI_FTR_00338", "WSIIntID": "1S21RSPCI_INT_201", "MonType": "DITCH", "MonDesc": "CUT OF GULLY [338].", "Period": "IRON AGE", "PeriodPhas": 0, "PeriodSubP": "N/A", "PhaseDesc": null, "BuildMater": "EARTH", "ArchScienc": "HAND RETRIEVAL", "Evidence": "EXCAVATED FEATURE", "MaxLength": 2.9 }, "geometry": { "type": "Polygon", "coordinates": [ [ [ -0.464336484243221, 51.566147589932555 ], [ -0.464332750927487, 51.566148254153134 ], [ -0.464325630162967, 51.566139658950654 ], [ -0.464330127560593, 51.566139141408541 ], [ -0.464336484243221, 51.566147589932555 ] ] ] } },
{ "type": "Feature", "properties": { "_source_path": "C:\\Uni\\HS2\\HS2_ADS_GIS\\2025-11-24_HIS_HSTWO_CH_HERDS_Feature_Ply\\2025-11-24_HIS_HSTWO_CH_HERDS_Feature_Ply.shp", "_source_layer": "", "box_id": "box_05", "section": "HS2 Phase 1", "HS2_AssetI": null, "HS2_AssetN": null, "HS2_Suitab": "SC7", "HS2_Phase": "R1", "HS2_DocNum": "1MC04-SCJ-GI-GDD-SS05_SL08-000002", "HS2_DocRev": "C03", "HS2_RevDat": "2025-07-23T00:00:00", "HS2_Layer": "HIS_SCJ_1MC04_CH_HERDS_Feature_Ply", "Contract": "1MC04", "Originator": "SCJ", "CreatedAt": "2025-03-19T00:00:00", "LastEdited": "2025-06-19T00:00:00", "HS2_SupDoc": null, "FeatID": "1S21RSPCI_FTR_00216", "WSIIntID": "1S21RSPCI_INT_201", "MonType": "PIT", "MonDesc": "PIT", "Period": "UNKNOWN", "PeriodPhas": 0, "PeriodSubP": "N/A", "PhaseDesc": null, "BuildMater": "EARTH", "ArchScienc": "HAND RETRIEVAL", "Evidence": "EXCAVATED FEATURE", "MaxLength": 2.4 }, "geometry": { "type": "Polygon", "coordinates": [ [ [ -0.464495888163227, 51.565859134005308 ], [ -0.464495382088736, 51.565860022996169 ], [ -0.464493569499131, 51.565861448805244 ], [ -0.464491218539885, 51.565861766938035 ], [ -0.464489051823517, 51.56586136991244 ], [ -0.464487548849393, 51.565860243320571 ], [ -0.464486528525184, 51.565859351442967 ], [ -0.464486338271774, 51.565857974961908 ], [ -0.464488974950196, 51.565856541951327 ], [ -0.464490864399534, 51.565855918343402 ], [ -0.464493184563544, 51.565856642890445 ], [ -0.464494863494453, 51.565857728622433 ], [ -0.464495888163227, 51.565859134005308 ] ] ] } },
{ "type": "Feature", "properties": { "_source_path": "C:\\Uni\\HS2\\HS2_ADS_GIS\\2025-11-24_HIS_HSTWO_CH_HERDS_Feature_Ply\\2025-11-24_HIS_HSTWO_CH_HERDS_Feature_Ply.shp", "_source_layer": "", "box_id": "box_05", "section": "HS2 Phase 1", "HS2_AssetI": null, "HS2_AssetN": null, "HS2_Suitab": "SC7", "HS2_Phase": "R1", "HS2_DocNum": "1MC04-SCJ-GI-GDD-SS05_SL08-000002", "HS2_DocRev": "C03", "HS2_RevDat": "2025-07-23T00:00:00", "HS2_Layer": "HIS_SCJ_1MC04_CH_HERDS_Feature_Ply", "Contract": "1MC04", "Originator": "SCJ", "CreatedAt": "2025-03-19T00:00:00", "LastEdited": "2025-06-19T00:00:00", "HS2_SupDoc": null, "FeatID": "1S21RSPCI_FTR_00102", "WSIIntID": "1S21RSPCI_INT_200", "MonType": "POST HOLE", "MonDesc": "POSSIBLE POSTHOLE", "Period": "UNKNOWN", "PeriodPhas": 0, "PeriodSubP": "N/A", "PhaseDesc": null, "BuildMater": "EARTH", "ArchScienc": "HAND RETRIEVAL", "Evidence": "EXCAVATED FEATURE", "MaxLength": 0.5 }, "geometry": { "type": "Polygon", "coordinates": [ [ [ -0.45964172057538, 51.567975182316331 ], [ -0.459641346315594, 51.567976735733971 ], [ -0.459641375939427, 51.567978634353864 ], [ -0.459640673875992, 51.567979427233851 ], [ -0.459638545624118, 51.567979768874878 ], [ -0.4596361069765, 51.567977511323441 ], [ -0.459634972776223, 51.567975763660066 ], [ -0.459634909758007, 51.567974639720376 ], [ -0.45963576732936, 51.567973557537663 ], [ -0.459638018873552, 51.567972940558427 ], [ -0.45964071053031, 51.567973347260853 ], [ -0.45964172057538, 51.567975182316331 ] ] ] } },
{ "type": "Feature", "properties": { "_source_path": "C:\\Uni\\HS2\\HS2_ADS_GIS\\2025-11-24_HIS_HSTWO_CH_HERDS_Feature_Ply\\2025-11-24_HIS_HSTWO_CH_HERDS_Feature_Ply.shp", "_source_layer": "", "box_id": "box_05", "section": "HS2 Phase 1", "HS2_AssetI": null, "HS2_AssetN": null, "HS2_Suitab": "SC7", "HS2_Phase": "R1", "HS2_DocNum": "1MC04-SCJ-GI-GDD-SS05_SL08-000002", "HS2_DocRev": "C03", "HS2_RevDat": "2025-07-23T00:00:00", "HS2_Layer": "HIS_SCJ_1MC04_CH_HERDS_Feature_Ply", "Contract": "1MC04", "Originator": "SCJ", "CreatedAt": "2025-03-19T00:00:00", "LastEdited": "2025-06-19T00:00:00", "HS2_SupDoc": null, "FeatID": "1S21RSPCI_FTR_00307", "WSIIntID": "1S21RSPCI_INT_201", "MonType": "PIT", "MonDesc": "CUT OF PIT - SAME AS [186]", "Period": "POST MEDIEVAL", "PeriodPhas": 0, "PeriodSubP": "N/A", "PhaseDesc": null, "BuildMater": "EARTH", "ArchScienc": "HAND RETRIEVAL", "Evidence": "EXCAVATED FEATURE", "MaxLength": 2.2 }, "geometry": { "type": "Polygon", "coordinates": [ [ [ -0.465016823875562, 51.565997629053399 ], [ -0.465024605539151, 51.565995127624447 ], [ -0.465026759121191, 51.565999128498717 ], [ -0.4650174902358, 51.565999906473984 ], [ -0.465016823875562, 51.565997629053399 ] ] ] } },
{ "type": "Feature", "properties": { "_source_path": "C:\\Uni\\HS2\\HS2_ADS_GIS\\2025-11-24_HIS_HSTWO_CH_HERDS_Feature_Ply\\2025-11-24_HIS_HSTWO_CH_HERDS_Feature_Ply.shp", "_source_layer": "", "box_id": "box_05", "section": "HS2 Phase 1", "HS2_AssetI": null, "HS2_AssetN": null, "HS2_Suitab": "SC7", "HS2_Phase": "R1", "HS2_DocNum": "1MC04-SCJ-GI-GDD-SS05_SL08-000002", "HS2_DocRev": "C03", "HS2_RevDat": "2025-07-23T00:00:00", "HS2_Layer": "HIS_SCJ_1MC04_CH_HERDS_Feature_Ply", "Contract": "1MC04", "Originator": "SCJ", "CreatedAt": "2025-03-19T00:00:00", "LastEdited": "2025-06-19T00:00:00", "HS2_SupDoc": null, "FeatID": "1S21RSPCI_FTR_00170", "WSIIntID": "1S21RSPCI_INT_201", "MonType": "TREE THROW", "MonDesc": "TREE BOLE/POSSIBLE PIT", "Period": "POST MEDIEVAL", "PeriodPhas": 0, "PeriodSubP": "N/A", "PhaseDesc": null, "BuildMater": "EARTH", "ArchScienc": "HAND RETRIEVAL", "Evidence": "EXCAVATED FEATURE", "MaxLength": 0.5 }, "geometry": { "type": "Polygon", "coordinates": [ [ [ -0.464913748178147, 51.565694065580921 ], [ -0.464911555375697, 51.565692986621286 ], [ -0.46491085530132, 51.565690639519843 ], [ -0.464915184230177, 51.565689210651293 ], [ -0.464919646012193, 51.565691077323812 ], [ -0.464918217298146, 51.565693486500379 ], [ -0.464913748178147, 51.565694065580921 ] ] ] } },
{ "type": "Feature", "properties": { "_source_path": "C:\\Uni\\HS2\\HS2_ADS_GIS\\2025-11-24_HIS_HSTWO_CH_HERDS_Feature_Ply\\2025-11-24_HIS_HSTWO_CH_HERDS_Feature_Ply.shp", "_source_layer": "", "box_id": "box_05", "section": "HS2 Phase 1", "HS2_AssetI": null, "HS2_AssetN": null, "HS2_Suitab": "SC7", "HS2_Phase": "R1", "HS2_DocNum": "1MC04-SCJ-GI-GDD-SS05_SL08-000002", "HS2_DocRev": "C03", "HS2_RevDat": "2025-07-23T00:00:00", "HS2_Layer": "HIS_SCJ_1MC04_CH_HERDS_Feature_Ply", "Contract": "1MC04", "Originator": "SCJ", "CreatedAt": "2025-03-19T00:00:00", "LastEdited": "2025-06-19T00:00:00", "HS2_SupDoc": null, "FeatID": "1S21RSPCI_FTR_00280", "WSIIntID": "1S21RSPCI_INT_201", "MonType": "PIT", "MonDesc": "CUT OF SMALL PIT [280].", "Period": "IRON AGE", "PeriodPhas": 0, "PeriodSubP": "N/A", "PhaseDesc": null, "BuildMater": "EARTH", "ArchScienc": "HAND RETRIEVAL", "Evidence": "EXCAVATED FEATURE", "MaxLength": 0.67 }, "geometry": { "type": "Polygon", "coordinates": [ [ [ -0.464500916309257, 51.565863418884135 ], [ -0.464501797542122, 51.565863771214623 ], [ -0.464502012545311, 51.565864712802203 ], [ -0.464502214368086, 51.565865617349779 ], [ -0.464501537365927, 51.565866269410606 ], [ -0.464499825329449, 51.565866680428954 ], [ -0.464498556493744, 51.565866741159326 ], [ -0.464497017761357, 51.565865862281477 ], [ -0.464495698673759, 51.565865401712145 ], [ -0.464494391521564, 51.565864329836678 ], [ -0.464494268301912, 51.56586387592219 ], [ -0.464494317606032, 51.565862712091317 ], [ -0.464494791433607, 51.565862437737692 ], [ -0.464495988338304, 51.565861685473479 ], [ -0.464496308592507, 51.565861686966109 ], [ -0.464497810292767, 51.56586169492487 ], [ -0.464499268994028, 51.565861951401978 ], [ -0.464500067815768, 51.565862522960465 ], [ -0.464500916309257, 51.565863418884135 ] ] ] } },
{ "type": "Feature", "properties": { "_source_path": "C:\\Uni\\HS2\\HS2_ADS_GIS\\2025-11-24_HIS_HSTWO_CH_HERDS_Feature_Ply\\2025-11-24_HIS_HSTWO_CH_HERDS_Feature_Ply.shp", "_source_layer": "", "box_id": "box_05", "section": "HS2 Phase 1", "HS2_AssetI": null, "HS2_AssetN": null, "HS2_Suitab": "SC7", "HS2_Phase": "R1", "HS2_DocNum": "1MC04-SCJ-GI-GDD-SS05_SL08-000002", "HS2_DocRev": "C03", "HS2_RevDat": "2025-07-23T00:00:00", "HS2_Layer": "HIS_SCJ_1MC04_CH_HERDS_Feature_Ply", "Contract": "1MC04", "Originator": "SCJ", "CreatedAt": "2025-03-19T00:00:00", "LastEdited": "2025-06-19T00:00:00", "HS2_SupDoc": null, "FeatID": "1S21RSPCI_FTR_00156", "WSIIntID": "1S21RSPCI_INT_201", "MonType": "POST HOLE", "MonDesc": "POSSIBLE POSTHOLE", "Period": "UNKNOWN", "PeriodPhas": 0, "PeriodSubP": "N/A", "PhaseDesc": null, "BuildMater": "EARTH", "ArchScienc": "HAND RETRIEVAL", "Evidence": "EXCAVATED FEATURE", "MaxLength": 0.49 }, "geometry": { "type": "Polygon", "coordinates": [ [ [ -0.463500753524173, 51.566173372913362 ], [ -0.463499722790401, 51.566172790218864 ], [ -0.463499803721167, 51.566171544974345 ], [ -0.463501183668555, 51.566170756450717 ], [ -0.463502546394384, 51.566169879579114 ], [ -0.46350449095856, 51.5661698474891 ], [ -0.463505981895401, 51.566170560299689 ], [ -0.463506499744626, 51.56617159127908 ], [ -0.463506484675513, 51.566172509174486 ], [ -0.46350629230861, 51.5661736360628 ], [ -0.46350472324041, 51.566174042644057 ], [ -0.463502766205267, 51.566173973859357 ], [ -0.463500753524173, 51.566173372913362 ] ] ] } },
{ "type": "Feature", "properties": { "_source_path": "C:\\Uni\\HS2\\HS2_ADS_GIS\\2025-11-24_HIS_HSTWO_CH_HERDS_Feature_Ply\\2025-11-24_HIS_HSTWO_CH_HERDS_Feature_Ply.shp", "_source_layer": "", "box_id": "box_05", "section": "HS2 Phase 1", "HS2_AssetI": null, "HS2_AssetN": null, "HS2_Suitab": "SC7", "HS2_Phase": "R1", "HS2_DocNum": "1MC04-SCJ-GI-GDD-SS05_SL08-000002", "HS2_DocRev": "C03", "HS2_RevDat": "2025-07-23T00:00:00", "HS2_Layer": "HIS_SCJ_1MC04_CH_HERDS_Feature_Ply", "Contract": "1MC04", "Originator": "SCJ", "CreatedAt": "2025-03-19T00:00:00", "LastEdited": "2025-06-19T00:00:00", "HS2_SupDoc": null, "FeatID": "1S21RSPCI_FTR_00166", "WSIIntID": "1S21RSPCI_INT_201", "MonType": "POST HOLE", "MonDesc": "CUT OF POST HOLE [166].", "Period": "UNKNOWN", "PeriodPhas": 0, "PeriodSubP": "N/A", "PhaseDesc": null, "BuildMater": "EARTH", "ArchScienc": "HAND RETRIEVAL", "Evidence": "EXCAVATED FEATURE", "MaxLength": 0.49 }, "geometry": { "type": "Polygon", "coordinates": [ [ [ -0.463501173263242, 51.565727359785811 ], [ -0.463503033101265, 51.565726716023477 ], [ -0.463505262421626, 51.565727095902808 ], [ -0.463506074856858, 51.56572803362458 ], [ -0.463506695780588, 51.565729302445646 ], [ -0.46350563360396, 51.565730423341186 ], [ -0.463503184765533, 51.565731034214146 ], [ -0.463500773894802, 51.565730604299702 ], [ -0.463500263811489, 51.565728572601842 ], [ -0.463501173263242, 51.565727359785811 ] ] ] } },
{ "type": "Feature", "properties": { "_source_path": "C:\\Uni\\HS2\\HS2_ADS_GIS\\2025-11-24_HIS_HSTWO_CH_HERDS_Feature_Ply\\2025-11-24_HIS_HSTWO_CH_HERDS_Feature_Ply.shp", "_source_layer": "", "box_id": "box_05", "section": "HS2 Phase 1", "HS2_AssetI": null, "HS2_AssetN": null, "HS2_Suitab": "SC7", "HS2_Phase": "R1", "HS2_DocNum": "1MC04-SCJ-GI-GDD-SS05_SL08-000002", "HS2_DocRev": "C03", "HS2_RevDat": "2025-07-23T00:00:00", "HS2_Layer": "HIS_SCJ_1MC04_CH_HERDS_Feature_Ply", "Contract": "1MC04", "Originator": "SCJ", "CreatedAt": "2025-03-19T00:00:00", "LastEdited": "2025-06-19T00:00:00", "HS2_SupDoc": null, "FeatID": "1S21RSPCI_FTR_00099", "WSIIntID": "1S21RSPCI_INT_200", "MonType": "PIT", "MonDesc": "CUT OF PIT", "Period": "IRON AGE", "PeriodPhas": 0, "PeriodSubP": "N/A", "PhaseDesc": null, "BuildMater": "EARTH", "ArchScienc": "HAND RETRIEVAL", "Evidence": "EXCAVATED FEATURE", "MaxLength": 0.4 }, "geometry": { "type": "Polygon", "coordinates": [ [ [ -0.459871380189554, 51.568039600760997 ], [ -0.459869360542552, 51.568040229780046 ], [ -0.459867354631117, 51.568039512862882 ], [ -0.459866428950151, 51.568038169884908 ], [ -0.459866662562257, 51.568036508514126 ], [ -0.459868536055922, 51.568035977389314 ], [ -0.459871094638823, 51.568036223179973 ], [ -0.459872435295408, 51.568037070744168 ], [ -0.459872470004367, 51.568038392138256 ], [ -0.459872062116388, 51.568039147516522 ], [ -0.459871380189554, 51.568039600760997 ] ] ] } },
{ "type": "Feature", "properties": { "_source_path": "C:\\Uni\\HS2\\HS2_ADS_GIS\\2025-11-24_HIS_HSTWO_CH_HERDS_Feature_Ply\\2025-11-24_HIS_HSTWO_CH_HERDS_Feature_Ply.shp", "_source_layer": "", "box_id": "box_05", "section": "HS2 Phase 1", "HS2_AssetI": null, "HS2_AssetN": null, "HS2_Suitab": "SC7", "HS2_Phase": "R1", "HS2_DocNum": "1MC04-SCJ-GI-GDD-SS05_SL08-000002", "HS2_DocRev": "C03", "HS2_RevDat": "2025-07-23T00:00:00", "HS2_Layer": "HIS_SCJ_1MC04_CH_HERDS_Feature_Ply", "Contract": "1MC04", "Originator": "SCJ", "CreatedAt": "2025-03-19T00:00:00", "LastEdited": "2025-06-19T00:00:00", "HS2_SupDoc": null, "FeatID": "1S21RSPCI_FTR_00154", "WSIIntID": "1S21RSPCI_INT_201", "MonType": "POST HOLE", "MonDesc": "CUT OF POST HOLE", "Period": "UNKNOWN", "PeriodPhas": 0, "PeriodSubP": "N/A", "PhaseDesc": null, "BuildMater": "EARTH", "ArchScienc": "HAND RETRIEVAL", "Evidence": "EXCAVATED FEATURE", "MaxLength": 0.44 }, "geometry": { "type": "Polygon", "coordinates": [ [ [ -0.463434549553261, 51.566201280809302 ], [ -0.463435157180922, 51.566200804091231 ], [ -0.463437266858888, 51.56620019687184 ], [ -0.463439287157248, 51.566200743066901 ], [ -0.463440428290798, 51.566201817276479 ], [ -0.463439727357041, 51.566203307080976 ], [ -0.463438352443157, 51.566204031825933 ], [ -0.463436120512515, 51.566204199529736 ], [ -0.463434437243578, 51.566203628073524 ], [ -0.463434068607517, 51.566202579264903 ], [ -0.463434549553261, 51.566201280809302 ] ] ] } },
{ "type": "Feature", "properties": { "_source_path": "C:\\Uni\\HS2\\HS2_ADS_GIS\\2025-11-24_HIS_HSTWO_CH_HERDS_Feature_Ply\\2025-11-24_HIS_HSTWO_CH_HERDS_Feature_Ply.shp", "_source_layer": "", "box_id": "box_05", "section": "HS2 Phase 1", "HS2_AssetI": null, "HS2_AssetN": null, "HS2_Suitab": "SC7", "HS2_Phase": "R1", "HS2_DocNum": "1MC04-SCJ-GI-GDD-SS05_SL08-000002", "HS2_DocRev": "C03", "HS2_RevDat": "2025-07-23T00:00:00", "HS2_Layer": "HIS_SCJ_1MC04_CH_HERDS_Feature_Ply", "Contract": "1MC04", "Originator": "SCJ", "CreatedAt": "2025-03-19T00:00:00", "LastEdited": "2025-06-19T00:00:00", "HS2_SupDoc": null, "FeatID": "1S21RSPCI_FTR_00282", "WSIIntID": "1S21RSPCI_INT_201", "MonType": "PIT", "MonDesc": "CUT OF SMALL PIT [282].", "Period": "ROMAN", "PeriodPhas": 0, "PeriodSubP": "N/A", "PhaseDesc": null, "BuildMater": "EARTH", "ArchScienc": "HAND RETRIEVAL", "Evidence": "EXCAVATED FEATURE", "MaxLength": 1.8 }, "geometry": { "type": "Polygon", "coordinates": [ [ [ -0.464487568255536, 51.565873887276553 ], [ -0.464486478574692, 51.565873855034717 ], [ -0.46448569105346, 51.565874318613886 ], [ -0.464484406076188, 51.565874173213984 ], [ -0.464484048742504, 51.565873602036703 ], [ -0.464483310200609, 51.565872997096903 ], [ -0.464483668687559, 51.565872591748018 ], [ -0.464484353077733, 51.565871720376911 ], [ -0.464485194928398, 51.565871228733918 ], [ -0.464485907926536, 51.565870921541297 ], [ -0.464486697308865, 51.565870231385773 ], [ -0.464487638224042, 51.565870653736354 ], [ -0.464489565462749, 51.565870878577236 ], [ -0.464490352471482, 51.565871586661025 ], [ -0.464489734438124, 51.565873443534528 ], [ -0.464487568255536, 51.565873887276553 ] ] ] } },
{ "type": "Feature", "properties": { "_source_path": "C:\\Uni\\HS2\\HS2_ADS_GIS\\2025-11-24_HIS_HSTWO_CH_HERDS_Feature_Ply\\2025-11-24_HIS_HSTWO_CH_HERDS_Feature_Ply.shp", "_source_layer": "", "box_id": "box_05", "section": "HS2 Phase 1", "HS2_AssetI": null, "HS2_AssetN": null, "HS2_Suitab": "SC7", "HS2_Phase": "R1", "HS2_DocNum": "1MC04-SCJ-GI-GDD-SS05_SL08-000002", "HS2_DocRev": "C03", "HS2_RevDat": "2025-07-23T00:00:00", "HS2_Layer": "HIS_SCJ_1MC04_CH_HERDS_Feature_Ply", "Contract": "1MC04", "Originator": "SCJ", "CreatedAt": "2025-03-19T00:00:00", "LastEdited": "2025-06-19T00:00:00", "HS2_SupDoc": null, "FeatID": "1S21RSPCI_FTR_00150", "WSIIntID": "1S21RSPCI_INT_201", "MonType": "POST HOLE", "MonDesc": "CUT OF POST HOLE [150].", "Period": "UNKNOWN", "PeriodPhas": 0, "PeriodSubP": "N/A", "PhaseDesc": null, "BuildMater": "EARTH", "ArchScienc": "HAND RETRIEVAL", "Evidence": "EXCAVATED FEATURE", "MaxLength": 0.36 }, "geometry": { "type": "Polygon", "coordinates": [ [ [ -0.463426970203909, 51.566212800254746 ], [ -0.463427149314118, 51.56621245190825 ], [ -0.463428439163308, 51.56621228176104 ], [ -0.46343038759519, 51.56621260580976 ], [ -0.463431323920191, 51.566213207051362 ], [ -0.463431252416401, 51.566214044178246 ], [ -0.463430694113461, 51.566215197747461 ], [ -0.463430069748851, 51.566215785748305 ], [ -0.463428604855473, 51.566216055214312 ], [ -0.463427096872568, 51.56621559126053 ], [ -0.463425610861674, 51.566215417139823 ], [ -0.463424954139484, 51.566214610942517 ], [ -0.463425315813981, 51.566213811784905 ], [ -0.46342601091243, 51.5662133083367 ], [ -0.463426970203909, 51.566212800254746 ] ] ] } },
{ "type": "Feature", "properties": { "_source_path": "C:\\Uni\\HS2\\HS2_ADS_GIS\\2025-11-24_HIS_HSTWO_CH_HERDS_Feature_Ply\\2025-11-24_HIS_HSTWO_CH_HERDS_Feature_Ply.shp", "_source_layer": "", "box_id": "box_05", "section": "HS2 Phase 1", "HS2_AssetI": null, "HS2_AssetN": null, "HS2_Suitab": "SC7", "HS2_Phase": "R1", "HS2_DocNum": "1MC04-SCJ-GI-GDD-SS05_SL08-000002", "HS2_DocRev": "C03", "HS2_RevDat": "2025-07-23T00:00:00", "HS2_Layer": "HIS_SCJ_1MC04_CH_HERDS_Feature_Ply", "Contract": "1MC04", "Originator": "SCJ", "CreatedAt": "2025-03-19T00:00:00", "LastEdited": "2025-06-19T00:00:00", "HS2_SupDoc": null, "FeatID": "1S21RSPCI_FTR_00225", "WSIIntID": "1S21RSPCI_INT_201", "MonType": "NATURAL FEATURE", "MonDesc": "ROOTING", "Period": "POST MEDIEVAL", "PeriodPhas": 0, "PeriodSubP": "N/A", "PhaseDesc": null, "BuildMater": "EARTH", "ArchScienc": "HAND RETRIEVAL", "Evidence": "EXCAVATED FEATURE", "MaxLength": 0.38 }, "geometry": { "type": "Polygon", "coordinates": [ [ [ -0.46280024436568, 51.565962525538566 ], [ -0.462798427103212, 51.565962590756669 ], [ -0.462796710518702, 51.565962365949623 ], [ -0.462796481007357, 51.565961427765551 ], [ -0.46279612428113, 51.565960496907252 ], [ -0.462796717691021, 51.565959543425237 ], [ -0.462797891613511, 51.565959088515527 ], [ -0.462799543396836, 51.565958881752408 ], [ -0.462801105977822, 51.565959480411706 ], [ -0.462801881127731, 51.565960582205328 ], [ -0.46280172353374, 51.565961618727918 ], [ -0.462800604249767, 51.56596212201147 ], [ -0.46280024436568, 51.565962525538566 ] ] ] } },
{ "type": "Feature", "properties": { "_source_path": "C:\\Uni\\HS2\\HS2_ADS_GIS\\2025-11-24_HIS_HSTWO_CH_HERDS_Feature_Ply\\2025-11-24_HIS_HSTWO_CH_HERDS_Feature_Ply.shp", "_source_layer": "", "box_id": "box_05", "section": "HS2 Phase 1", "HS2_AssetI": null, "HS2_AssetN": null, "HS2_Suitab": "SC7", "HS2_Phase": "R1", "HS2_DocNum": "1MC04-SCJ-GI-GDD-SS05_SL08-000002", "HS2_DocRev": "C03", "HS2_RevDat": "2025-07-23T00:00:00", "HS2_Layer": "HIS_SCJ_1MC04_CH_HERDS_Feature_Ply", "Contract": "1MC04", "Originator": "SCJ", "CreatedAt": "2025-03-19T00:00:00", "LastEdited": "2025-06-19T00:00:00", "HS2_SupDoc": null, "FeatID": "1S21RSPCI_FTR_00113", "WSIIntID": "1S21RSPCI_INT_200", "MonType": "PIT", "MonDesc": "POSSIBLE PIT/PROBABLE NATURAL DEPRESSION", "Period": "UNKNOWN", "PeriodPhas": 0, "PeriodSubP": "N/A", "PhaseDesc": null, "BuildMater": "EARTH", "ArchScienc": "HAND RETRIEVAL", "Evidence": "EXCAVATED FEATURE", "MaxLength": 0.6 }, "geometry": { "type": "Polygon", "coordinates": [ [ [ -0.459614902409351, 51.567987715087803 ], [ -0.45961589546338, 51.567986466531366 ], [ -0.459617594107691, 51.567986284706457 ], [ -0.459619146677601, 51.56798705232778 ], [ -0.459619899530234, 51.567987958721154 ], [ -0.459619537662813, 51.56798914542393 ], [ -0.45961938739898, 51.567990048056316 ], [ -0.459618712007366, 51.567990948292184 ], [ -0.459617411445704, 51.567990494205844 ], [ -0.459615875776738, 51.567989439958509 ], [ -0.459615126156162, 51.567988651403972 ], [ -0.459614902409351, 51.567987715087803 ] ] ] } },
{ "type": "Feature", "properties": { "_source_path": "C:\\Uni\\HS2\\HS2_ADS_GIS\\2025-11-24_HIS_HSTWO_CH_HERDS_Feature_Ply\\2025-11-24_HIS_HSTWO_CH_HERDS_Feature_Ply.shp", "_source_layer": "", "box_id": "box_05", "section": "HS2 Phase 1", "HS2_AssetI": null, "HS2_AssetN": null, "HS2_Suitab": "SC7", "HS2_Phase": "R1", "HS2_DocNum": "1MC04-SCJ-GI-GDD-SS05_SL08-000002", "HS2_DocRev": "C03", "HS2_RevDat": "2025-07-23T00:00:00", "HS2_Layer": "HIS_SCJ_1MC04_CH_HERDS_Feature_Ply", "Contract": "1MC04", "Originator": "SCJ", "CreatedAt": "2025-03-19T00:00:00", "LastEdited": "2025-06-19T00:00:00", "HS2_SupDoc": null, "FeatID": "1S21RSPCI_FTR_00160", "WSIIntID": "1S21RSPCI_INT_201", "MonType": "POST HOLE", "MonDesc": "POST HOLE", "Period": "UNKNOWN", "PeriodPhas": 0, "PeriodSubP": "N/A", "PhaseDesc": null, "BuildMater": "EARTH", "ArchScienc": "HAND RETRIEVAL", "Evidence": "EXCAVATED FEATURE", "MaxLength": 0.41 }, "geometry": { "type": "Polygon", "coordinates": [ [ [ -0.463554345360336, 51.566126598105669 ], [ -0.46355427341838, 51.566125564871498 ], [ -0.463555526547286, 51.566124429390548 ], [ -0.463557114810419, 51.566124138158699 ], [ -0.463558615544709, 51.56612473150205 ], [ -0.463559430647733, 51.56612550470296 ], [ -0.463559302411276, 51.566126698073276 ], [ -0.463558609970681, 51.566127593612293 ], [ -0.463557201186128, 51.566127611136686 ], [ -0.463556678298107, 51.566128056593243 ], [ -0.463555122736668, 51.566127548856123 ], [ -0.463554345360336, 51.566126598105669 ] ] ] } },
{ "type": "Feature", "properties": { "_source_path": "C:\\Uni\\HS2\\HS2_ADS_GIS\\2025-11-24_HIS_HSTWO_CH_HERDS_Feature_Ply\\2025-11-24_HIS_HSTWO_CH_HERDS_Feature_Ply.shp", "_source_layer": "", "box_id": "box_05", "section": "HS2 Phase 1", "HS2_AssetI": null, "HS2_AssetN": null, "HS2_Suitab": "SC7", "HS2_Phase": "R1", "HS2_DocNum": "1MC04-SCJ-GI-GDD-SS05_SL08-000002", "HS2_DocRev": "C03", "HS2_RevDat": "2025-07-23T00:00:00", "HS2_Layer": "HIS_SCJ_1MC04_CH_HERDS_Feature_Ply", "Contract": "1MC04", "Originator": "SCJ", "CreatedAt": "2025-03-19T00:00:00", "LastEdited": "2025-06-19T00:00:00", "HS2_SupDoc": null, "FeatID": "1S21RSPCI_FTR_00096", "WSIIntID": "1S21RSPCI_INT_200", "MonType": "PIT", "MonDesc": "SHALLOW DEPRESSION PIT", "Period": "IRON AGE", "PeriodPhas": 0, "PeriodSubP": "N/A", "PhaseDesc": null, "BuildMater": "EARTH", "ArchScienc": "HAND RETRIEVAL", "Evidence": "EXCAVATED FEATURE", "MaxLength": 0.38 }, "geometry": { "type": "Polygon", "coordinates": [ [ [ -0.459922882354901, 51.567955947875703 ], [ -0.459921694899534, 51.56795462304391 ], [ -0.459921221277666, 51.567953267115271 ], [ -0.459922027346994, 51.56795208624083 ], [ -0.459924416740847, 51.567952641835745 ], [ -0.459926464718576, 51.567953181260542 ], [ -0.459926831221248, 51.567954376623369 ], [ -0.459925685543082, 51.567955445136072 ], [ -0.45992406795411, 51.567955747623969 ], [ -0.459922882354901, 51.567955947875703 ] ] ] } },
{ "type": "Feature", "properties": { "_source_path": "C:\\Uni\\HS2\\HS2_ADS_GIS\\2025-11-24_HIS_HSTWO_CH_HERDS_Feature_Ply\\2025-11-24_HIS_HSTWO_CH_HERDS_Feature_Ply.shp", "_source_layer": "", "box_id": "box_05", "section": "HS2 Phase 1", "HS2_AssetI": null, "HS2_AssetN": null, "HS2_Suitab": "SC7", "HS2_Phase": "R1", "HS2_DocNum": "1MC04-SCJ-GI-GDD-SS05_SL08-000002", "HS2_DocRev": "C03", "HS2_RevDat": "2025-07-23T00:00:00", "HS2_Layer": "HIS_SCJ_1MC04_CH_HERDS_Feature_Ply", "Contract": "1MC04", "Originator": "SCJ", "CreatedAt": "2025-03-19T00:00:00", "LastEdited": "2025-06-19T00:00:00", "HS2_SupDoc": null, "FeatID": "1S21RSPCI_FTR_00136", "WSIIntID": "1S21RSPCI_INT_201", "MonType": "POST HOLE", "MonDesc": "POSSIBLE POSTHOLE", "Period": "UNKNOWN", "PeriodPhas": 0, "PeriodSubP": "N/A", "PhaseDesc": null, "BuildMater": "EARTH", "ArchScienc": "HAND RETRIEVAL", "Evidence": "EXCAVATED FEATURE", "MaxLength": 0.4 }, "geometry": { "type": "Polygon", "coordinates": [ [ [ -0.464867414133604, 51.565952909231314 ], [ -0.464868239123984, 51.565953389410211 ], [ -0.464869264473855, 51.5659540466566 ], [ -0.464869428794795, 51.565955122461865 ], [ -0.464869391910728, 51.565955917779533 ], [ -0.464868372358842, 51.565956587841804 ], [ -0.464867429384599, 51.565956569212311 ], [ -0.464865596690595, 51.565956235910853 ], [ -0.464864604804852, 51.565955484685247 ], [ -0.464864145126883, 51.565954567773254 ], [ -0.464865348300041, 51.565953243690259 ], [ -0.464867414133604, 51.565952909231314 ] ] ] } },
{ "type": "Feature", "properties": { "_source_path": "C:\\Uni\\HS2\\HS2_ADS_GIS\\2025-11-24_HIS_HSTWO_CH_HERDS_Feature_Ply\\2025-11-24_HIS_HSTWO_CH_HERDS_Feature_Ply.shp", "_source_layer": "", "box_id": "box_05", "section": "HS2 Phase 1", "HS2_AssetI": null, "HS2_AssetN": null, "HS2_Suitab": "SC7", "HS2_Phase": "R1", "HS2_DocNum": "1MC04-SCJ-GI-GDD-SS05_SL08-000002", "HS2_DocRev": "C03", "HS2_RevDat": "2025-07-23T00:00:00", "HS2_Layer": "HIS_SCJ_1MC04_CH_HERDS_Feature_Ply", "Contract": "1MC04", "Originator": "SCJ", "CreatedAt": "2025-03-19T00:00:00", "LastEdited": "2025-06-19T00:00:00", "HS2_SupDoc": null, "FeatID": "1S21RSPCI_FTR_00347", "WSIIntID": "1S21RSPCI_INT_201", "MonType": "DITCH", "MonDesc": "RECUT GULLY [347].", "Period": "IRON AGE", "PeriodPhas": 0, "PeriodSubP": "N/A", "PhaseDesc": null, "BuildMater": "EARTH", "ArchScienc": "HAND RETRIEVAL", "Evidence": "EXCAVATED FEATURE", "MaxLength": 1.6 }, "geometry": { "type": "Polygon", "coordinates": [ [ [ -0.464288044362464, 51.56612026753249 ], [ -0.464290994334492, 51.566123582853997 ], [ -0.464288025703648, 51.566123819164822 ], [ -0.46428505435093, 51.566123665183156 ], [ -0.464284416680971, 51.566122678498978 ], [ -0.464284943396079, 51.566121819453045 ], [ -0.464288044362464, 51.56612026753249 ] ] ] } },
{ "type": "Feature", "properties": { "_source_path": "C:\\Uni\\HS2\\HS2_ADS_GIS\\2025-11-24_HIS_HSTWO_CH_HERDS_Feature_Ply\\2025-11-24_HIS_HSTWO_CH_HERDS_Feature_Ply.shp", "_source_layer": "", "box_id": "box_05", "section": "HS2 Phase 1", "HS2_AssetI": null, "HS2_AssetN": null, "HS2_Suitab": "SC7", "HS2_Phase": "R1", "HS2_DocNum": "1MC04-SCJ-GI-GDD-SS05_SL08-000002", "HS2_DocRev": "C03", "HS2_RevDat": "2025-07-23T00:00:00", "HS2_Layer": "HIS_SCJ_1MC04_CH_HERDS_Feature_Ply", "Contract": "1MC04", "Originator": "SCJ", "CreatedAt": "2025-03-19T00:00:00", "LastEdited": "2025-06-19T00:00:00", "HS2_SupDoc": null, "FeatID": "1S21RSPCI_FTR_00152", "WSIIntID": "1S21RSPCI_INT_201", "MonType": "POST HOLE", "MonDesc": "CUT OF POST HOLE [152].", "Period": "UNKNOWN", "PeriodPhas": 0, "PeriodSubP": "N/A", "PhaseDesc": null, "BuildMater": "EARTH", "ArchScienc": "HAND RETRIEVAL", "Evidence": "EXCAVATED FEATURE", "MaxLength": 0.33 }, "geometry": { "type": "Polygon", "coordinates": [ [ [ -0.463427091684137, 51.566206799623174 ], [ -0.46342783975564, 51.566206179971338 ], [ -0.463429277435052, 51.566205776166832 ], [ -0.463430506481728, 51.566205997278729 ], [ -0.463431461149009, 51.566206653612269 ], [ -0.463431921794209, 51.56620766945565 ], [ -0.463431493445955, 51.566208477631626 ], [ -0.463430596635213, 51.566209143893296 ], [ -0.463428946493729, 51.56620925896744 ], [ -0.463427477232108, 51.566208502378423 ], [ -0.463426547366966, 51.566207581102859 ], [ -0.463427091684137, 51.566206799623174 ] ] ] } },
{ "type": "Feature", "properties": { "_source_path": "C:\\Uni\\HS2\\HS2_ADS_GIS\\2025-11-24_HIS_HSTWO_CH_HERDS_Feature_Ply\\2025-11-24_HIS_HSTWO_CH_HERDS_Feature_Ply.shp", "_source_layer": "", "box_id": "box_05", "section": "HS2 Phase 1", "HS2_AssetI": null, "HS2_AssetN": null, "HS2_Suitab": "SC7", "HS2_Phase": "R1", "HS2_DocNum": "1MC04-SCJ-GI-GDD-SS05_SL08-000002", "HS2_DocRev": "C03", "HS2_RevDat": "2025-07-23T00:00:00", "HS2_Layer": "HIS_SCJ_1MC04_CH_HERDS_Feature_Ply", "Contract": "1MC04", "Originator": "SCJ", "CreatedAt": "2025-03-19T00:00:00", "LastEdited": "2025-06-19T00:00:00", "HS2_SupDoc": null, "FeatID": "1S21RSPCI_FTR_00237", "WSIIntID": "1S21RSPCI_INT_201", "MonType": "NATURAL FEATURE", "MonDesc": "ROOTING", "Period": "ROMAN", "PeriodPhas": 0, "PeriodSubP": "N/A", "PhaseDesc": null, "BuildMater": "EARTH", "ArchScienc": "HAND RETRIEVAL", "Evidence": "EXCAVATED FEATURE", "MaxLength": 1.4 }, "geometry": { "type": "Polygon", "coordinates": [ [ [ -0.462957708479199, 51.565919496240397 ], [ -0.462958178874036, 51.565919281195761 ], [ -0.462959337902634, 51.565919096751401 ], [ -0.462960801266288, 51.565919000818631 ], [ -0.462960744953907, 51.565919643915031 ], [ -0.462961026552642, 51.565919807662461 ], [ -0.462961961171106, 51.56592075867799 ], [ -0.462962398669845, 51.565921562006771 ], [ -0.46296277547814, 51.565922154125651 ], [ -0.46296242162987, 51.565922678226336 ], [ -0.462961124030828, 51.565922864452702 ], [ -0.462960549876891, 51.565922605154206 ], [ -0.462959202389449, 51.56592221703157 ], [ -0.462958272703691, 51.565921248096409 ], [ -0.462957983274763, 51.565920631944117 ], [ -0.462957708479199, 51.565919496240397 ] ] ] } },
{ "type": "Feature", "properties": { "_source_path": "C:\\Uni\\HS2\\HS2_ADS_GIS\\2025-11-24_HIS_HSTWO_CH_HERDS_Feature_Ply\\2025-11-24_HIS_HSTWO_CH_HERDS_Feature_Ply.shp", "_source_layer": "", "box_id": "box_05", "section": "HS2 Phase 1", "HS2_AssetI": null, "HS2_AssetN": null, "HS2_Suitab": "SC7", "HS2_Phase": "R1", "HS2_DocNum": "1MC04-SCJ-GI-GDD-SS05_SL08-000002", "HS2_DocRev": "C03", "HS2_RevDat": "2025-07-23T00:00:00", "HS2_Layer": "HIS_SCJ_1MC04_CH_HERDS_Feature_Ply", "Contract": "1MC04", "Originator": "SCJ", "CreatedAt": "2025-03-19T00:00:00", "LastEdited": "2025-06-19T00:00:00", "HS2_SupDoc": null, "FeatID": "1S21RSPCI_FTR_00334", "WSIIntID": "1S21RSPCI_INT_201", "MonType": "DITCH", "MonDesc": "CUT OF GULLY [334].", "Period": "IRON AGE", "PeriodPhas": 0, "PeriodSubP": "N/A", "PhaseDesc": null, "BuildMater": "EARTH", "ArchScienc": "HAND RETRIEVAL", "Evidence": "EXCAVATED FEATURE", "MaxLength": 1.3 }, "geometry": { "type": "Polygon", "coordinates": [ [ [ -0.464329991613388, 51.566160478763891 ], [ -0.464334626842472, 51.566162336937573 ], [ -0.46433295817411, 51.566163687295465 ], [ -0.464330867415847, 51.56616369050991 ], [ -0.464329147506894, 51.566163135672063 ], [ -0.464329749006974, 51.566162155312085 ], [ -0.464329991613388, 51.566160478763891 ] ] ] } },
{ "type": "Feature", "properties": { "_source_path": "C:\\Uni\\HS2\\HS2_ADS_GIS\\2025-11-24_HIS_HSTWO_CH_HERDS_Feature_Ply\\2025-11-24_HIS_HSTWO_CH_HERDS_Feature_Ply.shp", "_source_layer": "", "box_id": "box_05", "section": "HS2 Phase 1", "HS2_AssetI": null, "HS2_AssetN": null, "HS2_Suitab": "SC7", "HS2_Phase": "R1", "HS2_DocNum": "1MC04-SCJ-GI-GDD-SS05_SL08-000002", "HS2_DocRev": "C03", "HS2_RevDat": "2025-07-23T00:00:00", "HS2_Layer": "HIS_SCJ_1MC04_CH_HERDS_Feature_Ply", "Contract": "1MC04", "Originator": "SCJ", "CreatedAt": "2025-03-19T00:00:00", "LastEdited": "2025-06-19T00:00:00", "HS2_SupDoc": null, "FeatID": "1S21RSPCI_FTR_00223", "WSIIntID": "1S21RSPCI_INT_201", "MonType": "NATURAL FEATURE", "MonDesc": "POSSIBLE ROOTING", "Period": "POST MEDIEVAL", "PeriodPhas": 0, "PeriodSubP": "N/A", "PhaseDesc": null, "BuildMater": "EARTH", "ArchScienc": "HAND RETRIEVAL", "Evidence": "EXCAVATED FEATURE", "MaxLength": 0.19 }, "geometry": { "type": "Polygon", "coordinates": [ [ [ -0.462779847694963, 51.565933633835549 ], [ -0.462780105524251, 51.565933603942035 ], [ -0.462780950251619, 51.56593371212157 ], [ -0.462781468949487, 51.565934246751802 ], [ -0.462781869115928, 51.565934787922295 ], [ -0.462781379038674, 51.565935415445516 ], [ -0.462780795344147, 51.565935824133796 ], [ -0.462779064221073, 51.565936201606348 ], [ -0.462778046952323, 51.565936161305075 ], [ -0.462777740345658, 51.565935626755355 ], [ -0.462777373276001, 51.565935130978822 ], [ -0.462777246922433, 51.565934257090611 ], [ -0.462777413103049, 51.565933650502622 ], [ -0.462778932268863, 51.565933226192428 ], [ -0.462779847694963, 51.565933633835549 ] ] ] } },
{ "type": "Feature", "properties": { "_source_path": "C:\\Uni\\HS2\\HS2_ADS_GIS\\2025-11-24_HIS_HSTWO_CH_HERDS_Feature_Ply\\2025-11-24_HIS_HSTWO_CH_HERDS_Feature_Ply.shp", "_source_layer": "", "box_id": "box_05", "section": "HS2 Phase 1", "HS2_AssetI": null, "HS2_AssetN": null, "HS2_Suitab": "SC7", "HS2_Phase": "R1", "HS2_DocNum": "1MC04-SCJ-GI-GDD-SS05_SL08-000002", "HS2_DocRev": "C03", "HS2_RevDat": "2025-07-23T00:00:00", "HS2_Layer": "HIS_SCJ_1MC04_CH_HERDS_Feature_Ply", "Contract": "1MC04", "Originator": "SCJ", "CreatedAt": "2025-03-19T00:00:00", "LastEdited": "2025-06-19T00:00:00", "HS2_SupDoc": null, "FeatID": "1S21RSPCI_FTR_00100", "WSIIntID": "1S21RSPCI_INT_200", "MonType": "POST HOLE", "MonDesc": "POSSIBLE POSTHOLE", "Period": "UNKNOWN", "PeriodPhas": 0, "PeriodSubP": "N/A", "PhaseDesc": null, "BuildMater": "EARTH", "ArchScienc": "HAND RETRIEVAL", "Evidence": "EXCAVATED FEATURE", "MaxLength": 0.3 }, "geometry": { "type": "Polygon", "coordinates": [ [ [ -0.45958463589627, 51.567810767937935 ], [ -0.459585333235155, 51.567810072110888 ], [ -0.459586129663021, 51.567809390173366 ], [ -0.459586392842735, 51.567808732708883 ], [ -0.459587672138637, 51.567808577751656 ], [ -0.459588358818846, 51.56780900849413 ], [ -0.459589132730607, 51.567809505124671 ], [ -0.459589620229192, 51.567810023173628 ], [ -0.459589361833104, 51.567810581787889 ], [ -0.459587649704579, 51.567811418959067 ], [ -0.459585953935343, 51.567811643983319 ], [ -0.45958463589627, 51.567810767937935 ] ] ] } },
{ "type": "Feature", "properties": { "_source_path": "C:\\Uni\\HS2\\HS2_ADS_GIS\\2025-11-24_HIS_HSTWO_CH_HERDS_Feature_Ply\\2025-11-24_HIS_HSTWO_CH_HERDS_Feature_Ply.shp", "_source_layer": "", "box_id": "box_05", "section": "HS2 Phase 1", "HS2_AssetI": null, "HS2_AssetN": null, "HS2_Suitab": "SC7", "HS2_Phase": "R1", "HS2_DocNum": "1MC04-SCJ-GI-GDD-SS05_SL08-000002", "HS2_DocRev": "C03", "HS2_RevDat": "2025-07-23T00:00:00", "HS2_Layer": "HIS_SCJ_1MC04_CH_HERDS_Feature_Ply", "Contract": "1MC04", "Originator": "SCJ", "CreatedAt": "2025-03-19T00:00:00", "LastEdited": "2025-06-19T00:00:00", "HS2_SupDoc": null, "FeatID": "1S21RSPCI_FTR_00267", "WSIIntID": "1S21RSPCI_INT_201", "MonType": "DITCH", "MonDesc": "CUT OF GULLY", "Period": "IRON AGE", "PeriodPhas": 0, "PeriodSubP": "N/A", "PhaseDesc": null, "BuildMater": "EARTH", "ArchScienc": "HAND RETRIEVAL", "Evidence": "EXCAVATED FEATURE", "MaxLength": 1.1 }, "geometry": { "type": "Polygon", "coordinates": [ [ [ -0.464517246821682, 51.565645336914002 ], [ -0.464517686595768, 51.56564393180863 ], [ -0.464518434247548, 51.565642981235406 ], [ -0.464521096310519, 51.565642678862332 ], [ -0.464521651179123, 51.565644581655377 ], [ -0.464517246821682, 51.565645336914002 ] ] ] } },
{ "type": "Feature", "properties": { "_source_path": "C:\\Uni\\HS2\\HS2_ADS_GIS\\2025-11-24_HIS_HSTWO_CH_HERDS_Feature_Ply\\2025-11-24_HIS_HSTWO_CH_HERDS_Feature_Ply.shp", "_source_layer": "", "box_id": "box_05", "section": "HS2 Phase 1", "HS2_AssetI": null, "HS2_AssetN": null, "HS2_Suitab": "SC7", "HS2_Phase": "R1", "HS2_DocNum": "1MC04-SCJ-GI-GDD-SS05_SL08-000002", "HS2_DocRev": "C03", "HS2_RevDat": "2025-07-23T00:00:00", "HS2_Layer": "HIS_SCJ_1MC04_CH_HERDS_Feature_Ply", "Contract": "1MC04", "Originator": "SCJ", "CreatedAt": "2025-03-19T00:00:00", "LastEdited": "2025-06-19T00:00:00", "HS2_SupDoc": null, "FeatID": "1S21RSPCI_FTR_00085", "WSIIntID": "1S21RSPCI_INT_200", "MonType": "POST HOLE", "MonDesc": "POST HOLE", "Period": "UNKNOWN", "PeriodPhas": 0, "PeriodSubP": "N/A", "PhaseDesc": null, "BuildMater": "EARTH", "ArchScienc": "HAND RETRIEVAL", "Evidence": "EXCAVATED FEATURE", "MaxLength": 0.35 }, "geometry": { "type": "Polygon", "coordinates": [ [ [ -0.459623212874242, 51.567625250330202 ], [ -0.459622745890812, 51.567625576908291 ], [ -0.459621775673706, 51.567626021871313 ], [ -0.45962050394881, 51.567625782175263 ], [ -0.459620386979844, 51.567625528861342 ], [ -0.459620617611125, 51.567624724398399 ], [ -0.459621164435929, 51.5676242127319 ], [ -0.459622468445982, 51.567623753266716 ], [ -0.459623649525311, 51.567623814628675 ], [ -0.459624148532158, 51.567624162877983 ], [ -0.459623212874242, 51.567625250330202 ] ] ] } },
{ "type": "Feature", "properties": { "_source_path": "C:\\Uni\\HS2\\HS2_ADS_GIS\\2025-11-24_HIS_HSTWO_CH_HERDS_Feature_Ply\\2025-11-24_HIS_HSTWO_CH_HERDS_Feature_Ply.shp", "_source_layer": "", "box_id": "box_05", "section": "HS2 Phase 1", "HS2_AssetI": null, "HS2_AssetN": null, "HS2_Suitab": "SC7", "HS2_Phase": "R1", "HS2_DocNum": "1MC04-SCJ-GI-GDD-SS05_SL08-000002", "HS2_DocRev": "C03", "HS2_RevDat": "2025-07-23T00:00:00", "HS2_Layer": "HIS_SCJ_1MC04_CH_HERDS_Feature_Ply", "Contract": "1MC04", "Originator": "SCJ", "CreatedAt": "2025-03-19T00:00:00", "LastEdited": "2025-06-19T00:00:00", "HS2_SupDoc": null, "FeatID": "1S21RSPCI_FTR_00328", "WSIIntID": "1S21RSPCI_INT_201", "MonType": "POST HOLE", "MonDesc": "CUT OF POST HOLE [328].", "Period": "IRON AGE", "PeriodPhas": 0, "PeriodSubP": "N/A", "PhaseDesc": null, "BuildMater": "EARTH", "ArchScienc": "HAND RETRIEVAL", "Evidence": "EXCAVATED FEATURE", "MaxLength": 0.23 }, "geometry": { "type": "Polygon", "coordinates": [ [ [ -0.464286949570853, 51.566122057019882 ], [ -0.464285570304316, 51.566122483180258 ], [ -0.464284618821353, 51.566122245926906 ], [ -0.464284029534783, 51.566121450508234 ], [ -0.464284235346847, 51.566120994604773 ], [ -0.464284294336156, 51.566120614111988 ], [ -0.464285484040444, 51.566120204354405 ], [ -0.464287067613448, 51.566120823051079 ], [ -0.464287426581709, 51.566121345693013 ], [ -0.464286949570853, 51.566122057019882 ] ] ] } },
{ "type": "Feature", "properties": { "_source_path": "C:\\Uni\\HS2\\HS2_ADS_GIS\\2025-11-24_HIS_HSTWO_CH_HERDS_Feature_Ply\\2025-11-24_HIS_HSTWO_CH_HERDS_Feature_Ply.shp", "_source_layer": "", "box_id": "box_05", "section": "HS2 Phase 1", "HS2_AssetI": null, "HS2_AssetN": null, "HS2_Suitab": "SC7", "HS2_Phase": "R1", "HS2_DocNum": "1MC04-SCJ-GI-GDD-SS05_SL08-000002", "HS2_DocRev": "C03", "HS2_RevDat": "2025-07-23T00:00:00", "HS2_Layer": "HIS_SCJ_1MC04_CH_HERDS_Feature_Ply", "Contract": "1MC04", "Originator": "SCJ", "CreatedAt": "2025-03-19T00:00:00", "LastEdited": "2025-06-19T00:00:00", "HS2_SupDoc": null, "FeatID": "1S21RSPCI_FTR_00082", "WSIIntID": "1S21RSPCI_INT_200", "MonType": "POST HOLE", "MonDesc": "POST HOLE", "Period": "UNKNOWN", "PeriodPhas": 0, "PeriodSubP": "N/A", "PhaseDesc": null, "BuildMater": "EARTH", "ArchScienc": "HAND RETRIEVAL", "Evidence": "EXCAVATED FEATURE", "MaxLength": 0.24 }, "geometry": { "type": "Polygon", "coordinates": [ [ [ -0.459622123359318, 51.56764685842063 ], [ -0.459621961553764, 51.567647035239524 ], [ -0.459621461763301, 51.567647350596467 ], [ -0.4596195272828, 51.567647978930658 ], [ -0.459618462448766, 51.56764776532961 ], [ -0.459618239019382, 51.567647033138094 ], [ -0.459618501954658, 51.567646382864012 ], [ -0.459620188200264, 51.56764605520442 ], [ -0.459621284112046, 51.567646160409019 ], [ -0.459622123359318, 51.56764685842063 ] ] ] } },
{ "type": "Feature", "properties": { "_source_path": "C:\\Uni\\HS2\\HS2_ADS_GIS\\2025-11-24_HIS_HSTWO_CH_HERDS_Feature_Ply\\2025-11-24_HIS_HSTWO_CH_HERDS_Feature_Ply.shp", "_source_layer": "", "box_id": "box_05", "section": "HS2 Phase 1", "HS2_AssetI": null, "HS2_AssetN": null, "HS2_Suitab": "SC7", "HS2_Phase": "R1", "HS2_DocNum": "1MC04-SCJ-GI-GDD-SS05_SL08-000002", "HS2_DocRev": "C03", "HS2_RevDat": "2025-07-23T00:00:00", "HS2_Layer": "HIS_SCJ_1MC04_CH_HERDS_Feature_Ply", "Contract": "1MC04", "Originator": "SCJ", "CreatedAt": "2025-03-19T00:00:00", "LastEdited": "2025-06-19T00:00:00", "HS2_SupDoc": null, "FeatID": "1S21RSPCI_FTR_00243", "WSIIntID": "1S21RSPCI_INT_201", "MonType": "POST HOLE", "MonDesc": "CUT OF POST HOLE [243].", "Period": "IRON AGE", "PeriodPhas": 0, "PeriodSubP": "N/A", "PhaseDesc": null, "BuildMater": "EARTH", "ArchScienc": "HAND RETRIEVAL", "Evidence": "EXCAVATED FEATURE", "MaxLength": 0.26 }, "geometry": { "type": "Polygon", "coordinates": [ [ [ -0.464608223805027, 51.565880261383214 ], [ -0.464607711193364, 51.565879930961273 ], [ -0.464607273318966, 51.565879780459802 ], [ -0.464607714496289, 51.565878762032483 ], [ -0.464608754799348, 51.565878375494854 ], [ -0.464609551938443, 51.565878483038595 ], [ -0.464610855865424, 51.565879136738268 ], [ -0.464610961504952, 51.565879255916762 ], [ -0.464610717542862, 51.565879816529169 ], [ -0.464610068521391, 51.565880323284802 ], [ -0.464608223805027, 51.565880261383214 ] ] ] } },
{ "type": "Feature", "properties": { "_source_path": "C:\\Uni\\HS2\\HS2_ADS_GIS\\2025-11-24_HIS_HSTWO_CH_HERDS_Feature_Ply\\2025-11-24_HIS_HSTWO_CH_HERDS_Feature_Ply.shp", "_source_layer": "", "box_id": "box_05", "section": "HS2 Phase 1", "HS2_AssetI": null, "HS2_AssetN": null, "HS2_Suitab": "SC7", "HS2_Phase": "R1", "HS2_DocNum": "1MC04-SCJ-GI-GDD-SS05_SL08-000002", "HS2_DocRev": "C03", "HS2_RevDat": "2025-07-23T00:00:00", "HS2_Layer": "HIS_SCJ_1MC04_CH_HERDS_Feature_Ply", "Contract": "1MC04", "Originator": "SCJ", "CreatedAt": "2025-03-19T00:00:00", "LastEdited": "2025-06-19T00:00:00", "HS2_SupDoc": null, "FeatID": "1S21RSPCI_FTR_00081", "WSIIntID": "1S21RSPCI_INT_200", "MonType": "POST HOLE", "MonDesc": "POST HOLE", "Period": "UNKNOWN", "PeriodPhas": 0, "PeriodSubP": "N/A", "PhaseDesc": null, "BuildMater": "EARTH", "ArchScienc": "HAND RETRIEVAL", "Evidence": "EXCAVATED FEATURE", "MaxLength": 0.21 }, "geometry": { "type": "Polygon", "coordinates": [ [ [ -0.459725628672325, 51.56769934688586 ], [ -0.459727188124214, 51.567699013963768 ], [ -0.459728403510619, 51.567699511891526 ], [ -0.459729101207182, 51.567700385188814 ], [ -0.459728188830629, 51.567700826415788 ], [ -0.459726505879708, 51.567701013843468 ], [ -0.459725333794577, 51.567700173885243 ], [ -0.459725628672325, 51.56769934688586 ] ] ] } },
{ "type": "Feature", "properties": { "_source_path": "C:\\Uni\\HS2\\HS2_ADS_GIS\\2025-11-24_HIS_HSTWO_CH_HERDS_Feature_Ply\\2025-11-24_HIS_HSTWO_CH_HERDS_Feature_Ply.shp", "_source_layer": "", "box_id": "box_05", "section": "HS2 Phase 1", "HS2_AssetI": null, "HS2_AssetN": null, "HS2_Suitab": "SC7", "HS2_Phase": "R1", "HS2_DocNum": "1MC04-SCJ-GI-GDD-SS05_SL08-000002", "HS2_DocRev": "C03", "HS2_RevDat": "2025-07-23T00:00:00", "HS2_Layer": "HIS_SCJ_1MC04_CH_HERDS_Feature_Ply", "Contract": "1MC04", "Originator": "SCJ", "CreatedAt": "2025-03-19T00:00:00", "LastEdited": "2025-06-19T00:00:00", "HS2_SupDoc": null, "FeatID": "1S21RSPCI_FTR_00089", "WSIIntID": "1S21RSPCI_INT_200", "MonType": "POST HOLE", "MonDesc": "POST HOLE", "Period": "UNKNOWN", "PeriodPhas": 0, "PeriodSubP": "N/A", "PhaseDesc": null, "BuildMater": "EARTH", "ArchScienc": "HAND RETRIEVAL", "Evidence": "EXCAVATED FEATURE", "MaxLength": 0.8 }, "geometry": { "type": "Polygon", "coordinates": [ [ [ -0.459616031142873, 51.568035948209534 ], [ -0.459617098839032, 51.568037315533765 ], [ -0.459615884856962, 51.568037885884159 ], [ -0.459615303493355, 51.5680380958621 ], [ -0.459614359374604, 51.568037811009582 ], [ -0.459614018541083, 51.568037350636779 ], [ -0.459614256944869, 51.568036743202775 ], [ -0.459614778666133, 51.568036120604056 ], [ -0.459616031142873, 51.568035948209534 ] ] ] } },
{ "type": "Feature", "properties": { "_source_path": "C:\\Uni\\HS2\\HS2_ADS_GIS\\2025-11-24_HIS_HSTWO_CH_HERDS_Feature_Ply\\2025-11-24_HIS_HSTWO_CH_HERDS_Feature_Ply.shp", "_source_layer": "", "box_id": "box_05", "section": "HS2 Phase 1", "HS2_AssetI": null, "HS2_AssetN": null, "HS2_Suitab": "SC7", "HS2_Phase": "R1", "HS2_DocNum": "1MC04-SCJ-GI-GDD-SS05_SL08-000002", "HS2_DocRev": "C03", "HS2_RevDat": "2025-07-23T00:00:00", "HS2_Layer": "HIS_SCJ_1MC04_CH_HERDS_Feature_Ply", "Contract": "1MC04", "Originator": "SCJ", "CreatedAt": "2025-03-19T00:00:00", "LastEdited": "2025-06-19T00:00:00", "HS2_SupDoc": null, "FeatID": "1S21RSPCI_FTR_00079", "WSIIntID": "1S21RSPCI_INT_200", "MonType": "POST HOLE", "MonDesc": "DUMP", "Period": "UNKNOWN", "PeriodPhas": 0, "PeriodSubP": "N/A", "PhaseDesc": null, "BuildMater": "EARTH", "ArchScienc": "HAND RETRIEVAL", "Evidence": "EXCAVATED FEATURE", "MaxLength": 0.2 }, "geometry": { "type": "Polygon", "coordinates": [ [ [ -0.459707968909205, 51.567706191884824 ], [ -0.459708792273114, 51.567706121762441 ], [ -0.459710584602617, 51.567706241501803 ], [ -0.459711299090392, 51.567707044881196 ], [ -0.45971069126456, 51.567707739186218 ], [ -0.459710040460781, 51.567708381672219 ], [ -0.459709356337356, 51.567707448305953 ], [ -0.45970850635315, 51.567706854462365 ], [ -0.459707621980651, 51.567706466985598 ], [ -0.459707968909205, 51.567706191884824 ] ] ] } },
{ "type": "Feature", "properties": { "_source_path": "C:\\Uni\\HS2\\HS2_ADS_GIS\\2025-11-24_HIS_HSTWO_CH_HERDS_Feature_Ply\\2025-11-24_HIS_HSTWO_CH_HERDS_Feature_Ply.shp", "_source_layer": "", "box_id": "box_05", "section": "HS2 Phase 1", "HS2_AssetI": null, "HS2_AssetN": null, "HS2_Suitab": "SC7", "HS2_Phase": "R1", "HS2_DocNum": "1MC04-SCJ-GI-GDD-SS05_SL08-000002", "HS2_DocRev": "C03", "HS2_RevDat": "2025-07-23T00:00:00", "HS2_Layer": "HIS_SCJ_1MC04_CH_HERDS_Feature_Ply", "Contract": "1MC04", "Originator": "SCJ", "CreatedAt": "2025-03-19T00:00:00", "LastEdited": "2025-06-19T00:00:00", "HS2_SupDoc": null, "FeatID": "1S21RSPCI_FTR_00330", "WSIIntID": "1S21RSPCI_INT_201", "MonType": "POST HOLE", "MonDesc": "CUT OF POST HOLE [330].", "Period": "IRON AGE", "PeriodPhas": 0, "PeriodSubP": "N/A", "PhaseDesc": null, "BuildMater": "EARTH", "ArchScienc": "HAND RETRIEVAL", "Evidence": "EXCAVATED FEATURE", "MaxLength": 0.22 }, "geometry": { "type": "Polygon", "coordinates": [ [ [ -0.464331322311447, 51.566164363675689 ], [ -0.464330381139321, 51.566164676873697 ], [ -0.464329506466893, 51.566165071870685 ], [ -0.46432893021621, 51.56616474601006 ], [ -0.464328861326821, 51.566163921432938 ], [ -0.464329690333743, 51.566163511451052 ], [ -0.464330228666096, 51.566163035620058 ], [ -0.464330459245586, 51.566163000870532 ], [ -0.464331614888419, 51.566163473690239 ], [ -0.464331534448892, 51.566164191105827 ], [ -0.464331322311447, 51.566164363675689 ] ] ] } },
{ "type": "Feature", "properties": { "_source_path": "C:\\Uni\\HS2\\HS2_ADS_GIS\\2025-11-24_HIS_HSTWO_CH_HERDS_Feature_Ply\\2025-11-24_HIS_HSTWO_CH_HERDS_Feature_Ply.shp", "_source_layer": "", "box_id": "box_05", "section": "HS2 Phase 1", "HS2_AssetI": null, "HS2_AssetN": null, "HS2_Suitab": "SC7", "HS2_Phase": "R1", "HS2_DocNum": "1MC04-SCJ-GI-GDD-SS05_SL08-000002", "HS2_DocRev": "C03", "HS2_RevDat": "2025-07-23T00:00:00", "HS2_Layer": "HIS_SCJ_1MC04_CH_HERDS_Feature_Ply", "Contract": "1MC04", "Originator": "SCJ", "CreatedAt": "2025-03-19T00:00:00", "LastEdited": "2025-06-19T00:00:00", "HS2_SupDoc": null, "FeatID": "1S21RSPCI_FTR_00138", "WSIIntID": "1S21RSPCI_INT_201", "MonType": "STAKE HOLE", "MonDesc": "POSSIBLE STAKEHOLE", "Period": "UNKNOWN", "PeriodPhas": 0, "PeriodSubP": "N/A", "PhaseDesc": null, "BuildMater": "EARTH", "ArchScienc": "HAND RETRIEVAL", "Evidence": "EXCAVATED FEATURE", "MaxLength": 0.7 }, "geometry": { "type": "Polygon", "coordinates": [ [ [ -0.462670207327573, 51.566206213708995 ], [ -0.462670192076191, 51.566205468064631 ], [ -0.462671404616488, 51.56620510897821 ], [ -0.462671736903723, 51.566204967659168 ], [ -0.462672070672643, 51.566204996310056 ], [ -0.462672913076176, 51.56620555856064 ], [ -0.462672402634794, 51.566206148049844 ], [ -0.462671877177182, 51.566206412727752 ], [ -0.462670898031363, 51.566206268616668 ], [ -0.462670207327573, 51.566206213708995 ] ] ] } },
{ "type": "Feature", "properties": { "_source_path": "C:\\Uni\\HS2\\HS2_ADS_GIS\\2025-11-24_HIS_HSTWO_CH_HERDS_Feature_Ply\\2025-11-24_HIS_HSTWO_CH_HERDS_Feature_Ply.shp", "_source_layer": "", "box_id": "box_05", "section": "HS2 Phase 1", "HS2_AssetI": null, "HS2_AssetN": null, "HS2_Suitab": "SC7", "HS2_Phase": "R1", "HS2_DocNum": "1MC04-SCJ-GI-GDD-SS05_SL08-000002", "HS2_DocRev": "C03", "HS2_RevDat": "2025-07-23T00:00:00", "HS2_Layer": "HIS_SCJ_1MC04_CH_HERDS_Feature_Ply", "Contract": "1MC04", "Originator": "SCJ", "CreatedAt": "2025-03-19T00:00:00", "LastEdited": "2025-06-19T00:00:00", "HS2_SupDoc": null, "FeatID": "1S21RSPCI_FTR_00231", "WSIIntID": "1S21RSPCI_INT_201", "MonType": "NATURAL FEATURE", "MonDesc": "ROOTING", "Period": "POST MEDIEVAL", "PeriodPhas": 0, "PeriodSubP": "N/A", "PhaseDesc": null, "BuildMater": "EARTH", "ArchScienc": "HAND RETRIEVAL", "Evidence": "EXCAVATED FEATURE", "MaxLength": 0.17 }, "geometry": { "type": "Polygon", "coordinates": [ [ [ -0.462806375218624, 51.565933465164839 ], [ -0.462806603616832, 51.565932981684249 ], [ -0.46280693846158, 51.565932208254083 ], [ -0.462807901109352, 51.565932242444411 ], [ -0.462808186486677, 51.565932122990752 ], [ -0.462808698451073, 51.565932771732257 ], [ -0.46280691828041, 51.565933705173407 ], [ -0.462806375218624, 51.565933465164839 ] ] ] } }
]
}
