{"type":"FeatureCollection","crs":{"type":"name","properties":{"name":"EPSG:4326"}},"features":[{"type":"Feature","id":971136,"geometry":{"type":"Polygon","coordinates":[[[-2.37058708150685,50.7243528152894],[-2.37056466124834,50.724354179893],[-2.37053815213474,50.7243542643488],[-2.37047487820321,50.7243467068907],[-2.37041148474936,50.7243236317397],[-2.37036028085474,50.7242953459587],[-2.370327165128,50.7242333801444],[-2.37032688984639,50.7241984654318],[-2.37034078712145,50.7241505738943],[-2.37037920289831,50.724109071931],[-2.37042594042928,50.7240882314749],[-2.37050331651233,50.7240737610571],[-2.37060324983454,50.724076029027],[-2.3706951452503,50.7240925464971],[-2.37075045271787,50.7241246994608],[-2.37077733939948,50.7241724610363],[-2.37078989317228,50.7242125074802],[-2.37077396510234,50.7242616987062],[-2.37074370543826,50.724303175696],[-2.37068482513957,50.7243356917095],[-2.37058708150685,50.7243528152894]]]},"properties":{"OBJECTID":971136,"LAYER":"DITCH","project":"Dorset Ridgeway","PERIOD":"BRONZE AGE","MONUMENT_TYPE":"POND BARROW","EVIDENCE_1":"EARTHWORK","HE_UID":" NONE GIVEN","HE_URL1":"https://gisportal.historicengland.org.uk/portal/sharing/rest/content/items/b19ecdd0d5584fb8a772fc875f3b1333/data","HER_NO":"MDO20570"}},{"type":"Feature","id":1106573,"geometry":{"type":"MultiPolygon","coordinates":[[[[-2.35738633214271,50.7247175279561],[-2.35743513382784,50.7247049686775],[-2.35744883948678,50.7247074085525],[-2.35744887726905,50.7247123733816],[-2.35729865689413,50.7247612320044],[-2.35710545280266,50.7248151847472],[-2.35708787852442,50.7248189617742],[-2.35708434954594,50.7248176731509],[-2.35707575848395,50.7248122750647],[-2.35706657948227,50.7248070640364],[-2.35706664396631,50.7248047373915],[-2.35707796550292,50.7248016180683],[-2.35726927538919,50.7247551154633],[-2.35738633214271,50.7247175279561]]],[[[-2.35695700505742,50.7248367667042],[-2.35703770005523,50.7248138802912],[-2.35704068511781,50.7248138792154],[-2.35704364323544,50.7248153656374],[-2.35705313538166,50.7248230055699],[-2.35705877543336,50.7248278524694],[-2.35705848645944,50.7248286033597],[-2.35705470388215,50.7248289917793],[-2.3570488481273,50.7248302480809],[-2.35700556803914,50.7248423522863],[-2.35697234948253,50.7248533194562],[-2.35696662005438,50.7248503199556],[-2.35696133199738,50.7248472345666],[-2.35695686781114,50.7248420099492],[-2.35695506847424,50.7248378985546],[-2.35695700505742,50.7248367667042]]],[[[-2.35692357668526,50.7248452929495],[-2.35692504721172,50.7248449134326],[-2.35692652626601,50.724845096841],[-2.3569330801959,50.7248544301641],[-2.35693429299604,50.7248583545106],[-2.35693430578847,50.7248600379303],[-2.35693245598765,50.7248615903786],[-2.35691914998332,50.7248656960004],[-2.3568390882577,50.7248820731702],[-2.35674925777381,50.7248997212794],[-2.35669267173638,50.724917267304],[-2.35663611959766,50.7249385371302],[-2.35653084057155,50.7249822919095],[-2.35642154764919,50.7250124095753],[-2.35633568338089,50.7250374921688],[-2.35622633372738,50.7250601628572],[-2.35615216911214,50.7250802454123],[-2.35605275453503,50.7251239835849],[-2.35585576473483,50.7251953181978],[-2.35582457850446,50.7252090647962],[-2.35580894024581,50.72521035368],[-2.35580890263618,50.7252053888509],[-2.35593175733831,50.7251578578763],[-2.35615493916001,50.7250700093728],[-2.35626419048749,50.7250349280407],[-2.35640087661731,50.7250059675428],[-2.35651210719212,50.7249733637291],[-2.35661738620214,50.7249296071681],[-2.3567402431207,50.7248833163381],[-2.35691664366219,50.7248468511147],[-2.35692004484685,50.7248458649479],[-2.35692357668526,50.7248452929495]]]]},"properties":{"OBJECTID":1106573,"LAYER":"DITCH","project":"Dorset Ridgeway","PERIOD":"UNCERTAIN","MONUMENT_TYPE":"FIELD SYSTEM\\PIT\\TRACKWAY","EVIDENCE_1":"EARTHWORK","HE_UID":" NONE GIVEN","HE_URL1":"https://gisportal.historicengland.org.uk/portal/sharing/rest/content/items/b19ecdd0d5584fb8a772fc875f3b1333/data","HER_NO":"MDO20575"}},{"type":"Feature","id":965889,"geometry":{"type":"Polygon","coordinates":[[[-2.35854517291796,50.7305055119472],[-2.35852495236592,50.7304964430008],[-2.35851908263438,50.7304818504565],[-2.35851027945738,50.7304599611854],[-2.35851582851042,50.7304325492146],[-2.35859631876842,50.7304176902711],[-2.35865401761686,50.7304339493423],[-2.35868295771869,50.7304539491217],[-2.35868028927938,50.7304813531105],[-2.35864596755004,50.7305106803153],[-2.35859134293807,50.7305199801677],[-2.35854517291796,50.7305055119472]]]},"properties":{"OBJECTID":965889,"LAYER":"BANK","project":"Dorset Ridgeway","PERIOD":"UNCERTAIN","MONUMENT_TYPE":"MOUND","EVIDENCE_1":"EARTHWORK","HE_UID":" NONE GIVEN","HE_URL1":"https://gisportal.historicengland.org.uk/portal/sharing/rest/content/items/b19ecdd0d5584fb8a772fc875f3b1333/data","HER_NO":"MDO20573"}},{"type":"Feature","id":1119222,"geometry":{"type":"MultiPolygon","coordinates":[[[[-2.37998994179666,50.7370457974446],[-2.37990269032385,50.7370039440503],[-2.37990229690478,50.7369553247891],[-2.37992751846567,50.7369131065446],[-2.3799630413804,50.7368805758611],[-2.38002410474977,50.7368447224765],[-2.38002371120705,50.7367961032149],[-2.37998252472584,50.7367605840196],[-2.37985460205082,50.73674803799],[-2.37976270332909,50.7367645441498],[-2.37969133993096,50.7367907071059],[-2.37959915421993,50.736771560264],[-2.37950663365609,50.7367102777119],[-2.37945503023478,50.7366521016619],[-2.37946491660061,50.736609931765],[-2.37954661299852,50.7365967010551],[-2.37966428347526,50.7366060407917],[-2.37974590113878,50.7365830835713],[-2.37983782430711,50.7365698174559],[-2.37997586423586,50.7365693663994],[-2.3800473320913,50.7365561687671],[-2.38012910694273,50.7365526595245],[-2.38025695183332,50.7365554833769],[-2.38036963805542,50.7365810446534],[-2.38041079842545,50.7366133245867],[-2.38044685174319,50.7366456185188],[-2.38049818660423,50.736671380409],[-2.38056995056017,50.7366938361966],[-2.38057526783713,50.7367197486714],[-2.38057553058658,50.7367521624091],[-2.3805247998052,50.7368009481044],[-2.38051492001449,50.7368431171679],[-2.38052556165548,50.7368949447955],[-2.38053106990283,50.7369435446159],[-2.38050081348854,50.7369955060948],[-2.38043453669566,50.737018412747],[-2.38035286608107,50.7370348859036],[-2.38025060870573,50.7370352203854],[-2.3801790089506,50.7370322126241],[-2.38014329668211,50.7370420533245],[-2.38012295330426,50.7370550865757],[-2.38010776951977,50.7370745840759],[-2.38006692382509,50.7370811996263],[-2.37998994179666,50.7370457974446]]],[[[-2.37754700035615,50.7371609981408],[-2.37754666610815,50.7371194335402],[-2.37753176291967,50.7370779162488],[-2.37757513688817,50.7370362097091],[-2.37766248466199,50.7370266894866],[-2.37777186804132,50.7370401893492],[-2.3778157620684,50.737063138465],[-2.3778962307336,50.7371044426274],[-2.37795458230839,50.7371134903683],[-2.37801293531538,50.7371225371759],[-2.37810035754316,50.7371222529026],[-2.37811485211051,50.7371129692447],[-2.37815852317972,50.737108208499],[-2.37820977847574,50.7371403709408],[-2.3782172096438,50.737158819805],[-2.37821754450827,50.7372003870985],[-2.3782397363811,50.7372418805884],[-2.37823270878974,50.7372742326164],[-2.37819643721894,50.7372928236489],[-2.37816740938786,50.7373067732989],[-2.37813830289638,50.7373114866785],[-2.37805103474116,50.7373302444169],[-2.37797829977384,50.7373443361335],[-2.37793470281809,50.7373583330898],[-2.37785479123545,50.7373863050847],[-2.37774547992245,50.7373820415865],[-2.37769418609858,50.7373452594586],[-2.37765731419799,50.737289958323],[-2.37763497989288,50.7372299912469],[-2.37759100583796,50.7371978049051],[-2.37754700035615,50.7371609981408]]],[[[-2.37850496966783,50.7376104952351],[-2.37843932927551,50.737601471497],[-2.37837391223978,50.7376201583487],[-2.3783304640153,50.7376526289044],[-2.37819249744631,50.7377084986871],[-2.37809797908177,50.7377318996525],[-2.37798142309839,50.7377322786459],[-2.37789403690833,50.7377371814232],[-2.37780661920059,50.7377374655287],[-2.37771905284893,50.7377192743169],[-2.37770429226811,50.7376962305252],[-2.37770414364616,50.7376777570718],[-2.3777109487284,50.7376176953453],[-2.37775428445469,50.7375713701576],[-2.37784114998429,50.7375018099497],[-2.37797194125704,50.7374598191359],[-2.37808839065453,50.7374455852718],[-2.37824831963043,50.7374034993884],[-2.37833581681058,50.7374124512128],[-2.37841617485883,50.7374399001448],[-2.3784747131001,50.7374720387627],[-2.37855510998936,50.7375041061809],[-2.3786353565834,50.7375177000967],[-2.37869367155164,50.7375221279772],[-2.3787520610513,50.7375357930034],[-2.37884680230951,50.7375401030348],[-2.37889779905838,50.7375399368499],[-2.37897064588757,50.7375396994227],[-2.3789998973306,50.7375534610973],[-2.37899272675775,50.7375673396991],[-2.37894916859667,50.7375859556163],[-2.37889820907281,50.7375907404112],[-2.37883264317025,50.7375909540694],[-2.3788035049732,50.7375910490095],[-2.37876704000504,50.7375865491032],[-2.37873786455883,50.7375820263388],[-2.37872329404585,50.7375820738025],[-2.37873073115502,50.7376005226129],[-2.37876808327481,50.7377158614559],[-2.37876169648865,50.7378267267743],[-2.37874043530457,50.7379006908779],[-2.37868245513188,50.7379378285097],[-2.3785804607658,50.7379381606728],[-2.37854351852524,50.7378736208383],[-2.3785428482468,50.7377904916608],[-2.37854240139626,50.7377350722086],[-2.37855641335984,50.7376657486527],[-2.37850496966783,50.7376104952351]]],[[[-2.37600438315345,50.7381351349151],[-2.3760750033369,50.7380981213955],[-2.37615223497436,50.7380815235094],[-2.37624261856125,50.7380975790799],[-2.37635231436426,50.7381094857314],[-2.37647476770924,50.7381050029344],[-2.37657179598343,50.7381455601332],[-2.37661722023724,50.7381821962962],[-2.37661751530292,50.7382189777429],[-2.37661774480849,50.7382475867336],[-2.37657926008375,50.7382722347954],[-2.37651502231772,50.7383010507851],[-2.3764312171794,50.7383013221613],[-2.37636030208605,50.7383015517501],[-2.37630882317769,50.738313980087],[-2.37624464930249,50.7383509728854],[-2.37618018199684,50.7383511814982],[-2.37610258976938,50.7383228228011],[-2.37595408254208,50.7382946924943],[-2.3758702446945,50.7382908772389],[-2.3757926840447,50.738266604567],[-2.37578587634024,50.7382216688023],[-2.37585004900674,50.738184678957],[-2.37590787897615,50.7381599685871],[-2.37600438315345,50.7381351349151]]],[[[-2.3764982280936,50.7390333835603],[-2.376523821542,50.7390292386223],[-2.37657516990748,50.7390412566725],[-2.37670385122244,50.7391098821019],[-2.37681975033245,50.7391826099715],[-2.37696794658164,50.7392877258317],[-2.37689123394564,50.7393082812099],[-2.37685296123158,50.7393287119423],[-2.37685312423878,50.7393490180802],[-2.37680219779822,50.7393897946794],[-2.37669319250506,50.7393779653574],[-2.37662883159548,50.7393416207968],[-2.37658359517431,50.7392930316936],[-2.37652528732256,50.7392119947795],[-2.37648642827199,50.73915932293],[-2.37642850584214,50.7391270185605],[-2.37641543585108,50.7390945716492],[-2.37644717284393,50.7390579158092],[-2.3764982280936,50.7390333835603]]]]},"properties":{"OBJECTID":1119222,"LAYER":"EXTENT_OF_FEATURE","project":"Dorset Ridgeway","PERIOD":"POST MEDIEVAL","MONUMENT_TYPE":"CHALK PIT","EVIDENCE_1":"EARTHWORK","HE_UID":" NONE GIVEN","HE_URL1":"https://gisportal.historicengland.org.uk/portal/sharing/rest/content/items/b19ecdd0d5584fb8a772fc875f3b1333/data","HER_NO":"MDO20496"}},{"type":"Feature","id":1119291,"geometry":{"type":"Polygon","coordinates":[[[-2.3588705498677,50.7375960118676],[-2.35894955667303,50.7375931303144],[-2.35899962804226,50.7376140827121],[-2.35904558205963,50.7376403247911],[-2.35907919844608,50.7376850735125],[-2.35908364011992,50.7377219968815],[-2.3590174348678,50.7377670548584],[-2.35889718025617,50.7378149172923],[-2.35875186805065,50.7378496653835],[-2.35864374648555,50.7378526366414],[-2.35858575825148,50.7378844765578],[-2.35848201880872,50.7379164575584],[-2.35837775417747,50.7378798410927],[-2.35837747223019,50.7378429048724],[-2.35844371990933,50.7378031241128],[-2.35852264508091,50.7377896891325],[-2.35858067212692,50.7377631261115],[-2.35867964871623,50.7376520076548],[-2.3588705498677,50.7375960118676]]]},"properties":{"OBJECTID":1119291,"LAYER":"EXTENT_OF_FEATURE","project":"Dorset Ridgeway","PERIOD":"POST MEDIEVAL","MONUMENT_TYPE":"CHALK PIT","EVIDENCE_1":"EARTHWORK","HE_UID":" NONE GIVEN","HE_URL1":"https://gisportal.historicengland.org.uk/portal/sharing/rest/content/items/b19ecdd0d5584fb8a772fc875f3b1333/data","HER_NO":"MDO20521"}},{"type":"Feature","id":1047277,"geometry":{"type":"Polygon","coordinates":[[[-2.37649038370836,50.7384441801429],[-2.37652932752723,50.7384767500904],[-2.37651669398246,50.7385094870725],[-2.37647817620728,50.7385300470748],[-2.37641374142009,50.7385343420456],[-2.37634279321751,50.7385304853976],[-2.37631039564344,50.7385101549996],[-2.37631010079396,50.7384733708551],[-2.3763291168391,50.7384324405675],[-2.37642568687903,50.7384157790022],[-2.37649038370836,50.7384441801429]]]},"properties":{"OBJECTID":1047277,"LAYER":"DITCH","project":"Dorset Ridgeway","PERIOD":"POST MEDIEVAL","MONUMENT_TYPE":"CHALK PIT","EVIDENCE_1":"EARTHWORK","HE_UID":" NONE GIVEN","HE_URL1":"https://gisportal.historicengland.org.uk/portal/sharing/rest/content/items/b19ecdd0d5584fb8a772fc875f3b1333/data","HER_NO":"MDO20496"}},{"type":"Feature","id":1110088,"geometry":{"type":"MultiPolygon","coordinates":[[[[-2.35926863522536,50.7295346378877],[-2.35952504409124,50.7294833620267],[-2.35955037788618,50.729485578635],[-2.35956488045441,50.7294901237142],[-2.35959385187203,50.7294946240307],[-2.35960112000259,50.7294991887882],[-2.35959034148774,50.7295084020147],[-2.3594134325782,50.7295502532414],[-2.35913201854824,50.729642911986],[-2.35899136444224,50.7296961245017],[-2.35883299772084,50.7297975805095],[-2.35858121838536,50.729981930851],[-2.35855249204934,50.730009557311],[-2.35854171460797,50.7300187677389],[-2.35850907459362,50.7300073962642],[-2.35858081542201,50.7299291558736],[-2.35880012986264,50.7297563761053],[-2.35905229165701,50.729622505357],[-2.35926863522536,50.7295346378877]]],[[[-2.35967451513754,50.729538499579],[-2.35969592584079,50.729533900039],[-2.35971026223271,50.7295383889594],[-2.35971033168963,50.7295474571146],[-2.35878780944377,50.7300955076713],[-2.35830734571323,50.7303803421201],[-2.35827520167629,50.7303849762878],[-2.35826430867449,50.7303623416389],[-2.35842068330534,50.73027385302],[-2.35885639909187,50.7300200915951],[-2.35919856346245,50.7298308696426],[-2.35961613213881,50.72957027833],[-2.35967451513754,50.729538499579]]]]},"properties":{"OBJECTID":1110088,"LAYER":"DITCH","project":"Dorset Ridgeway","PERIOD":"UNCERTAIN","MONUMENT_TYPE":"TRACKWAY","EVIDENCE_1":"CROPMARK","HE_UID":" NONE GIVEN","HE_URL1":"https://gisportal.historicengland.org.uk/portal/sharing/rest/content/items/b19ecdd0d5584fb8a772fc875f3b1333/data","HER_NO":"MDO20574"}},{"type":"Feature","id":1047369,"geometry":{"type":"Polygon","coordinates":[[[-2.37227772382754,50.7209132099685],[-2.37229535425804,50.7209041670204],[-2.3722954610964,50.7209176469385],[-2.37223543625181,50.7209380575666],[-2.3721154027975,50.7209811268897],[-2.37199529796229,50.7210152106792],[-2.37189277014283,50.7210335105993],[-2.37179371259748,50.7210428136996],[-2.37174062384617,50.7210452297317],[-2.37170876191043,50.7210453315207],[-2.37171228419215,50.7210430738579],[-2.37179365925066,50.7210360737389],[-2.37187501509115,50.7210268281136],[-2.37200225352903,50.7209994617703],[-2.37213296210039,50.7209630985513],[-2.37227772382754,50.7209132099685]]]},"properties":{"OBJECTID":1047369,"LAYER":"DITCH","project":"Dorset Ridgeway","PERIOD":"POST MEDIEVAL","MONUMENT_TYPE":"CHALK PIT","EVIDENCE_1":"EARTHWORK","HE_UID":" NONE GIVEN","HE_URL1":"https://gisportal.historicengland.org.uk/portal/sharing/rest/content/items/b19ecdd0d5584fb8a772fc875f3b1333/data","HER_NO":"MDO20566"}},{"type":"Feature","id":871846,"geometry":{"type":"Polygon","coordinates":[[[-2.3641656008943,50.7360090115131],[-2.36416266314082,50.7360035108171],[-2.36416545842801,50.7359906432288],[-2.36417696577658,50.7359795864778],[-2.3641972379349,50.7359786029978],[-2.36421609888009,50.7359812984016],[-2.36422627774024,50.7359867782056],[-2.36422925255739,50.7359968732148],[-2.36422500051567,50.7360088254039],[-2.36421201788817,50.7360162150144],[-2.36419174569301,50.7360171957993],[-2.3641656008943,50.7360090115131]]]},"properties":{"OBJECTID":871846,"LAYER":"BANK","project":"Dorset Ridgeway","PERIOD":"BRONZE AGE","MONUMENT_TYPE":"BARROW","EVIDENCE_1":"EARTHWORK","HE_UID":"455024","HE_URL1":"https://www.heritagegateway.org.uk/Gateway/Results_Single.aspx?uid=455024&resourceID=19191","HER_NO":"MDO2202"}},{"type":"Feature","id":875135,"geometry":{"type":"Polygon","coordinates":[[[-2.3704831069656,50.7240971015899],[-2.37054015989047,50.7240917471698],[-2.37061563734757,50.724095386205],[-2.37067692480343,50.7241094166719],[-2.37071170188346,50.7241235298042],[-2.3707343757751,50.724154492711],[-2.37075299431508,50.7241880557784],[-2.37074521612402,50.7242359278527],[-2.3707250882752,50.7242696126242],[-2.37068862824325,50.7243007649045],[-2.37063167712097,50.724319050775],[-2.37056037854629,50.7243283292421],[-2.37048078269022,50.7243195315162],[-2.37042969093454,50.7243054693786],[-2.37041127059862,50.7242964767531],[-2.37038454878498,50.7242694043832],[-2.37036599308142,50.7242436009721],[-2.37036174110402,50.7242216315217],[-2.37036558522082,50.7241918763723],[-2.37037954958342,50.7241530368069],[-2.37040378543351,50.7241232176193],[-2.37043424925561,50.7241076034615],[-2.3704831069656,50.7240971015899]]]},"properties":{"OBJECTID":875135,"LAYER":"BANK","project":"Dorset Ridgeway","PERIOD":"BRONZE AGE","MONUMENT_TYPE":"POND BARROW","EVIDENCE_1":"EARTHWORK","HE_UID":" NONE GIVEN","HE_URL1":"https://gisportal.historicengland.org.uk/portal/sharing/rest/content/items/b19ecdd0d5584fb8a772fc875f3b1333/data","HER_NO":"MDO20570"}},{"type":"Feature","id":964873,"geometry":{"type":"Polygon","coordinates":[[[-2.35773884032177,50.7262408012478],[-2.35773372114514,50.7262429887729],[-2.35772857716745,50.7262419200682],[-2.35771144770151,50.7262398001159],[-2.35769771607122,50.7262354988342],[-2.3576891024184,50.7262279218986],[-2.35767837611996,50.7261682226925],[-2.35766413885861,50.726096588205],[-2.35765535842177,50.7260672904841],[-2.35765183776937,50.726054271597],[-2.35765005734812,50.7260455881972],[-2.35766199455608,50.7260401197935],[-2.35767224114381,50.7260368310586],[-2.35768421568767,50.7260357078761],[-2.35768768816238,50.7260422133993],[-2.35769992736748,50.7260758422153],[-2.35773884032177,50.7262408012478]]]},"properties":{"OBJECTID":964873,"LAYER":"BANK","project":"Dorset Ridgeway","PERIOD":"UNCERTAIN","MONUMENT_TYPE":"FIELD SYSTEM\\PIT\\TRACKWAY","EVIDENCE_1":"EARTHWORK","HE_UID":" NONE GIVEN","HE_URL1":"https://gisportal.historicengland.org.uk/portal/sharing/rest/content/items/b19ecdd0d5584fb8a772fc875f3b1333/data","HER_NO":"MDO20575"}},{"type":"Feature","id":1055607,"geometry":{"type":"MultiPolygon","coordinates":[[[[-2.3527566344975,50.7344720144656],[-2.35283658343033,50.7344678716013],[-2.35294138310004,50.7344948717978],[-2.35295182528392,50.7345606729289],[-2.35293278753242,50.7346021606632],[-2.35286237263591,50.7346238987778],[-2.35276396413655,50.7346280976885],[-2.35272077282911,50.7346126217324],[-2.35267741837705,50.7345737235555],[-2.3526770079987,50.7345190871222],[-2.3527566344975,50.7344720144656]]],[[[-2.35461207938239,50.7341599891874],[-2.35467398059946,50.7341558677506],[-2.35475456595959,50.734167409605],[-2.35479193000207,50.7341947911062],[-2.35479851234425,50.7342458358473],[-2.35478026202552,50.7342890966647],[-2.35472461649469,50.7343010542949],[-2.35465030370074,50.7343012810701],[-2.354575884991,50.7342857931669],[-2.35455715849022,50.734266209074],[-2.35455066540666,50.7342269509375],[-2.35456894698455,50.734187617225],[-2.35461207938239,50.7341599891874]]],[[[-2.34663295494572,50.7344404979988],[-2.34667007180897,50.7344403872958],[-2.34669240237673,50.7344497361705],[-2.34669257623347,50.7344732824517],[-2.34669276165701,50.7344983952476],[-2.34668304197253,50.734521965644],[-2.34665836213623,50.7345314538401],[-2.34662869180508,50.7345331133771],[-2.34660639338794,50.7345300431812],[-2.34658404859573,50.7345206898361],[-2.34656899842374,50.7344924855692],[-2.34657133349049,50.7344736440443],[-2.34659097242791,50.7344516088286],[-2.34663295494572,50.7344404979988]]],[[[-2.34847258543398,50.735017278464],[-2.34850939379296,50.7350078074751],[-2.34853154531522,50.7350124218145],[-2.34855379061646,50.7350279504533],[-2.34855152602099,50.7350544635793],[-2.34854186110643,50.7350763298254],[-2.34852224934422,50.7350841836104],[-2.34849031591841,50.7350873998695],[-2.34847552127768,50.7350812032111],[-2.34847049580732,50.7350671822861],[-2.34846295254976,50.7350453739336],[-2.34847021808264,50.7350297612999],[-2.34847258543398,50.735017278464]]],[[[-2.35125229516859,50.7352045959508],[-2.35123271439277,50.7351898286611],[-2.35122102538985,50.7351898639828],[-2.35119368799288,50.7351800634775],[-2.35117789891748,50.7351529330845],[-2.35119712274046,50.7351182769266],[-2.35123986109275,50.7351033267177],[-2.35128271029947,50.7351031972239],[-2.35131019413618,50.7351327625837],[-2.35131043447432,50.7351648842082],[-2.35130674247744,50.7351920797608],[-2.35127567459868,50.7352045252957],[-2.35125229516859,50.7352045959508]]]]},"properties":{"OBJECTID":1055607,"LAYER":"DITCH","project":"Wild Purbeck","PERIOD":"POST MEDIEVAL","MONUMENT_TYPE":"EXTRACTIVE PIT","EVIDENCE_1":"EARTHWORK","HE_UID":" NONE GIVEN","HE_URL1":"https://gisportal.historicengland.org.uk/portal/sharing/rest/content/items/b19ecdd0d5584fb8a772fc875f3b1333/data","HER_NO":"MDO30478"}},{"type":"Feature","id":1082027,"geometry":{"type":"MultiPolygon","coordinates":[[[[-2.38601339357747,50.7251315622504],[-2.38608829664128,50.7251096606714],[-2.38619075026549,50.7251179825185],[-2.3862319166954,50.7251438317837],[-2.38623227293973,50.725187138944],[-2.38619843086215,50.7252218974692],[-2.3861097694346,50.7252308527825],[-2.38606191973778,50.725222349287],[-2.38600699513765,50.7251835536111],[-2.38600674590694,50.7251532379669],[-2.38601339357747,50.7251315622504]]],[[[-2.38338776063189,50.7262445993224],[-2.38346966979263,50.726244329276],[-2.38351080048583,50.7262658474609],[-2.38353145497803,50.7262874340583],[-2.38353180864875,50.7263307414117],[-2.38349106546214,50.7263568605194],[-2.38342967057371,50.7263613938916],[-2.38337492339607,50.7263442515074],[-2.38335416289641,50.7263096724057],[-2.38334019297076,50.7262707408748],[-2.38338776063189,50.7262445993224]]],[[[-2.38416088249674,50.7274812332806],[-2.38425268974228,50.7274663481236],[-2.38432171277292,50.7274758412796],[-2.3843218718733,50.7274952823249],[-2.38432211052051,50.7275244434431],[-2.38430698828399,50.7275487956051],[-2.38426126355765,50.7275781095028],[-2.38422296216405,50.7275782360513],[-2.38418461959056,50.7275735021056],[-2.38413829841479,50.7275299113595],[-2.38416088249674,50.7274812332806]]],[[[-2.38344581508478,50.7280352296847],[-2.38354375897758,50.7279933347053],[-2.38360945145632,50.7280139040252],[-2.38362059854074,50.7280415822166],[-2.38362076833563,50.7280623676533],[-2.38361018721593,50.7281039745505],[-2.38356656237767,50.7281110465116],[-2.38350103952328,50.7281112626059],[-2.38345730152281,50.7281044787672],[-2.38343523381562,50.7280768365674],[-2.38344581508478,50.7280352296847]]]]},"properties":{"OBJECTID":1082027,"LAYER":"DITCH","project":"Dorset Ridgeway","PERIOD":"POST MEDIEVAL\\UNCERTAIN","MONUMENT_TYPE":"CHALK PIT\\NATURAL FEATURE","EVIDENCE_1":"EARTHWORK","HE_UID":" NONE GIVEN","HE_URL1":"https://gisportal.historicengland.org.uk/portal/sharing/rest/content/items/b19ecdd0d5584fb8a772fc875f3b1333/data","HER_NO":"MDO20495"}},{"type":"Feature","id":1077974,"geometry":{"type":"MultiPolygon","coordinates":[[[[-2.36825214189493,50.7111735723564],[-2.36822085635947,50.7110878514808],[-2.36820809985883,50.7110878917798],[-2.3681876911573,50.7110879562498],[-2.36792521734095,50.7111260286517],[-2.36790480573431,50.711126093269],[-2.36789969299318,50.7111244907397],[-2.36789710280427,50.7111196409979],[-2.36791491012175,50.7111131070719],[-2.36819523060597,50.7110733604104],[-2.3683914002169,50.7110387367812],[-2.36840673423719,50.7110419266427],[-2.3684144625906,50.7110516171958],[-2.36848698487959,50.7111906413867],[-2.36847684540455,50.7111987697082],[-2.36847174250902,50.7111987858405],[-2.36844615469663,50.7111891517502],[-2.36838914142421,50.7110759860281],[-2.36837886233255,50.7110663026357],[-2.36835078592345,50.7110647726536],[-2.36829469938587,50.7110698078275],[-2.36825395812587,50.7110796515346],[-2.36825399619285,50.7110845093547],[-2.36827793269215,50.7112091142642],[-2.36827032980894,50.7112156149409],[-2.36825757468966,50.711215655242],[-2.36825496050598,50.7112075672343],[-2.36825214189493,50.7111735723564]]],[[[-2.36761626199111,50.7111616333269],[-2.36761846605954,50.7111529761264],[-2.36755025905555,50.7111459822834],[-2.36731611131212,50.7111250956388],[-2.36726385159941,50.7111238192429],[-2.36724115679804,50.7111267740689],[-2.36659318595422,50.7113494199735],[-2.36657730765051,50.7113523531681],[-2.36657048117295,50.7113509331454],[-2.36657042494344,50.7113437246492],[-2.36674490473018,50.7112869427479],[-2.36721613393226,50.7111225275727],[-2.36722288294721,50.7111138551195],[-2.36721377207202,50.7111110007976],[-2.36712747442365,50.7111141565498],[-2.36690259121822,50.7111163082838],[-2.3667526287628,50.711112456958],[-2.36659581738371,50.7111043005804],[-2.36657086348431,50.7111087048562],[-2.366564070775,50.7111116093912],[-2.36649905917815,50.7112228357373],[-2.36648776794611,50.711231521573],[-2.36647637694503,50.7112272328289],[-2.3665548728001,50.7110972201555],[-2.36655711079315,50.7110928875327],[-2.36657526074223,50.7110899471754],[-2.36683663502253,50.7111064247069],[-2.36697068408051,50.7111088846191],[-2.36708423266705,50.7111042004576],[-2.3672137157373,50.7111037914024],[-2.36745009280321,50.7111189040853],[-2.36764336348242,50.7111413622319],[-2.36778662232409,50.7111596527727],[-2.36789142546108,50.7111982511407],[-2.36811456490493,50.7112638698552],[-2.36818283833461,50.7112795140035],[-2.36818970013764,50.7112852594453],[-2.36818973402718,50.7112895849016],[-2.36818748488757,50.7112924760153],[-2.3681738417677,50.7112910775583],[-2.3681465371795,50.7112853957894],[-2.36786648150256,50.7112040972172],[-2.36776855141416,50.7111726866507],[-2.3676798324828,50.711157107562],[-2.36766621476932,50.7111585921984],[-2.36765720678884,50.7111687133784],[-2.36764589465283,50.711174517182],[-2.36763004889611,50.7111817759812],[-2.36666658907499,50.7114400234511],[-2.36664161250377,50.7114415438043],[-2.36664156750988,50.7114357768276],[-2.36664606459588,50.7114299955216],[-2.36665287984011,50.7114299740205],[-2.36754378214467,50.7111892575078],[-2.36760498227094,50.711171762588],[-2.36761626199111,50.7111616333269]]],[[[-2.3692722493258,50.7114243712938],[-2.36899460947228,50.7113081601236],[-2.36892759375318,50.7112801095394],[-2.36884796647586,50.7112662301923],[-2.36880974985374,50.7112602944423],[-2.36880342097201,50.711264352259],[-2.36882946816839,50.7113409833552],[-2.36883592523862,50.7113530762921],[-2.36887412467676,50.7113569931903],[-2.36898878642384,50.7113768173889],[-2.36902379045545,50.7113787254586],[-2.36903975746205,50.7113867504818],[-2.36902386972387,50.7113888196819],[-2.36898883398033,50.7113828739231],[-2.36891879705078,50.7113750200536],[-2.36886785775184,50.7113691254957],[-2.3688488062666,50.7113732226806],[-2.36886488274545,50.7113953787485],[-2.36886819051623,50.711411518541],[-2.36887460006467,50.7114175549403],[-2.36888097791975,50.7114195536495],[-2.36891912986867,50.7114174139965],[-2.36911979728524,50.7114531169478],[-2.36917071943811,50.7114569934508],[-2.36918347518491,50.7114609908351],[-2.36917081459163,50.711469105618],[-2.36896702946053,50.7114414873082],[-2.36891927250415,50.7114355827005],[-2.36890025127673,50.7114437175888],[-2.36890039391204,50.7114618871923],[-2.36892604657941,50.7114880498291],[-2.36891667788666,50.7115102864302],[-2.36889754569743,50.7115042903045],[-2.36884924993663,50.711429747641],[-2.36870369552757,50.7111213333978],[-2.36867100163259,50.7110083849647],[-2.36863504773955,50.7108853514484],[-2.3685675261918,50.7107927002666],[-2.36856423582701,50.7107785801993],[-2.36857694241776,50.7107765211262],[-2.36858966484191,50.7107764808972],[-2.36859607284317,50.7107825164219],[-2.3686538931658,50.7108550102127],[-2.36866041346594,50.7108751776466],[-2.36868650772263,50.7109578653311],[-2.36869302805154,50.7109780327619],[-2.36872170292073,50.7109839987424],[-2.36879485682984,50.7109837673064],[-2.36887117728156,50.7109815069083],[-2.3688997859506,50.7109793974732],[-2.36890936056913,50.7109834049604],[-2.3689062429814,50.7109914895088],[-2.36879180259579,50.7109999272331],[-2.36873453628072,50.7109980895134],[-2.36870910573527,50.7110001888553],[-2.36870915324769,50.711006244492],[-2.36873466300111,50.7110142393762],[-2.36884620767372,50.7110421500847],[-2.36903114430811,50.7111001090667],[-2.36904711262942,50.7111081331888],[-2.36905038732379,50.7111202361897],[-2.3690376648064,50.7111202764721],[-2.36896751448082,50.7110982916129],[-2.36873478972162,50.7110303892389],[-2.36872201970712,50.7110243729502],[-2.36870295110102,50.7110264521657],[-2.36878068158024,50.711203860051],[-2.36879041182984,50.7112280551073],[-2.3687967738116,50.711228034977],[-2.36880004844248,50.7112401370874],[-2.36883826503977,50.7112460719419],[-2.36890833487544,50.7112579635522],[-2.36898164914045,50.7112779195286],[-2.36902632148693,50.7112959472514],[-2.36906456845301,50.7113059197229],[-2.36908366886949,50.7113078781342],[-2.36923317597348,50.7113094234907],[-2.36932870842412,50.7113232521696],[-2.36941803621903,50.711357288479],[-2.36953293774113,50.7114073938888],[-2.36962872455247,50.7114535229117],[-2.36964787127174,50.7114615368639],[-2.36964795067567,50.7114716310821],[-2.36963522806312,50.7114716714328],[-2.36957455643391,50.7114415813263],[-2.36938629253427,50.7113654646666],[-2.36929065033979,50.7113375041242],[-2.36917288685926,50.7113277836222],[-2.36914107971625,50.7113278843659],[-2.36910613914712,50.7113340517085],[-2.36910618671173,50.7113401073429],[-2.36927531786137,50.7114102293099],[-2.36952743297219,50.7115164262315],[-2.36954979247108,50.7115284687004],[-2.36955302252156,50.7115345142414],[-2.36955305427498,50.711538551929],[-2.3692722493258,50.7114243712938]]],[[[-2.36642780627622,50.7115819212387],[-2.36633403589979,50.7113795097867],[-2.36632086572305,50.7113795513003],[-2.36628471324147,50.7113880241083],[-2.36593355461472,50.7115354144249],[-2.36591379857505,50.7115354766293],[-2.36592031930063,50.7115270963395],[-2.36593671592976,50.7115186867517],[-2.36624187723692,50.7113839801275],[-2.36630754894673,50.7113607856151],[-2.36631734477417,50.7113503059394],[-2.36630722316738,50.7113189914434],[-2.36627343382845,50.7112083410221],[-2.36625038645697,50.7112084136565],[-2.36621757583286,50.7112231448325],[-2.36576435113071,50.7113708553253],[-2.36532421114741,50.7115080741212],[-2.36531762674845,50.711508094819],[-2.36531430135518,50.7115039262919],[-2.36534052805596,50.7114892151693],[-2.36580038841657,50.7113477552615],[-2.36609596621679,50.7112506953982],[-2.36624372207966,50.7111979849595],[-2.3662568256442,50.7111895848045],[-2.36626337742121,50.7111853842768],[-2.36627325465895,50.7111853531479],[-2.36628971908231,50.711185301257],[-2.3662898005298,50.7111957506995],[-2.3664608629322,50.711598534727],[-2.36644441607731,50.7116006765263],[-2.36642780627622,50.7115819212387]]],[[[-2.3684789976255,50.711327301357],[-2.36833022025434,50.7113129711844],[-2.36824268418229,50.7113021470056],[-2.36822808151495,50.7112984916823],[-2.36823092376792,50.711289232652],[-2.3682600870076,50.7112909912406],[-2.36832428786216,50.7113000384231],[-2.3683330334766,50.7113000107851],[-2.36831391964901,50.7110928569326],[-2.36832557994431,50.7110928200861],[-2.36835346702065,50.7113036458685],[-2.36835931099319,50.7113054781283],[-2.36842059715313,50.7113145344683],[-2.36861302726618,50.7113194764255],[-2.36861882771397,50.711315758421],[-2.36862464408023,50.7113138892963],[-2.36863035744988,50.7112990707894],[-2.36863025585599,50.7112861196044],[-2.36862123451874,50.7112509968739],[-2.36850533187811,50.7109682926285],[-2.36849644408851,50.7109498197286],[-2.36849931527716,50.7109442602621],[-2.3685109886242,50.710946073187],[-2.36862976243324,50.7112232179591],[-2.36865077651231,50.7113008569353],[-2.36864509075463,50.7113193750152],[-2.36864807948147,50.7113286174086],[-2.36866561284663,50.7113341123384],[-2.36869607680865,50.7113612058616],[-2.36870603193759,50.7114118976517],[-2.36878063681649,50.7115533385926],[-2.36883898002909,50.7115795111124],[-2.36891770310415,50.711610748613],[-2.36893899272873,50.7116239996308],[-2.36892764934934,50.7116254528127],[-2.368911601712,50.7116244847213],[-2.36878699842005,50.7115723949982],[-2.36875851396727,50.7115593366804],[-2.36869250006143,50.7114172831127],[-2.368674576185,50.711361835928],[-2.36864526491485,50.7113415760185],[-2.36860437013501,50.7113306045821],[-2.3684789976255,50.711327301357]]],[[[-2.36992882020659,50.711594401434],[-2.36991188292169,50.7115890927605],[-2.36990627842562,50.7115926852047],[-2.36990670049667,50.7116463028017],[-2.36990702408723,50.7116874098656],[-2.36990149133735,50.7116999382717],[-2.36989301493597,50.7116963905194],[-2.36989238185239,50.7116159641235],[-2.36988943962766,50.7115998879602],[-2.36987518993651,50.7115784861492],[-2.36984689034929,50.7115607026793],[-2.36981570343581,50.7115339921734],[-2.3696928310819,50.7113073944657],[-2.36970118085665,50.7112948580322],[-2.36972090688745,50.7112965823385],[-2.36973224097829,50.7113054825758],[-2.36974660160728,50.711341182683],[-2.3698179578321,50.7114624927989],[-2.369852282426,50.7115303014424],[-2.36987216472183,50.7115516853816],[-2.36993991521416,50.7115729182825],[-2.37007251914473,50.7116046682941],[-2.37028991278996,50.7116754699852],[-2.37046492624509,50.7117285327048],[-2.37049595723658,50.7117355833676],[-2.37049325435358,50.7117498905774],[-2.37048480608129,50.7117499174347],[-2.37025056035782,50.7116845320988],[-2.36999371437104,50.7116102809342],[-2.36992882020659,50.711594401434]]],[[[-2.36979766649049,50.7117467373888],[-2.36976385934054,50.711745057779],[-2.3697469627963,50.7117451113872],[-2.36959754932261,50.7117241373917],[-2.36929297352918,50.7116679102002],[-2.36926757398358,50.7116608404678],[-2.36925908359648,50.7116555058331],[-2.36931493941815,50.7115963483516],[-2.36932334551953,50.7115909592783],[-2.3693260908976,50.7115820143852],[-2.36904405806848,50.7115275019443],[-2.36899897464351,50.711524070034],[-2.36897920785426,50.7115169833001],[-2.36898196874069,50.7115098252434],[-2.36899040010068,50.7115080107712],[-2.369252636405,50.7115518629981],[-2.36934573275016,50.7115730150473],[-2.36935140753048,50.7115783594984],[-2.36935146372228,50.7115855086344],[-2.36929557845206,50.7116410915678],[-2.3692815551546,50.7116482853172],[-2.36929570486816,50.711657177574],[-2.36963971754033,50.7117150674621],[-2.36973843156317,50.7117344144855],[-2.36977785446346,50.7117342894064],[-2.3698116756753,50.7117377567454],[-2.36985404080563,50.7117537087048],[-2.36987100768206,50.7117625901481],[-2.36986821878187,50.7117661736551],[-2.36984566285644,50.7117626705832],[-2.36981741943889,50.7117520371426],[-2.36979766649049,50.7117467373888]]],[[[-2.36664113474112,50.7121017270254],[-2.3665129831578,50.7118057725982],[-2.36649645782828,50.7118100288726],[-2.36644358827756,50.7118249087975],[-2.36638402903694,50.7118314014685],[-2.36625824010457,50.7118381037495],[-2.36626151868058,50.7118338892571],[-2.36628137176943,50.7118317250577],[-2.3663905712027,50.7118208717927],[-2.36646334300757,50.7118101332967],[-2.36650298356836,50.7117973967127],[-2.36651285202319,50.7117889590698],[-2.36650611459681,50.7117742671063],[-2.36646899864756,50.7116861075815],[-2.36644583429011,50.7116882813545],[-2.36639625980724,50.7117010492382],[-2.3662640437138,50.7117329931512],[-2.3661813052223,50.7117395596661],[-2.36610513742185,50.7117397996333],[-2.36610510467648,50.7117355964758],[-2.36611831868056,50.7117313506886],[-2.36620105858295,50.7117247842139],[-2.36630030740423,50.7117118607568],[-2.36645237501296,50.7116777525789],[-2.36646224486119,50.7116693140364],[-2.36646217929975,50.7116609068224],[-2.36644868672272,50.7116294222133],[-2.3664552765946,50.7116251972743],[-2.36646519560446,50.7116230643671],[-2.36647847510845,50.7116272257532],[-2.36648524528413,50.7116461208761],[-2.36651224549658,50.7117111925661],[-2.36655262229207,50.7117930369011],[-2.36668098729294,50.7121163145029],[-2.36667110240174,50.7121226505812],[-2.36666116831457,50.7121226819231],[-2.36664113474112,50.7121017270254]]],[[[-2.37067604256384,50.7120745974346],[-2.37072609660141,50.7119940098535],[-2.37072604019776,50.7119868607257],[-2.37072035111286,50.7119797295166],[-2.37063526604524,50.7119031464465],[-2.37061824257119,50.7118871141943],[-2.37060416302028,50.7118871589696],[-2.37059577111372,50.7118943358636],[-2.37059021033371,50.7119032897322],[-2.37056573929244,50.7120141800225],[-2.37055175835911,50.7120267353183],[-2.37054605662179,50.7120178172629],[-2.37054597205771,50.7120070935698],[-2.37055660035672,50.7119266314086],[-2.37057304593232,50.7118693855503],[-2.37057300365093,50.7118640241533],[-2.37055885363121,50.7118551320622],[-2.37053060857923,50.7118444988064],[-2.37047699190417,50.7118303706484],[-2.37046854361726,50.711830397505],[-2.37046292645737,50.7118322022388],[-2.37046303918329,50.7118465004976],[-2.37041613860519,50.7119699729064],[-2.37040770438512,50.7119717874915],[-2.37039920255168,50.7119646652053],[-2.37040752123589,50.7119485532699],[-2.37044034228316,50.7118251256191],[-2.37043749706411,50.7118215600086],[-2.37040369266324,50.7118198796787],[-2.37031922673324,50.7118219358868],[-2.3702911099187,50.7118273867603],[-2.3702939959598,50.7118363137773],[-2.37029408046534,50.7118470374729],[-2.37028906890133,50.7119256940009],[-2.370289153406,50.7119364176964],[-2.37027791622071,50.7119400280559],[-2.37027788805334,50.7119364534908],[-2.37027781763848,50.7119275175274],[-2.37027763455435,50.7119042833034],[-2.37027722613241,50.7118524525574],[-2.3702770571362,50.7118310060653],[-2.37027698672176,50.7118220701018],[-2.37026571014268,50.7118203181528],[-2.37020375793866,50.7118205149684],[-2.37015870230487,50.7118206580847],[-2.37014463685537,50.7118224905363],[-2.37014470724441,50.7118314265007],[-2.37014767631325,50.7118510772236],[-2.37015688485641,50.7119475618611],[-2.37014845063019,50.7119493764277],[-2.3701455941763,50.7119440230683],[-2.37014269265849,50.7119333083191],[-2.3701367235276,50.7118904323171],[-2.37012216534093,50.7118297103174],[-2.37010517023119,50.7118172534481],[-2.37009109070058,50.7118172981608],[-2.36999231864997,50.7117908023194],[-2.36991607733437,50.7117642348777],[-2.36986520763681,50.7117411615206],[-2.3698227693545,50.7117162736071],[-2.36982268496497,50.7117055508066],[-2.36982260056841,50.7116948271068],[-2.36983655629188,50.7116786964196],[-2.36983637343661,50.7116554630856],[-2.3697848541003,50.7115501755604],[-2.36964518529521,50.7113361428364],[-2.36964228393107,50.7113254280685],[-2.36964504470428,50.7113182699997],[-2.36966482557313,50.7113271443536],[-2.36969343569901,50.7113842472108],[-2.36975617485503,50.711484135863],[-2.36981611133237,50.7115858220418],[-2.36984752335305,50.7116411290789],[-2.36985330931376,50.7116607708747],[-2.36985354845368,50.7116911542406],[-2.36984798755482,50.7117001080781],[-2.36986498255304,50.7117125649889],[-2.36991585222626,50.7117356392464],[-2.3699893215056,50.711767577024],[-2.37009936864792,50.7117958239415],[-2.37021490778817,50.7118061818287],[-2.37035004788201,50.711802176895],[-2.37044013093182,50.7117983159335],[-2.37050781299841,50.7118106125162],[-2.37060666711994,50.7118478307121],[-2.37069464100278,50.7119333417032],[-2.37077691058895,50.7120099336828],[-2.37082493718535,50.712029441012],[-2.37085318384,50.7120400750849],[-2.37084757794637,50.712043667578],[-2.37083349834849,50.7120437123825],[-2.37080806874811,50.7120330693411],[-2.37075721241479,50.7120117832313],[-2.37075153884381,50.712006439751],[-2.37074309052522,50.7120064666286],[-2.37073752976739,50.7120154214028],[-2.37066514515164,50.7121211016955],[-2.37064836124956,50.7121354527956],[-2.3706399411099,50.7121390551298],[-2.37063146739798,50.7121355065278],[-2.37063981423437,50.7121229700413],[-2.37067604256384,50.7120745974346]]],[[[-2.36489851179293,50.7121865726293],[-2.36489846529394,50.7121805844333],[-2.36490782967894,50.7121715720677],[-2.36493615817769,50.7121744777361],[-2.36521918734834,50.712170594018],[-2.36529936201855,50.7121673474147],[-2.3652850457753,50.712146433666],[-2.36524642208838,50.7120327756596],[-2.36523203609467,50.7120028791602],[-2.36524623591622,50.7120088228759],[-2.36526524659298,50.712026728154],[-2.36529678269275,50.7121248768728],[-2.36532027409689,50.712164737602],[-2.36533020961076,50.7121647063698],[-2.3653699474171,50.7121645814461],[-2.36560843039002,50.7121701372324],[-2.36564487460229,50.7121721242064],[-2.36564480918589,50.7121637169923],[-2.36560051443782,50.712004117161],[-2.36560710586188,50.7119998931647],[-2.36561712168633,50.7120103707059],[-2.36566131836424,50.7121573592596],[-2.3656647442161,50.7121720616904],[-2.36568461382984,50.712171999171],[-2.36584353518209,50.7121672957452],[-2.36620438346901,50.7121514460506],[-2.36651229462452,50.7121420679871],[-2.36660164152469,50.7121333787621],[-2.36661159201676,50.712135449903],[-2.36661164120344,50.7121417546385],[-2.36660126416189,50.7121452828953],[-2.36618625993083,50.7121645562859],[-2.36572408041724,50.712183977564],[-2.36547874544154,50.7121817547318],[-2.36518153962366,50.7121826890069],[-2.36489851179293,50.7121865726293]]],[[[-2.36901767867435,50.7123964610818],[-2.369002433543,50.7123932899197],[-2.36892643824187,50.7124064101078],[-2.36873879553238,50.7124150535446],[-2.36863733406508,50.7124153745706],[-2.36862717628234,50.7124137969848],[-2.36861952846556,50.7124089911181],[-2.36863474832106,50.7124089429703],[-2.36891622847879,50.7123983929328],[-2.36897956725912,50.712388532269],[-2.36899728582836,50.712383647002],[-2.36900483111936,50.7123755727103],[-2.36896853585033,50.7122758733119],[-2.36895828676219,50.7122630253056],[-2.36853733462369,50.7122788466625],[-2.3685145442045,50.7122837496981],[-2.36850442431662,50.7122870002429],[-2.36828515717913,50.712468005536],[-2.36827252583337,50.7124744852399],[-2.3672584418982,50.7125469188514],[-2.36724069788154,50.7125485846432],[-2.36723556307964,50.7125405513647],[-2.3672405972297,50.7125357053952],[-2.36821921983835,50.7124698245388],[-2.36825470623013,50.7124664920546],[-2.36826228952179,50.7124632486472],[-2.36847403518685,50.7122935370209],[-2.36848916521694,50.7122822193352],[-2.36847394681892,50.7122822674582],[-2.36836999948272,50.712289035885],[-2.36812657919123,50.7123010749779],[-2.367703240234,50.7123362217052],[-2.36727472492587,50.712358505761],[-2.36725186994771,50.7123553585433],[-2.36725435768286,50.7123489108988],[-2.36735653604527,50.7123451598907],[-2.36779517114833,50.7123196231673],[-2.36811203683536,50.7122928627802],[-2.36843912536976,50.7122757300454],[-2.36879920112207,50.7122601017247],[-2.36892597803554,50.7122532606439],[-2.36895386695478,50.7122515626255],[-2.3689589149381,50.7122483263032],[-2.36890190977374,50.7120955644874],[-2.36889928609439,50.7120843029537],[-2.36889416087573,50.7120778793983],[-2.36888146653371,50.7120763098622],[-2.36830617730248,50.7121425264188],[-2.3681895975655,50.7121557743838],[-2.36810084501971,50.7121592742121],[-2.36808558741238,50.7121544923449],[-2.36809570729387,50.7121512409371],[-2.36819966839248,50.7121460824402],[-2.36886872022707,50.7120683007093],[-2.36888392733475,50.7120666428525],[-2.36889153720633,50.7120666187634],[-2.36885529154057,50.7119733571343],[-2.36884760586865,50.71196372224],[-2.36883994546887,50.7119573067055],[-2.36867266206629,50.7119739350436],[-2.36841160075715,50.7120005197721],[-2.36835583579406,50.712005525215],[-2.36834822593201,50.7120055492687],[-2.36834311483866,50.7120007362618],[-2.36838870948831,50.7119925426351],[-2.3688119696962,50.7119477360253],[-2.36883223594364,50.7119444515457],[-2.36883725863351,50.7119379958689],[-2.3688192117039,50.7119010249237],[-2.36871392772839,50.7117371459169],[-2.36870621685835,50.7117242907504],[-2.36869855651756,50.7117178752043],[-2.36868329899412,50.7117130934122],[-2.36837399598753,50.7117333908351],[-2.36827258505111,50.7117401511216],[-2.3682624133902,50.7117369629227],[-2.36825477834365,50.7117337676069],[-2.36825727851612,50.7117289296447],[-2.36866293038024,50.7117034986249],[-2.36869335558429,50.7117017926553],[-2.36871368772291,50.711706557492],[-2.36878307022684,50.7118206433918],[-2.36886018928075,50.7119508028516],[-2.36899720321685,50.7122787933438],[-2.36912401067471,50.7125987673326],[-2.36912407390471,50.7126068166303],[-2.36912157376867,50.7126116537096],[-2.36910889191757,50.7126116938833],[-2.36909594452223,50.7125779271845],[-2.36908235635535,50.7125572489055],[-2.36901771660387,50.7124012910206],[-2.36901767867435,50.7123964610818]]],[[[-2.36682135693353,50.7125398216858],[-2.36680708663539,50.7125248954225],[-2.36676934697914,50.7125250145301],[-2.36673629893778,50.7125221250995],[-2.36673622883375,50.7125131423585],[-2.36679284113661,50.7125129636996],[-2.36681640540135,50.7125098956055],[-2.36676808505443,50.7123633323837],[-2.36674435729284,50.7123454422371],[-2.36672548612033,50.7123455017865],[-2.36670189857093,50.7123455762146],[-2.36666425251368,50.712357672576],[-2.36664549813722,50.7123727021491],[-2.36662198064877,50.7123817584032],[-2.3665040413921,50.7123821303957],[-2.36648040570654,50.7123762165888],[-2.3664803356588,50.7123672347465],[-2.36657940511331,50.7123669222995],[-2.36661240348577,50.7123638235893],[-2.36665002904334,50.7123487344872],[-2.3666782161531,50.7123336742533],[-2.36670178175194,50.7123306061779],[-2.36672527582289,50.7123185544617],[-2.36666261716094,50.712148083966],[-2.36666726342804,50.7121390863443],[-2.36669559201378,50.7121419915849],[-2.36692164103072,50.7126952028967],[-2.36693128709819,50.7127221195294],[-2.36693138061595,50.7127340959173],[-2.36691253408589,50.7127371500396],[-2.36689835720796,50.7127342001761],[-2.36682135693353,50.7125398216858]]],[[[-2.37058457230266,50.7122357684569],[-2.37053932181598,50.7121884418477],[-2.37052178257605,50.7121774211356],[-2.37051683597772,50.7121821841839],[-2.3705119599861,50.712196440749],[-2.37047233411836,50.7122297952785],[-2.37029635859442,50.7123616905574],[-2.37027404442557,50.712377584369],[-2.37026908389288,50.7123807647123],[-2.3702665662227,50.7123776081314],[-2.37026899662084,50.7123696894062],[-2.37033837907186,50.7123156683493],[-2.37049205419632,50.7122012504592],[-2.37050186290687,50.7121806490507],[-2.3705067763242,50.7121711387881],[-2.37049669173849,50.7121569306885],[-2.37040629096934,50.7120749353744],[-2.3703812223485,50.7120576094091],[-2.37036375802846,50.7120560830739],[-2.37035629234451,50.7120576886416],[-2.37035134290925,50.7120624516921],[-2.37027964126709,50.7121386321832],[-2.37008155357197,50.712311737863],[-2.37006174454246,50.7123292055204],[-2.37005677154319,50.7123308040536],[-2.37005177219908,50.7123292371896],[-2.37005173482102,50.7123244908859],[-2.37005665939332,50.7123165633441],[-2.37015322803632,50.712232392084],[-2.37024238191905,50.7121561562137],[-2.37029685623276,50.7121085126137],[-2.37034873795374,50.7120482189073],[-2.37033124869137,50.7120435271662],[-2.37030629234035,50.7120404418905],[-2.37022153970363,50.712042293015],[-2.37011436082864,50.7120457980464],[-2.37008199006833,50.7120506481735],[-2.3700770406057,50.7120554112134],[-2.3700449674701,50.7120982362625],[-2.36997582028741,50.7121823203749],[-2.36992375250477,50.7122188797119],[-2.36983674201253,50.71225080351],[-2.36969243030133,50.7122876554749],[-2.36949558547545,50.7123025208794],[-2.36943824417598,50.7123027026871],[-2.36943073968218,50.7122995609971],[-2.36943567821717,50.712293216175],[-2.36947055722092,50.7122899410086],[-2.36957274841745,50.7122864523693],[-2.36964251741689,50.7122814837516],[-2.36971225047416,50.7122717687832],[-2.36985903134849,50.7122317434776],[-2.36992366530828,50.7122078035033],[-2.36997077254743,50.7121744244973],[-2.37003241523481,50.7120871996358],[-2.37006207042248,50.7120538760128],[-2.3700645132961,50.7120475390924],[-2.37005951398221,50.7120459722276],[-2.36998968308625,50.7120430293758],[-2.36982491414814,50.7120150702536],[-2.3697101714296,50.7120075224288],[-2.36966782554461,50.7120124040872],[-2.36963795850202,50.7120188279911],[-2.36943397393711,50.7120764391208],[-2.36926740881263,50.7121370968219],[-2.36925995410538,50.7121402859266],[-2.36924998180156,50.7121403175258],[-2.3692524247832,50.7121339797193],[-2.36926978962587,50.7121228482042],[-2.36948115463279,50.7120525547198],[-2.36966028374456,50.7120045161053],[-2.36970761505161,50.7119996186337],[-2.36980489488335,50.7120056400371],[-2.36995966657439,50.7120304654465],[-2.37000211070513,50.7120382425962],[-2.37004947939429,50.712038092189],[-2.37005943921818,50.7120364787206],[-2.370064401145,50.7120332983823],[-2.37006437621625,50.7120301329807],[-2.37006425160798,50.712014310469],[-2.37005097666177,50.7119114996771],[-2.37002831374915,50.7118830895043],[-2.37000334645798,50.7118784214548],[-2.36996097580712,50.7118801387122],[-2.36981652553014,50.7118995855841],[-2.36970448743485,50.7119189285611],[-2.36956016278884,50.7119541985356],[-2.369458218306,50.7119893339859],[-2.36941845502586,50.7120052829566],[-2.36931643712052,50.7120309238737],[-2.36929403715136,50.7120357421847],[-2.36928903786449,50.712034175286],[-2.36929646769038,50.7120278225751],[-2.36932632234702,50.7120198160553],[-2.36939104335774,50.7120069525898],[-2.36944823359133,50.7119877828995],[-2.36952033453305,50.7119622367383],[-2.36963223730836,50.7119254878099],[-2.36973182434972,50.7119077662458],[-2.36983888943273,50.711890019968],[-2.36996591138585,50.7118737929809],[-2.36998085800851,50.7118721636888],[-2.36997586013965,50.7118705977145],[-2.36992840300056,50.7118596709819],[-2.36984870875702,50.7118385272524],[-2.36968348900589,50.7118228346776],[-2.36953598566526,50.7118108285124],[-2.36948881690412,50.7118109780701],[-2.36947705413469,50.7118147572868],[-2.36946531937407,50.7118222792365],[-2.36946536840737,50.7118285156203],[-2.36946169314686,50.7118609608735],[-2.36944994998219,50.7118672355408],[-2.36943624097455,50.7118735164388],[-2.36909433272757,50.7118833309716],[-2.36908843520666,50.7118833496498],[-2.36909232770052,50.7118783480892],[-2.36910214427138,50.7118770696902],[-2.36939689344963,50.7118686510361],[-2.36942635717649,50.711866062125],[-2.36944793510454,50.7118610044897],[-2.36944984210628,50.7118535145969],[-2.36945555186392,50.7118297949485],[-2.36945343052667,50.711809842949],[-2.36943767723751,50.7118061500659],[-2.36941801331136,50.7118049650919],[-2.36928820120574,50.7117929025291],[-2.36913280814775,50.7117771780242],[-2.36911310504543,50.7117710029904],[-2.36908353500248,50.7117598699692],[-2.36905391741188,50.7117425005495],[-2.36905187320601,50.7117325276579],[-2.36906370597684,50.7117374794194],[-2.36907952637112,50.7117499032996],[-2.36912091656795,50.7117647417084],[-2.36915437767776,50.7117708722626],[-2.36925667507231,50.7117830230599],[-2.36939435048843,50.7117950607351],[-2.36948285073572,50.7118022649313],[-2.3695831347993,50.7118081834831],[-2.36973260398796,50.711820184251],[-2.36984471817251,50.7118310551723],[-2.3699096832556,50.7118445702656],[-2.37001404506551,50.7118691878078],[-2.37004163133137,50.7118778322682],[-2.37005351053056,50.7118890212135],[-2.370067563293,50.7119263994074],[-2.37007591644655,50.7119887445433],[-2.37007626028988,50.7120324037042],[-2.37008221393591,50.7120398686411],[-2.37009204316935,50.7120398374257],[-2.37018045554711,50.7120358146892],[-2.37020599605968,50.712034486248],[-2.37020794083655,50.7120319854554],[-2.3702079113496,50.7120282427282],[-2.37019098992468,50.7118761106106],[-2.37019290662652,50.7118698670865],[-2.37020277230412,50.7118748258754],[-2.37020280178341,50.7118785677035],[-2.37022166944014,50.7120281990207],[-2.37023545843613,50.7120318980342],[-2.37025314538771,50.7120318418407],[-2.37031209820053,50.7120304072144],[-2.37031991101397,50.7120241449525],[-2.37035202556451,50.7118593821695],[-2.37035200590367,50.7118568876177],[-2.37035790058776,50.7118568688847],[-2.37036581168101,50.7118630802788],[-2.37036000406975,50.7118743262982],[-2.37033371826017,50.7120303385105],[-2.37035342162609,50.7120365124293],[-2.37036722746409,50.7120427059875],[-2.37038892618819,50.712052616379],[-2.37040471754689,50.7120612982358],[-2.37041061225682,50.7120612794992],[-2.37042037266107,50.7120525164263],[-2.37044762191887,50.7120187489209],[-2.37051140716208,50.7118825770887],[-2.37051523907058,50.7118700909365],[-2.37052508793782,50.7118725542373],[-2.37052511744301,50.7118762960644],[-2.37052128412035,50.7118887822213],[-2.37044004654926,50.7120549485025],[-2.37042834138199,50.7120662123729],[-2.37042444060016,50.7120699666934],[-2.37046010114448,50.7121060288344],[-2.37049966535884,50.7121383366305],[-2.37050949319629,50.7121383053837],[-2.37051537949732,50.7121370393614],[-2.37054466485759,50.7121119974084],[-2.37059136170347,50.7120519727887],[-2.37063415625425,50.711995702485],[-2.3706400931411,50.7120006728304],[-2.37063619097261,50.7120044280611],[-2.37062652199929,50.712024417521],[-2.37054866258175,50.7121207167443],[-2.37052717318516,50.7121370018627],[-2.3705193687924,50.7121445105189],[-2.37051940813951,50.7121495005208],[-2.37052533519867,50.7121532235961],[-2.37054515669159,50.7121743674853],[-2.3705986238975,50.7122253415363],[-2.37061040777013,50.7122240567529],[-2.37062215086754,50.7122177819713],[-2.37064363185302,50.7122002504548],[-2.37073893213385,50.7120727094198],[-2.37074670694887,50.7120614580247],[-2.37075258196905,50.7120589438207],[-2.37074876137349,50.7120726781488],[-2.37073329330245,50.7121051600329],[-2.37063203775699,50.7122252352661],[-2.37061834706342,50.7122340108566],[-2.3706164205592,50.7122390062111],[-2.37062039162721,50.7122439837079],[-2.37062634681097,50.7122514495077],[-2.3706263861697,50.7122564395091],[-2.37062251490142,50.7122639356627],[-2.37060695814277,50.7122851920541],[-2.37033280081571,50.71263206231],[-2.37031332330341,50.7126545784368],[-2.37031732385697,50.7126632968715],[-2.3703233661064,50.7126819890714],[-2.37035708366289,50.7127205520174],[-2.37037092203101,50.7127304873857],[-2.37038076824731,50.7127329516006],[-2.37038864999792,50.7127354211602],[-2.37038868933185,50.7127404111621],[-2.37037668785088,50.7127475284757],[-2.37035415045654,50.7127349408923],[-2.37029372840285,50.7126607630359],[-2.37029367852015,50.7126544331339],[-2.37029859062029,50.7126449237815],[-2.37031839827102,50.7126274551884],[-2.37040736553437,50.7125274840729],[-2.37050854798818,50.7123958273573],[-2.37058499658989,50.7122895667707],[-2.37059481917651,50.712270548051],[-2.37059221412754,50.7122563143757],[-2.37058457230266,50.7122357684569]]],[[[-2.36876160042532,50.7126650302672],[-2.36875397782401,50.712663444671],[-2.36845965984997,50.7126547165193],[-2.36840892956202,50.7126548769284],[-2.36840130697426,50.7126532913086],[-2.36840124386205,50.7126452411072],[-2.36840884120872,50.7126436073659],[-2.36857881671306,50.712646290158],[-2.36879700970993,50.7126520395383],[-2.36893652152691,50.712651597885],[-2.36903538504432,50.7126432344135],[-2.36904052157749,50.7126512685429],[-2.3690278888643,50.7126577474318],[-2.36893410004404,50.71266609483],[-2.3687818922609,50.7126649660456],[-2.36877428229144,50.7126649901308],[-2.36874948705506,50.7127375150006],[-2.36869707754771,50.7128471562098],[-2.36868189402804,50.7128520343148],[-2.36867424613342,50.7128472284547],[-2.36870679331153,50.7127923877868],[-2.36876163832864,50.7126698602068],[-2.36876160042532,50.7126650302672]]],[[[-2.37219235096661,50.7126072083361],[-2.37218939198469,50.7125998535594],[-2.37217778938677,50.7125998906194],[-2.37213432054879,50.7126055519506],[-2.37205906118472,50.7126260450353],[-2.37198667182963,50.7126428454476],[-2.37194613273803,50.7126521808209],[-2.37192584273911,50.7126540864197],[-2.37193740304623,50.7126485261225],[-2.37197789558512,50.7126336684034],[-2.37216032716245,50.7125925821653],[-2.37217773105663,50.7125925265775],[-2.37218350176925,50.7125888255815],[-2.37216242578298,50.7124913143988],[-2.37216219247319,50.7124618582299],[-2.3721592189183,50.7124526617667],[-2.37216791942293,50.7124526339786],[-2.37217375128804,50.7124562979161],[-2.37224640469834,50.7128390137872],[-2.37224940604659,50.7128518918216],[-2.37223780338595,50.7128519288897],[-2.37222905621825,50.7128464334388],[-2.37219235096661,50.7126072083361]]],[[[-2.37115480514153,50.712634407314],[-2.37122860148915,50.7126059859823],[-2.37125443198669,50.7125965079711],[-2.3712543763107,50.7125894613628],[-2.37121664383419,50.7124979742604],[-2.37120487321266,50.7124134512249],[-2.37121186670531,50.7123617534141],[-2.37122252391674,50.7123053451748],[-2.3712224125756,50.7122912519571],[-2.37120688784552,50.7122786997518],[-2.37117512211373,50.7122620706658],[-2.3711114614054,50.7122120808054],[-2.37105272888584,50.7121185759616],[-2.37105908362136,50.7121032741993],[-2.37106590181241,50.7120930339281],[-2.37106585570311,50.7120871950259],[-2.37107276894327,50.71208863255],[-2.37107748300626,50.7121032156114],[-2.37110077222371,50.7121396361795],[-2.37112870496989,50.7121818810017],[-2.37116359856828,50.7122314022304],[-2.3711959831528,50.71225465617],[-2.37122827409342,50.7122662323012],[-2.37124439791297,50.7122691000089],[-2.37125587397498,50.7122661443729],[-2.37131090211896,50.7122440714893],[-2.37136363881415,50.7122234663201],[-2.37141172039599,50.7121955773807],[-2.3714460604117,50.7121750308099],[-2.37147124331439,50.712160352468],[-2.37150572035516,50.7121573225864],[-2.37152179657805,50.71215435226],[-2.3715447168053,50.7121440606272],[-2.37157444356438,50.7121220691928],[-2.37160408948423,50.7120898594523],[-2.37161303589252,50.7120577148159],[-2.37160819185195,50.7120270754904],[-2.37155272830288,50.7119936766935],[-2.37151118952106,50.7119762919821],[-2.37145577085076,50.7119487329388],[-2.37141856693817,50.711897758725],[-2.37139302507257,50.7118671844497],[-2.3713698871636,50.7118497410401],[-2.37130747618354,50.7118105252041],[-2.37129128330988,50.7117988986978],[-2.37129352571791,50.7117915920685],[-2.37130504921436,50.7117944753285],[-2.37137439362012,50.7118380476839],[-2.37141136666785,50.7118598265117],[-2.37145317072315,50.711910786067],[-2.37151800901042,50.7119660516838],[-2.37157572783267,50.7119936033616],[-2.37161731283938,50.7120168278478],[-2.37163597772964,50.7120503430712],[-2.37163616245976,50.7120736995693],[-2.37162495059353,50.7121102300423],[-2.37162504295243,50.7121219078417],[-2.37163198801923,50.7121277247404],[-2.37168287750188,50.7121640571552],[-2.3717520740948,50.7121886530512],[-2.37187188179723,50.7122145469418],[-2.37225205152526,50.7122980006209],[-2.3727957668042,50.7124115855597],[-2.37298242683524,50.7124562419349],[-2.37300087270812,50.7124620219319],[-2.37299633182789,50.7124693350442],[-2.37298941847237,50.7124678976382],[-2.37247562667283,50.7123571379641],[-2.37199180377661,50.7122550375042],[-2.37176369011172,50.7122032140594],[-2.37166915770953,50.7121743194708],[-2.37161597095722,50.712137994376],[-2.37160440117967,50.7121292722507],[-2.37159056593872,50.7121249368581],[-2.37156317391821,50.7121513003623],[-2.37154946564389,50.7121630221648],[-2.37154030314498,50.712166950671],[-2.37156375981696,50.7121816897768],[-2.37160768377656,50.7122019184842],[-2.37167491945802,50.7122183695744],[-2.37178596065369,50.7122402366446],[-2.37185612873034,50.712258529895],[-2.37187957089403,50.7122714173548],[-2.37193827374852,50.7123156707773],[-2.37196177460084,50.7123359654268],[-2.37204953522093,50.7123653121396],[-2.37221906160122,50.7124036575451],[-2.37250250107335,50.7124583032094],[-2.37266916784982,50.7125040635719],[-2.3727714880634,50.7125296608047],[-2.37284453052465,50.7125423893701],[-2.37285622906128,50.7125460551829],[-2.37286501137396,50.7125497303261],[-2.37286504076103,50.7125534334777],[-2.37286507015524,50.7125571375286],[-2.37285048335871,50.7125571842045],[-2.37277747166905,50.712548158791],[-2.37273362032483,50.7125371893329],[-2.37265757214233,50.7125133596717],[-2.37250264787838,50.7124768207716],[-2.37226424009607,50.7124275321715],[-2.37212367863391,50.7123933551438],[-2.37201959304945,50.7123722521792],[-2.37195971057216,50.7123559549859],[-2.37189703484423,50.7123149336899],[-2.37184995890488,50.7122755109641],[-2.37177965896173,50.7122559492427],[-2.3716990211053,50.7122430148972],[-2.37159748142398,50.7122153080741],[-2.37154275525117,50.7121940481542],[-2.37151403616548,50.7121760020698],[-2.37149839600489,50.7121694565864],[-2.3714828210282,50.7121711555236],[-2.37146215525761,50.712186060477],[-2.37137685543875,50.7122407452996],[-2.37128616349319,50.7122707133514],[-2.37126308484464,50.7122864245242],[-2.37124839278172,50.7123005649046],[-2.37123747579563,50.7123240889714],[-2.37123135452617,50.7124861827517],[-2.37125415360698,50.7125612749297],[-2.37128788978426,50.7126151927928],[-2.37132512131481,50.7126432603926],[-2.37143655482981,50.7126945816463],[-2.37147361939233,50.7127015102716],[-2.37151803143885,50.7127013686734],[-2.37156975096707,50.7126894591154],[-2.37159195485989,50.712689388307],[-2.3716067598156,50.7126893410916],[-2.37163300041034,50.7127315381041],[-2.37164428885199,50.7127549904789],[-2.37164068085323,50.7127667466264],[-2.37162217639831,50.7127668056461],[-2.37160324469402,50.7127128415818],[-2.37158462880806,50.7126988073823],[-2.37152552607257,50.7127130894171],[-2.37147374938093,50.7127179523544],[-2.37141438806773,50.7126993501633],[-2.37133268872488,50.7126643766323],[-2.37129925085125,50.7126480406901],[-2.37128065364979,50.7126363562067],[-2.37125826419266,50.7126129382609],[-2.37124345926065,50.7126129854312],[-2.3710700187747,50.7126769580731],[-2.37099624218668,50.7127077290758],[-2.37097422230627,50.7127312875751],[-2.37094195129532,50.7128629294379],[-2.37093849287055,50.7128934765242],[-2.37093114668842,50.712900545799],[-2.37092004398268,50.7129005811448],[-2.37091260367926,50.7128959069726],[-2.37094842734705,50.7127454632728],[-2.37096302551143,50.7127195794778],[-2.3709740183227,50.7127054509056],[-2.37104407548986,50.712672342832],[-2.37115480514153,50.712634407314]]],[[[-2.36964526302751,50.7126371726316],[-2.36952613395502,50.712631455142],[-2.36946468172235,50.712632869442],[-2.36945121871048,50.7126304741696],[-2.36945117078772,50.7126243789707],[-2.36955679705407,50.7126228254832],[-2.36970473716774,50.7126284506325],[-2.36971819060462,50.7126296273753],[-2.36972394265703,50.7126283896943],[-2.36972391388054,50.7126247323959],[-2.36968238216516,50.7124724867152],[-2.36967848212536,50.7124651852078],[-2.36969381910535,50.7124614791597],[-2.36969578760189,50.7124675682643],[-2.3697430632357,50.7126173577526],[-2.36974698107238,50.7126270980598],[-2.36974893039263,50.7126307483645],[-2.3698737745754,50.712630352135],[-2.36988721841821,50.7126303094591],[-2.36989297047324,50.7126290726691],[-2.36989294168348,50.7126254153712],[-2.36987920038506,50.7125876692661],[-2.36982430933844,50.712446437324],[-2.36982426136716,50.7124403421267],[-2.36983190515676,50.7124354419469],[-2.36983385447555,50.7124390922503],[-2.36985921773315,50.7124889921742],[-2.36989060034179,50.7125717858898],[-2.3699140417682,50.7126216918973],[-2.36991793084219,50.7126277740005],[-2.36994098844498,50.7126289202266],[-2.36999285569221,50.7126299740718],[-2.37004465574956,50.7126224956985],[-2.37005615165498,50.7126188018004],[-2.37005609405693,50.7126114881048],[-2.36999904052322,50.7124397872854],[-2.36999515145448,50.7124337051846],[-2.37001050759553,50.7124324369947],[-2.37007330360565,50.7126016816101],[-2.37007530914218,50.7126126465078],[-2.37008109139668,50.7126150652032],[-2.37009454483899,50.7126162419024],[-2.37012719699342,50.7126161381876],[-2.37020216985496,50.71262443332],[-2.37022334533033,50.7126304613884],[-2.37022530429567,50.7126353310827],[-2.37021957146379,50.7126390066862],[-2.37021187965945,50.7126378116958],[-2.37016379445896,50.7126294311564],[-2.3700946024431,50.7126235555978],[-2.37008115860255,50.7126235982975],[-2.37006583262014,50.7126285237917],[-2.37000827768132,50.7126372398786],[-2.36993531317049,50.7126399095132],[-2.36992378845801,50.712639946102],[-2.36991053512072,50.7126643686741],[-2.36988978329556,50.7127119761165],[-2.3698612806358,50.7127510757503],[-2.36977194759032,50.7128708229176],[-2.36974149538914,50.7129062704254],[-2.36973002958134,50.7129136215891],[-2.36972615826666,50.7129099764843],[-2.36979265447091,50.712817120285],[-2.36987060372758,50.7127156943901],[-2.36989892687109,50.7126534342573],[-2.36990079802302,50.7126473329682],[-2.36990076923262,50.7126436756703],[-2.36987769244051,50.7126400924368],[-2.36975090991521,50.7126380568622],[-2.36964526302751,50.7126371726316]]],[[[-2.3723575858182,50.712897797169],[-2.37231995555743,50.7127532012272],[-2.37229115764716,50.7125719141783],[-2.37228486330507,50.712544920729],[-2.37229381488437,50.7125236663542],[-2.37229983404131,50.7125159294767],[-2.37236063851204,50.7125157351871],[-2.37245790810728,50.7125134953521],[-2.37257957681905,50.7125208240299],[-2.37262829577473,50.7125303157478],[-2.37266182857711,50.7125417858745],[-2.37268928250223,50.712553275434],[-2.37274116483764,50.712578194071],[-2.37280890562485,50.7126860324558],[-2.37284343380983,50.7128229204805],[-2.37284364817242,50.7128499342423],[-2.37283452977386,50.7128499634203],[-2.37282539322969,50.7128480627952],[-2.37282227579768,50.712838425267],[-2.3727972654881,50.7127516750613],[-2.37278472209427,50.7127034758758],[-2.37275381529933,50.7126398992481],[-2.37272608579399,50.712593678493],[-2.37268028376855,50.7125687413019],[-2.37260406635329,50.7125419705941],[-2.37249755316269,50.7125288039134],[-2.37235160909005,50.7125273414088],[-2.37232731843934,50.7125312778502],[-2.37231520369206,50.7125371052439],[-2.37235048097991,50.7127685398728],[-2.372368905494,50.7127916357274],[-2.37237203670682,50.7128032030877],[-2.3723811885112,50.712807032662],[-2.37260037301145,50.7128429939111],[-2.37276168663314,50.7128656326712],[-2.37280730528441,50.7128674165773],[-2.37280739713604,50.7128789927479],[-2.37278611519398,50.7128790608406],[-2.37274046592754,50.7128734191021],[-2.37264915210768,50.7128602039602],[-2.37243910401267,50.7128261434636],[-2.37241171257992,50.7128223721934],[-2.37237828525913,50.7128244079913],[-2.37236615515545,50.7128283064795],[-2.37236928778644,50.7128398738352],[-2.37239108965301,50.7129054086368],[-2.3723942361742,50.7129189058078],[-2.3723821824988,50.7129324506608],[-2.37236698089109,50.7129324992447],[-2.3723575858182,50.712897797169]]],[[[-2.36845056290658,50.7131119634241],[-2.36859297603079,50.7128346060194],[-2.36862044856113,50.7127797823253],[-2.36864071660042,50.7127764978624],[-2.36864330236592,50.7127829294614],[-2.36857093033977,50.7129344910033],[-2.36855841113218,50.7129554596662],[-2.36855843638962,50.7129586799261],[-2.36857619168109,50.7129586237601],[-2.3688495625115,50.7128837016454],[-2.36911028566876,50.7128136499404],[-2.36913306506209,50.7128071379974],[-2.36913563824513,50.7128119590043],[-2.36913314093913,50.7128167969743],[-2.36856870793308,50.7129747464348],[-2.36854847909336,50.7129828599247],[-2.368540894328,50.7129861042562],[-2.36853334885095,50.7129941776239],[-2.36847336637391,50.7131086718669],[-2.36846584469316,50.7131199645962],[-2.36845822344362,50.7131183789784],[-2.36845056290658,50.7131119634241]]],[[[-2.37060236605384,50.7128702331049],[-2.37061585103869,50.712870190212],[-2.37061364973272,50.7128759040693],[-2.37045647308763,50.7131816847279],[-2.37045201133081,50.7131859786068],[-2.37044077258672,50.7131860143415],[-2.37044075009145,50.7131831609852],[-2.37044293178446,50.7131745955635],[-2.37060236605384,50.7128702331049]]],[[[-2.3678508958926,50.7126582507998],[-2.36784070025073,50.7126518432871],[-2.3677798609939,50.7126568658932],[-2.36772410622929,50.7126634821009],[-2.36771905667971,50.7126667175197],[-2.36772182151985,50.7126956873451],[-2.36772453455462,50.7127182175514],[-2.36770709283116,50.7127585211549],[-2.36767701952998,50.7128053045008],[-2.36741338532263,50.7131522713929],[-2.36740834829203,50.7131571173785],[-2.36739564109019,50.7131539381081],[-2.36739560332725,50.7131491081659],[-2.36747850548787,50.713045810443],[-2.36768686388668,50.7127666346594],[-2.36770930196432,50.7127166560264],[-2.3677090374165,50.712682848228],[-2.3677038885079,50.712673205294],[-2.3677013154672,50.7126683833727],[-2.36768608289382,50.7126668218446],[-2.36758981846411,50.7126832253676],[-2.36748082029073,50.7126932301918],[-2.36732108042908,50.7127017846792],[-2.36730586043927,50.7127018327826],[-2.36729569002532,50.7126986445844],[-2.36730326227391,50.7126937914902],[-2.36748075734363,50.712685180887],[-2.36772910396175,50.7126538061636],[-2.36791664602501,50.7126322835405],[-2.36804343545182,50.7126270533954],[-2.3682616563599,50.7126360231356],[-2.36835296049059,50.7126341248121],[-2.36836314497224,50.7126389226764],[-2.3683606461717,50.7126437597377],[-2.36834543885666,50.712645417533],[-2.3682947085782,50.712645577892],[-2.36825158543338,50.7126457141875],[-2.36810187939623,50.712639748343],[-2.368091732775,50.7126397803972],[-2.36808668468186,50.7126430157859],[-2.36809463513424,50.7126864585274],[-2.36810276216063,50.7127524403978],[-2.36812352066489,50.7128119416769],[-2.36815205319187,50.7128923474534],[-2.36819130015248,50.7130451666798],[-2.36819912321427,50.7130725108044],[-2.36819914843992,50.7130757301658],[-2.36818391716977,50.7130741685789],[-2.36815504392141,50.7129502951418],[-2.36809266595791,50.7127589120759],[-2.36807405184469,50.712649495475],[-2.36806889026199,50.7126382419355],[-2.36801561072822,50.7126368005047],[-2.36788375907427,50.7126436574915],[-2.36786856430679,50.7126469250303],[-2.36786861471894,50.7126533646537],[-2.36795354161556,50.7131328537693],[-2.36795114358914,50.7131505700887],[-2.36795121922921,50.7131602299725],[-2.36794113549807,50.7131683114004],[-2.3677740360315,50.7132090878194],[-2.36775882848299,50.7132107465625],[-2.36775625399763,50.7132059255468],[-2.36776382626589,50.7132010706245],[-2.36791573219828,50.7131635617607],[-2.3679359752937,50.713157057893],[-2.36794097162514,50.7131473828512],[-2.3679171092499,50.7130154442029],[-2.36785609665649,50.7126743333462],[-2.3678508958926,50.7126582507998]]],[[[-2.37120333484994,50.7129753113908],[-2.37121007806531,50.712975289907],[-2.37131784956374,50.7132445642499],[-2.37132017481039,50.7132545424817],[-2.37131800738596,50.7132645350322],[-2.37130674608273,50.713261718396],[-2.37119667194235,50.7129853191616],[-2.37119885064026,50.7129767519408],[-2.37120333484994,50.7129753113908]]],[[[-2.36966818522723,50.7132726637623],[-2.36963746670315,50.7132514329003],[-2.36958204693914,50.7131973153211],[-2.36930787146082,50.7125379281703],[-2.36905593147016,50.71196865174],[-2.368928252225,50.7116607505396],[-2.36892955096916,50.7116533489097],[-2.36893374629675,50.7116506593567],[-2.36894007009592,50.7116506393377],[-2.36894852236774,50.7116532888524],[-2.3689506613395,50.71165729559],[-2.36895928308578,50.7116813493491],[-2.36901983944461,50.7118197770012],[-2.36902831276104,50.7118251018151],[-2.36903464709223,50.7118264198929],[-2.36926433636042,50.7118176653151],[-2.36927909288836,50.7118176185571],[-2.369283348464,50.7118229567162],[-2.36928129355153,50.7118296512087],[-2.36906002501953,50.7118370419182],[-2.36904105354634,50.7118371019961],[-2.36903053721606,50.7118398115693],[-2.36905637602497,50.7119092966287],[-2.36905858856051,50.7119226673843],[-2.36906711584917,50.7119346809048],[-2.36907976210812,50.7119346408539],[-2.36954947138733,50.7118903418643],[-2.36960843789715,50.7118834659841],[-2.36962109465963,50.7118847630778],[-2.36961277000317,50.7118981681375],[-2.36911566838861,50.7119438922836],[-2.36908407304657,50.7119466686256],[-2.36907988819672,50.7119506944886],[-2.36914219189548,50.7121003341941],[-2.36914648184217,50.712109685757],[-2.36915074026213,50.7121150239113],[-2.36916760295008,50.7121149704927],[-2.36919917738177,50.7121095188188],[-2.36922858125432,50.7120960469979],[-2.36924952365828,50.7120785893729],[-2.36929154366657,50.7120610640531],[-2.36936512891224,50.7120367497949],[-2.36955868266768,50.7119893121999],[-2.36970174004931,50.7119540750214],[-2.36977754819044,50.7119444702529],[-2.36980491801024,50.7119403689979],[-2.36981128396408,50.7119457004386],[-2.36980078728494,50.7119510844903],[-2.36971656887849,50.7119633922271],[-2.3693883574902,50.7120420278111],[-2.36927692656668,50.7120785025405],[-2.36923288173214,50.7121067366595],[-2.3692139956538,50.7121174988866],[-2.36918453920648,50.7121242810912],[-2.36916346013418,50.7121243478696],[-2.36915716779987,50.7121283813111],[-2.36918947798678,50.7122165761297],[-2.36920652081455,50.7122392650456],[-2.36922550296528,50.7122405430378],[-2.36926973433075,50.7122363893739],[-2.36934763088993,50.7122241019795],[-2.36946134840176,50.7122103628333],[-2.36949081537736,50.7122049177613],[-2.36956862765503,50.7121819281041],[-2.36960435534191,50.7121684370342],[-2.36963792290224,50.7121482630282],[-2.36969672131996,50.7121199819581],[-2.36974506505632,50.712102436417],[-2.36976823196275,50.7120996875376],[-2.36977249815001,50.7121063637777],[-2.36972412425134,50.7121198950198],[-2.36964221295285,50.7121576145692],[-2.36963173725072,50.7121656739125],[-2.36962965992716,50.7121696949079],[-2.36966971972962,50.7121709050701],[-2.36973087968376,50.7121747245443],[-2.36974565454228,50.7121773530369],[-2.36974779502318,50.7121813597519],[-2.36973516833917,50.7121840760857],[-2.36963393944529,50.7121777074479],[-2.36961496925085,50.7121777676194],[-2.36959813810809,50.7121818345104],[-2.36949931127789,50.7122129187362],[-2.36926350648354,50.7122484496325],[-2.36922137066393,50.7122512585189],[-2.36920872290287,50.7122512985925],[-2.36926677947769,50.7123969381481],[-2.369281609785,50.7124062563013],[-2.36929848308731,50.7124075400632],[-2.36933219816437,50.7124060959705],[-2.36940176734326,50.712407212684],[-2.36950505301361,50.7124068852089],[-2.36960200284652,50.7124052405027],[-2.36968203725169,50.712396959605],[-2.36976834430895,50.7123819698709],[-2.36989043028395,50.7123601767309],[-2.36993251349557,50.7123506779918],[-2.36994511915773,50.7123452872308],[-2.36994928147476,50.7123385842403],[-2.37009789575459,50.7122056675419],[-2.3701776136564,50.7121358699865],[-2.37020023659051,50.7121153124257],[-2.3702134798527,50.7121092451497],[-2.3702191952722,50.712111637074],[-2.37021927122386,50.7121212771593],[-2.36997600479755,50.7123329355245],[-2.36997230250667,50.712344997689],[-2.36996853380811,50.7123486256767],[-2.36998374287462,50.7123509874695],[-2.37003322135537,50.7123652908516],[-2.37007505948905,50.7123735932724],[-2.37013212428967,50.7123866674765],[-2.3701492298382,50.7123890232231],[-2.37016061186105,50.7123877820263],[-2.37027945998361,50.7122897943313],[-2.37034734496907,50.7122305307078],[-2.37036994887807,50.7122075630944],[-2.37038128335259,50.712200295926],[-2.37038511991833,50.7122051038945],[-2.37038142583244,50.7122183719827],[-2.37018902490394,50.7123792564796],[-2.3701796167126,50.7123901326343],[-2.37017584943584,50.7123937597245],[-2.37020060771161,50.712403321397],[-2.37024815045607,50.7124128106708],[-2.37027662996687,50.7124127201767],[-2.37029936552821,50.7124066227255],[-2.37040128693317,50.7123291743929],[-2.37044661684613,50.7122989033814],[-2.37045226580052,50.7122928602201],[-2.37045985062792,50.7122916310665],[-2.3704580097554,50.7122988671625],[-2.37031269432834,50.7124114005309],[-2.37028240240109,50.7124223421596],[-2.37025963692818,50.7124248245805],[-2.37021402194602,50.7124189443095],[-2.37017595385809,50.7124070148417],[-2.37016076374874,50.7124070630962],[-2.37011220584674,50.7125096467081],[-2.37010660428496,50.7125217158078],[-2.37009898952138,50.7125193299123],[-2.37010078582871,50.7125060678583],[-2.37015125112281,50.7124046832324],[-2.37015122264593,50.7124010682004],[-2.37007513541158,50.7123832333584],[-2.37005804601597,50.7123832876313],[-2.37005427731394,50.7123869147224],[-2.37007176389156,50.712437471805],[-2.37007375667431,50.7124495158849],[-2.37007382311355,50.7124579518593],[-2.37006813754569,50.712459174957],[-2.37005258821759,50.7124134318855],[-2.37004289528842,50.7123881559088],[-2.37004095803662,50.7123833418971],[-2.36998577358279,50.7123678515953],[-2.36995724666218,50.7123619169632],[-2.36992685840196,50.7123608083969],[-2.36989085905058,50.7123705630035],[-2.36987949599512,50.7123742141958],[-2.36996042535288,50.7125245900994],[-2.36996245747682,50.7125414542206],[-2.36996248593919,50.712545069253],[-2.36995301124395,50.712547509417],[-2.36994727822664,50.7125427074551],[-2.36986441164578,50.7123875175273],[-2.36986245544282,50.7123802934901],[-2.36985485161578,50.7123791125839],[-2.36975437334256,50.7123987130162],[-2.36974488918427,50.7123999481517],[-2.36973732328329,50.712403587282],[-2.3698068891281,50.7125576144841],[-2.36980695551216,50.7125660495608],[-2.36979559240245,50.7125697007467],[-2.3697202637393,50.7124072565343],[-2.36971003070115,50.7124056594985],[-2.3696424920074,50.7124161732694],[-2.36951273183597,50.7124251684942],[-2.36937746677882,50.7124221638856],[-2.36930443808435,50.7124223953589],[-2.36928014820526,50.7124293392766],[-2.36930609574379,50.7124824731137],[-2.36932901563621,50.7125253970684],[-2.369335058985,50.7125282439335],[-2.36956074070736,50.7125103295686],[-2.36958032659828,50.712512179328],[-2.36958188334195,50.7125188623693],[-2.36958041676949,50.7125236440202],[-2.36935472748371,50.7125406034085],[-2.36934269192421,50.7125415965987],[-2.36933820669916,50.7125454327753],[-2.36933521669498,50.7125483091721],[-2.36941185611959,50.7127219635864],[-2.36942098716422,50.7127343555553],[-2.3694285361195,50.7127371985402],[-2.36966027866759,50.7127240426354],[-2.3696723443274,50.7127268703752],[-2.36967238191495,50.7127316481541],[-2.36966789386623,50.712735484352],[-2.36944671560514,50.7127514736966],[-2.36943468609229,50.7127534228182],[-2.36942867133197,50.7127543969289],[-2.36951624868459,50.7129786579732],[-2.36952249639607,50.7130073028511],[-2.3695285247915,50.7130082387717],[-2.36954056797814,50.7130082005747],[-2.36961721137276,50.7129907586439],[-2.36965478777772,50.7129829955145],[-2.36966833653219,50.7129829525279],[-2.36967590057674,50.7129877064264],[-2.36967441896561,50.7129905771467],[-2.3695586949989,50.7130157869974],[-2.36953766953554,50.7130225416642],[-2.36953620295001,50.7130273242141],[-2.36957760825809,50.7131236968926],[-2.36957919040349,50.7131332467709],[-2.36958070959659,50.7131351529312],[-2.36959124865287,50.7131351194993],[-2.36961379944222,50.7131312251028],[-2.36972200471067,50.7131069949889],[-2.3698677863093,50.7130750015791],[-2.36988279554041,50.7130692209932],[-2.36988877882301,50.7130644241008],[-2.3698887412199,50.7130596472222],[-2.37001846690874,50.7127095288597],[-2.37002436125942,50.7126932663704],[-2.37003035953464,50.7126903813029],[-2.37003789488752,50.7126913133117],[-2.3700379400262,50.712697045206],[-2.3699187761306,50.7130499978697],[-2.36991732178745,50.7130566904641],[-2.36991735187511,50.7130605123266],[-2.36992790595836,50.7130623897961],[-2.3699790386632,50.7130555385589],[-2.36999852698974,50.7130449667376],[-2.37001353761122,50.7130391861313],[-2.37019782582497,50.7127357128487],[-2.37021422144165,50.7127146399897],[-2.37021870661057,50.7127108037814],[-2.37022473639772,50.7127117396623],[-2.37022901594808,50.7127163214062],[-2.37004802330734,50.7129995719528],[-2.3700177699695,50.7130485657134],[-2.36999036603505,50.7130602867801],[-2.36960913217729,50.7131448748593],[-2.36959999606906,50.7131487824559],[-2.36959086136858,50.7131526891481],[-2.36959718502388,50.7131798157861],[-2.36961881454086,50.7132107715805],[-2.36966496236351,50.7132513456614],[-2.36967415950649,50.7132551941932],[-2.36973219064209,50.7132530702883],[-2.36976575209508,50.7132471472048],[-2.36977797238729,50.7132471084193],[-2.36978110233968,50.7132567936689],[-2.36977502412363,50.7132606906745],[-2.36967735186787,50.7132726346763],[-2.36966818522723,50.7132726637623]]],[[[-2.37250964532188,50.7132870818248],[-2.37267671945172,50.713269181463],[-2.37276179917668,50.7132631205989],[-2.37285300521672,50.7132628287488],[-2.37289868551806,50.7132723309511],[-2.37292004421063,50.7132819100886],[-2.37291402506569,50.7132896478961],[-2.37288049024567,50.7132781778682],[-2.37278010303905,50.713270780576],[-2.3726646518855,50.7132807974279],[-2.37251583281586,50.7133005692667],[-2.37250365670046,50.7132986783376],[-2.37249751510893,50.7132909803301],[-2.37250964532188,50.7132870818248]]],[[[-2.37107989373548,50.7129985293193],[-2.3710843554164,50.7129942354187],[-2.37110014592742,50.7130013182428],[-2.37116114223814,50.7133249496368],[-2.3711611873172,50.713330656346],[-2.37115447927183,50.7133349574064],[-2.37114773600433,50.7133349788887],[-2.37114540795072,50.7133249997623],[-2.37114534034216,50.7133164405976],[-2.37107989373548,50.7129985293193]]],[[[-2.37288126773601,50.713184645507],[-2.37262087898531,50.7131253165776],[-2.37258409330855,50.7131137903083],[-2.37257489025319,50.713109937535],[-2.3725870910588,50.7131060172146],[-2.37290568331802,50.7131787454082],[-2.37292406151758,50.7131825669877],[-2.37293016049899,50.7131806068141],[-2.3728457534521,50.7129479933669],[-2.37284261715419,50.7129383001446],[-2.37285481930855,50.7129343797938],[-2.37286093507684,50.7129343602226],[-2.37292049390548,50.713118536007],[-2.37295155040417,50.7131785985931],[-2.37297616623898,50.7131979263078],[-2.37303440362327,50.7132152066194],[-2.37321521075179,50.7132650853972],[-2.37342366567664,50.7133304013745],[-2.37343291511074,50.7133400749817],[-2.37342683013728,50.7133439757875],[-2.37341459991023,50.7133440149879],[-2.3733134155485,50.713309406639],[-2.37315402606077,50.7132614000776],[-2.37299466629604,50.7132172744955],[-2.37296401307218,50.7132076684704],[-2.37288126773601,50.713184645507]]],[[[-2.37311470621538,50.7133158651415],[-2.37324615980751,50.7133115627761],[-2.37326453809436,50.7133153851984],[-2.37322789084895,50.7133213245583],[-2.37315757718409,50.7133234913404],[-2.37301699604012,50.7133336447856],[-2.37277556819585,50.7133518842895],[-2.3725983409334,50.713367976441],[-2.37259220971887,50.7133660553977],[-2.37259216355158,50.7133602335897],[-2.37261353814989,50.7133562830263],[-2.37311470621538,50.7133158651415]]],[[[-2.37331356974697,50.713328813554],[-2.37332579997017,50.7133287743643],[-2.37333196204965,50.7133345765713],[-2.37332895181511,50.7133404081703],[-2.37329295073203,50.7134278555197],[-2.37328697366202,50.7134453405299],[-2.37327786299658,50.7134531323252],[-2.37326864299036,50.7134473399133],[-2.37326855048639,50.7134356963037],[-2.37330760811612,50.7133482391665],[-2.37331356974697,50.713328813554]]],[[[-2.3702144656797,50.7126712145824],[-2.37019502103297,50.7126671693311],[-2.37018640491842,50.7126685654156],[-2.36998182382797,50.7129854547918],[-2.36997326154497,50.7129936960428],[-2.36996677948791,50.7129923479153],[-2.36996670403932,50.7129827653823],[-2.37016493119354,50.7126809547284],[-2.3701670127836,50.7126713653436],[-2.37016696964099,50.7126658888402],[-2.37016260298366,50.7126590582608],[-2.37013454081627,50.7126564090857],[-2.37008276158301,50.7126552048445],[-2.37006685735959,50.7126521726111],[-2.37006532059226,50.7126492943867],[-2.3700698325076,50.7126454365162],[-2.37008346047795,50.7126453932327],[-2.37014557010997,50.7126490394881],[-2.37019558098818,50.7126546468191],[-2.37022291879754,50.7126651301464],[-2.3702502944927,50.7126804200199],[-2.37030543004043,50.7127343978962],[-2.37032069002967,50.7127548845487],[-2.3703229104303,50.7127630915521],[-2.3703208302847,50.7127726809341],[-2.37006455761366,50.7130993183953],[-2.36982115938317,50.7134176995548],[-2.36978272202207,50.7134671059379],[-2.36976130310523,50.713486340367],[-2.36974407849072,50.7134905020665],[-2.36973972116382,50.7134850392544],[-2.36977189335404,50.7134616645667],[-2.36999405374537,50.7131688627347],[-2.37029728410645,50.7127791029143],[-2.37030797100991,50.7127667478595],[-2.37030791706429,50.7127599026808],[-2.37026653477743,50.712709381117],[-2.3702144656797,50.7126712145824]]],[[[-2.36843096554602,50.7131800329338],[-2.36842579119696,50.7131671697355],[-2.36839536360918,50.7131688756718],[-2.36807391103473,50.7132584379896],[-2.36805111865691,50.7132633391575],[-2.36804094668484,50.71326015185],[-2.36830163531663,50.7131852719053],[-2.36839019069461,50.7131560133663],[-2.36842570284501,50.7131559010734],[-2.36844845583562,50.7131461690001],[-2.36894205547594,50.7130125937656],[-2.36921801188349,50.712944102386],[-2.36924841257168,50.7129391759873],[-2.36924845052586,50.7129440059248],[-2.36924593915222,50.7129472333228],[-2.36922822181853,50.7129521195282],[-2.3684789072423,50.7131476833149],[-2.36845363160492,50.7131590321928],[-2.36844604680428,50.7131622765193],[-2.3684460972899,50.7131687152409],[-2.36843372802025,50.7132090027605],[-2.36839167998313,50.7133459790374],[-2.3683917809541,50.7133588582791],[-2.36839183143961,50.7133652979],[-2.3683842844592,50.7133733712648],[-2.36830831261713,50.7133897104683],[-2.36808798023856,50.7134354852904],[-2.36784744455065,50.7134925935045],[-2.36781453035914,50.7135007471796],[-2.36780181043062,50.713495957374],[-2.36782206487557,50.7134910641105],[-2.36807524771975,50.7134290857369],[-2.36836141775604,50.7133686135077],[-2.36837406195734,50.7133637443671],[-2.36837148739889,50.7133589224475],[-2.36843096554602,50.7131800329338]]],[[[-2.37409298858506,50.7135120646086],[-2.37400364500823,50.7134928325536],[-2.3738556735563,50.7134156850806],[-2.37383149633715,50.7134157626625],[-2.37381429786816,50.7134245858457],[-2.3737765147562,50.7134510119671],[-2.37376615267824,50.7134510452116],[-2.37376610036193,50.7134444689308],[-2.37377639267905,50.7134356670123],[-2.37382102961911,50.7134026433505],[-2.3738209598586,50.713393875576],[-2.37376529821444,50.713343636821],[-2.37366122866077,50.713286976852],[-2.3735883500219,50.71324336877],[-2.37357802284711,50.7132477858845],[-2.37357118643386,50.7132565767046],[-2.37350244059206,50.7132984464649],[-2.37348176877209,50.7133050882853],[-2.37346444831787,50.7132985682575],[-2.3734747406672,50.7132897672638],[-2.37349882927036,50.7132787286925],[-2.37356408575537,50.7132324870224],[-2.37354669559402,50.713217197431],[-2.37341832897367,50.7131452715731],[-2.37328664900685,50.713090891281],[-2.37318620917465,50.7130561401272],[-2.37316883662316,50.7130430437664],[-2.37314452032397,50.7130255847405],[-2.37307773062545,50.7128789305218],[-2.37294084149746,50.7126031685227],[-2.37293042741048,50.7125966254005],[-2.37291656031532,50.7125900942277],[-2.37288886092098,50.7125814148684],[-2.37288537310508,50.7125770411281],[-2.37288532092193,50.712570465741],[-2.37289219215659,50.7125660588503],[-2.37290759157357,50.7125711399755],[-2.37295384544261,50.7125866070815],[-2.37297563567568,50.7126197199604],[-2.37316003030105,50.7129899927309],[-2.37319420076036,50.7130328249165],[-2.37322815422359,50.7130483321934],[-2.37347196616655,50.7131549063219],[-2.37373772557166,50.7133141101223],[-2.37375927109579,50.713315992446],[-2.37382366907638,50.7132923631369],[-2.373878732148,50.7132551009616],[-2.37390619161769,50.7132276854615],[-2.37390598968214,50.7132023110732],[-2.37390588095323,50.7131886486327],[-2.37385613050825,50.7131204907377],[-2.37383738466667,50.7130834654005],[-2.37384654862966,50.7130756284309],[-2.37386198661741,50.7130833864598],[-2.37389623545775,50.713135978072],[-2.37393059452819,50.7132022321067],[-2.37393071880224,50.7132178468379],[-2.37390956448756,50.7132647610208],[-2.37385445342321,50.7132961681399],[-2.37381150639677,50.713309969634],[-2.37378698054769,50.713319807331],[-2.37378395223038,50.7133256731706],[-2.37379018110402,50.7133354130929],[-2.37383356301451,50.7133762640672],[-2.37396335329311,50.7134539240728],[-2.37397562329364,50.713449980904],[-2.37398166577857,50.7134362978197],[-2.37400602072395,50.713404988479],[-2.37408256434805,50.713361801126],[-2.37414992974151,50.7133244984257],[-2.37419286113863,50.7133087454186],[-2.37421434166072,50.713302820303],[-2.37421749713278,50.7133125700716],[-2.37420214945129,50.7133165231494],[-2.37416232404432,50.7133361699669],[-2.37408882578726,50.7133754447077],[-2.37405212180704,50.7134009366909],[-2.37400937673641,50.7134401126442],[-2.3739911560652,50.7134694499531],[-2.37407133558754,50.7134965190083],[-2.37413289188232,50.7135021765647],[-2.37416672022171,50.7135020679227],[-2.37421277475141,50.7134921609954],[-2.37428958407911,50.7134821543476],[-2.37433879123196,50.7134819962469],[-2.37433885343803,50.7134898036096],[-2.37433271774368,50.7134917756648],[-2.37429581166312,50.7134918942429],[-2.37420061357655,50.7135097666254],[-2.37413604451835,50.7135119263443],[-2.37409298858506,50.7135120646086]]],[[[-2.36940260682707,50.7132135940034],[-2.36938733608695,50.7132072026444],[-2.36935435917079,50.7132073071941],[-2.36856137845826,50.713333782184],[-2.3685461597167,50.713333830328],[-2.36854103441531,50.7133274076606],[-2.36854605871017,50.713320951987],[-2.36902743022889,50.7132453721302],[-2.36936691746979,50.7131911683887],[-2.36937959947834,50.7131911281816],[-2.36937954885654,50.7131846885656],[-2.36935620127997,50.7131187559991],[-2.36924992446948,50.7128293064892],[-2.3692344767763,50.7128003768943],[-2.36922936549681,50.7127955630336],[-2.36921414551596,50.7127956112633],[-2.36920400027838,50.7127956434109],[-2.36920393703414,50.712787594114],[-2.36920899771261,50.7127859683586],[-2.36922165430788,50.7127827079141],[-2.36922415302627,50.7127778708373],[-2.36919807948143,50.712687797468],[-2.36918520646405,50.7126636888645],[-2.36915469212359,50.712654126326],[-2.36913182569608,50.7126493687102],[-2.3691013872459,50.7126494651346],[-2.36909626193682,50.7126430415917],[-2.36910129873209,50.7126381964774],[-2.36910889463648,50.7126365626958],[-2.36916218826347,50.712639613301],[-2.36919518865611,50.7126427281828],[-2.36920540975903,50.712652355913],[-2.36942534699242,50.7132022529656],[-2.36944108574073,50.7132370035704],[-2.36945421362111,50.7132933093075],[-2.36944444517148,50.7133416381555],[-2.36938485823355,50.7135060391426],[-2.36935984554276,50.7135511959821],[-2.36934973810623,50.7135560580845],[-2.36933449398878,50.7135528869755],[-2.36933189259966,50.7135448457271],[-2.36937893577897,50.7134293993141],[-2.36942109772037,50.7133069107802],[-2.36941811662892,50.7132505728652],[-2.36940260682707,50.7132135940034]]],[[[-2.36871059585999,50.7116089013087],[-2.36869336339004,50.7116035007616],[-2.36839566815561,50.7116389926938],[-2.36823820556546,50.7116540380678],[-2.36822965276388,50.7116595210563],[-2.36822684598731,50.7116668033451],[-2.36818518035287,50.7118342317539],[-2.36816538183693,50.7118670264939],[-2.36814834735438,50.711887083114],[-2.36811700251798,50.7119090032914],[-2.36800003337646,50.7119730178487],[-2.36788590040499,50.7120333883938],[-2.36786588801912,50.7120389068063],[-2.36728467556315,50.7120916617051],[-2.36725890280574,50.7120935615071],[-2.36725310273235,50.7120844880591],[-2.36781715372762,50.7120354243432],[-2.36786008783551,50.7120298333887],[-2.36788580075386,50.7120206593226],[-2.36791717574157,50.7120023755497],[-2.36808530061516,50.7119157194701],[-2.36812519691958,50.7118883172225],[-2.36815926446756,50.7118482030915],[-2.36817608381751,50.7118008709231],[-2.36820654518584,50.7116662101076],[-2.36820647394312,50.7116571176575],[-2.36820643119469,50.7116516618277],[-2.36814338715526,50.7116500435354],[-2.36776524196167,50.711656694442],[-2.36773945664993,50.7116567760347],[-2.3677308767189,50.7116586215385],[-2.36770812592262,50.7116805146873],[-2.3676768108066,50.7117060716373],[-2.36756849234635,50.7117773337284],[-2.36751703536013,50.7117920442043],[-2.36682702445346,50.7118542335023],[-2.36680695382298,50.7118524775963],[-2.36680401765409,50.7118433950865],[-2.36690711814613,50.7118376145717],[-2.36745970574938,50.7117885887723],[-2.36748832789559,50.7117848615605],[-2.36751121963792,50.7117811524627],[-2.36754266571977,50.711771960342],[-2.36762821912837,50.7117207730975],[-2.36764814605399,50.7117043448632],[-2.36764810337042,50.7116988890327],[-2.36764233030535,50.7116934522288],[-2.3675992414277,50.711679040784],[-2.36754754136085,50.7116628382015],[-2.36751889085266,50.7116629288067],[-2.36692894649011,50.7116975250962],[-2.36687167240199,50.7117013426214],[-2.36685444006384,50.7116959419522],[-2.36686012786813,50.7116904689316],[-2.36753028051079,50.7116538001121],[-2.36756753940211,50.7116555015331],[-2.36760491350292,50.7116717494214],[-2.36765369007907,50.7116806869058],[-2.36766801463023,50.7116806415897],[-2.3676765689472,50.7116751594608],[-2.36769361641019,50.7116569210734],[-2.36771355750692,50.7116423102391],[-2.36775364030726,50.7116385467002],[-2.36809456507748,50.7116356500048],[-2.3682349818817,50.7116388431354],[-2.36828653951448,50.711636861866],[-2.36839818904081,50.7116255979636],[-2.36856993602173,50.7116050521403],[-2.36867873731962,50.7115956153355],[-2.36871308811923,50.7115918699558],[-2.36881082824573,50.7116333855458],[-2.36887405926579,50.7116586432911],[-2.36889719202632,50.7116858462856],[-2.36890896683218,50.7117258155071],[-2.36893329696041,50.7117900652446],[-2.36916899953447,50.7123408754031],[-2.36929048052656,50.7126248766698],[-2.36951870172719,50.7131562309976],[-2.36964787951117,50.7134998361555],[-2.36970264300406,50.7135707588967],[-2.36973169533081,50.7135890138939],[-2.36973178556396,50.7136004812803],[-2.36972463004149,50.7136096775887],[-2.36970991499781,50.7136148888783],[-2.36969262302817,50.7136022152845],[-2.36966663642564,50.7135768390092],[-2.36962884676443,50.7135078579083],[-2.36946190025873,50.7130983857043],[-2.36925179527832,50.7126135270945],[-2.36916355698307,50.7123730330836],[-2.36890661738989,50.7117610308523],[-2.36889192030019,50.7117137983629],[-2.36887152282636,50.7116702197223],[-2.36883990872042,50.7116575912989],[-2.36875656435255,50.71162512196],[-2.36871059585999,50.7116089013087]]],[[[-2.37346258049191,50.7136097375386],[-2.37327868015963,50.713555986906],[-2.37301506284883,50.7134753221196],[-2.3729231278468,50.7134503870746],[-2.37283436007738,50.7134390272783],[-2.37258359140658,50.7134359482261],[-2.37257135832149,50.7134359873479],[-2.37257437148986,50.7134301557562],[-2.37258658634468,50.7134281751412],[-2.37262633784489,50.7134280480046],[-2.37279453299725,50.7134294514699],[-2.37287713870099,50.7134350090654],[-2.37294448706137,50.7134444967473],[-2.37305481438735,50.7134751948356],[-2.37328167641271,50.7135482147018],[-2.37329078850524,50.7135404220019],[-2.37329678101154,50.7135248784922],[-2.37335120393469,50.7134470753609],[-2.37336341876762,50.7134450955648],[-2.37336652436573,50.7134509075646],[-2.37336351129534,50.7134567391735],[-2.37335444691043,50.7134703536781],[-2.37330308046648,50.713548146118],[-2.37330924257233,50.7135539483251],[-2.37347782384777,50.71360386582],[-2.37348696536921,50.713599956111],[-2.37355689369236,50.7135492731897],[-2.37357218331377,50.7135492241624],[-2.37357834403684,50.7135550263587],[-2.37358144825279,50.713560838356],[-2.3735723376214,50.7135686310726],[-2.37351148908406,50.7136076400893],[-2.3735206937243,50.7136114918786],[-2.37362808735257,50.7136577240099],[-2.37372924041533,50.7136884508533],[-2.37372928672532,50.7136942726557],[-2.37370788402178,50.7136943413154],[-2.37346258049191,50.7136097375386]]],[[[-2.37500928642194,50.7131434826526],[-2.37502220635598,50.7131434410665],[-2.37500511301654,50.7131598935795],[-2.37493658405576,50.7132065754986],[-2.37471358295011,50.7133220781051],[-2.37443470951545,50.7134514253836],[-2.37442192158621,50.7134678639824],[-2.37441772474995,50.7134815420532],[-2.37444364910348,50.7134923912987],[-2.37442664113314,50.7135197751276],[-2.3744281439666,50.7137083469299],[-2.37442412135374,50.7137438886717],[-2.3744112026686,50.7137439301926],[-2.37439826220544,50.7137412388656],[-2.37439706439408,50.7135909287104],[-2.37439645460341,50.7135144072079],[-2.37440493681365,50.7134979815498],[-2.37439193108709,50.7134870916798],[-2.37438323250735,50.7134761870678],[-2.3744173327231,50.7134323499157],[-2.3745761372865,50.7133662476491],[-2.37473485279252,50.7132892138012],[-2.37486779611433,50.7132204614256],[-2.37495348113829,50.7131655264852],[-2.37500928642194,50.7131434826526]]],[[[-2.36926188917561,50.7136932553386],[-2.3692567524955,50.7136852221248],[-2.36923646021639,50.713685286444],[-2.36921109309693,50.7136853668436],[-2.369180704565,50.7136919029278],[-2.36913262368601,50.7137065445633],[-2.36907690592456,50.713717990037],[-2.36890194294783,50.7137265937217],[-2.36845841081276,50.7137762962133],[-2.36815930393664,50.7138046098311],[-2.36798945030476,50.7138180260746],[-2.36796915792728,50.7138180903035],[-2.36796149732523,50.7138116747762],[-2.36797415432146,50.7138084152611],[-2.36825049539833,50.713788222593],[-2.36890693912745,50.7137169186829],[-2.36906919463066,50.7137051358125],[-2.3691300110941,50.7136968936259],[-2.36916795776337,50.7136838938265],[-2.36919327428521,50.7136773738199],[-2.36922115139159,50.7136740651312],[-2.36925159051113,50.7136739686531],[-2.36926173735639,50.7136739364905],[-2.36926678547902,50.7136707010504],[-2.3692842261495,50.713630397388],[-2.36929168444499,50.7136110544163],[-2.36929160853293,50.7136013954419],[-2.36924848450776,50.7136015321358],[-2.36914193440049,50.7136002600887],[-2.3690987612083,50.7135939571057],[-2.36905553886636,50.7135812144846],[-2.36897931267821,50.7135653569442],[-2.36894125087354,50.7135638677702],[-2.36875118191741,50.7135870083281],[-2.3685180518615,50.7136183343065],[-2.3683355673631,50.7136382307665],[-2.36830512826378,50.7136383270047],[-2.36830254108047,50.7136318954036],[-2.36845463839778,50.7136185348879],[-2.36890821191759,50.7135559220009],[-2.3689639913153,50.7135525259144],[-2.36901225050246,50.7135604225587],[-2.36906813246582,50.713569904753],[-2.36912152833949,50.7135858354736],[-2.3691545294004,50.7135889503439],[-2.36926107948206,50.7135902223803],[-2.36928642124826,50.7135869226131],[-2.36930672613573,50.7135884679659],[-2.36932197168639,50.7135916399729],[-2.36932204760472,50.7136012989471],[-2.36930958058734,50.7136287072943],[-2.36930710572609,50.7136367646355],[-2.36931981316681,50.7136399446884],[-2.36947960753676,50.7136378282741],[-2.36952780359658,50.7136376754053],[-2.3695430491712,50.7136408464831],[-2.3695456238666,50.713645668372],[-2.36952787955773,50.7136473343778],[-2.36931737910176,50.7136528319575],[-2.36930723226115,50.7136528641248],[-2.36929968539342,50.7136609375448],[-2.36929721194515,50.7136689948814],[-2.36929538519822,50.713759156641],[-2.36931101039375,50.7138106244163],[-2.36929331662447,50.7138187300044],[-2.36928316833133,50.7138187621753],[-2.36927554693973,50.7138171766159],[-2.36927294554578,50.7138091353667],[-2.36926773435255,50.7137914422761],[-2.36926195243191,50.7137013046338],[-2.36926188917561,50.7136932553386]]],[[[-2.3756373182076,50.7138203050133],[-2.37561376981046,50.7137966615139],[-2.37536744245053,50.7134718465443],[-2.37535757116497,50.7134677155774],[-2.37534773313786,50.7134677472741],[-2.37531164469274,50.7134657826027],[-2.37529850834056,50.7134637439845],[-2.3752919159325,50.7134596024493],[-2.37526876293756,50.7134347012984],[-2.37518900883032,50.713303833993],[-2.37519881499612,50.7132996396412],[-2.37520814444174,50.713314675252],[-2.37530261918662,50.7134448305528],[-2.37531668000229,50.7134507151152],[-2.37533536884774,50.7134506549068],[-2.37535870232175,50.7134476148017],[-2.37537743571822,50.713453485201],[-2.37565118952559,50.7138024707122],[-2.37566525332606,50.7138083552179],[-2.37569328468387,50.7138082648201],[-2.37581000448252,50.713798993555],[-2.37581009934963,50.7138108529623],[-2.37576338325064,50.7138110036594],[-2.37564668570956,50.7138232406351],[-2.3756373182076,50.7138203050133]]],[[[-2.37361124693218,50.7138533709453],[-2.37347221830025,50.7138293400938],[-2.37327903942425,50.7137859025279],[-2.37274158262679,50.7136113937652],[-2.37262166282981,50.7135652727951],[-2.37255600380711,50.7135532444502],[-2.37253670205068,50.713550858327],[-2.37254435733712,50.7135434912044],[-2.37258296083944,50.7135482625459],[-2.37262542252595,50.7135530224332],[-2.37269503397954,50.71357727643],[-2.37291929438685,50.7136499869793],[-2.37317446653558,50.7137299415965],[-2.37329438730209,50.713776061964],[-2.37349142293306,50.7138194880395],[-2.37358021897425,50.7138314416425],[-2.37362649886347,50.7138312932184],[-2.37366892056051,50.7138311571519],[-2.37369967600645,50.7138188201676],[-2.37372639944506,50.7137844682013],[-2.37372630209726,50.7137722301864],[-2.37371847174711,50.7137575700335],[-2.37292595884543,50.7135177936169],[-2.3727984018808,50.7134814877612],[-2.37274435200714,50.7134743180646],[-2.37270195146401,50.7134769015643],[-2.37267881098495,50.7134769755915],[-2.37264024635235,50.7134770989509],[-2.37267098242359,50.7134623144509],[-2.37272107844378,50.713457258496],[-2.37276347897506,50.7134546758892],[-2.37314610987226,50.713558698478],[-2.37370670675408,50.7137331311206],[-2.37374153305941,50.7137477046686],[-2.37376862496475,50.7137598560754],[-2.3737688586219,50.7137892267706],[-2.3737152574368,50.7138383511464],[-2.37365750595923,50.7138507747299],[-2.37363824295673,50.7138532843612],[-2.37361124693218,50.7138533709453]]],[[[-2.37180386042644,50.7136551628889],[-2.37180633382657,50.7136503762049],[-2.37178871482295,50.7136440610154],[-2.37175859724646,50.7136441571291],[-2.37175099223399,50.7136346238172],[-2.37175345303773,50.713628244544],[-2.37197530947421,50.7136443538575],[-2.37220790004601,50.7136685714544],[-2.37236187176808,50.713697577681],[-2.37235893254661,50.713705954002],[-2.37235140172662,50.7137059780728],[-2.37230616361539,50.7136981586097],[-2.37211772954428,50.7136732749951],[-2.37188917955023,50.7136532970282],[-2.37184150740573,50.7136550427307],[-2.37182144303626,50.7136566994021],[-2.3717421894835,50.7137907530579],[-2.37173222587454,50.7138003424327],[-2.37172475945439,50.7138083294095],[-2.37146148865746,50.7138410263091],[-2.3711079635414,50.7138867539307],[-2.37107285276164,50.7138900519401],[-2.37107280244415,50.7138836806773],[-2.37165197647,50.7138085616351],[-2.37168457876315,50.7138052723572],[-2.37171212221675,50.7137972204224],[-2.37173450742573,50.7137716633106],[-2.37179655931585,50.7136838571323],[-2.37180386042644,50.7136551628889]]],[[[-2.37491155981183,50.7134444799486],[-2.37492323909992,50.7134444423633],[-2.37502770548734,50.7137276629627],[-2.37503683839771,50.7137739663231],[-2.37508117080568,50.7138405421561],[-2.37509600891359,50.713870148173],[-2.37509901824775,50.7138812580935],[-2.3750990922277,50.7138905240474],[-2.37509036156388,50.713894258996],[-2.37509033196972,50.7138905522547],[-2.37501335706295,50.7137592154674],[-2.37491166333281,50.7134574526466],[-2.37490863928163,50.713444489347],[-2.37491155981183,50.7134444799486]]],[[[-2.37388821781235,50.7136840594322],[-2.3738851430198,50.7136821286504],[-2.37383935264878,50.7136919788527],[-2.37379969357349,50.7137037509137],[-2.37378136281545,50.7137057494811],[-2.37377215955145,50.7137018977092],[-2.37378432811614,50.7136940960652],[-2.37387282004872,50.7136705242983],[-2.37389111989495,50.7136646436168],[-2.37388766184088,50.7136141960127],[-2.37384757046623,50.7135716294708],[-2.37370634040989,50.7135002758322],[-2.3734791988637,50.7133923250884],[-2.37346687465428,50.7133807206914],[-2.37346375645567,50.713372968084],[-2.37346982600412,50.713367126675],[-2.3737338897469,50.7135040696573],[-2.37385973897717,50.713563826921],[-2.37389056391236,50.713594779298],[-2.37390900273069,50.713606364919],[-2.37392733485326,50.7136043654292],[-2.37401880580189,50.7135710798474],[-2.37404617262663,50.7135515845843],[-2.37405531408271,50.7135476739335],[-2.37405848016602,50.7135612492168],[-2.37393351107296,50.7136121082055],[-2.37390911083949,50.7136199491229],[-2.37389602968832,50.7138975112656],[-2.37389303493206,50.7139052834779],[-2.37388080314186,50.7139053227367],[-2.37388077225567,50.7139014415357],[-2.37388531290178,50.7137034761559],[-2.37388523567877,50.7136937722538],[-2.37388821781235,50.7136840594322]]],[[[-2.36757899976247,50.7139377877952],[-2.36754462067752,50.7138861885229],[-2.36738403478877,50.7135308868581],[-2.36712579660871,50.7129017885915],[-2.36692222838462,50.712405097855],[-2.36676602982173,50.7120787734664],[-2.3666559235905,50.7118050159654],[-2.36649966722205,50.7114707839519],[-2.3663557694917,50.71112333552],[-2.36632612483033,50.7110496308871],[-2.36635148324008,50.711039160606],[-2.36637643829634,50.7110443535501],[-2.36639813120339,50.7111134438254],[-2.36645737698007,50.7112555806703],[-2.36645750029448,50.7112713942193],[-2.36647830147906,50.7112765993401],[-2.36651144135001,50.7112659534064],[-2.36670186089075,50.7111889188468],[-2.36673495667831,50.7111730013761],[-2.36676813612935,50.7111676250582],[-2.36686777590289,50.711164674759],[-2.36690101706778,50.7111672056272],[-2.36690934279369,50.7111698151487],[-2.36690107879589,50.7111751119517],[-2.36685955305339,50.7111752430416],[-2.36680143900248,50.7111780622795],[-2.36676828011887,50.7111860743481],[-2.36674758036114,50.7111940461915],[-2.36649923025269,50.7112976188919],[-2.36648272267976,50.71131084908],[-2.36650414195299,50.7113951219351],[-2.36651255132676,50.711408272647],[-2.36653748604567,50.7114108307137],[-2.36659551957145,50.7113974686372],[-2.36698916504896,50.711288166302],[-2.36730395380459,50.7111843825991],[-2.3673495497138,50.7111736952607],[-2.36735791808286,50.7111815753286],[-2.36735384650708,50.7111921314235],[-2.36657919844463,50.7114344196064],[-2.36656677893278,50.7114397294929],[-2.3665543431149,50.7114424045227],[-2.3665711385336,50.7114660720045],[-2.36657539392835,50.7114792367134],[-2.36658369913085,50.7114792105167],[-2.36671643698215,50.7114603420043],[-2.36684088868946,50.7114441353022],[-2.3668741094736,50.7114440304363],[-2.36687415063476,50.7114493028179],[-2.36686588658401,50.7114545996183],[-2.36671660152113,50.7114814270346],[-2.36662530597241,50.7114896215944],[-2.36660884090868,50.711508123278],[-2.36661763958696,50.7115713503714],[-2.36662604619862,50.7115845019828],[-2.36663852459416,50.7115870984232],[-2.36704524974393,50.7115568225265],[-2.36705351236899,50.7115515248186],[-2.36705338885284,50.7115357112716],[-2.36705667826947,50.7114250051197],[-2.36705661651463,50.7114170987956],[-2.36706481735773,50.7114038947628],[-2.36707312254647,50.7114038685313],[-2.36708669205713,50.7115461493091],[-2.36709503844303,50.7115513936587],[-2.36714900033697,50.7115485882915],[-2.36716972218506,50.7115432512143],[-2.36720585998582,50.7113849994626],[-2.36720577761036,50.7113744573975],[-2.36722236596431,50.7113717691772],[-2.36723071234126,50.7113770144166],[-2.36721120564989,50.7115378494348],[-2.36721124683495,50.7115431200175],[-2.3673565454465,50.7115373901184],[-2.36736480944926,50.7115320923841],[-2.3674592257115,50.7113921060649],[-2.36750042044629,50.7113498047081],[-2.36761621875531,50.7112888194328],[-2.3676700359715,50.7112675645375],[-2.36769908342256,50.711264836833],[-2.36789443762409,50.7112879390538],[-2.36789865211105,50.7112958331313],[-2.3678820830332,50.7113011562938],[-2.3677033803614,50.7112832729822],[-2.36767431369368,50.7112833649424],[-2.36757512582923,50.7113442977413],[-2.36756272990944,50.7113522443649],[-2.36800314634047,50.7113824777603],[-2.3680321937657,50.7113797502342],[-2.36804874075094,50.7113717914634],[-2.36806117784755,50.7113691163821],[-2.36806121913468,50.7113743878638],[-2.36805714912071,50.7113849430416],[-2.36804062277466,50.7113955375546],[-2.3680281650281,50.711395576893],[-2.36753795865745,50.7113707715506],[-2.36751719711758,50.7113708372066],[-2.36745980274602,50.7114659014166],[-2.3674474700117,50.711481754347],[-2.36745166240841,50.7114870118048],[-2.36813666755697,50.7114637606815],[-2.36817402020081,50.7114610068851],[-2.36820298364891,50.7114477372568],[-2.36821955128151,50.7114424142025],[-2.36835652464603,50.7114340739567],[-2.36849357780036,50.7114362765202],[-2.36849361913654,50.711441548],[-2.36847287687305,50.7114442493846],[-2.36827772879382,50.711447501096],[-2.36825696586026,50.7114475667022],[-2.36820730002748,50.711468809167],[-2.36817412344389,50.7114741846887],[-2.36745182727735,50.7115080968331],[-2.36743110688629,50.7115134330565],[-2.36740234773913,50.7115530583701],[-2.36740243016623,50.7115636013338],[-2.36747723752515,50.7115712713395],[-2.36802107761794,50.7115511010392],[-2.36844868460043,50.7115365727582],[-2.36846946964928,50.7115391419527],[-2.36846537904713,50.7115470614019],[-2.36739432957547,50.7115899823049],[-2.36736524211941,50.7115874393469],[-2.36735681328011,50.711571652053],[-2.36734009983445,50.7115585267505],[-2.36667190999274,50.7116080777453],[-2.36663459817056,50.7116161028779],[-2.36666021301846,50.7117056331769],[-2.36668556061114,50.7117609006331],[-2.36669392756488,50.7117687816517],[-2.3672957409246,50.7117273468463],[-2.36732065524526,50.7117272681045],[-2.3673206964499,50.7117325395863],[-2.36731247502004,50.7117431078954],[-2.36672731170126,50.7117897609614],[-2.36671070260308,50.7117898133705],[-2.36670659111031,50.7117950979556],[-2.36677017504449,50.7119609413916],[-2.36677440997563,50.7119714712501],[-2.36706496732268,50.7119547399764],[-2.36779117482837,50.711889188307],[-2.36783269978098,50.711889056888],[-2.3678369363597,50.7118995867029],[-2.36784113025372,50.7119048441416],[-2.36686591076575,50.7119896312877],[-2.36679953013881,50.7119977473311],[-2.36677461567332,50.7119978259618],[-2.36685067868634,50.7121662657705],[-2.36685904574023,50.7121741467764],[-2.3669254883401,50.7121739370218],[-2.36787575435281,50.7120839576586],[-2.36792971680252,50.7120811510294],[-2.36795876474071,50.7120784232591],[-2.36812788478931,50.7119329294779],[-2.36816089793133,50.7119064689304],[-2.36833522424436,50.7118953757524],[-2.36858026771636,50.7118998717081],[-2.36859268283973,50.7118945617309],[-2.36859276552883,50.7119051037897],[-2.36858037108307,50.7119130504058],[-2.36823157520894,50.7119167879505],[-2.36818591694544,50.7119195680171],[-2.36800438054548,50.7120703715624],[-2.36797543584939,50.7120862769941],[-2.36795888856384,50.7120942368029],[-2.36690073557465,50.712195100716],[-2.36688005596694,50.7122057074242],[-2.36687594445709,50.712210992015],[-2.36689713991519,50.7122662734273],[-2.36691806790238,50.7122872929031],[-2.36693054649364,50.7122898884121],[-2.36709663140008,50.7122867290147],[-2.36787703355667,50.7122473618791],[-2.36792273071394,50.7122498530273],[-2.36793522998734,50.7122550841691],[-2.36793527126167,50.71226035565],[-2.36791868263567,50.7122630439721],[-2.36695568750434,50.7123188010972],[-2.36693907821964,50.7123188535394],[-2.36693085518563,50.7123294218255],[-2.36696047819676,50.7124004905518],[-2.36697723441372,50.7124188864839],[-2.36822669676669,50.7123543173876],[-2.36825161277221,50.7123542386498],[-2.36825167473037,50.7123621449705],[-2.36824343276691,50.7123700775333],[-2.36700231377457,50.7124398928353],[-2.36698989687831,50.7124452027577],[-2.36704096426112,50.7126031790344],[-2.36706611664204,50.7126124836388],[-2.36826143790743,50.7125269989752],[-2.36829881205411,50.7125268808507],[-2.36832366476468,50.7125188957788],[-2.36857145710709,50.7123441617343],[-2.36860868638592,50.7123255942399],[-2.36862106168372,50.7123150127734],[-2.36872072561657,50.7123146974561],[-2.36874983420639,50.7123198760556],[-2.36875402823763,50.7123251343925],[-2.36874161160894,50.7123304452934],[-2.36863364372833,50.7123307868994],[-2.36839411573346,50.7125002242287],[-2.36837345563408,50.7125134676705],[-2.36837353827536,50.7125240097299],[-2.36887571612681,50.7124855225079],[-2.36891306812869,50.7124827684536],[-2.36892139417922,50.7124853778971],[-2.36891317158466,50.7124959462471],[-2.36838614094886,50.7125424187234],[-2.36709952355212,50.7126360985729],[-2.36707047662778,50.7126388252262],[-2.36705805969384,50.712644136055],[-2.36713852459908,50.7128441896226],[-2.36715129164728,50.7128836836747],[-2.3671555267409,50.712894212618],[-2.36721358110663,50.7128834868767],[-2.36750790643689,50.7128166658906],[-2.36754525887558,50.7128139119631],[-2.36755358351284,50.7128165214414],[-2.36754536194708,50.7128270897654],[-2.36720546242916,50.7129072329795],[-2.36717643311302,50.7129125963081],[-2.36716821143861,50.7129231637063],[-2.36730338403024,50.713215291193],[-2.36731598650806,50.7132337011008],[-2.36733261671944,50.7132362843443],[-2.36768483369906,50.7131376520581],[-2.36774286761603,50.7131242903131],[-2.36776352679614,50.7131110468135],[-2.36776759845085,50.7131004916068],[-2.3677861948171,50.712823692071],[-2.36778596791701,50.7127947016262],[-2.36779830229554,50.7127788486584],[-2.36781076185839,50.712778809227],[-2.36781745059275,50.713102969648],[-2.36781755374162,50.7131161474492],[-2.36780106653496,50.7131320135606],[-2.36775549086185,50.7131453350141],[-2.36735767748059,50.7132546539707],[-2.36734528102175,50.7132626005701],[-2.36733290515581,50.7132731820091],[-2.36735858406236,50.713370618444],[-2.36736701322799,50.7133864057321],[-2.36739192984427,50.7133863269682],[-2.36761161141536,50.7133329197946],[-2.36788104165309,50.7132688124205],[-2.36802607566101,50.7132288191651],[-2.36806332650877,50.7132128875565],[-2.36807157006777,50.713204954997],[-2.36796044251822,50.7128020558724],[-2.36796027741357,50.7127809708502],[-2.3679601742259,50.7127677930485],[-2.36797674381102,50.7127624698748],[-2.36798504923896,50.7127624435776],[-2.36810458414001,50.7131784944399],[-2.36811301350223,50.7131942817384],[-2.36815032624233,50.7131862573234],[-2.3682454454572,50.7131358791208],[-2.36827846079797,50.7131094185145],[-2.36827837817649,50.7130988764554],[-2.3682781303053,50.7130672493787],[-2.36818092559661,50.7128514358632],[-2.36817640118484,50.7128040083645],[-2.36817629793624,50.712790830564],[-2.36818871475926,50.7127855206167],[-2.36820534623627,50.7127881038656],[-2.3682097246953,50.712817082087],[-2.36820978664737,50.7128249884074],[-2.36822641954892,50.712827570749],[-2.36832593714734,50.7128088073622],[-2.36838401307854,50.7128007172447],[-2.36840068589228,50.7128085710448],[-2.36839661583164,50.7128191262335],[-2.36825145831672,50.7128433055466],[-2.3682307360692,50.7128486426487],[-2.36831963554791,50.7130644832707],[-2.36832808561499,50.7130829053925],[-2.36834050249834,50.7130775954272],[-2.36837760848534,50.7130432144488],[-2.36839826881781,50.7130299709996],[-2.36842729517182,50.7130246085065],[-2.36842324718019,50.7130377994309],[-2.36836967492693,50.7130906813202],[-2.36817945738275,50.7131940717837],[-2.36794750359873,50.7132712378282],[-2.36742942700282,50.7134020223582],[-2.36740455300413,50.7134073717066],[-2.36740050185662,50.7134205635396],[-2.36741769137229,50.713494306348],[-2.36743446593731,50.7135153379583],[-2.36743450715731,50.7135206094384],[-2.3675091733526,50.7135098310306],[-2.36824691189186,50.7133230040427],[-2.3682676136987,50.7133150320909],[-2.36826744845245,50.713293947074],[-2.36826734517628,50.7132807692756],[-2.36827143596293,50.7132728498295],[-2.36828804554452,50.7132727973254],[-2.36829242693483,50.7133017755291],[-2.3682967848326,50.7133281171026],[-2.3674968799058,50.7135309545474],[-2.36747202646587,50.7135389405495],[-2.36745965055608,50.7135495220015],[-2.36748524601811,50.7136364163467],[-2.36750617629741,50.713657435705],[-2.36751863326084,50.7136573963132],[-2.36760154479622,50.7136386843568],[-2.36804485412028,50.7135055005029],[-2.36808627859786,50.7134921915009],[-2.36811117456469,50.7134894770329],[-2.36810716490646,50.7135079394382],[-2.36757270061396,50.713667766746],[-2.36753127716635,50.7136810767764],[-2.36752301279878,50.7136863736223],[-2.367544230308,50.7137442906389],[-2.36754840372548,50.7137469132454],[-2.36756090194005,50.7137521444295],[-2.36767275949775,50.713717527841],[-2.36794212993776,50.7136455131045],[-2.36835643160231,50.713520329675],[-2.36843101475836,50.71349900919],[-2.36843925971431,50.7134910757015],[-2.36845423676657,50.7132828141707],[-2.36845820210768,50.713259081188],[-2.36846223227337,50.7132432545144],[-2.36871924476127,50.7131844582045],[-2.36908818989345,50.7131015845765],[-2.36912554379981,50.713098831333],[-2.36913391137655,50.7131067113334],[-2.36911738466723,50.7131173060081],[-2.36854947987643,50.7132482492599],[-2.3685080985056,50.713266829889],[-2.36848758347796,50.7132944578633],[-2.36848469144924,50.7134552402881],[-2.36848481545664,50.7134710538228],[-2.36849314165327,50.7134736623921],[-2.36850142510852,50.7134710012859],[-2.36862158515793,50.7134363583889],[-2.36866710013281,50.7134151288321],[-2.36871275983261,50.7134123485295],[-2.36889118233738,50.7133933348797],[-2.36913596316912,50.7133635675115],[-2.36921897405819,50.7133580328574],[-2.36924389201435,50.7133579538851],[-2.36924808619539,50.7133632121982],[-2.36923984139301,50.7133711448394],[-2.36890797818351,50.7134170021306],[-2.36870881245766,50.7134387172638],[-2.36863009886085,50.713462687693],[-2.36845609882921,50.713515950626],[-2.3680873528881,50.7136251762051],[-2.36806669362005,50.7136384196053],[-2.36805844857452,50.7136463530702],[-2.36805859307606,50.7136648014502],[-2.36807119594336,50.7136832113672],[-2.36811697982621,50.7136962448267],[-2.36820416628957,50.7136933334839],[-2.36852778862009,50.7136554115999],[-2.36868131611571,50.7136391118974],[-2.36886816777726,50.7136358846035],[-2.36909243584935,50.7136378100778],[-2.36914224852256,50.7136350164433],[-2.36914648270715,50.7136455453396],[-2.36895547966211,50.7136487862281],[-2.36872294734157,50.7136521582572],[-2.36856113491505,50.713671119132],[-2.3683370747172,50.7136955491286],[-2.36811714499965,50.7137173289454],[-2.36807142302651,50.7137122018066],[-2.36802561850437,50.7136965334888],[-2.36800466879581,50.7136728783241],[-2.36797142867989,50.7136703485311],[-2.36794237833562,50.7136730754117],[-2.36756530434268,50.7137796944985],[-2.36754875496924,50.7137876533538],[-2.36754049058497,50.7137929502009],[-2.36759521930271,50.7138876606959],[-2.36759943396781,50.7138955538809],[-2.36762852286535,50.7138980967754],[-2.36776132901037,50.7138871351819],[-2.36803522596491,50.7138625471612],[-2.36837554345103,50.7138351152324],[-2.36852097269685,50.7138451975732],[-2.3685625819725,50.713855608251],[-2.36857925661829,50.7138634629053],[-2.36856683956026,50.7138687738007],[-2.36840060489356,50.7138534857099],[-2.36812668801811,50.7138754362881],[-2.36781961280736,50.7139053995725],[-2.36763707593995,50.7139296975814],[-2.36759561103448,50.7139377352558],[-2.36757899976247,50.7139377877952]]],[[[-2.37000896496112,50.7134830315528],[-2.37013027112583,50.7133244900287],[-2.37044145399198,50.7128957026396],[-2.37051014224104,50.7127995531222],[-2.37053038468042,50.7127761541326],[-2.37055080969617,50.7127760891782],[-2.37067730981211,50.7128568219955],[-2.3706910658497,50.7128712090389],[-2.37069789833578,50.7128726306517],[-2.37087969785451,50.7126998851383],[-2.37089249082239,50.7126792876911],[-2.3709436816212,50.7125989508955],[-2.3709500625543,50.7125865960065],[-2.37095974613685,50.7125824536531],[-2.37095977859559,50.7125865650748],[-2.37090224075317,50.7126833681809],[-2.37072231602077,50.7128689576264],[-2.37071592018643,50.71287925679],[-2.37071595262398,50.7128833682123],[-2.37084621011958,50.7129713505879],[-2.37086577499916,50.7129877344135],[-2.37089173429,50.7129938190679],[-2.37090793019442,50.7129937675104],[-2.37102443622831,50.7129810619893],[-2.3710599683872,50.7129686142609],[-2.37106965345552,50.7129644718918],[-2.37107112309024,50.7127403909214],[-2.37107105815275,50.7127321680789],[-2.3710709932153,50.7127239452364],[-2.37108071070144,50.7127239142891],[-2.37108571946823,50.7129479746258],[-2.3710857844088,50.7129561974679],[-2.3710858168791,50.7129603088889],[-2.37123137651205,50.7129351760555],[-2.37123778990515,50.7129269334723],[-2.37123027210438,50.7127953895527],[-2.37122013375436,50.7127419720389],[-2.37122322533147,50.7127234603302],[-2.37123616573764,50.7127213633398],[-2.37126355570371,50.7129083486168],[-2.37126360443973,50.7129145166467],[-2.37127333820883,50.7129165413923],[-2.37128305573494,50.7129165104269],[-2.37137036299093,50.7128977303242],[-2.37158057282892,50.7128559448936],[-2.37167759735942,50.7128371335779],[-2.37172281280387,50.712820544143],[-2.37176807700446,50.7128101209207],[-2.37178746321302,50.7128038917797],[-2.37181985347006,50.7128037884227],[-2.37184576539228,50.7128037057315],[-2.37205006575583,50.7128338890736],[-2.37222526695248,50.712870333196],[-2.37228369809955,50.7128865925995],[-2.37229680138124,50.7129050516779],[-2.37230672924476,50.7129317448429],[-2.37231014901822,50.7129543472818],[-2.37232386851022,50.7130509232875],[-2.37232401511904,50.7130694246637],[-2.37232084250872,50.7130776578443],[-2.37230140880788,50.7130777199451],[-2.37229486528107,50.7130695178121],[-2.37228506628337,50.7130592703203],[-2.37227127888664,50.7129544714822],[-2.37227106714952,50.7129277472704],[-2.37224496114737,50.7129031624494],[-2.37216379065122,50.7128787526183],[-2.37208641821261,50.7128612236033],[-2.37204626973697,50.7128556953185],[-2.37198822749507,50.7128434597416],[-2.37191579706513,50.7128322125111],[-2.37183431340058,50.7128195588702],[-2.37178599589325,50.7128214396778],[-2.37174766710319,50.7128344756796],[-2.37170706786777,50.7128460827573],[-2.37169354897613,50.7128518651099],[-2.37163705685364,50.7128549149233],[-2.37153327050267,50.7128810724311],[-2.37127145575569,50.7129349934931],[-2.3710706112162,50.7129801118792],[-2.3709351873527,50.7130078039855],[-2.37091937385561,50.7130092895862],[-2.37090356035039,50.7130107742855],[-2.37088092150557,50.7130065423803],[-2.37087187955696,50.7130065711624],[-2.37086513064894,50.7130108966166],[-2.37086296075661,50.7130223819804],[-2.37083430759829,50.7131157342964],[-2.37081226739345,50.713187543903],[-2.3708123806153,50.7132018907146],[-2.37081242591399,50.7132076306982],[-2.3708033513712,50.7132033547088],[-2.37080329476166,50.713196181303],[-2.3708183581847,50.7131000026316],[-2.37084715857256,50.713025301893],[-2.37085378149936,50.7130051935127],[-2.37085371355481,50.7129965848862],[-2.370828746295,50.7129837515388],[-2.3706288120439,50.7128581264585],[-2.37056975526846,50.7128224445641],[-2.37054478534753,50.7128096111587],[-2.37052894926987,50.7128082262624],[-2.3705132602725,50.7128254938433],[-2.37023614180019,50.7132324194681],[-2.37022727926885,50.7132554045539],[-2.37022956237818,50.713258266914],[-2.37026347270385,50.7132581591492],[-2.37036060209777,50.7132478063216],[-2.37048705006498,50.7132287531394],[-2.37057294616885,50.7132270447032],[-2.37061363654788,50.7132269152717],[-2.37062713304853,50.713218263494],[-2.37065970639528,50.7130488544076],[-2.37066408165624,50.7130301884431],[-2.3706685460445,50.7130230006533],[-2.37067764458636,50.7130301452936],[-2.37064512648645,50.7132067277942],[-2.37064531888474,50.7132311184561],[-2.37064883184501,50.713234031751],[-2.37068050429089,50.7132368005994],[-2.37077563203598,50.7132594548125],[-2.37087296374631,50.7132749274443],[-2.37089559423177,50.7132777250162],[-2.37090009399749,50.713274841077],[-2.37100021209934,50.713070782414],[-2.37102918211632,50.7130176027542],[-2.37103362520403,50.713007545406],[-2.37104266573633,50.7130075166159],[-2.37104275637569,50.7130189947829],[-2.37092724406877,50.7132776242542],[-2.37092051777927,50.7132848192544],[-2.37092745926828,50.7133048844522],[-2.37096379862104,50.7133262904038],[-2.37110234510267,50.7134076318107],[-2.3711498979103,50.7134175244246],[-2.37117250439695,50.713417452403],[-2.37118825001695,50.7134073581401],[-2.37123537208092,50.7133627303365],[-2.37132068730994,50.7132878494053],[-2.37145096550144,50.7131812593317],[-2.37152069342765,50.7131365584526],[-2.37174805536623,50.7130138769385],[-2.37184265092517,50.712969096536],[-2.3718877484837,50.7129546045397],[-2.37192388499864,50.7129501852244],[-2.37194649125641,50.7129501130604],[-2.37197820901927,50.7129586206396],[-2.37200547255772,50.7129757503686],[-2.37207607448612,50.7130415251029],[-2.37216261653359,50.7131215969305],[-2.37217863318129,50.7131459370177],[-2.37219707229099,50.7131903566449],[-2.37223824003034,50.7132504860659],[-2.37224285337995,50.7132619497723],[-2.37223609461593,50.7132648409782],[-2.37222468840845,50.7132519646181],[-2.37219725413294,50.7132133120579],[-2.37216292337107,50.7131603352592],[-2.37215595864339,50.7131374006125],[-2.37206482885408,50.7130487354947],[-2.37201472039295,50.7130015473502],[-2.37197834531689,50.7129758369782],[-2.37195339764278,50.7129658734304],[-2.37193526833392,50.7129601920801],[-2.37191266207122,50.7129602642421],[-2.37187883287836,50.7129704163139],[-2.37177737002818,50.7130143913173],[-2.3716760722885,50.7130692362466],[-2.37157926125238,50.7131197619164],[-2.37156576638113,50.7131284146923],[-2.37156580041583,50.7131327185534],[-2.37181935595839,50.7131778234452],[-2.37190990776154,50.7131933159439],[-2.37192351617291,50.7131990126265],[-2.37191905337822,50.7132062004537],[-2.37157718371918,50.7131427254449],[-2.37156133615582,50.7131399063731],[-2.3715500223465,50.713138508097],[-2.37153647924383,50.7131414208986],[-2.37149598178719,50.7131659412954],[-2.37148701779405,50.7131760130734],[-2.37148251949779,50.7131788979284],[-2.37189683168743,50.7132550538966],[-2.37202138205008,50.7132819171186],[-2.3720756851681,50.7132874829305],[-2.37208246666956,50.7132874612727],[-2.37208924817099,50.7132874396144],[-2.37209601831349,50.7132859836358],[-2.37210041432194,50.7132701862812],[-2.3721047094898,50.7132414773444],[-2.37208865734097,50.7132128324932],[-2.3720407978157,50.7131642028287],[-2.37201356680624,50.7131513760776],[-2.37198411082244,50.7131428621904],[-2.3718890735814,50.7131316871338],[-2.37175564917247,50.7131263737148],[-2.37172852184311,50.7131264602692],[-2.37171267427623,50.7131236412181],[-2.37170810788912,50.7131179165615],[-2.3717171498585,50.7131178877139],[-2.37176462444654,50.7131177362387],[-2.37195463212613,50.7131314778566],[-2.37197724841783,50.7131328409075],[-2.37198851963462,50.7131285000537],[-2.3719815777154,50.7131084349329],[-2.37196993309133,50.7130654288277],[-2.37196291310157,50.7130353207615],[-2.37196058588038,50.7130267193546],[-2.37196733326513,50.7130223929456],[-2.371974194242,50.7130324151336],[-2.37199737985569,50.7131055148681],[-2.37201116006179,50.7131327326331],[-2.37206800469354,50.713174159139],[-2.37210678959964,50.7132185138064],[-2.37211610288571,50.7132529194021],[-2.37211847842537,50.7132672589742],[-2.37211184323266,50.7132859330929],[-2.37210739181811,50.7132945552464],[-2.37210290349179,50.713298874449],[-2.37221840071046,50.7133243311122],[-2.37232938984476,50.7133512382188],[-2.37233844464158,50.7133526436367],[-2.37233849012152,50.7133583827139],[-2.37232948080241,50.7133627163734],[-2.3721256235453,50.713313149041],[-2.37182446876311,50.7132524152504],[-2.37150976029513,50.7131931582339],[-2.37148487215128,50.7131903679797],[-2.37147585143792,50.713193266355],[-2.37146232107038,50.7131976134648],[-2.37138144785445,50.7132624371329],[-2.3713724724814,50.7132710745825],[-2.37137476841483,50.7132753712341],[-2.3714426911668,50.7132880684106],[-2.37176173673139,50.7133243548516],[-2.37194054495462,50.7133510450075],[-2.37203109572554,50.7133665383028],[-2.37211267271432,50.7133906690237],[-2.37218527595263,50.7134234371879],[-2.37224206427048,50.7134576910916],[-2.37224891540941,50.7134662771358],[-2.37223991743167,50.7134720460083],[-2.37221945776702,50.7134577633212],[-2.37211278634477,50.7134050167192],[-2.37205608908358,50.7133822418032],[-2.37200400233972,50.7133709296847],[-2.37194744146113,50.7133653710502],[-2.37182519542056,50.7133442396254],[-2.37164187762951,50.7133189980316],[-2.37139070673918,50.7132896684932],[-2.37137034947933,50.7132882990287],[-2.3713635679772,50.7132883206452],[-2.37126480031947,50.7133775916431],[-2.37124910006478,50.7133934240984],[-2.3712423979044,50.7134034895517],[-2.37126728898068,50.7134062798452],[-2.37130343582402,50.7134032950342],[-2.3715046236971,50.7134012184003],[-2.37174201512108,50.7134033307735],[-2.37187089518191,50.7134057890771],[-2.37192515158143,50.7134056158802],[-2.37194550891552,50.7134069861448],[-2.37195234722144,50.7134141378929],[-2.37206356364154,50.7134697397432],[-2.37225435859644,50.7135824776552],[-2.37232023470323,50.7136224416955],[-2.37235195298533,50.7136309482551],[-2.37235875728515,50.7136337970172],[-2.37235651809287,50.7136366737855],[-2.37234455377373,50.7136382839723],[-2.37231509599787,50.7136297692871],[-2.37229466039454,50.7136183561508],[-2.37222198857607,50.7135769794522],[-2.37207210300521,50.7134913716998],[-2.37197220325672,50.7134371689836],[-2.37193818916818,50.7134243638767],[-2.37191328952215,50.713420139399],[-2.37185222745827,50.7134174647013],[-2.37175728050427,50.713417767715],[-2.37163517058413,50.7134138524346],[-2.37147238150302,50.7134115028954],[-2.37136610651077,50.7134089720967],[-2.37127119357666,50.713413578576],[-2.37124859842502,50.7134150849376],[-2.37123960033278,50.7134208537367],[-2.37123739650248,50.713428034343],[-2.37123743050718,50.713432338205],[-2.37124423470297,50.7134351861363],[-2.37130537470423,50.7134479041009],[-2.37137555678212,50.7134605941083],[-2.37150678966498,50.7134745237611],[-2.37166060644713,50.713485511606],[-2.37181665968723,50.7134936224958],[-2.37186413465781,50.7134934709673],[-2.37193891605433,50.7135161882407],[-2.37202049467464,50.7135403190138],[-2.37211579413135,50.7135844931826],[-2.37219904300744,50.7136213325492],[-2.37221524421364,50.7136335443061],[-2.37221849457895,50.7136376220605],[-2.37221852696483,50.7136417100966],[-2.37220564513025,50.7136417512545],[-2.37209611786814,50.7136380130012],[-2.37194786422626,50.7136241788438],[-2.37184796568943,50.7136163214722],[-2.37181255436567,50.7136184794658],[-2.37180281248193,50.7136082911052],[-2.37187688404279,50.7136080546816],[-2.372125021411,50.7136277012282],[-2.37216368309387,50.7136296217952],[-2.37217654873407,50.7136275366238],[-2.37217650016081,50.7136214045695],[-2.37216034894931,50.7136153239574],[-2.37201489399994,50.7135483387179],[-2.3719115968498,50.7135180092748],[-2.37186317722407,50.7135038571452],[-2.37182129627068,50.7135019467495],[-2.37168920757584,50.7134962360371],[-2.37157000212978,50.7134904849837],[-2.37143141009909,50.7134766193347],[-2.37137661225303,50.7134706618175],[-2.37128631194107,50.7134545979692],[-2.37124117654545,50.7134486104918],[-2.37121541298024,50.7134486925868],[-2.37118964941491,50.7134487746761],[-2.37118000457921,50.7134508494768],[-2.37116081035308,50.7134672614008],[-2.37113203727243,50.7134939250933],[-2.3711096383518,50.7135123912902],[-2.37109686954967,50.7135267395645],[-2.37107754755123,50.7135268011113],[-2.37107748298719,50.7135186259308],[-2.37108374561362,50.7134961220972],[-2.37111247172105,50.71346332815],[-2.37112527278364,50.7134530670151],[-2.3711123102854,50.7134428888503],[-2.37106880580209,50.7134215543334],[-2.37102272310667,50.7133962208024],[-2.37091896903146,50.7133310302762],[-2.37089010816406,50.7133074620063],[-2.37086706549877,50.7132947952087],[-2.37079528773031,50.7132841036735],[-2.37072919019991,50.7132661134173],[-2.37065453003448,50.7132536108147],[-2.3705627099536,50.7132466231951],[-2.37049101984553,50.7132468511934],[-2.3703850600791,50.7132653887071],[-2.37026185415949,50.7132785195864],[-2.37021314770254,50.7132841348218],[-2.37019596909881,50.7132878297101],[-2.37018457115388,50.7132969657819],[-2.37012499572014,50.7133790555613],[-2.37011649453559,50.7133918227263],[-2.37011082997173,50.7134009414767],[-2.37012237272862,50.7134100046618],[-2.3701511916742,50.7134281128118],[-2.37016271869075,50.7134353558915],[-2.37017421845624,50.7134389596541],[-2.37018282141837,50.7134389323184],[-2.37020576217852,50.7134388594218],[-2.37028886630557,50.7134313156084],[-2.37034330774132,50.7134256821065],[-2.37035760391987,50.7134201771073],[-2.37036904489363,50.7134165004346],[-2.37037469506897,50.7134055624676],[-2.3703688297083,50.7133892006576],[-2.37036299446801,50.7133764799521],[-2.37036286535058,50.7133600990066],[-2.37038561957827,50.7133363674083],[-2.37042846211297,50.7133143902885],[-2.37043411084569,50.7133034523238],[-2.37045131813571,50.7133033976107],[-2.37043709516669,50.7133180031403],[-2.37041426783015,50.7133326360257],[-2.37039151220963,50.7133563685328],[-2.37039466867811,50.7133927588122],[-2.37040338640822,50.7134072914012],[-2.37040345814106,50.7134163910268],[-2.37039779362342,50.7134255088901],[-2.37036058680119,50.7134347270312],[-2.3702717607772,50.7134441101315],[-2.37022592226809,50.7134497153628],[-2.37020590557426,50.7134570595751],[-2.37020306612734,50.7134607088996],[-2.3702435010607,50.7134969807204],[-2.37027819979325,50.7135332707569],[-2.37029256630055,50.7135368644958],[-2.3703069342335,50.7135404591276],[-2.3704159608206,50.7135473922237],[-2.37075449896167,50.7135663360771],[-2.37078317605072,50.713566244809],[-2.37078892525801,50.7135680457614],[-2.37079185084492,50.7135753170502],[-2.37033284216933,50.7135531169281],[-2.37031560751391,50.7135495314122],[-2.37031275514186,50.7135513606297],[-2.3703190401119,50.7135787301418],[-2.37043440385884,50.7137028143618],[-2.37050853024353,50.7137777677455],[-2.37052920104158,50.71380881452],[-2.37053336904802,50.713819171803],[-2.37052117312087,50.7138269893992],[-2.37041009802175,50.7137288189003],[-2.37033156154911,50.7136123963986],[-2.37022446858696,50.713501248955],[-2.37013825215783,50.7134470757584],[-2.37009725858614,50.713429056642],[-2.37008091806028,50.7134291085508],[-2.36999604935078,50.7135460512379],[-2.36989097930918,50.713691577016],[-2.3697691584724,50.7137853022613],[-2.36961898673819,50.7139102289912],[-2.36959874476629,50.7139336278454],[-2.36960718095504,50.7139673071526],[-2.36960734410977,50.7139880486267],[-2.36959929539826,50.7140036299838],[-2.36957043509027,50.7139700163749],[-2.36956616532132,50.7139466952921],[-2.36957010882119,50.7139285343246],[-2.36964305119329,50.7138531128302],[-2.36976489003774,50.7137619811832],[-2.36986630582138,50.7136709133666],[-2.37000896496112,50.7134830315528]]],[[[-2.36707506665228,50.7131761930987],[-2.36702483472111,50.7130679725722],[-2.36700613038852,50.71306803164],[-2.36649959874829,50.713349769187],[-2.36634312257518,50.7134309805879],[-2.36574995854743,50.7136370180882],[-2.36561557297922,50.7136730526343],[-2.36560434966689,50.7136730879419],[-2.3656117385649,50.7136611932324],[-2.36570134742937,50.7136395451761],[-2.36602963374346,50.7135245569631],[-2.36634673363327,50.713414351312],[-2.36698735330867,50.7130585944812],[-2.36700224147217,50.713049051014],[-2.36700961138367,50.7130347830604],[-2.36700951868078,50.7130229136856],[-2.3669752231098,50.7129423039271],[-2.36694905763578,50.7129447606585],[-2.36689676516123,50.7129544213098],[-2.36656044822375,50.7129982157056],[-2.36656039267295,50.71299109444],[-2.36656781826865,50.7129839486787],[-2.3668854493508,50.7129425873651],[-2.36696387302903,50.7129257209721],[-2.36696379887062,50.7129162247526],[-2.36690280049647,50.7127692259052],[-2.36684665361992,50.7127646549213],[-2.36670060649064,50.712743748811],[-2.36648735909036,50.7127396732443],[-2.36633416280652,50.7127615232618],[-2.36626696227169,50.7127783538618],[-2.36636354874729,50.713172143251],[-2.36635612450724,50.7131792889947],[-2.36634112370472,50.7131745880545],[-2.36624085235303,50.7127879317004],[-2.36621841040164,50.7127880024203],[-2.36615863541596,50.7127976872184],[-2.36601303227434,50.7128337566713],[-2.36588974150957,50.7128531378031],[-2.36584126058288,50.7128722824346],[-2.36579654150663,50.7128937902182],[-2.36574795105418,50.7128986913744],[-2.36570304573448,50.7128964585742],[-2.36566562155893,50.7128942022183],[-2.3655982174165,50.7128849178257],[-2.36553836830792,50.712885106085],[-2.36554951755961,50.712875574563],[-2.36559814353412,50.7128754216045],[-2.36569549069212,50.712886985894],[-2.3657665799892,50.7128891362921],[-2.36579646758415,50.7128842939973],[-2.3658187446703,50.7128628577561],[-2.36585605792632,50.7128508697316],[-2.36592701776531,50.7128364016455],[-2.36602790066372,50.7128218401763],[-2.36608762022155,50.7128050332797],[-2.36609132379335,50.7128002733864],[-2.36609124981156,50.7127907771657],[-2.36601956892548,50.7127126589967],[-2.36603445717691,50.7127031156522],[-2.36610989854658,50.7127835960794],[-2.36611743374249,50.712790694682],[-2.36613239598868,50.7127906475458],[-2.36633779231842,50.7127472671402],[-2.36642001055286,50.712737512391],[-2.36642745464246,50.7127327406935],[-2.36642739910531,50.7127256185282],[-2.36634844166252,50.7126736378519],[-2.36620563323626,50.7125886216458],[-2.36620933677915,50.7125838617487],[-2.36622804092071,50.7125838028092],[-2.36626185385741,50.7126026891602],[-2.36643856523521,50.7127184609811],[-2.36646482318191,50.7127278746399],[-2.36650595078591,50.7127253708333],[-2.36668555305654,50.7127319266398],[-2.36680536063322,50.7127457923488],[-2.36688026304658,50.7127574264868],[-2.366910206052,50.7127597060717],[-2.36692889172435,50.7127572729646],[-2.36694016759857,50.7127643597038],[-2.36695144489252,50.7127714464375],[-2.3672906807732,50.7135799294829],[-2.36733330269991,50.7136715560465],[-2.36747445375252,50.7140224713608],[-2.36746702812468,50.7140296162793],[-2.36745206690266,50.7140296635834],[-2.36742938020572,50.7139988727407],[-2.36717397157427,50.7133871722508],[-2.36707506665228,50.7131761930987]]],[[[-2.37543868495463,50.7139969220175],[-2.37583531958302,50.7139326304195],[-2.37585287118461,50.7139362806261],[-2.37585290083952,50.7139399873651],[-2.37584413915662,50.713940015634],[-2.37545337523115,50.7140079951774],[-2.37544460155656,50.7140061700375],[-2.37543868495463,50.7139969220175]]],[[[-2.37006419577591,50.7137964814392],[-2.37006197661437,50.7137950865051],[-2.37003331351055,50.7138021874748],[-2.37000247257787,50.7138135031052],[-2.36994957219952,50.7138290947371],[-2.36987258080345,50.7138714023341],[-2.36979117159968,50.7139137239084],[-2.36977366360334,50.7139348110447],[-2.36975845340884,50.713967108556],[-2.36975429912349,50.7140007729568],[-2.36975886164492,50.7140189851661],[-2.36975674036419,50.7140302086711],[-2.36974566094646,50.7140260378872],[-2.36974326383387,50.7140022090692],[-2.36974521962179,50.7139699545303],[-2.36974724159963,50.7139461116854],[-2.36977346499749,50.7139095741638],[-2.36983946402198,50.7138743114474],[-2.36990985032892,50.7138348288132],[-2.37000236216653,50.7137994818187],[-2.37011705190597,50.7137752819631],[-2.37015237671816,50.7137723657576],[-2.37016563251322,50.7137723236371],[-2.37017449132756,50.7137750994546],[-2.37018569223532,50.7137946934318],[-2.37019461733521,50.7138058818384],[-2.37019466152431,50.713811490532],[-2.37018807851775,50.7138171202857],[-2.37017694387335,50.7138059380006],[-2.370170228314,50.7137947425715],[-2.37016352238607,50.7137849490949],[-2.3701458489321,50.7137850052521],[-2.37012375640637,50.7137850754471],[-2.37009730144511,50.7137921703157],[-2.37008627726496,50.7137950093066],[-2.37007969424758,50.7138006390545],[-2.37006881362083,50.7138217051758],[-2.37004715171481,50.7138764558538],[-2.37000597106401,50.71397753939],[-2.36999108259892,50.7140504961337],[-2.36998693951403,50.7140855624856],[-2.36998702783602,50.7140967789748],[-2.36997822417408,50.7141010137879],[-2.36997797024659,50.7140687653694],[-2.36999271804304,50.7139775814854],[-2.3700121815501,50.7139242388824],[-2.37004032576049,50.71385124003],[-2.37005556885289,50.7138231492345],[-2.37006203182191,50.7138020962487],[-2.37006419577591,50.7137964814392]]],[[[-2.36722066407177,50.7140968692468],[-2.36722060841174,50.7140897470838],[-2.36721301718847,50.7140755272914],[-2.36704553512238,50.7137057019222],[-2.36704172031921,50.7136962184171],[-2.36705292508363,50.7136938080173],[-2.3670604605683,50.7137009065571],[-2.36723559104013,50.7140920738548],[-2.36728423682069,50.7140942942438],[-2.36736647718031,50.7140869119738],[-2.36737401277557,50.7140940104925],[-2.36734412457659,50.7140988531925],[-2.3671646853658,50.7141136649014],[-2.3667196415115,50.7141269397216],[-2.36669715903532,50.7141222624356],[-2.3667083625167,50.7141198538717],[-2.36676071331859,50.7141173136635],[-2.36713468583839,50.7141042632218],[-2.36722066407177,50.7140968692468]]],[[[-2.37593534597717,50.7140249740263],[-2.3759441062596,50.7140249457546],[-2.37594708756007,50.7140323489025],[-2.37593836893623,50.7140379372916],[-2.37554200304721,50.7141355881149],[-2.37553608640939,50.7141263401012],[-2.37593534597717,50.7140249740263]]],[[[-2.37560692732046,50.7142206305984],[-2.37593906594773,50.7141250402545],[-2.37593912527169,50.7141324537317],[-2.37593333002714,50.714138031787],[-2.37561868089372,50.7142298597857],[-2.37561282633359,50.7142280252468],[-2.37560692732046,50.7142206305984]]],[[[-2.36980052628322,50.7142307422332],[-2.36981912794201,50.7141947297974],[-2.36982842664317,50.7141767244847],[-2.36983070917998,50.7140668597903],[-2.36983028471114,50.7140129310685],[-2.36983322752683,50.7139869557953],[-2.36987680071979,50.7139248981394],[-2.3699111981641,50.7138968256764],[-2.36992372539597,50.7138887957566],[-2.36993318124209,50.7138907630384],[-2.36988643094357,50.7139488361807],[-2.36986770648504,50.7139688696346],[-2.36985840501451,50.7139868758574],[-2.36985602821049,50.7140847560917],[-2.36985657848896,50.7141546637916],[-2.36985051991956,50.7141846435775],[-2.36985062997523,50.7141986252973],[-2.36986008729767,50.7142005925784],[-2.36987583902196,50.7142025398719],[-2.36991675262861,50.7142024099488],[-2.36996389630808,50.7141942700854],[-2.37001088410636,50.7141661576009],[-2.37002964145621,50.7141501186392],[-2.37004185130767,50.7141021426194],[-2.37005039766762,50.713988263417],[-2.37007195603716,50.7139282738382],[-2.37009667583753,50.713870270623],[-2.37010286006335,50.7138562689076],[-2.37011543445546,50.7138542316472],[-2.37011549738507,50.7138622206862],[-2.37010625895964,50.7138882159643],[-2.37008800657918,50.7139681699409],[-2.37008813243662,50.7139841489183],[-2.37008824256285,50.7139981306359],[-2.3701071557305,50.7140020651655],[-2.37015433064898,50.7139979206514],[-2.37023288440607,50.7139816916348],[-2.37026429330524,50.713973602566],[-2.37028635507918,50.7139775270583],[-2.37028640229859,50.7139835188367],[-2.37017332532965,50.7140118414592],[-2.37010413440669,50.7140180541419],[-2.37008843134583,50.7140220986522],[-2.37007028616492,50.7141160334542],[-2.37006725050714,50.7141300251657],[-2.37007357635977,50.7141339996879],[-2.37009560673047,50.7141339296949],[-2.37023386017759,50.7141055271202],[-2.37032179270062,50.7140812789921],[-2.37034695307908,50.7140792016923],[-2.37035641039799,50.7140811689333],[-2.37035647336946,50.7140891579705],[-2.37034711051082,50.7140991751847],[-2.37009573259125,50.7141499086717],[-2.3700862895842,50.7141499386738],[-2.37007373368163,50.7141539740837],[-2.37006435359524,50.7141619931231],[-2.37005809066003,50.7141660076395],[-2.37003939764731,50.7141900356401],[-2.37000490569763,50.7142061245854],[-2.36994208607487,50.7142223034919],[-2.36989173084526,50.7142224634068],[-2.3698634060284,50.7142225533494],[-2.36984134700627,50.7142186287709],[-2.36983191970545,50.714220656013],[-2.36981637234104,50.7142446739944],[-2.36978833045922,50.7142807164001],[-2.3697726730197,50.7142907526565],[-2.36976320138143,50.7142867881042],[-2.36976315422884,50.7142807963236],[-2.36980052628322,50.7142307422332]]],[[[-2.37133971602817,50.7141605791651],[-2.37132036718741,50.7141519007118],[-2.37125963207051,50.7141346131353],[-2.37119900889654,50.7141313099238],[-2.37108890060209,50.7141404017853],[-2.37081097155351,50.714174500101],[-2.37080813534466,50.714164021685],[-2.37081912577527,50.7141604902839],[-2.37085765771974,50.7141568711993],[-2.37111356723358,50.7141245902389],[-2.37121269607542,50.7141207779653],[-2.3712705796091,50.7141258381087],[-2.37132582022618,50.7141448905024],[-2.37137000001,50.7141587353117],[-2.37138101803236,50.714158700184],[-2.37142771777833,50.7141428183249],[-2.3714276624996,50.7141358256752],[-2.37142212656039,50.7141323469141],[-2.37138892194226,50.7141132243117],[-2.37129782002626,50.7140872925347],[-2.37127024809301,50.7140838840034],[-2.37123445586842,50.7140857462834],[-2.3708848433072,50.7141113339564],[-2.37088204846899,50.7141060982336],[-2.37091778552889,50.7140972443074],[-2.3710306595832,50.7140898920071],[-2.37129769570038,50.7140715599703],[-2.37133350172755,50.7140714458338],[-2.37138598887341,50.7140905078772],[-2.3714468607597,50.7141252761177],[-2.37146338565664,50.7141252234221],[-2.37148813507705,50.7141198998759],[-2.37152938032857,50.7141110281989],[-2.37158171269314,50.7141108612735],[-2.3716395962465,50.7141159203335],[-2.37170300194774,50.714122710849],[-2.37179662385307,50.7141189156528],[-2.37184618894874,50.7141170092349],[-2.37192870979567,50.7141027610334],[-2.3721158966805,50.7140881784656],[-2.37233057091745,50.7140665158225],[-2.37246264265744,50.7140486115489],[-2.37249291123734,50.714045018352],[-2.3724956383776,50.71404151412],[-2.37249832393085,50.7140327645057],[-2.37250096791045,50.7140187713077],[-2.37247559645935,50.7139454323085],[-2.37246734719417,50.7139472068906],[-2.37245635693964,50.7139507384414],[-2.37229959445889,50.7139809572544],[-2.37229679946969,50.7139757215705],[-2.37230777305688,50.713970441882],[-2.37234627985757,50.7139633268822],[-2.37247000503708,50.713934961854],[-2.37247271830674,50.7139297085624],[-2.37247257972578,50.713912227851],[-2.37246395630894,50.7138668047813],[-2.3724583911918,50.7138598297532],[-2.37244460595849,50.7138581256224],[-2.3724060452583,50.7138582489013],[-2.3721524083536,50.713829341764],[-2.37214688624353,50.7138276111993],[-2.37213293347677,50.7138049308953],[-2.37212155557572,50.7137595165878],[-2.37212980482098,50.7137577420307],[-2.37213812329646,50.713764708281],[-2.37213817867404,50.7137717000281],[-2.37214944582848,50.7138031299402],[-2.37215780584872,50.713815339774],[-2.37217714228046,50.7138222708215],[-2.37223778037786,50.7138273207933],[-2.37245005880066,50.7138511162662],[-2.37245277206772,50.713845862975],[-2.37245270278474,50.7138371230687],[-2.37244399625556,50.7137812110289],[-2.3724218648178,50.7137690452447],[-2.3723832612159,50.7137639249337],[-2.37234467288559,50.7137605518672],[-2.3721627201367,50.7137401557226],[-2.37207452422212,50.7137334455228],[-2.37206076671945,50.713735236769],[-2.37204152865521,50.7137405428277],[-2.37202237221399,50.7137563369592],[-2.37187477250867,50.7139001530289],[-2.37183913121212,50.7139212443757],[-2.37182538607005,50.7139247846619],[-2.37180335296987,50.7139248549875],[-2.37155551463162,50.7139326376811],[-2.37149771424127,50.7139380666463],[-2.37149493316682,50.7139345791025],[-2.37150589584591,50.7139275513152],[-2.3715802611064,50.713927314128],[-2.37178675614665,50.713916166928],[-2.3718280440735,50.713912538735],[-2.37184724215074,50.7139019891174],[-2.37186093052471,50.7138914561857],[-2.37189102059998,50.7138651388364],[-2.37192107054345,50.7138335769902],[-2.37192104286733,50.7138300806665],[-2.37190724241538,50.7138266292131],[-2.37189347104876,50.7138266731781],[-2.37186321497603,50.7138320134835],[-2.37185776205472,50.7138390237144],[-2.37184691011771,50.7138600350295],[-2.37182495722226,50.7138705943389],[-2.37177820255428,50.713879483696],[-2.37169568206321,50.713893732679],[-2.37159656756511,50.7138992926089],[-2.37136531224737,50.7139140148218],[-2.3713350131991,50.7139141114099],[-2.37130478464184,50.713922948799],[-2.37129108231092,50.7139317326079],[-2.37128017484741,50.7139457521276],[-2.37127751669086,50.7139579971476],[-2.37126928119101,50.7139615198092],[-2.37125826463155,50.7139615549203],[-2.37126640344458,50.7139457960196],[-2.37127180121967,50.7139317940615],[-2.371290957988,50.7139160000429],[-2.37132665479281,50.7139019015061],[-2.37140376103966,50.7138999074889],[-2.37164602040434,50.7138834018897],[-2.37176162100041,50.7138725437896],[-2.37181661110621,50.7138601317415],[-2.37183027322905,50.7138461033843],[-2.3718411790871,50.7138320838238],[-2.37185212786136,50.7138233087437],[-2.37186309046024,50.7138162809254],[-2.37188512492525,50.7138162105857],[-2.37191542249156,50.7138161138614],[-2.37192645427042,50.7138178268467],[-2.37193193627219,50.7138143129321],[-2.371945637031,50.7138055290574],[-2.3720414179221,50.7137265584333],[-2.37206338171823,50.7137177481567],[-2.37211851283283,50.7137228157834],[-2.37232249992429,50.7137431415789],[-2.3724438161203,50.7137584867326],[-2.37245764289143,50.7137654344486],[-2.3724632079971,50.7137724094773],[-2.37246881325672,50.7137846280942],[-2.37249160851658,50.713880701108],[-2.37251162413508,50.713973286591],[-2.37252020745311,50.7140134651668],[-2.37255082253618,50.7140535741802],[-2.37256470627679,50.7140675145187],[-2.37257302487275,50.7140744807335],[-2.37257306645359,50.7140797243169],[-2.37254826457273,50.7140780563352],[-2.37252888640379,50.7140658817714],[-2.37251222009352,50.7140484530168],[-2.37248195151291,50.7140520462188],[-2.37235541576443,50.71407342833],[-2.37216827197469,50.7140932557577],[-2.37192602554773,50.7141115106337],[-2.37186825264493,50.7141204352128],[-2.37185175400525,50.714123984294],[-2.37185182317614,50.714132724204],[-2.37186051521932,50.7141868872452],[-2.37186057056316,50.7141938798925],[-2.37185230739469,50.7141939062715],[-2.37184127553647,50.7141921941814],[-2.37184119252506,50.7141817052103],[-2.37184080516052,50.714132759376],[-2.37182977331011,50.7141310463851],[-2.37181049355388,50.714131107926],[-2.37176366805103,50.7141312573797],[-2.37169481076593,50.7141314771184],[-2.37163691194345,50.7141246699289],[-2.37158452284505,50.7141178442352],[-2.37153221811983,50.7141215074868],[-2.3714964673369,50.7141286134356],[-2.37146075518013,50.7141409647694],[-2.37136461605584,50.7141744854362],[-2.37101263594367,50.7142490272557],[-2.37081739181418,50.714289855041],[-2.37081188207894,50.7142898725811],[-2.37080634617433,50.7142863946892],[-2.3708172952434,50.7142776187976],[-2.37084479686022,50.714272287521],[-2.37113353879448,50.7142119315548],[-2.37130954256598,50.7141764083115],[-2.37134255237059,50.7141710593626],[-2.37134527959779,50.7141675542552],[-2.37134525196459,50.7141640579302],[-2.37133971602817,50.7141605791651]]],[[[-2.37268740400213,50.7142995838359],[-2.37250355362645,50.7142680864274],[-2.37229549964202,50.7142045796769],[-2.37229277135157,50.7141961441326],[-2.37230074211783,50.7141944307035],[-2.3723087234261,50.7141944051936],[-2.37234073461931,50.7142044350916],[-2.37246342716149,50.7142411948993],[-2.3725221121246,50.7142595837133],[-2.37259939720314,50.7142745343959],[-2.37266868478562,50.7142878226598],[-2.37270064112396,50.7142910981198],[-2.37273247689283,50.714279175185],[-2.37276139952839,50.7142351751692],[-2.37277956940726,50.7141777005399],[-2.37279794022305,50.7141455553521],[-2.37282960308079,50.7141116796667],[-2.37288264503061,50.7140895566061],[-2.3729065113151,50.7140793479918],[-2.37292246190278,50.7140776080762],[-2.37292779805462,50.714079279845],[-2.3729251634906,50.7140826659838],[-2.37285884432405,50.7141082083678],[-2.37282181995591,50.714137035563],[-2.37280343575955,50.7141674919446],[-2.37278260453213,50.7142249750939],[-2.37275631792628,50.714265588974],[-2.37274313441494,50.7142808299336],[-2.37272729091823,50.7142960785043],[-2.37270869225922,50.7142995157212],[-2.37268740400213,50.7142995838359]]],[[[-2.37596594152162,50.7141990866036],[-2.37598049707672,50.7141934793719],[-2.37598346215192,50.7141990300527],[-2.37598349181031,50.7142027358919],[-2.37575084450284,50.7143239524205],[-2.37574209757083,50.7143258340536],[-2.37573332240869,50.7143240089425],[-2.37573327793999,50.7143184488339],[-2.37596594152162,50.7141990866036]]],[[[-2.37030418459619,50.7142431242246],[-2.37035132824829,50.7142349842056],[-2.37036081850881,50.7142409468583],[-2.37035773286153,50.7142489459065],[-2.370241460873,50.7142712868425],[-2.3701566908977,50.7142975230801],[-2.37007823238428,50.7143257356168],[-2.36994639700374,50.7143700970222],[-2.36984907210226,50.7144003675411],[-2.36981135127788,50.7144064792388],[-2.36980189391562,50.7144045119551],[-2.36980184675785,50.7143985201749],[-2.36980810973931,50.7143945047713],[-2.36992425644244,50.7143561852723],[-2.37002783127327,50.7143199038105],[-2.37013456604186,50.7142856086306],[-2.37019105980088,50.7142654551055],[-2.37030418459619,50.7142431242246]]],[[[-2.37570492254912,50.7144241787916],[-2.37550750849165,50.7142042712754],[-2.37532165869839,50.7139694996567],[-2.37532743918895,50.7139620682596],[-2.37550819230742,50.7139244191827],[-2.37550814786623,50.7139188590726],[-2.37546373788112,50.7138430165846],[-2.37544918237278,50.7138486237505],[-2.37519249152669,50.7138846639127],[-2.37518372985352,50.7138846921316],[-2.37518073670878,50.7138754346807],[-2.37518070710745,50.7138717279397],[-2.37518940958131,50.7138642871383],[-2.37544322419676,50.7138338165095],[-2.37545488877023,50.7138319254976],[-2.37545485914711,50.7138282187574],[-2.37545184973157,50.7138171088487],[-2.37534823932836,50.7136413779131],[-2.37513274764337,50.7133511024193],[-2.37513267365814,50.7133418364648],[-2.37514432473147,50.713338091213],[-2.37515907251129,50.7133565779081],[-2.37536861965116,50.7136338994744],[-2.37549581530468,50.7138373538387],[-2.37552861716446,50.7139224999238],[-2.37554029940436,50.7139224622636],[-2.37566868047882,50.7139090752988],[-2.37569496267782,50.7139089905394],[-2.37569500714129,50.7139145506486],[-2.37568335453779,50.7139182941646],[-2.37560747577002,50.713924099101],[-2.37549080508967,50.7139411550897],[-2.37538001562462,50.7139637522662],[-2.37537420552541,50.7139674769252],[-2.37537424995068,50.7139730370358],[-2.37537429437596,50.7139785971464],[-2.37539783374961,50.7140007605071],[-2.37543924774512,50.7140673464833],[-2.37546555965837,50.7140709685128],[-2.37548300617744,50.7140616451887],[-2.37582402563623,50.7139808530104],[-2.37583864044809,50.713982659276],[-2.37583287345421,50.713991944969],[-2.37582414423975,50.7139956790674],[-2.37545691785377,50.7140858228098],[-2.37545991247631,50.7140950793472],[-2.37547165117632,50.7141024551816],[-2.37554830202754,50.7141930201569],[-2.37555706234197,50.7141929919133],[-2.37557450889544,50.7141836694741],[-2.37582793810861,50.7141050130545],[-2.3758425529524,50.7141068184189],[-2.37584843999377,50.7141123596762],[-2.37584265674239,50.7141197920051],[-2.37581063988701,50.7141328683248],[-2.37556306504892,50.7142133592543],[-2.37556899367961,50.7142244597456],[-2.37558669211725,50.7142466427923],[-2.37560141213602,50.7142614217696],[-2.37561318194581,50.714272503423],[-2.37562773756654,50.7142668962333],[-2.37575002925035,50.7142220224913],[-2.37577045422769,50.7142201031861],[-2.37577343410403,50.7142275072426],[-2.37577349339464,50.7142349198214],[-2.3757560172217,50.7142405364498],[-2.37563667571594,50.7142891075204],[-2.37563088042287,50.7142946864616],[-2.3756397000258,50.7143020707906],[-2.37570761940956,50.7143963706309],[-2.37573969576041,50.7143907069119],[-2.37587927110084,50.7143161243983],[-2.37596343762809,50.7142509867672],[-2.37597221278538,50.7142528118612],[-2.37597227211489,50.7142602253381],[-2.37596647544212,50.7142658033998],[-2.37588518499827,50.7143253724003],[-2.37582414430725,50.7143607815916],[-2.37573398939774,50.714407405176],[-2.37572242844212,50.7144222689076],[-2.37570492254912,50.7144241787916]]],[[[-2.36558411034154,50.714435850674],[-2.36543466893023,50.7141158729968],[-2.36544210055627,50.7141100042748],[-2.36545796829215,50.7141099543781],[-2.36546590286827,50.7141099294266],[-2.36547603438972,50.7141177456277],[-2.3656084770722,50.7143857809617],[-2.3656218295334,50.7143924925869],[-2.36565640184627,50.7143906967579],[-2.36570419521307,50.7143787270707],[-2.365704129508,50.7143702847885],[-2.36566065474389,50.7142539227881],[-2.36564737973653,50.7142573422702],[-2.36562084425914,50.7142658682431],[-2.36561286149966,50.7142658933566],[-2.36560209023143,50.7142490431629],[-2.36552625108385,50.7140753770489],[-2.36553952606975,50.7140719602784],[-2.36554488255908,50.7140770073054],[-2.36560155164288,50.7141798214817],[-2.36563122140861,50.7142320674381],[-2.36564452269324,50.7142320255902],[-2.36565780941936,50.7142302949291],[-2.36565503545216,50.7142151084353],[-2.36557363698857,50.7140110711967],[-2.36548690477063,50.7138053600122],[-2.3653259160589,50.7134787367865],[-2.36494109716608,50.7125930553231],[-2.36482088049184,50.7122983250528],[-2.36470731979002,50.7119928821513],[-2.36440097620606,50.7111778322865],[-2.36440090987086,50.7111692775903],[-2.36441096822267,50.7111628314468],[-2.36458566892605,50.7110981293768],[-2.36459582677556,50.7111045130135],[-2.36459254036284,50.7111152149307],[-2.36456900603382,50.7111217051635],[-2.36441780644691,50.7111756410117],[-2.36443481768252,50.7111969717811],[-2.3644589159481,50.7112631888483],[-2.36447577797147,50.7112652744679],[-2.36452287997478,50.7112565718326],[-2.36493658145157,50.7111633197233],[-2.36495346148343,50.7111675437186],[-2.36495351131199,50.7111739599651],[-2.36493336012826,50.7111825763499],[-2.36447255927816,50.7112845301739],[-2.36447264220509,50.7112952224198],[-2.36448284841632,50.7113080205186],[-2.36452092194461,50.711438347876],[-2.36453446582425,50.7114468584988],[-2.36455801550069,50.7114425076257],[-2.3653686049278,50.7112603324569],[-2.36597083071553,50.7111472373176],[-2.36598434005522,50.711151471778],[-2.36598102065475,50.711157897735],[-2.36596083777743,50.7111622373948],[-2.36456825637027,50.7114595835096],[-2.36454820735959,50.7114810305136],[-2.36454827372233,50.7114895852092],[-2.36457927838963,50.7115771637963],[-2.36459614053096,50.711579249398],[-2.36462306108431,50.7115748888358],[-2.36476775531625,50.7115509112604],[-2.36606238082585,50.7112217947327],[-2.3661197986547,50.7112064977706],[-2.36611984862853,50.7112129122176],[-2.36611656397888,50.7112236150715],[-2.36607960230462,50.7112365625128],[-2.36577023234148,50.7113145208523],[-2.36517172508836,50.7114725099925],[-2.36482871078807,50.7115569879434],[-2.36466051377769,50.7115917309498],[-2.36459990069508,50.7115961981273],[-2.36459661284016,50.7116069009475],[-2.36461747770974,50.7116902352305],[-2.36464132617263,50.7117243755228],[-2.36468514360122,50.711726376533],[-2.36473236363246,50.71173264385],[-2.36476270203808,50.7117346871329],[-2.36477609807519,50.7117239525813],[-2.36479949847012,50.7117003565181],[-2.36482625305654,50.7116746114195],[-2.3650378855436,50.7115926847268],[-2.36515557604966,50.7115623768823],[-2.36517243962713,50.7115644623962],[-2.36516915331416,50.7115751643286],[-2.36510857353158,50.7115839086682],[-2.36490700100665,50.7116593883993],[-2.36486673424603,50.7116808989374],[-2.36484329928025,50.7117002190199],[-2.36483332388351,50.7117173574449],[-2.36483340689378,50.7117280496895],[-2.36483348990409,50.7117387419341],[-2.36485373812245,50.7117429553698],[-2.36491438458094,50.7117427649577],[-2.36494465940487,50.7117362543887],[-2.36496145660401,50.7117297861374],[-2.36497811952011,50.7117062111963],[-2.3649981850323,50.7116869016691],[-2.3650518932719,50.7116610709633],[-2.36535100891128,50.7115639011624],[-2.36607042703009,50.7113563447845],[-2.36608055182641,50.7113584522926],[-2.36608063511233,50.7113691436369],[-2.36603696928587,50.7113863891844],[-2.3651091882552,50.7116630294783],[-2.36504877446639,50.7116931582758],[-2.36502865772326,50.7117060524695],[-2.36501861595104,50.7117146371146],[-2.36504226821813,50.7117231168279],[-2.36508937058074,50.7117144148627],[-2.36569181777732,50.7116291209945],[-2.36625021354213,50.7115118862264],[-2.36626368967779,50.7115118437566],[-2.366270495116,50.711520375414],[-2.36626380634685,50.7115268128968],[-2.3662301805274,50.7115354719705],[-2.36579284690507,50.7116223875456],[-2.36571547012205,50.7116376005712],[-2.36571552004847,50.7116440159173],[-2.36574937903856,50.7116652934751],[-2.3657865741762,50.7116822844199],[-2.36583379289138,50.711688551295],[-2.36595170101681,50.7116860415769],[-2.36630870570982,50.7116678097614],[-2.36631214319547,50.7116763520317],[-2.36629192679686,50.7116764157511],[-2.366177406195,50.7116810536411],[-2.36587769216645,50.7117012441047],[-2.36580019875925,50.711701488046],[-2.36574617465857,50.7116866885704],[-2.36571231564747,50.7116654101125],[-2.36569198418796,50.7116505054817],[-2.36567513861355,50.7116505584874],[-2.36565829162277,50.7116506114951],[-2.36563138776868,50.7116571116442],[-2.3650188152769,50.711740298501],[-2.36497174608491,50.7117532764363],[-2.36497182912677,50.7117639686806],[-2.3650089410125,50.7117702676295],[-2.36511357114213,50.7117934624739],[-2.36537004909933,50.7118461180476],[-2.36543076219769,50.7118544802622],[-2.36544417475275,50.7118458849823],[-2.3654743635799,50.7118286820413],[-2.36557190589181,50.7118069902422],[-2.36567298392404,50.7118066722468],[-2.36607038922348,50.7117840370334],[-2.36631954735069,50.7117618669379],[-2.36633644297517,50.7117682291845],[-2.36632303486185,50.7117768254525],[-2.36627586316422,50.7117769741305],[-2.36601322729419,50.7117991856806],[-2.36562257730407,50.7118239388471],[-2.36554178223543,50.7118327470077],[-2.36552163230157,50.7118413643885],[-2.36550148376963,50.7118499808622],[-2.36549481147349,50.7118585558504],[-2.36549486137017,50.7118649711965],[-2.36551851379847,50.7118734508125],[-2.36559283629451,50.7118988781462],[-2.36575174242141,50.7119689477865],[-2.36582588207312,50.7119708520362],[-2.36603812903129,50.7119680461339],[-2.36620655965652,50.7119632385206],[-2.36628076740467,50.7119736962703],[-2.36635844464399,50.7119969749409],[-2.36644627883664,50.7120266361378],[-2.36651037846788,50.7120371265121],[-2.36652120390873,50.7120402443677],[-2.36651413297974,50.7120432693817],[-2.36649284710195,50.7120433365087],[-2.3664289061151,50.7120330299781],[-2.36636964885157,50.7120167041179],[-2.36629851998521,50.7119944120154],[-2.36625586636793,50.7119840373943],[-2.36620379715229,50.7119796987547],[-2.36615413111364,50.711979855243],[-2.36612338425648,50.71197995211],[-2.36610449732049,50.7119845143312],[-2.36610453240606,50.7119890178426],[-2.3661093564687,50.7120010117046],[-2.36612405088306,50.7120655143286],[-2.36611934376453,50.7120685318719],[-2.36610750579018,50.7120670682569],[-2.36610505866264,50.7120565669154],[-2.36608083311487,50.7119830888669],[-2.36606901995598,50.7119846260856],[-2.3660548298599,50.7119846707817],[-2.36596261407737,50.7119879639159],[-2.36596029416881,50.7119939757506],[-2.36596509481837,50.7120029678773],[-2.36597514035125,50.712077992411],[-2.36597517542454,50.7120824959223],[-2.36596571439649,50.7120825257153],[-2.36595854990535,50.7120735419316],[-2.3659560195704,50.7120525335971],[-2.36593425584836,50.7119910559257],[-2.36591769908138,50.711991108057],[-2.36586806667572,50.7119957679394],[-2.3657994654902,50.7119944820789],[-2.36577107219268,50.7119930705374],[-2.36574265694355,50.7119886563437],[-2.36573084236271,50.711990194432],[-2.36573090077434,50.7119976996851],[-2.36573575838357,50.7120141979781],[-2.36575056911958,50.7120937111564],[-2.36574585028576,50.7120952269146],[-2.36573638925489,50.712095256689],[-2.36573395532011,50.7120862580043],[-2.36571704804767,50.7120412767906],[-2.36569766015871,50.7119812925061],[-2.36569522623034,50.7119722929211],[-2.36566437283711,50.7119588800359],[-2.36549118097204,50.7118903731987],[-2.36548412166496,50.7118948981221],[-2.36548654529206,50.7119023968364],[-2.36554493005508,50.7121108699301],[-2.36554023456964,50.7121153883208],[-2.36553076327624,50.7121139172033],[-2.36552117380334,50.7120974346839],[-2.36545099935772,50.7118935013746],[-2.36543675976259,50.7118875416216],[-2.36535857079977,50.7118697738679],[-2.36531357701389,50.7118624089732],[-2.36530653962614,50.7118699374306],[-2.36531143207554,50.7118909383548],[-2.36531454557051,50.7119870001393],[-2.36530748482257,50.7119915259557],[-2.3652909163874,50.7119900771272],[-2.36529083470531,50.7119795692327],[-2.3652687204377,50.711873059017],[-2.36526389660269,50.7118610651192],[-2.36524490604442,50.7118521175604],[-2.36521884309389,50.7118461949386],[-2.36506244220213,50.711807656444],[-2.36504114335247,50.7118062224392],[-2.36503649449048,50.7118167451929],[-2.36505795660386,50.7118391949887],[-2.36512384479463,50.7121001854802],[-2.36511914926269,50.7121047029548],[-2.36510968822926,50.7121047326783],[-2.36510249915296,50.7120927462051],[-2.36500566753466,50.7118063338652],[-2.36497958132572,50.7117974094478],[-2.36494877629056,50.7117899998513],[-2.36491327717516,50.7117871095073],[-2.36488962475085,50.7117871837725],[-2.36488498751059,50.7117992073913],[-2.36488986951953,50.7118187065592],[-2.36490197548686,50.7118546957259],[-2.3649575740771,50.7120091379982],[-2.36497495577832,50.7121156640321],[-2.36497267354703,50.7121261793503],[-2.36496321250913,50.712126209062],[-2.36496311924345,50.7121142002964],[-2.3649435341088,50.7120286974823],[-2.36489761798756,50.7119027456434],[-2.36484479144759,50.711800834496],[-2.36483048487016,50.7117858685345],[-2.36479018535472,50.7117739850792],[-2.36470026382291,50.711768263669],[-2.36467190563478,50.7117713544724],[-2.36466721009896,50.7117758728283],[-2.36467232499095,50.7118253939223],[-2.36482202796333,50.7122197221022],[-2.36491620262944,50.7124686148366],[-2.36497174371126,50.7126155518307],[-2.36498355705809,50.7126140138234],[-2.36500010238137,50.7126124600542],[-2.36500239629447,50.7126034465062],[-2.36490795280327,50.7123200293238],[-2.36491266002492,50.7123170118293],[-2.36493395768599,50.7123184458613],[-2.36494120646373,50.7123379384927],[-2.36503082633849,50.7126093617409],[-2.36503793243251,50.7126108403281],[-2.36511591398997,50.712601589017],[-2.36512058482492,50.7125940689065],[-2.3651369435203,50.7125684984884],[-2.36517048493645,50.7123192047019],[-2.36517280212233,50.7123131919926],[-2.36518690041182,50.7123011386344],[-2.36520345728936,50.7123010866065],[-2.36542575640759,50.7122973860178],[-2.36542815669672,50.712301882092],[-2.36542586146339,50.712310895653],[-2.36539038526618,50.7123110071971],[-2.3652154105456,50.7123175617232],[-2.36519179427,50.7123221395576],[-2.36519187593094,50.7123326474516],[-2.36518058759609,50.7124017345564],[-2.3651877286616,50.7124077166462],[-2.36521849913825,50.712410622666],[-2.3653912023074,50.7124160843353],[-2.36539834340185,50.7124220664121],[-2.36539840176128,50.7124295716649],[-2.36538658705823,50.7124311097185],[-2.36520204721406,50.7124241843314],[-2.36518556169864,50.7124332424785],[-2.36517644031019,50.7124768046491],[-2.36517256130321,50.7125863992636],[-2.36517966740517,50.7125878787414],[-2.36519384743007,50.7125863323769],[-2.36558614918587,50.71254456907],[-2.36559083160955,50.7125385489122],[-2.36559076154249,50.712529542789],[-2.36556239770199,50.7122279037556],[-2.36556710487228,50.7122248862348],[-2.36558366172225,50.712224834153],[-2.36558370844153,50.7122308394345],[-2.36558410549312,50.7122818762333],[-2.36558416388192,50.7122893814861],[-2.36559129330494,50.7122938626805],[-2.3656007529596,50.7122938329222],[-2.36581354702925,50.7122841569659],[-2.36619428841706,50.7122769533651],[-2.36658683117307,50.7122667085819],[-2.36658690143734,50.7122757156036],[-2.36658220603589,50.712280234036],[-2.36654672845005,50.7122803459364],[-2.36595558456946,50.7123002224713],[-2.36560799032568,50.7123118237415],[-2.36559622237321,50.7123193661983],[-2.36559625741049,50.7123238697097],[-2.36562628462209,50.7125354355653],[-2.36563575883611,50.7125369066658],[-2.36566650464296,50.7125368099309],[-2.36618640791145,50.7124796312748],[-2.3662171419823,50.7124780335243],[-2.36625026613952,50.7124794300483],[-2.36626451629885,50.7124868905755],[-2.3663096629392,50.7125137682156],[-2.36639994892827,50.712566023458],[-2.36648537719465,50.712601782169],[-2.36651141588722,50.7126047018696],[-2.36664856008813,50.7125997656615],[-2.36666275036897,50.7125997208927],[-2.36666517563024,50.7126072186772],[-2.36665572621502,50.7126087502962],[-2.36659190153082,50.7126134552604],[-2.36647603312636,50.7126168225069],[-2.36644044993745,50.7126034247429],[-2.36635973028561,50.7125646502404],[-2.36624570965391,50.7125019607165],[-2.36621968273824,50.7125005427262],[-2.36619366609667,50.7125006247058],[-2.36556035296825,50.7125731710522],[-2.36502155318418,50.7126334089819],[-2.36501688092012,50.7126409299922],[-2.36502409196011,50.7126559182153],[-2.36504344428791,50.7127113990951],[-2.36506243515601,50.7127203466846],[-2.3651097278581,50.7127186963112],[-2.36545948038866,50.712680068913],[-2.36615667690718,50.7126103236767],[-2.3662272567743,50.7126278504817],[-2.36623329757788,50.712637297324],[-2.36621240175103,50.7126354701748],[-2.36616164833737,50.7126299502057],[-2.36599767246117,50.7126418264957],[-2.36505878957255,50.7127413348673],[-2.36504991466028,50.7127508286229],[-2.36505014998106,50.7127811203121],[-2.36509551286125,50.7128604935259],[-2.36511937686057,50.7128604185544],[-2.36524455807819,50.7128467724348],[-2.36577486413168,50.7127599089884],[-2.36579279192317,50.712763639453],[-2.36578986663797,50.7127712215426],[-2.36575705423472,50.712771324814],[-2.36519396498261,50.7128620780909],[-2.36511054324306,50.7128755929704],[-2.36510765008903,50.7128869609332],[-2.36511686334386,50.7129210104075],[-2.36512911969895,50.7129626232021],[-2.365138082903,50.7129644889362],[-2.36550763487473,50.7129197820683],[-2.36551661280271,50.7129235398233],[-2.36551371691836,50.712934908704],[-2.36549584940736,50.7129387517884],[-2.36514116870343,50.71297773111],[-2.36514122754702,50.7129853038071],[-2.36514734032355,50.7130042172558],[-2.36516560511807,50.713051491054],[-2.36518055013782,50.7130552309847],[-2.36529084853116,50.7130454175718],[-2.36531172837297,50.7130453519407],[-2.36530881913209,50.7130548278624],[-2.36529396382472,50.7130624474386],[-2.36525819639216,50.713066345849],[-2.3652194475408,50.7130702545171],[-2.36519565699915,50.7130797951557],[-2.36519575999292,50.7130930476002],[-2.3651988619531,50.7131081836164],[-2.36526879312422,50.7132783559315],[-2.36528388538886,50.7133010271405],[-2.36529878492705,50.7132990873129],[-2.36530768932393,50.7132933794377],[-2.36533439061723,50.7132743628501],[-2.36585061795072,50.7129111299843],[-2.36586842646133,50.7128997141491],[-2.36587743531504,50.7129072586698],[-2.3658745689963,50.7129224134578],[-2.36580928437317,50.7129661641643],[-2.36532867514061,50.7133065662382],[-2.36532880761347,50.7133236054798],[-2.36532300239686,50.7133444493775],[-2.36537179217691,50.7134806087644],[-2.3654178734851,50.71361177392],[-2.3654327892537,50.7136117270198],[-2.36546555948659,50.7136059440869],[-2.36556370387527,50.7135677701075],[-2.36557551893252,50.7135525871798],[-2.36557541583699,50.7135393356363],[-2.36551698610128,50.7133142232735],[-2.36552586101783,50.7133047285839],[-2.36554682934221,50.7133160224046],[-2.36554990197891,50.713327372512],[-2.36562329040854,50.7135581167848],[-2.36563226846793,50.7135618745301],[-2.36565601497348,50.7135466549553],[-2.36583439112767,50.7134684699839],[-2.36583730171107,50.7134589949448],[-2.36583124755969,50.7134476551298],[-2.36574604194727,50.7132320930378],[-2.36575773896788,50.7132017637994],[-2.36576633524869,50.7131562994542],[-2.36577532798432,50.7131619510375],[-2.36577546061843,50.7131789902786],[-2.36576992086814,50.7132339108819],[-2.36578524915856,50.7132868737094],[-2.36586717595642,50.7134645807867],[-2.36588805598311,50.7134645150519],[-2.36595058094544,50.7134491724247],[-2.36604868178296,50.7134053182869],[-2.36605457517582,50.7133958338473],[-2.36605453093037,50.7133901541007],[-2.365932984798,50.7131046567685],[-2.36592081615148,50.7130744035556],[-2.36591474728265,50.7130611698955],[-2.36591764166823,50.7130498019091],[-2.36593264571103,50.7130611135403],[-2.36595681943494,50.7131007957269],[-2.3660600984418,50.713339019389],[-2.36608439040309,50.7133938460387],[-2.36610224329025,50.7133881099149],[-2.36628936147578,50.7132833929689],[-2.36628930244659,50.7132758202732],[-2.36628320534658,50.7132587998313],[-2.36616698806675,50.7128918772334],[-2.36617289470615,50.712884285741],[-2.36619381873582,50.7128898996992],[-2.36631310762061,50.7132681723612],[-2.36631313713361,50.7132719582594],[-2.36632805137654,50.7132719112494],[-2.36634290799797,50.7132642915375],[-2.36646184512858,50.7132146923813],[-2.36646177130227,50.7132052258374],[-2.3664616236638,50.713186294548],[-2.36640320347701,50.71296307558],[-2.36640604010048,50.7129441339819],[-2.36641791236228,50.7129365236689],[-2.36670091098933,50.7128864068883],[-2.36675159369807,50.7128824609676],[-2.36675165280093,50.7128900336634],[-2.36674571529064,50.7128938392911],[-2.36670396768757,50.7128958640208],[-2.36648058410035,50.712940112948],[-2.36644192261653,50.7129553806206],[-2.36644202596125,50.7129686330633],[-2.36648201630807,50.7131237523945],[-2.3664909810124,50.7131256180198],[-2.36650582278998,50.7131161044388],[-2.36667549854132,50.7130701319331],[-2.36677681576236,50.7130565594587],[-2.36681856208852,50.713054534707],[-2.36681863597927,50.7130640003514],[-2.36679776949925,50.7130659601052],[-2.3667262229367,50.7130718648791],[-2.3665982359573,50.7131082400855],[-2.36650898141203,50.7131388140227],[-2.36649715199631,50.7131521040958],[-2.36649425916818,50.7131634729908],[-2.36649749160735,50.7131956473203],[-2.36649760973251,50.7132107927114],[-2.36649180788095,50.7132316366573],[-2.36647097083827,50.7132373822508],[-2.36633422512102,50.7132983973247],[-2.36618269755308,50.7133764975721],[-2.36608760925428,50.7134241283246],[-2.36598649605904,50.7134642050911],[-2.36579014928779,50.7135329800825],[-2.36564137912313,50.7135826724143],[-2.36550161899413,50.7136399091008],[-2.36546592759949,50.7136532741112],[-2.36546306110376,50.7136684288877],[-2.36546908716604,50.7136759828187],[-2.36549662514773,50.7137648786933],[-2.36552644064036,50.713762891926],[-2.36580043903528,50.7137052327667],[-2.36596429788335,50.7136782113639],[-2.36597020606308,50.7136706189787],[-2.36597011759873,50.7136592603852],[-2.36596994066318,50.7136365422988],[-2.36598754298071,50.7135986215622],[-2.36603804954359,50.7135719569641],[-2.36645165448157,50.7134381267709],[-2.36646364639891,50.7134456627389],[-2.36646073594268,50.7134551377933],[-2.36643696022146,50.7134665716334],[-2.3660590756865,50.7135908233913],[-2.36601747631864,50.7136117800606],[-2.36601459809135,50.7136250418923],[-2.36601474555905,50.7136439740805],[-2.36601778600118,50.7136515373862],[-2.36602971749227,50.7136514998083],[-2.36605058426486,50.7136495401914],[-2.36656590968404,50.713553254468],[-2.36657474013162,50.7135380808527],[-2.36657767868812,50.713532391698],[-2.3666627692692,50.713350372318],[-2.36667767018157,50.7133484323098],[-2.36668666305628,50.713354082923],[-2.3666837674291,50.7133654518311],[-2.36660164783286,50.7135455688588],[-2.36661064074332,50.7135512203769],[-2.36661957456595,50.7135492983],[-2.3668400223907,50.7135107382647],[-2.36684894283434,50.7135069232169],[-2.36684889849272,50.713501243471],[-2.36685771406059,50.7134841768854],[-2.36691865696245,50.7132662621263],[-2.36693953689858,50.7132661962034],[-2.3669514992714,50.7132699444249],[-2.36695158797873,50.7132813039171],[-2.36688166706302,50.7134954610442],[-2.36690851282621,50.7134953762937],[-2.36699493137066,50.7134837436616],[-2.36701882525146,50.7134874541982],[-2.36704576257318,50.7134987288988],[-2.36705479989437,50.7135100601282],[-2.36708813044642,50.7135762177923],[-2.36727345427841,50.714005398904],[-2.36725558508277,50.7140092413633],[-2.36725254300179,50.7140016780955],[-2.3671675665525,50.7138164087595],[-2.36702203134249,50.7135158435028],[-2.36699809308031,50.7135064523219],[-2.36692654588029,50.7135123581194],[-2.36676571395081,50.7135450512093],[-2.3663993330545,50.713614363701],[-2.36584834334864,50.7137278006189],[-2.36552059410941,50.7137780560764],[-2.36551470056113,50.7137875404888],[-2.36553298217507,50.7138367071657],[-2.36555087948318,50.7138366508727],[-2.36634320179827,50.7136845904776],[-2.36636706621271,50.7136845152496],[-2.36636714001418,50.7136939808935],[-2.36635225374463,50.7136978147105],[-2.3655451065944,50.7138612815681],[-2.36554519496367,50.7138726410611],[-2.36558166714976,50.7139596149164],[-2.36559067474521,50.7139671594619],[-2.36560560536167,50.7139690063876],[-2.36561747942791,50.7139613961519],[-2.36562632498025,50.7139481146582],[-2.36565894668803,50.7139234003862],[-2.36570053317574,50.7139005508912],[-2.3659030994164,50.7138639418927],[-2.36600139286523,50.7138446997293],[-2.36600740145239,50.7138503597926],[-2.36600748993336,50.713861719285],[-2.36598664064118,50.7138655718345],[-2.3658198101695,50.7138944956168],[-2.36569474420245,50.7139232877497],[-2.3656888506713,50.7139327721706],[-2.36568893907554,50.7139441316632],[-2.36569198090133,50.7139516949726],[-2.36570394335707,50.7139554442208],[-2.36572482501858,50.7139553785101],[-2.36610910548572,50.7138860117578],[-2.36610907598151,50.7138822249606],[-2.36611789330545,50.7138651584268],[-2.36612371156523,50.7138462074455],[-2.36613850797856,50.7138310150692],[-2.36615333529941,50.7138196085844],[-2.36634983316741,50.7137697651609],[-2.36635882609072,50.7137754166982],[-2.36636486565302,50.7137848635358],[-2.36633509446997,50.7137925311627],[-2.36620409141388,50.7138251285479],[-2.36616836773804,50.7138347069846],[-2.36616847100884,50.7138479594257],[-2.36617155858213,50.7138612024641],[-2.36618942781102,50.7138573601707],[-2.36645754733683,50.7138110768632],[-2.36653494267679,50.713790007148],[-2.36653783695626,50.7137786391479],[-2.36654654930459,50.7137483192463],[-2.36659692278201,50.7137046160687],[-2.36666833735673,50.7136816712351],[-2.36692716678186,50.7135918727624],[-2.36698961763776,50.713567063036],[-2.36699268922305,50.7135784131084],[-2.36698381312864,50.7135879070136],[-2.36693326415172,50.7136088922697],[-2.36663877309465,50.7137158438206],[-2.36660019964251,50.7137424701378],[-2.36659733634011,50.713757624932],[-2.3665825977665,50.7137803909647],[-2.366582656844,50.7137879636594],[-2.3666065213103,50.7137878883823],[-2.36664519677756,50.7137745136088],[-2.36690133810988,50.7137225880814],[-2.36692221966518,50.7137225221566],[-2.36693122742965,50.7137300665983],[-2.3669193831974,50.713741462865],[-2.36689253729368,50.7137415476184],[-2.36685682860835,50.7137530201136],[-2.366836007574,50.7137606587168],[-2.36683608147012,50.7137701243601],[-2.36684216547578,50.7137852518176],[-2.36688426861919,50.7138286632029],[-2.36691412843478,50.7138323549271],[-2.36696188698347,50.7138359910288],[-2.36699771116212,50.7138396638989],[-2.36700672179399,50.7138472083256],[-2.36699481841366,50.7138510328048],[-2.36695005752159,50.7138492811465],[-2.36686642760735,50.7138362924039],[-2.36683941907036,50.7138155520108],[-2.36680623647674,50.7137683255646],[-2.36678237202089,50.7137684008826],[-2.36676748717832,50.713772234748],[-2.36642201564703,50.7138452673099],[-2.36585325718807,50.7139757999232],[-2.3656744813464,50.7140028681049],[-2.36564464956168,50.7140029619658],[-2.36562075693502,50.7139992502446],[-2.36560588523593,50.7140049769155],[-2.36559999450942,50.7140144613229],[-2.36561217509901,50.7140466084216],[-2.36567304688434,50.7142009410809],[-2.36568799231011,50.7142046809447],[-2.36571480900919,50.7142008096708],[-2.36613178825297,50.7141161941847],[-2.36639093109381,50.714066153322],[-2.36644757948199,50.7140621887271],[-2.36653714311162,50.7140713721658],[-2.36669235242527,50.7140822414244],[-2.36669242630031,50.7140917079667],[-2.36666261064997,50.7140936950325],[-2.3665939849178,50.7140920185272],[-2.36643281120348,50.7140811670441],[-2.36631360761003,50.71409668859],[-2.36618555709862,50.7141254915547],[-2.36590265223506,50.7141888586419],[-2.36569420718975,50.7142368468052],[-2.36569128321455,50.7142444288863],[-2.36568539105914,50.7142539133022],[-2.36572502496544,50.7143635966986],[-2.36573118377619,50.7143881889533],[-2.3657909481745,50.7144012545268],[-2.36583273995229,50.7144049089717],[-2.36589532515035,50.7143971390677],[-2.36594598006544,50.7143894066966],[-2.36595798404845,50.7143988347734],[-2.36594907952206,50.7144045426975],[-2.36588052848096,50.7144123314124],[-2.36582387962864,50.7144162966321],[-2.36578510023421,50.7144164186933],[-2.3657582216323,50.7144127163985],[-2.36572324949907,50.7143995413175],[-2.36564042821444,50.7144093685123],[-2.3656254666161,50.7144237636775],[-2.36563712156131,50.7144691633915],[-2.3656183207314,50.7144740040391],[-2.36560701790975,50.7144740395971],[-2.36558411034154,50.714435850674]]],[[[-2.37057145450844,50.713961733709],[-2.37046579249993,50.7139302126633],[-2.37029967201833,50.7138702118508],[-2.37022916027485,50.7138401714701],[-2.37020899395205,50.7138290853387],[-2.37021648572548,50.7138242827349],[-2.37026685620119,50.7138464230867],[-2.37051100540758,50.7139348467606],[-2.370568856756,50.7139505917542],[-2.37057642247337,50.7139553464799],[-2.37058144210368,50.7139553305112],[-2.37058646315037,50.7139553145379],[-2.37081034213438,50.7137013359592],[-2.37082278916623,50.7136885543895],[-2.37082523752392,50.7136805816411],[-2.3707297031527,50.7136601787988],[-2.37054119611094,50.7136257352497],[-2.37045572627365,50.7136084854262],[-2.37044063123639,50.7136037546324],[-2.37044058101301,50.7135973842654],[-2.37045060621697,50.7135957588557],[-2.37060396475922,50.7136287217468],[-2.37060898435431,50.7136287057782],[-2.37061398997124,50.7136270972223],[-2.37063142175519,50.7136095192214],[-2.37064631719542,50.7135887649241],[-2.37065128511054,50.7135823776931],[-2.37066133685405,50.7135839383433],[-2.37065887873561,50.7135903175894],[-2.37063655443243,50.7136238392729],[-2.37062658920736,50.7136334276652],[-2.37082768305514,50.713672609801],[-2.37083773624034,50.7136741704306],[-2.37084274327056,50.7136725618605],[-2.37090008862942,50.7136245931678],[-2.37093740864423,50.7135830596379],[-2.37094741009756,50.7135782489994],[-2.37095237938656,50.7135718617524],[-2.37091940140448,50.7135273667874],[-2.37087891925836,50.713486080963],[-2.3708259105586,50.7134480211571],[-2.37079560739121,50.7134242245414],[-2.37074273707824,50.7134036858962],[-2.37071503032008,50.7133910312134],[-2.37069495204243,50.7133910951015],[-2.37063011508996,50.7134438663203],[-2.37059019718108,50.7134742578023],[-2.37056012995693,50.7134807248686],[-2.37040454122079,50.7134828122883],[-2.37038694757762,50.713479682062],[-2.37037437352269,50.7134765367742],[-2.37037684422783,50.7134717501247],[-2.37038186380611,50.7134717341664],[-2.37050736298731,50.7134729277393],[-2.37052995108984,50.7134728559],[-2.37055002940312,50.7134727920391],[-2.37057005746837,50.7134663569089],[-2.37058508965626,50.7134631229305],[-2.37067487518106,50.7133911589817],[-2.37067988218657,50.7133895504194],[-2.37068234170804,50.7133831711685],[-2.37066978021591,50.7133816176046],[-2.37058943084746,50.713377094426],[-2.37045135930726,50.713372755648],[-2.37043379082071,50.7133728115103],[-2.3704237516855,50.7133728434305],[-2.37042621124121,50.7133664641839],[-2.37067222717468,50.7133736457624],[-2.37072249825647,50.7133830433934],[-2.37082070242311,50.7134241446675],[-2.37089391371706,50.7134780691716],[-2.37095720892807,50.7135479533096],[-2.37096983335124,50.7135574706955],[-2.37098240747504,50.7135606168161],[-2.3709924340754,50.7135589922555],[-2.37100246066795,50.7135573667947],[-2.37103005582132,50.7135556862805],[-2.37112548804361,50.7135633463586],[-2.37170073611386,50.7136268201266],[-2.37171831587694,50.7136283566648],[-2.37172584526855,50.7136283326398],[-2.37172588307512,50.7136331113095],[-2.37172592088169,50.7136378899792],[-2.3717209250692,50.7136410911807],[-2.37158029245636,50.7136303896184],[-2.37157503519075,50.7136358146759],[-2.37157154664192,50.713640297938],[-2.37156023334563,50.7136660256429],[-2.37155030751429,50.713680393673],[-2.37150533545098,50.7137060227837],[-2.37146781435351,50.7137220705377],[-2.37125713364627,50.7137402637837],[-2.37110663633974,50.713751893524],[-2.37108653274426,50.7137487714037],[-2.37109402442112,50.7137439696461],[-2.37124955389475,50.713733916517],[-2.37139002448547,50.7137239111917],[-2.37144771075415,50.7137189493793],[-2.37148524303132,50.7137044942266],[-2.37153584342278,50.7136786277481],[-2.37154599791626,50.7136646960414],[-2.37156015681856,50.713637720949],[-2.37155733796158,50.7136273045496],[-2.37154706529233,50.7136264695047],[-2.37108007906521,50.7135672059478],[-2.37102235663349,50.7135673897959],[-2.37098972789348,50.713567493707],[-2.37096966353066,50.7135691502315],[-2.37095470536677,50.7135819407102],[-2.3707928550607,50.713744928638],[-2.37057648008973,50.7139956962571],[-2.37050195315196,50.714093099131],[-2.37049469999377,50.7141281645899],[-2.37050521516149,50.7141886601331],[-2.37051825416311,50.7142507402772],[-2.37052085333694,50.714261882228],[-2.37052091613847,50.7142698460846],[-2.37051093820049,50.7142778427791],[-2.36997068329166,50.7145153037091],[-2.36995564788859,50.7145185376296],[-2.36994557229716,50.7145137908368],[-2.37050584317093,50.7142683013985],[-2.37050578037198,50.7142603375418],[-2.37047982802012,50.7141521049608],[-2.37047458372605,50.714123450676],[-2.37048191224352,50.7140979407673],[-2.37049701552706,50.714070285619],[-2.37051940295108,50.7140447287103],[-2.37057654809409,50.7139712741932],[-2.37057145450844,50.713961733709]]],[[[-2.37143430614243,50.7144102180477],[-2.37145293022743,50.7144101586564],[-2.37144767702399,50.7144186187782],[-2.37142110739008,50.7144237700667],[-2.37118195169659,50.7144650613321],[-2.37086569867228,50.7145150427983],[-2.37068775623961,50.7145578270083],[-2.37064257561579,50.7145647262081],[-2.37062659529845,50.7145630882048],[-2.37062919150807,50.7145546356706],[-2.37065043709357,50.7145495023996],[-2.37093465424141,50.7144861144953],[-2.37143430614243,50.7144102180477]]],[[[-2.37048259423931,50.7143631706409],[-2.37058762728162,50.7143083561156],[-2.37068033704351,50.7142457974201],[-2.37076541682004,50.714149018226],[-2.3708354620816,50.7140118145865],[-2.37083541293906,50.7140055881037],[-2.37082801801808,50.7140009425648],[-2.37081322958275,50.7139916496824],[-2.37078616448505,50.7139808401149],[-2.37077867129605,50.713963740707],[-2.37076872496001,50.7139466500057],[-2.37077099387503,50.7139232937847],[-2.37092836164494,50.713662842305],[-2.37099157476616,50.7135925940229],[-2.37102096991721,50.7135878304299],[-2.37105529451232,50.7135861644485],[-2.37113628980012,50.7135936897418],[-2.37151432223828,50.7136345128005],[-2.3715094542926,50.7136391983023],[-2.37149227281497,50.7136376964337],[-2.37139165508443,50.7136302339499],[-2.37107501231934,50.7135985549215],[-2.37103331883244,50.7135986877187],[-2.37100638910144,50.7136049992239],[-2.37096745456638,50.7136440379074],[-2.370810111655,50.7139076035721],[-2.37079563035233,50.7139372253065],[-2.37079328916018,50.7139512417983],[-2.37080568583428,50.7139683246973],[-2.37081801164711,50.7139760687605],[-2.37083276463821,50.7139806917758],[-2.37084258531364,50.7139822162725],[-2.37084994479823,50.7139821928432],[-2.37085725231174,50.7139759438389],[-2.37087673820225,50.7139587594429],[-2.37090587555605,50.7139213077367],[-2.37095926557557,50.7138495349792],[-2.37101954922969,50.7137185889759],[-2.3710537018291,50.7136951312037],[-2.37109288220887,50.7136872240031],[-2.37142137013505,50.7136659405804],[-2.37143365622755,50.7136690156262],[-2.37143124140815,50.7136736924042],[-2.37142145627058,50.713676836921],[-2.37139692906683,50.7136769151181],[-2.37118122481322,50.7136931682957],[-2.37110520657117,50.7136949671424],[-2.37107825221426,50.713698166324],[-2.3710538616284,50.7137153663712],[-2.37103199792536,50.713741898324],[-2.3710176997588,50.7137948675945],[-2.3710201883692,50.7137995296476],[-2.37104470192967,50.7137978949116],[-2.37118938071051,50.7137943206819],[-2.37149817456105,50.7137637616155],[-2.37159125131701,50.7137478981656],[-2.37162295050832,50.7137244489599],[-2.37163761731265,50.7137181755349],[-2.37164748862565,50.7137259264395],[-2.37162556228761,50.7137446762971],[-2.37158645723107,50.7137619233898],[-2.37149827301543,50.713776213676],[-2.37124829279704,50.7138003595892],[-2.37102519158453,50.7138119660908],[-2.37101047550219,50.7138120129602],[-2.37100561977849,50.7138182550636],[-2.37099832460766,50.7138260615956],[-2.37099113862782,50.7138478768176],[-2.37094029870694,50.7139320938465],[-2.37089644524184,50.7139695924171],[-2.37089654353603,50.713982044483],[-2.37091625059718,50.7139928783527],[-2.3710021051473,50.7139941616064],[-2.37131597756176,50.7139853782371],[-2.37160537315412,50.7139828987475],[-2.37171573991916,50.7139825466187],[-2.37176485339749,50.7139901731813],[-2.37178938076524,50.7139900949013],[-2.37181875003096,50.7139822178673],[-2.37183336620462,50.7139697188419],[-2.3718504246272,50.7139556553602],[-2.37186749393611,50.7139431476009],[-2.37188704104299,50.7139337461461],[-2.37189679065594,50.7139259317268],[-2.37191390781172,50.7139196504436],[-2.37193351792011,50.7139180311747],[-2.3719629487323,50.7139179372034],[-2.37198505845932,50.7139225365791],[-2.37200227560794,50.7139287073341],[-2.37205638167823,50.7139472144409],[-2.37214249507233,50.7139811840596],[-2.37216954674398,50.7139904375863],[-2.37217937030451,50.713991962859],[-2.37219653818706,50.7139919080066],[-2.37221122966103,50.7139887477475],[-2.37222102714229,50.7139871597832],[-2.37221373072583,50.7139949654904],[-2.37219170725879,50.7140012624933],[-2.37217699111858,50.7140013095119],[-2.37215734541071,50.7139982589608],[-2.37210568008122,50.7139781883483],[-2.37203185575019,50.7139472927718],[-2.37196303498822,50.7139288326396],[-2.37192624611025,50.7139289501041],[-2.37189934096717,50.7139383768549],[-2.37184076264407,50.7139743652086],[-2.37183595486783,50.7139868329265],[-2.37185562518955,50.7139929967716],[-2.37202033226414,50.7140407245944],[-2.37202284563877,50.7140484998606],[-2.37201307278781,50.7140532010474],[-2.37200077282199,50.7140485703521],[-2.37192703469621,50.7140285701471],[-2.37184840262778,50.7140101421747],[-2.3718066348674,50.7140009355437],[-2.37173059010177,50.7139996215795],[-2.37166190625012,50.7139982849797],[-2.37144605152153,50.7139958601579],[-2.37096049449464,50.714005189843],[-2.37089423924197,50.714000731737],[-2.37088440485022,50.7139976497295],[-2.37087214045492,50.7139976887773],[-2.37086727098323,50.7140023733606],[-2.37086490524335,50.714013277511],[-2.37086262408475,50.7140350771113],[-2.37078505021049,50.7141505114925],[-2.3707559863081,50.7141973020004],[-2.37069025743346,50.7142597748898],[-2.37060979986016,50.7143207379509],[-2.3705951709769,50.7143316811152],[-2.37060012502507,50.7143378910937],[-2.37062717659967,50.714347144981],[-2.37067625486198,50.7143501021279],[-2.37082570520127,50.7143293907543],[-2.37108039672684,50.7142803249946],[-2.37128607246306,50.714236085819],[-2.3714672354573,50.7141934793266],[-2.37147462906324,50.7141981257254],[-2.3714746659845,50.714202795585],[-2.3714624412888,50.7142075045473],[-2.3712910634959,50.7142469656258],[-2.3708796869842,50.7143323322048],[-2.37073515388808,50.7143545846563],[-2.37066653093186,50.7143610296916],[-2.37062973887424,50.7143611467675],[-2.370602711847,50.7143550061229],[-2.37057325478359,50.7143519865229],[-2.37055121864109,50.7143567257084],[-2.37052925615447,50.7143708055152],[-2.37028741544993,50.7144945453454],[-2.37014561536746,50.714552589791],[-2.37006985313775,50.7145870761628],[-2.37000872132066,50.714610618489],[-2.36992309850281,50.7146389094534],[-2.36989618028066,50.7146467782473],[-2.3698863825804,50.7146483660234],[-2.36988145309498,50.7146452683569],[-2.3698764731784,50.7146359442077],[-2.36987639966241,50.7146266053767],[-2.36988372248739,50.7146219121399],[-2.36993753297703,50.7146030622132],[-2.37013314378781,50.7145261670965],[-2.37048259423931,50.7143631706409]]],[[[-2.37245816199094,50.7145840245312],[-2.37243682005393,50.7145773373655],[-2.37237744544095,50.7145591926326],[-2.37204120354231,50.7144369889548],[-2.37200647879634,50.7144202131314],[-2.37198508635548,50.7144067715267],[-2.37197432187461,50.7143916071246],[-2.37195457198771,50.7142498164193],[-2.37195716794605,50.7142413647631],[-2.37197579196242,50.7142413052905],[-2.37198727837813,50.714347658264],[-2.3719909231968,50.714384557687],[-2.37200430754973,50.7143946480602],[-2.37202303859788,50.7144080981618],[-2.37206045148149,50.7144282430999],[-2.37224451768064,50.7144867603528],[-2.37245004390536,50.7145671619651],[-2.37249006354481,50.7145805448082],[-2.3725007345171,50.7145838883865],[-2.37251667331915,50.7145804597061],[-2.37266756378202,50.7144820307799],[-2.37272576825537,50.7144396259312],[-2.37277069387883,50.7144006412582],[-2.37284186583651,50.7143159771486],[-2.37287870270348,50.7142635084123],[-2.37306071772402,50.7140636554628],[-2.3730765490316,50.7140467171396],[-2.37308713663372,50.7140399287213],[-2.37309784775042,50.7140483377759],[-2.37305043708935,50.7141092837949],[-2.37290006994386,50.714273572224],[-2.37288421310484,50.7142871329042],[-2.3728842801147,50.7142955760512],[-2.37291627668691,50.714303917879],[-2.37293490214265,50.7143038582479],[-2.37293498256699,50.7143139902038],[-2.37289773164735,50.7143141094633],[-2.37286844723652,50.7143125143573],[-2.37286053291412,50.7143209830533],[-2.37279736912749,50.7144089992475],[-2.37277625783306,50.7144310200941],[-2.37277632483082,50.7144394641409],[-2.37281626263107,50.7144427140215],[-2.3728721554011,50.7144442239618],[-2.37295458800769,50.7144372046392],[-2.37301578590602,50.714437008672],[-2.37304504074864,50.7144352261291],[-2.37304510779515,50.7144436701741],[-2.37298927147537,50.7144489146449],[-2.37284031813918,50.7144561469415],[-2.37277909199876,50.7144529652034],[-2.37274446075065,50.7144480094764],[-2.37273119680366,50.7144531184789],[-2.37270738245412,50.7144700814074],[-2.37250359674427,50.7146092093222],[-2.37246919300607,50.7146329623822],[-2.3724479729439,50.7146414736032],[-2.37242925364977,50.714629712392],[-2.37242917333458,50.7146195804327],[-2.37245556752121,50.7145924761912],[-2.37245816199094,50.7145840245312]]],[[[-2.37177378312819,50.7142689700674],[-2.3717817658661,50.7142689445887],[-2.37178183267601,50.7142773877431],[-2.3717189221632,50.7143974881226],[-2.37168989298343,50.7144279783233],[-2.37169279343123,50.7144583666309],[-2.37170359791097,50.7144785965944],[-2.3719072652147,50.71466032912],[-2.37196083104243,50.714704065549],[-2.37197157938839,50.7147175411479],[-2.37196363809365,50.7147226321695],[-2.37194764713972,50.7147193055312],[-2.37177347489963,50.7145661876578],[-2.37168239113822,50.7144887964894],[-2.37167696288938,50.7144753038828],[-2.37166603819548,50.7144398755182],[-2.37175788587429,50.7142774641732],[-2.37177378312819,50.7142689700674]]],[[[-2.37184027685205,50.7142653801144],[-2.3718562289604,50.7142636403368],[-2.37185629579091,50.7142720843899],[-2.37186196605649,50.7143159728763],[-2.37184673421686,50.7144089021383],[-2.37184945048255,50.7144156479806],[-2.37185485204204,50.7144257629566],[-2.37212576289565,50.7146984721509],[-2.37212850455483,50.7147085956092],[-2.37212591002551,50.7147170481631],[-2.37211533267225,50.7147255253225],[-2.37209146588297,50.7147357337906],[-2.37207818840774,50.7147391539135],[-2.37206754417794,50.7147391879172],[-2.37205683450363,50.7147307787635],[-2.37209924808782,50.7147103779335],[-2.37209919459445,50.714703623592],[-2.37209375140824,50.7146884422047],[-2.37187373008761,50.7144577891],[-2.37183349690551,50.7144173877636],[-2.37183334989388,50.714398811746],[-2.37184027685205,50.7142653801144]]],[[[-2.37177231007148,50.7147553294539],[-2.37171897290602,50.7147403009132],[-2.37167341679368,50.7146999165148],[-2.37161144386705,50.7146021679544],[-2.37158442148123,50.7145499042042],[-2.37155231814191,50.7145280524205],[-2.37153359770262,50.7145162910607],[-2.37150440809304,50.7145265163882],[-2.37143265933347,50.7145385662889],[-2.37110040189624,50.7145835328726],[-2.37093284749082,50.714594198827],[-2.37083457006776,50.7146164650766],[-2.37076300471994,50.7146521561535],[-2.37074177243315,50.7146589791574],[-2.37067526473593,50.7146608796933],[-2.37065134295566,50.7146643326322],[-2.37062216779645,50.7146762465559],[-2.37056910937139,50.7146966807359],[-2.37054783707918,50.7146984372694],[-2.37053981431084,50.7146933962293],[-2.37054509718048,50.7146883137577],[-2.37062204791687,50.714661049045],[-2.37065391252808,50.7146525033727],[-2.37068581427336,50.7146490250365],[-2.3707310482743,50.7146488810656],[-2.37075760478727,50.7146420411157],[-2.37081855116363,50.7146097615594],[-2.37085838375979,50.7145995025102],[-2.37093541415514,50.7145823695727],[-2.37105243845583,50.7145752414096],[-2.37128639213383,50.7145491657578],[-2.37148039582298,50.7145181496051],[-2.37150165464343,50.7145147040944],[-2.37151755202504,50.7145062100196],[-2.37153081612813,50.7145011020496],[-2.37154945501366,50.7145027305488],[-2.37157348348394,50.7145127870187],[-2.37160299219359,50.7145430895435],[-2.37163802553044,50.7145987063346],[-2.37166245339463,50.7146594226154],[-2.3717268206992,50.7147233882326],[-2.3717748645841,50.7147418113732],[-2.37192126453759,50.7147480984844],[-2.37199844186287,50.714749540864],[-2.37207559386049,50.7147476055674],[-2.37223773207062,50.7147251342023],[-2.37228025261646,50.7147182428894],[-2.37228562896461,50.7147249811155],[-2.3722670420663,50.7147301070829],[-2.37207301410289,50.7147577460269],[-2.3719107286613,50.7147616420534],[-2.37177231007148,50.7147553294539]]],[[[-2.36932389163345,50.7141548719283],[-2.36934029898526,50.7141548199059],[-2.36939857998863,50.714263968291],[-2.3694613343895,50.7144199596556],[-2.36956118611044,50.7145992623201],[-2.36969418145068,50.7148201100136],[-2.36970252720289,50.7148383057156],[-2.36969440675158,50.7148487443025],[-2.36966567439324,50.7148462320748],[-2.36965306292596,50.7148072251864],[-2.36962806246771,50.714757843904],[-2.36959481875663,50.7147032828167],[-2.36946606937196,50.7145006437099],[-2.36942864371371,50.7144356821143],[-2.36937831772803,50.7142952700889],[-2.36931997251958,50.7141783125117],[-2.36931984975923,50.7141626941293],[-2.36932389163345,50.7141548719283]]],[[[-2.37044226876642,50.714808540546],[-2.37045555969808,50.7148068094171],[-2.37045825963746,50.714811866494],[-2.37043020268946,50.714965630719],[-2.37041160359179,50.7149690675836],[-2.37040357938206,50.7149640274393],[-2.37040083949169,50.7149539030249],[-2.37042650280652,50.7148339217127],[-2.37043964728825,50.7148136145487],[-2.37044226876642,50.714808540546]]],[[[-2.3706034515253,50.7150022316517],[-2.37065191579267,50.7147369470565],[-2.370673229478,50.7147402560361],[-2.37067595750762,50.7147486916263],[-2.37067602411815,50.7147571347873],[-2.3706248319377,50.7150139846962],[-2.37061953714192,50.7150173792547],[-2.37060890616796,50.7150191019395],[-2.3706034515253,50.7150022316517]]],[[[-2.37081378810735,50.7146807032102],[-2.37083503655545,50.7146755689961],[-2.37083774986477,50.7146823157744],[-2.37075275201985,50.7150389085588],[-2.37075018529163,50.7150507387099],[-2.37074224380627,50.7150558296544],[-2.37073424619032,50.7150541662591],[-2.37072355000173,50.7150474448903],[-2.37080595331753,50.7146993046522],[-2.37081378810735,50.7146807032102]]],[[[-2.37424564087087,50.7149911235236],[-2.37435383838239,50.7148560023],[-2.37456224607229,50.7146184957422],[-2.37468345337434,50.7145047218251],[-2.37474056541593,50.7144273375015],[-2.37477326083205,50.7143905946938],[-2.37477915251394,50.7143539381228],[-2.37479109525317,50.7143002512791],[-2.37479078211326,50.7142609986631],[-2.37479425943785,50.7141798606206],[-2.37480001538081,50.7141261945814],[-2.37480773960323,50.7140607452221],[-2.3748131956252,50.713969134077],[-2.37481096636242,50.7139482050837],[-2.37481501635537,50.7139390328734],[-2.37482606025881,50.7139438462628],[-2.37483698507612,50.7140019046757],[-2.3748422289864,50.7140035469756],[-2.37485792100523,50.7140034964803],[-2.37490752938925,50.7139933781921],[-2.37502765976786,50.7139714141539],[-2.3750458987331,50.7139630559689],[-2.3750616172429,50.713966325507],[-2.37505905420279,50.7139729731513],[-2.37493641658652,50.7140082231774],[-2.37487111616927,50.7140183919776],[-2.37485280809994,50.7140184508931],[-2.37483718370781,50.7140268006365],[-2.37483727640509,50.7140384190512],[-2.37482986808693,50.7140932163084],[-2.37482993429402,50.7141015146622],[-2.37484042073488,50.7141048010647],[-2.37486920203611,50.7141063685193],[-2.37497365392062,50.7140861141556],[-2.37505454044903,50.7140626163302],[-2.37508849798755,50.7140575276734],[-2.37510154747579,50.7140541664073],[-2.37507035174864,50.7140775042785],[-2.37487978259101,50.7141212715293],[-2.3748353357112,50.7141230746341],[-2.37482488899893,50.7141247683227],[-2.37482232591641,50.7141314159631],[-2.37482023953707,50.7141978148077],[-2.37483099366909,50.7142342955147],[-2.37483889198072,50.7142409094914],[-2.37485458266318,50.7142408589984],[-2.37500346574723,50.7142171423611],[-2.37506872949509,50.7142019942785],[-2.37508704946607,50.714203594462],[-2.37508969061272,50.7142069061029],[-2.37507928222716,50.7142135790101],[-2.3748442683452,50.7142591493964],[-2.37483119229922,50.7142591914746],[-2.37482598808598,50.7142625283672],[-2.37483136445513,50.714280769172],[-2.37483166902703,50.7143189435763],[-2.37481122288886,50.7143787621057],[-2.37480608628077,50.7143903973468],[-2.37480873923826,50.7143953681299],[-2.37484531452928,50.7143902711126],[-2.37497847945512,50.7143632849289],[-2.37510381354653,50.7143379847875],[-2.37515607947263,50.7143328371455],[-2.37515876180196,50.7143411270711],[-2.37515618550653,50.7143461155867],[-2.37506477085339,50.7143613479312],[-2.37478540174313,50.7144203398221],[-2.37477495354599,50.7144220335129],[-2.37476715971942,50.7144286979824],[-2.37472585956311,50.7144968821626],[-2.37471813332871,50.714511845878],[-2.3747208155906,50.7145201358157],[-2.37473127563631,50.7145201021639],[-2.37475477208313,50.7145150472485],[-2.37486173506275,50.7144815069923],[-2.37503658562527,50.7144344701944],[-2.37516182567311,50.7143975506798],[-2.37525392837187,50.714383867301],[-2.37526514286083,50.7143885613892],[-2.37526145553209,50.7143933016875],[-2.37518333186856,50.7144077404069],[-2.37504949303705,50.7144436381715],[-2.37488963204538,50.7144867139735],[-2.37473725869619,50.7145344947951],[-2.37471492548323,50.7145369308553],[-2.37469255172453,50.7145346386213],[-2.37467396105617,50.7145394268446],[-2.37462965001708,50.7145892231865],[-2.37449310430763,50.7147528126018],[-2.37449319854863,50.7147646351498],[-2.37450437393065,50.7147645992167],[-2.37458985722488,50.7147383144087],[-2.37477935482134,50.7146738630371],[-2.37532550849028,50.714482946058],[-2.37538498640494,50.7144662022254],[-2.37539986934247,50.7144637900506],[-2.37539994492156,50.7144732484425],[-2.37450081984562,50.7147858903374],[-2.37447103199902,50.7147883512236],[-2.37444508659256,50.7148049859118],[-2.37433414461865,50.7149093803926],[-2.37431941219014,50.7149307074375],[-2.37431944987056,50.7149354366371],[-2.37433807982515,50.7149353767597],[-2.37438278718341,50.7149352330565],[-2.37462801773825,50.7148516872549],[-2.37501433277464,50.7147062101373],[-2.37508120611994,50.7146823500076],[-2.3751072470433,50.7146775377253],[-2.37510734143281,50.7146893593685],[-2.37447206855741,50.7149183947556],[-2.37434197311132,50.7149566448399],[-2.37430102854652,50.7149615048566],[-2.37424565286253,50.7150255236961],[-2.37422360049202,50.7150634273251],[-2.37419478572117,50.7150776467214],[-2.37418651855234,50.7150750563745],[-2.37418646644582,50.7150685142696],[-2.37424564087087,50.7149911235236]]],[[[-2.37442996065691,50.714696065025],[-2.37442985422678,50.7146827110394],[-2.37439618933256,50.7146828192584],[-2.37436683896197,50.7146962679283],[-2.37404776232256,50.7147907688907],[-2.3739722060463,50.7148150484151],[-2.3738838977836,50.7148233436307],[-2.37348046413052,50.7148940778625],[-2.37347202663663,50.7148914340519],[-2.3734803367474,50.7148780539675],[-2.3735518338996,50.71487248294],[-2.37382498262056,50.7148235327423],[-2.37392585291108,50.714807184642],[-2.3739594966379,50.7148044057577],[-2.37402249091308,50.7147881791817],[-2.37444647523485,50.7146559507492],[-2.37447159475124,50.714639845697],[-2.37449663192384,50.7146130574427],[-2.37452997740601,50.7145728890405],[-2.37465103549657,50.7144496453065],[-2.37470935234106,50.7143746770885],[-2.3747215931687,50.7143265648341],[-2.37472112453635,50.7142678100046],[-2.37471649043378,50.7142144094056],[-2.37470805300072,50.7142117665816],[-2.37466180541515,50.7142172561739],[-2.37409876902778,50.7143258959352],[-2.37409035145204,50.7143259229694],[-2.37408610084029,50.7143205948879],[-2.37412386721918,50.714307120161],[-2.3747162987293,50.7141903740334],[-2.37471625612515,50.7141850324399],[-2.37471619221895,50.7141770200496],[-2.37471612831995,50.7141690085585],[-2.37471973995091,50.714094216309],[-2.37471128123059,50.7140889017884],[-2.37469449160022,50.7140942975262],[-2.37465666166396,50.7140997600363],[-2.37436685464799,50.7141701315995],[-2.3743584583822,50.7141728294496],[-2.37435004225075,50.714172856497],[-2.37435416660769,50.7141621597787],[-2.37436674823794,50.714156777612],[-2.37441715987646,50.7141459330214],[-2.37472796435093,50.7140701529636],[-2.37473208719563,50.7140594562395],[-2.37472700577774,50.7139499725023],[-2.37472277784644,50.7139473152373],[-2.37471436033974,50.7139473423142],[-2.37469332011386,50.7139474099923],[-2.37396678513556,50.7141340263484],[-2.37395416094834,50.7141340668765],[-2.37394986785364,50.714123397192],[-2.3739624495204,50.7141180150676],[-2.374714168631,50.7139233060415],[-2.37471833407719,50.713917951811],[-2.37471822756729,50.7139045978266],[-2.37472596200887,50.71381910975],[-2.3747500399728,50.713672140992],[-2.37482508121211,50.7135837655132],[-2.37485015881126,50.7135623179029],[-2.3748795949959,50.7135595532189],[-2.37488811756609,50.7135728792212],[-2.37487134802906,50.7135809448801],[-2.374825400816,50.7136238256667],[-2.37478797464905,50.7136800306535],[-2.37477577667397,50.7137334854051],[-2.37475563127002,50.7138457211639],[-2.3747575059549,50.7140807404894],[-2.37474186667094,50.7142303529616],[-2.37474271877347,50.7143371794324],[-2.37473457954049,50.7143719250663],[-2.37470127698093,50.714417435111],[-2.37445937487219,50.714690628731],[-2.37425931869284,50.7149343097355],[-2.37415082035268,50.7150495001761],[-2.37412168235233,50.715089654971],[-2.37410914297081,50.7151003778158],[-2.37410072667147,50.7151004048508],[-2.37409643346013,50.7150897360768],[-2.3741254878234,50.7150388980925],[-2.37442996065691,50.714696065025]]],[[[-2.37110011017187,50.7147564165182],[-2.37115697827283,50.7147441840146],[-2.37120547234323,50.7147400132691],[-2.37121597794211,50.7147346236551],[-2.37121794943431,50.7147172108457],[-2.37122164134123,50.7146502492418],[-2.37122156729252,50.7146408771481],[-2.37122364456628,50.7146368534292],[-2.3712320848633,50.7146368265279],[-2.37123699054893,50.7147238444201],[-2.37123706460807,50.7147332174129],[-2.37124128405712,50.7147332039638],[-2.37128564188643,50.7147397577312],[-2.37131311133821,50.7147450253917],[-2.37133424175298,50.7147489751227],[-2.37134478051135,50.7147476033889],[-2.37138663632735,50.714704621789],[-2.37138654107695,50.7146925716989],[-2.37141184858013,50.714691151967],[-2.37150071242842,50.714723003539],[-2.37182041174322,50.7148639162861],[-2.3718521417633,50.714874526342],[-2.37186896803537,50.714867777458],[-2.37188764331818,50.7148596683479],[-2.37190466006973,50.7148460276469],[-2.37192170114945,50.7148351035993],[-2.37193876231818,50.7148268971178],[-2.37195160765463,50.7148268560959],[-2.37196023574914,50.7148349805393],[-2.37193895591776,50.7148513524945],[-2.37190493968323,50.7148813514813],[-2.37188785839451,50.7148868403901],[-2.37184934525983,50.7148896809917],[-2.37182789473901,50.7148843142103],[-2.37171620997374,50.7148384772521],[-2.37147560516715,50.7147332697988],[-2.3714197745573,50.7147117094834],[-2.37140690777666,50.7147090337799],[-2.37138143477961,50.7147362877449],[-2.37136441508152,50.7147499283826],[-2.37136024069328,50.714763528062],[-2.37141615867883,50.7147959577606],[-2.37155807196045,50.7148743065885],[-2.37174701808206,50.7149443531138],[-2.37179000657994,50.7149659542549],[-2.37182002071127,50.7149712928035],[-2.3719056064556,50.7149655851699],[-2.3719740047241,50.7149517803718],[-2.37201669211625,50.7149353400312],[-2.37213584194441,50.714842571578],[-2.37225073388376,50.7147525333575],[-2.37230611275128,50.7147170316295],[-2.37232311062504,50.7147006733008],[-2.37232728330991,50.7146870736009],[-2.37231841973384,50.7146490595841],[-2.37227958386078,50.7146111413688],[-2.37221506035886,50.7145733061298],[-2.37215064456826,50.7145490559711],[-2.37212921428518,50.7145464077081],[-2.37213769311529,50.7145355109886],[-2.37219345926695,50.7145489191658],[-2.37225361627221,50.7145759005434],[-2.37230090511509,50.7146002044893],[-2.37234404428737,50.7146408256732],[-2.3723570819734,50.7146652399823],[-2.37235714657943,50.7146733917721],[-2.37238274960022,50.7146624402895],[-2.37240413546786,50.7146596551808],[-2.37241700229155,50.7146623307728],[-2.37242132713794,50.7146677522077],[-2.3724042646964,50.7146759587598],[-2.37225520942076,50.7147769750434],[-2.37207645934191,50.7149134107467],[-2.3720211661321,50.7149597817334],[-2.37190575701548,50.714984605419],[-2.37184588209132,50.7149929486002],[-2.37182447453701,50.7149930169479],[-2.37180304548411,50.7149903686269],[-2.37177724862347,50.7149768637137],[-2.37176012145269,50.7149769183855],[-2.37174740507457,50.7149932629743],[-2.37172619100885,50.715017786684],[-2.37169622126626,50.7150178823367],[-2.3717045899651,50.7149933996295],[-2.37172584703338,50.7149743110521],[-2.37172573954211,50.7149607250295],[-2.37170426750993,50.714952641561],[-2.37165702018181,50.7149337707109],[-2.3716055140224,50.7149176319614],[-2.37157543548026,50.7149041415611],[-2.37155398356768,50.714898774733],[-2.37154122699762,50.7149096850621],[-2.37152861799436,50.7149396156539],[-2.37151600897499,50.7149695462447],[-2.37149049151611,50.7149913660093],[-2.37146908396168,50.7149914342917],[-2.37146889060793,50.7149669789065],[-2.37148999736402,50.7149288692144],[-2.37150262787729,50.7149016561907],[-2.37150254193944,50.7148907877303],[-2.37148958915554,50.7148772417787],[-2.37146809572384,50.7148664415984],[-2.3714422560741,50.7148475032741],[-2.3714251088832,50.7148448403256],[-2.37140811064088,50.7148611985353],[-2.37139109373795,50.7148748391689],[-2.37137405251175,50.7148857622443],[-2.37135688383819,50.7148803826204],[-2.37136533860408,50.7148667692928],[-2.3713951593162,50.7148476534667],[-2.37139935517649,50.7148367704521],[-2.3713906641656,50.7148204950629],[-2.37131746874031,50.7147690987991],[-2.37127882824865,50.7147556356125],[-2.3711889367424,50.7147586397647],[-2.3710991968699,50.7147806641053],[-2.37106511576429,50.7148025110659],[-2.37104818320422,50.7148270210204],[-2.37102903020248,50.7151123985445],[-2.37102069411257,50.715119533936],[-2.37101012496338,50.715116889541],[-2.37099744394893,50.7151142518725],[-2.37098263417339,50.7151089429181],[-2.37097415150071,50.7151036138076],[-2.37098706107088,50.7148679118971],[-2.37099514968338,50.7148236998457],[-2.3710201386578,50.7147821120237],[-2.37110011017187,50.7147564165182]]],[[[-2.37297148327716,50.7145168017654],[-2.37299250256101,50.714514063589],[-2.37299677285291,50.7145220625186],[-2.37297598677904,50.7145541777003],[-2.37286748755497,50.7146693670264],[-2.37282978268338,50.7146908537736],[-2.37279201562423,50.7147043290027],[-2.372741580394,50.7147125021264],[-2.3726071522767,50.7147423109132],[-2.3724727663271,50.7147774602537],[-2.37242243681572,50.7147989872503],[-2.37236381800589,50.7148365650438],[-2.37224281915606,50.7149678181284],[-2.37208421982042,50.7151339116444],[-2.37207584439221,50.7151392792426],[-2.37206320020265,50.715136649668],[-2.37204628157196,50.7151260202393],[-2.3720504051326,50.7151153244874],[-2.37221323382213,50.7149518883679],[-2.37234675408966,50.7148072409369],[-2.37247253342228,50.7147480823395],[-2.37267000006379,50.7147073894443],[-2.37277926413258,50.7146883446053],[-2.37281278069128,50.7146695421484],[-2.37286725440199,50.7146399891209],[-2.37297148327716,50.7145168017654]]],[[[-2.36780257029043,50.7142616684733],[-2.36778302442035,50.7142576026098],[-2.36768563851825,50.7142806150048],[-2.36753296238867,50.7143038021816],[-2.36752650676072,50.7143100141752],[-2.36750710759776,50.7143245243353],[-2.36706911543271,50.7148770066355],[-2.36704963385604,50.7148811958834],[-2.36704958548393,50.7148750035592],[-2.36706892194818,50.7148522391368],[-2.36749722095239,50.714308042924],[-2.36750688159628,50.7142956283196],[-2.36753281709134,50.7142852261073],[-2.36764326245862,50.7142683650068],[-2.36786078639521,50.7142202034339],[-2.36814335275752,50.7141718374622],[-2.36816289858194,50.7141759034046],[-2.36815320581711,50.7141841903763],[-2.3681142287592,50.7141905051382],[-2.36789013680355,50.7142304307266],[-2.36784797078332,50.7142450121101],[-2.36783829550747,50.714255363829],[-2.36740326944745,50.7147706849405],[-2.36704904210252,50.7152217641966],[-2.36704583837656,50.7152279658922],[-2.36703933277702,50.7152279864381],[-2.36704250567007,50.7152176562226],[-2.36705535280505,50.7151969761574],[-2.36780257029043,50.7142616684733]]],[[[-2.37262399317664,50.7152737346987],[-2.37255154087893,50.7151591245437],[-2.37251762152706,50.7151271844191],[-2.37245858035425,50.7151113489416],[-2.37235760446958,50.7151143426991],[-2.37229475589245,50.7151492631242],[-2.37219849584244,50.7152163389355],[-2.37217758198047,50.7152324309888],[-2.37216918681217,50.7152351286869],[-2.37215652001176,50.7152298274271],[-2.37214804022051,50.7152218419169],[-2.37227354582332,50.7151279648716],[-2.37231539454499,50.7150984524328],[-2.37236160095143,50.7150876221308],[-2.37243313948995,50.7150873933812],[-2.37251745212095,50.7151058189107],[-2.37253422260822,50.7150977526612],[-2.37254248925281,50.7150790310365],[-2.37280559218123,50.7148244683283],[-2.37283067280884,50.7148030228973],[-2.37286844135303,50.714789547649],[-2.37291896001828,50.7147920567748],[-2.37297791613682,50.7147972097272],[-2.37309187761987,50.7148395768123],[-2.37315096250325,50.7148607535692],[-2.37318887808216,50.7148659729218],[-2.37320570918142,50.7148659189901],[-2.37320979143684,50.7148498816027],[-2.37320968536321,50.7148365285038],[-2.37320409685786,50.7146629481066],[-2.37321247206304,50.714657579535],[-2.37322936815475,50.7146655379969],[-2.37323372478019,50.7146842192106],[-2.37324341402024,50.714844432123],[-2.37325603840107,50.7148443916654],[-2.37328549528958,50.7148442972589],[-2.37348721220817,50.7148089311014],[-2.37366780183102,50.7147629489204],[-2.37368854786526,50.7147254920231],[-2.37370480534119,50.7146533300543],[-2.37371192568499,50.7144903915242],[-2.37369913146344,50.7144690674364],[-2.37367390414188,50.714471818339],[-2.37350162569128,50.7145044204093],[-2.3734427533806,50.7145099500135],[-2.37343848159691,50.7145019511073],[-2.37346364525758,50.7144911878569],[-2.37352249630105,50.7144829865446],[-2.37369475342828,50.7144477154462],[-2.37370308463341,50.7144370052493],[-2.3737028509623,50.7144076282612],[-2.37371060858457,50.7143248100934],[-2.37370221366904,50.7143275078939],[-2.37367696518892,50.714327588895],[-2.3735129335743,50.7143387975713],[-2.37350868302733,50.7143334694666],[-2.3735296385012,50.7143227196988],[-2.37358855303254,50.7143225307577],[-2.37370208621217,50.7143114840001],[-2.3737104598732,50.7143061145017],[-2.37371454191374,50.7142900780018],[-2.37372648632054,50.714204575533],[-2.37372644382992,50.7141992339354],[-2.37370954640687,50.7141912755466],[-2.37366329872899,50.7141967656453],[-2.37362544877081,50.7141995579233],[-2.37361696891675,50.7141915725207],[-2.37363375729861,50.7141861778366],[-2.37370102405942,50.714177949452],[-2.373717792591,50.7141698830536],[-2.37371768638141,50.7141565308577],[-2.37371753766808,50.7141378352655],[-2.3737130336131,50.7141004593753],[-2.37369615747891,50.7140951726814],[-2.37367093036679,50.714097924476],[-2.37364149376858,50.7141006888683],[-2.37362884977384,50.7140980594566],[-2.37363720217213,50.7140900200644],[-2.37365819998237,50.7140846109765],[-2.37369186444693,50.7140845029852],[-2.37370442631273,50.7140764509838],[-2.37370436258089,50.7140684385869],[-2.37369126966618,50.7140097242105],[-2.3736826850459,50.7139883857113],[-2.3736952440547,50.7139803337206],[-2.37373311790872,50.7139802122159],[-2.37373743075552,50.7139935509158],[-2.37374627318314,50.7140469380883],[-2.37374648563229,50.7140736442784],[-2.37376336035511,50.714078931869],[-2.37378856620261,50.7140735092561],[-2.37395663481041,50.7140409212281],[-2.37443990823936,50.7139565755484],[-2.37466247037691,50.7138971036001],[-2.37466676219724,50.7139077732586],[-2.37464580718042,50.7139185241157],[-2.37458702233615,50.7139347365536],[-2.37445261752486,50.713967218159],[-2.37433914779064,50.7139862780115],[-2.37401559150588,50.7140460736799],[-2.37375925852593,50.7140922984659],[-2.37374669808891,50.7141003513677],[-2.37374676182811,50.7141083637642],[-2.37374682556733,50.7141163761608],[-2.37376000214808,50.7141857728269],[-2.37376032084246,50.7142258330099],[-2.3737771956221,50.7142311205964],[-2.37379394432672,50.7142203833836],[-2.37462585304911,50.7140547961356],[-2.37463433445998,50.7140627805562],[-2.37463021017614,50.7140734772821],[-2.37458817219201,50.714078953303],[-2.37376472013384,50.7142498557968],[-2.37376482636442,50.7142632088912],[-2.37375675014821,50.7143059659783],[-2.37376943812588,50.7143139378661],[-2.3737862491992,50.7143112139534],[-2.3746770113802,50.7141374239295],[-2.37468128192628,50.7141454227893],[-2.37467292969877,50.7141534622505],[-2.37464351584056,50.7141588976874],[-2.37377377510968,50.7143299491506],[-2.37376123443514,50.7143406719597],[-2.37376140440736,50.71436203745],[-2.37375762124731,50.7144154642288],[-2.3737702455111,50.7144154237194],[-2.37380386913813,50.7144099749852],[-2.37462339123578,50.7142738042289],[-2.3746360168763,50.7142737636225],[-2.37463191387172,50.7142871311456],[-2.37462351901671,50.7142898290104],[-2.37375783370575,50.714442170417],[-2.37374112740596,50.7144582492244],[-2.37374962999329,50.7144689054094],[-2.37376652610061,50.7144768628936],[-2.37377077668306,50.7144821900881],[-2.37375844985707,50.7145196208798],[-2.37375050107354,50.714578402758],[-2.37375062854828,50.7145944266504],[-2.37377587858928,50.7145943456239],[-2.37381785338297,50.7145808574821],[-2.37462054609083,50.7144447415688],[-2.37462065256759,50.7144580946538],[-2.37459544519361,50.7144635174544],[-2.37375073477613,50.7146077797441],[-2.37374242338176,50.7146211607479],[-2.37374263583303,50.7146478669354],[-2.3737390240176,50.7147226600965],[-2.37378108392568,50.7147198542587],[-2.37436931202962,50.7146031232061],[-2.37438618842413,50.7146084097933],[-2.37437364782348,50.7146191335649],[-2.37426857281733,50.7146354946478],[-2.37370142572093,50.7147575002072],[-2.37365951446002,50.7147790007093],[-2.37348315411649,50.7148276392853],[-2.37328987459179,50.7148656492634],[-2.37319748385569,50.714889982256],[-2.37317642198594,50.7148873788751],[-2.37308783774303,50.7148609557967],[-2.37296133805378,50.7148293114332],[-2.37291081934592,50.7148268023271],[-2.37288144584007,50.7148375798445],[-2.37285638925321,50.7148616969767],[-2.37257649472301,50.7151216543535],[-2.37258076499977,50.715129653298],[-2.37258087089414,50.7151430064028],[-2.37266178052147,50.7152629312126],[-2.37269546844517,50.7152654942762],[-2.37274590285856,50.7152573202581],[-2.37294762339609,50.7152219549583],[-2.37295597469645,50.7152139156103],[-2.37296005565141,50.7151978782332],[-2.37302226765278,50.7150828370647],[-2.37303478749064,50.7150694435241],[-2.37305582822752,50.7150693761282],[-2.37406851445666,50.7148791753573],[-2.374123072686,50.7148603049534],[-2.37414417855148,50.7148682497527],[-2.37409797278085,50.7148790807403],[-2.37390898670859,50.7149277614104],[-2.37350557483265,50.7150011656519],[-2.37317363655479,50.7150663278366],[-2.3730685997037,50.7150880303927],[-2.37305191555135,50.7151067790115],[-2.3729938057397,50.715208453616],[-2.37303165938951,50.7152056615057],[-2.37328776580161,50.7151300602048],[-2.37330880798169,50.7151299927577],[-2.37330889286278,50.7151406750556],[-2.37329635187067,50.7151513987234],[-2.37323758622377,50.7151702822442],[-2.37296043727545,50.7152459508343],[-2.37277561571814,50.715289274672],[-2.37266218301639,50.7153136737257],[-2.3726410998075,50.7153084003524],[-2.37262399317664,50.7152737346987]]],[[[-2.37379666185585,50.7150910376305],[-2.37396898620209,50.7150637766528],[-2.37399846448857,50.7150663528594],[-2.3739985495277,50.7150770351516],[-2.37399438248636,50.7150823902654],[-2.37394392722586,50.7150878940121],[-2.37376318788247,50.7151151810631],[-2.37374218962038,50.7151205901842],[-2.3737296487337,50.7151313138951],[-2.37370894786918,50.7151741114906],[-2.37370905409441,50.7151874654827],[-2.37369653583576,50.7152008590855],[-2.37367560124957,50.7152142796921],[-2.37344884603509,50.7152764342858],[-2.37329382153188,50.7153623954567],[-2.37304259921427,50.7155234453277],[-2.37301736986578,50.7155261961127],[-2.37300891250168,50.7155208823668],[-2.37336489354681,50.7153034112392],[-2.37344451049667,50.7152604238857],[-2.37357887586123,50.7152226026071],[-2.37365449673001,50.7152063357058],[-2.37367543131158,50.7151929142036],[-2.37368376266077,50.7151822049041],[-2.3737001491761,50.715126066823],[-2.37370004296081,50.7151127137299],[-2.37371258384933,50.7151019900221],[-2.37379666185585,50.7150910376305]]],[[[-2.36846821592263,50.7141443299381],[-2.36846815118771,50.7141360747074],[-2.36844865531859,50.7141382002351],[-2.36834152892915,50.7141633071435],[-2.36822132685009,50.7141801998553],[-2.36821488751655,50.7141884756478],[-2.36819551958485,50.7142071134022],[-2.36719658688792,50.715374037184],[-2.36716760686688,50.7154112809045],[-2.36715784913785,50.7154113117313],[-2.3671577362436,50.7153968641751],[-2.36718670012861,50.7153575557496],[-2.36819867212524,50.714175790331],[-2.36820834729161,50.7141654395523],[-2.36823758445809,50.7141612194102],[-2.3686726287449,50.7140648977054],[-2.36873757446161,50.7140523071867],[-2.36878310533208,50.7140521630493],[-2.3688612210401,50.7140601720493],[-2.36903052822024,50.7140844038986],[-2.36916067894253,50.7140922478338],[-2.36923552797424,50.7140982030737],[-2.36928117243229,50.7141125062843],[-2.36931060271732,50.7141330533564],[-2.36930741559996,50.7141413197914],[-2.36929442378543,50.7141434248384],[-2.36928466634244,50.7141434557725],[-2.36926833999782,50.7141352511996],[-2.36924224283406,50.7141250137393],[-2.36920637061188,50.714112743398],[-2.3691445796504,50.7141129392325],[-2.36900789244502,50.7141009882715],[-2.36881250437817,50.7140685826373],[-2.3687474614687,50.7140687885557],[-2.36869872716669,50.7140751352943],[-2.36856883559902,50.7141003144577],[-2.36850393690176,50.7141190954142],[-2.3685008319913,50.7141376817649],[-2.36850099385727,50.7141583216398],[-2.36849461933029,50.7141748544751],[-2.36848172316599,50.7141893431828],[-2.36744092406531,50.715426928875],[-2.36732805023217,50.7155679941072],[-2.36731831002108,50.7155700887511],[-2.36731178965719,50.7155680454999],[-2.36731496109646,50.7155577152821],[-2.36733421560079,50.7155246290845],[-2.36845875122289,50.7141815129343],[-2.36846821592263,50.7141443299381]]],[[[-2.36701889059189,50.7156740837623],[-2.36665364509254,50.7148501417261],[-2.36650199717449,50.7145253135603],[-2.366491384101,50.714496287529],[-2.36649132955369,50.7144892939605],[-2.36649865962536,50.714486939898],[-2.36651337006086,50.7144892244543],[-2.36654715897794,50.7145823728594],[-2.36656201494303,50.7146033081239],[-2.36658038278496,50.7146032501889],[-2.36682239356587,50.7145465339581],[-2.36688107588615,50.7145346912906],[-2.3668920422511,50.7145276629308],[-2.36704528789716,50.7143942907827],[-2.3670745294791,50.7143755472534],[-2.36710015155989,50.7143638088904],[-2.36711115428075,50.7143614431886],[-2.36711119070929,50.7143661058671],[-2.36691408277529,50.7145275933489],[-2.36690317102935,50.714541616178],[-2.36661353528592,50.7146148030465],[-2.36658418424138,50.7146195584245],[-2.36658427517935,50.7146312146713],[-2.36664660665811,50.7147800547664],[-2.36666318865235,50.7148090664472],[-2.36666322104418,50.714813217445],[-2.36667300149663,50.7148090354879],[-2.36680251294501,50.7146383975297],[-2.36682194267664,50.7146134251081],[-2.36683826682317,50.7146092215836],[-2.36684482536737,50.7146112764318],[-2.36673803206493,50.7147590063053],[-2.36668296014005,50.7148276876146],[-2.36667980306046,50.7148422291232],[-2.36677637873146,50.7150619758378],[-2.36679917920187,50.715049447882],[-2.36685111038955,50.7149973844309],[-2.36687350418973,50.714932960003],[-2.36689594796405,50.7148747620621],[-2.36722346349017,50.7145083589069],[-2.36730460616668,50.7144271407457],[-2.36733067522052,50.7144146023542],[-2.3671522645222,50.7146061544942],[-2.3669286260117,50.7148705068957],[-2.36685133729934,50.7150264477085],[-2.36680591607394,50.715074338614],[-2.36678964037512,50.7150847695297],[-2.36685941803211,50.7152236381084],[-2.36686605770972,50.7152360731462],[-2.36687590306106,50.7152401940661],[-2.36688890686574,50.7152297725684],[-2.36715144336472,50.7149196262911],[-2.36733268754904,50.714672014565],[-2.36738128093355,50.7146116583242],[-2.36740409725979,50.7146012066483],[-2.36741719675018,50.7146032407862],[-2.36721974547815,50.7148695874047],[-2.36689237188834,50.7152546736234],[-2.36688260899227,50.7152609319923],[-2.36687609756294,50.7152651045465],[-2.36692937584978,50.7153853425168],[-2.36695583463155,50.7154226260678],[-2.36696239187813,50.7154246809133],[-2.3669721738402,50.7154204980275],[-2.36699137162159,50.7153928203649],[-2.36792883329406,50.7143074740903],[-2.36795653664858,50.7142748556417],[-2.36797517630567,50.7142747966263],[-2.36797529209461,50.7142895823066],[-2.36699630882094,50.715428292359],[-2.36697331034822,50.7154668103138],[-2.36697340273392,50.7154786392169],[-2.36703040602308,50.7156174535949],[-2.36704447715436,50.7156292383507],[-2.36706772977812,50.7156232503146],[-2.36737842584044,50.7152662533575],[-2.36762778488082,50.7149756468607],[-2.36817258566297,50.7143292251725],[-2.36822340153245,50.7142728763118],[-2.3682512654214,50.7142609590287],[-2.36825597167696,50.7142668587474],[-2.36820592003246,50.7143247465797],[-2.36792431931178,50.7146627716617],[-2.36743035339608,50.7152558004791],[-2.36706537277847,50.7156591500204],[-2.36703289385624,50.7156769972876],[-2.36701889059189,50.7156740837623]]],[[[-2.36827504814097,50.7158788942951],[-2.36994776764699,50.7152488288756],[-2.36995593052464,50.7152435969902],[-2.36995586903546,50.7152357878044],[-2.36986868760581,50.715103302537],[-2.36986042229041,50.7150955194047],[-2.36984809745245,50.7150929551184],[-2.36816321902743,50.7157412796475],[-2.36815093349085,50.7157439219196],[-2.36813856636283,50.7157361507296],[-2.36979885534151,50.7150905089591],[-2.36981928156897,50.7150800312889],[-2.36975669036312,50.7149448644005],[-2.36973179355961,50.7149084990555],[-2.36971122400774,50.7149007549708],[-2.36967032785376,50.7149165035512],[-2.36840757107915,50.7155166334914],[-2.36837073650452,50.7155271628351],[-2.36835430967432,50.715524611368],[-2.3696048449623,50.7149349335747],[-2.36964157639739,50.7149113888512],[-2.36962106829145,50.7149114539385],[-2.36916573579681,50.7149076912587],[-2.36910421006395,50.7149078862631],[-2.369079619087,50.7149105676231],[-2.36906333556232,50.7149262379968],[-2.36900613659585,50.7149550551549],[-2.36850854375,50.7153158688434],[-2.36849631958987,50.7153263203423],[-2.36847991465651,50.7153263722508],[-2.36847983299843,50.7153159596913],[-2.36899368776389,50.7149368714963],[-2.36902637893822,50.7149211491441],[-2.36904676437782,50.7149054657774],[-2.36905496960265,50.7149054397771],[-2.3690344191876,50.7149002980382],[-2.36898517873077,50.714897850623],[-2.36892777535429,50.7149006359022],[-2.36889081734873,50.7148955470098],[-2.36882904784167,50.7148645041919],[-2.36873021833944,50.7148153564698],[-2.36868499818862,50.7148024842783],[-2.36866040723566,50.7148051646496],[-2.36792809112626,50.7155728164075],[-2.36790774575015,50.7155937064564],[-2.3678790959152,50.7156016065378],[-2.36786676961237,50.7155990421244],[-2.36862365496941,50.7148261066128],[-2.36863175806564,50.7148130647189],[-2.36863983790674,50.7147974203682],[-2.36863975621443,50.7147870078091],[-2.36861916648034,50.7147766610583],[-2.36855743531234,50.7147508239237],[-2.36851643965472,50.7147535570735],[-2.36850011375135,50.7147640215475],[-2.36848782849164,50.7147666638462],[-2.36847954446716,50.7147562772363],[-2.36849587037246,50.7147458127652],[-2.36852043946922,50.7147405290689],[-2.36855733322546,50.7147378088982],[-2.36859016734835,50.7147403084222],[-2.36880823326817,50.7148255222691],[-2.36887414689487,50.7148617579335],[-2.36892350852194,50.7148798237869],[-2.36914918501968,50.7148895215194],[-2.36957174447584,50.7148985942257],[-2.36964147399981,50.714898372938],[-2.36967834875423,50.7148930499429],[-2.36971103965859,50.7148773265081],[-2.36973150678449,50.71487205558],[-2.36975055008597,50.7148768260781],[-2.3697767731536,50.7149218913786],[-2.369839083349,50.7150325113937],[-2.36996320087572,50.7151901348491],[-2.37002187416285,50.715249461249],[-2.37007136239632,50.7153744879007],[-2.37010064475477,50.7153969686643],[-2.37012654513152,50.715400990679],[-2.37019444964036,50.7154007748381],[-2.37029776150935,50.7153799247228],[-2.37047549505089,50.7153649942823],[-2.3705594546044,50.7153503610999],[-2.37064351125073,50.7153480423373],[-2.37067581565436,50.7153438342886],[-2.37070814960929,50.7153437313659],[-2.37071455219982,50.7153355023257],[-2.3706918692966,50.7153294180357],[-2.37065946917786,50.7153213125049],[-2.37065617074396,50.7153131143438],[-2.37066904069167,50.7153048647215],[-2.37069170738924,50.7153088969032],[-2.37075654143539,50.7153292121596],[-2.37076957189494,50.7153414836624],[-2.37076640299251,50.7153497024101],[-2.37074701852712,50.7153518162887],[-2.37071793161221,50.7153539619499],[-2.37070179700652,50.7153581167411],[-2.37067597756201,50.7153643563205],[-2.37066310759914,50.715372605944],[-2.37065345654041,50.7153787931563],[-2.37061458761614,50.7153707082027],[-2.37055638278009,50.7153708934232],[-2.37044008778028,50.7153856285682],[-2.37022046321732,50.7154191616295],[-2.37015909213599,50.7154275653813],[-2.37013325357354,50.7154317518399],[-2.37007205020457,50.7154046252109],[-2.3700514393684,50.7153916744734],[-2.37001837921215,50.7153605419997],[-2.37000572630487,50.7153163284445],[-2.36998890856746,50.7152643178385],[-2.36998064320328,50.7152565347165],[-2.36833661738943,50.7158839055108],[-2.36830384369353,50.7158892160369],[-2.36829153771984,50.7158892549599],[-2.36827504814097,50.7158788942951]]],[[[-2.36624092311698,50.7157905924873],[-2.36626614653122,50.7157642916475],[-2.3662724549001,50.7157582213773],[-2.36629787985963,50.7157581412457],[-2.36640930669047,50.7157819933522],[-2.36647288769234,50.7157838108749],[-2.36649831266515,50.7157837306995],[-2.36665047467791,50.7157328242505],[-2.36667578944377,50.7157186256105],[-2.36669166463497,50.7157165575271],[-2.36672026945829,50.7157164672702],[-2.36683145879429,50.7157100659786],[-2.36686955177754,50.7157038944481],[-2.36691694106655,50.715667438013],[-2.36693262722182,50.7156411671382],[-2.36692927549459,50.7156189905617],[-2.36691618504122,50.7155706233805],[-2.36679018809413,50.7153088057813],[-2.36675806012819,50.7152645319545],[-2.36673891076872,50.715254506902],[-2.36672616694736,50.7152505138223],[-2.36671666452273,50.7152545770999],[-2.36668492877059,50.7152607294226],[-2.36664043485594,50.715260869798],[-2.36655133546253,50.7152470311755],[-2.36615829350917,50.7151758723187],[-2.3660596434086,50.7151600472134],[-2.3659547321756,50.7151563434189],[-2.365872099987,50.715156603587],[-2.36577691249181,50.7151770732768],[-2.36564366357472,50.7152077481251],[-2.36533603791902,50.7152934309148],[-2.36485091910544,50.7154421993302],[-2.36436260026789,50.7155889577594],[-2.36422939757675,50.7156256821317],[-2.36421353651788,50.7156297660324],[-2.36420397126662,50.7156257618165],[-2.36425787584009,50.7156094561066],[-2.36429910063905,50.7155972252108],[-2.36431492756773,50.7155891072131],[-2.36431486500999,50.7155810390246],[-2.36428936195598,50.7155710343871],[-2.36406959621142,50.7155112119655],[-2.36402821658013,50.715503273203],[-2.36403770507046,50.715497192193],[-2.36430520451657,50.7155649334379],[-2.36433709719946,50.7155789531324],[-2.36435616514227,50.7155788933531],[-2.36450200320425,50.7155320437258],[-2.36451465444988,50.7155239356611],[-2.3645178016125,50.7155198915976],[-2.3643937577857,50.7155081780222],[-2.36436194334812,50.7155042444779],[-2.36437462589441,50.7155001705226],[-2.36452091606865,50.7155118143436],[-2.36455269781581,50.7155117146539],[-2.36460029501085,50.7155014798589],[-2.36481701359014,50.7154373030456],[-2.36492165906135,50.7154067189621],[-2.36492793763464,50.7153966137661],[-2.36471147701323,50.7153529189443],[-2.36459693620724,50.7153371424689],[-2.36442512513095,50.7153134761954],[-2.36400200408949,50.7152603424249],[-2.36396380171482,50.7152523936877],[-2.3639542536019,50.7152504064937],[-2.3639542067306,50.7152443553517],[-2.36459366385352,50.7153250501575],[-2.36486736338269,50.7153725997012],[-2.36495968939186,50.7153924807664],[-2.36496922332479,50.7153924508264],[-2.36507703136519,50.7153598386758],[-2.36508653395351,50.7153557755314],[-2.36508321587216,50.7153376320886],[-2.36507039239297,50.715323553597],[-2.36502575738271,50.715305539933],[-2.36486979002233,50.7152757741606],[-2.36461833729389,50.7152281548271],[-2.36418544841885,50.7151447968219],[-2.36391165432838,50.715085142495],[-2.36389571815782,50.7150791420058],[-2.36389884972289,50.7150730809112],[-2.36433500970819,50.7151685323042],[-2.36501612803482,50.7152934675997],[-2.36509262441942,50.7153214666617],[-2.36510228513189,50.7153375721832],[-2.36513727655436,50.7153414964432],[-2.36530844514067,50.7152824645389],[-2.36532743454753,50.7152723193663],[-2.36533377575458,50.7152702832357],[-2.3653305345818,50.7152622250393],[-2.36531450123818,50.7152441215726],[-2.36527310737728,50.7152341670993],[-2.3651967535382,50.715224321574],[-2.36502177980989,50.7152026832139],[-2.36492313003078,50.7151868571461],[-2.36473843622073,50.7151410455243],[-2.36472886960824,50.7151370413554],[-2.3647319854125,50.7151289631917],[-2.36495806007542,50.7151827132675],[-2.36527302897548,50.7152240818643],[-2.36533036207062,50.7152400375225],[-2.36535275088366,50.7152581210075],[-2.36536865593808,50.715260088102],[-2.36544798720238,50.7152437019005],[-2.3657366359268,50.7151701811141],[-2.3659112171716,50.7151413931286],[-2.36604789414133,50.7151429789196],[-2.36661755935181,50.7152400182975],[-2.36668115394516,50.7152438518606],[-2.36670966402867,50.7152316593274],[-2.36671592504213,50.715219537893],[-2.36659904053235,50.7149032315141],[-2.36659262075287,50.7148951833787],[-2.36658302398398,50.7148871461634],[-2.36631596259468,50.7148758856582],[-2.36625871105038,50.7148700148096],[-2.36627774725494,50.7148659206231],[-2.36637313834907,50.7148716712355],[-2.3665543424056,50.7148771511467],[-2.3665797668877,50.7148770709549],[-2.36658289809291,50.714871009789],[-2.36653418628252,50.7147380386594],[-2.36652139541072,50.7147279935166],[-2.36650550622203,50.7147280436257],[-2.36643876398045,50.7147282540842],[-2.36614006520208,50.7147352476926],[-2.36611783207693,50.7147373339322],[-2.36612093190663,50.7147272395838],[-2.36629252154554,50.7147226647072],[-2.36648319447079,50.714720046499],[-2.36651176580538,50.7147159222058],[-2.36638911050549,50.7144742645638],[-2.36637625541818,50.7144561521201],[-2.36639205298025,50.7144439997381],[-2.3663983926059,50.7144419626549],[-2.36664071420271,50.7149002160444],[-2.36674764001874,50.715162093107],[-2.36695457265366,50.7156132568857],[-2.36695787571729,50.7156293823266],[-2.36695164622453,50.7156455387652],[-2.36691072275469,50.7156960935756],[-2.36687909697024,50.7157163643772],[-2.36681879183068,50.7157266393135],[-2.36673617155784,50.7157289171521],[-2.36670119687407,50.7157270104154],[-2.36667901053537,50.7157351488015],[-2.366593434916,50.7157656743098],[-2.36649516242862,50.7157982568912],[-2.36642522446025,50.715796460323],[-2.36639660669127,50.7157945334521],[-2.36629792376247,50.7157746744609],[-2.3662852098618,50.7157747145319],[-2.36617158202685,50.7158759247033],[-2.36613374028007,50.7159143669525],[-2.36607344761094,50.7159266594587],[-2.36602895306279,50.7159267996024],[-2.36601309822038,50.7159204007639],[-2.36602580932796,50.7159203607314],[-2.36609886309418,50.7159140802394],[-2.36611154417591,50.7159100052007],[-2.36624092311698,50.7157905924873]]],[[[-2.36507600021362,50.7155764185143],[-2.36514584375649,50.7155661136116],[-2.36518715950606,50.7155659837935],[-2.36536525038052,50.715579542821],[-2.36555293668323,50.71560113978],[-2.36564833060093,50.7156068909763],[-2.36567375548036,50.715606810981],[-2.36566063492753,50.7155544095615],[-2.36555697115836,50.7153026058429],[-2.36555681423959,50.7152824362731],[-2.36556631818003,50.715278372186],[-2.36557268792416,50.7152803692459],[-2.36569913467953,50.7156006798355],[-2.36570239163811,50.7156107550677],[-2.36570877854879,50.7156147691622],[-2.3657310263842,50.7156146991517],[-2.36585802940402,50.7155981626425],[-2.36587387177599,50.7155920623799],[-2.36587698741303,50.7155839841867],[-2.36581185492973,50.7153824858922],[-2.36578591058886,50.7153160051748],[-2.36575055801866,50.715265689931],[-2.36571852384077,50.7152335181004],[-2.36571528402805,50.7152254608096],[-2.3657407400948,50.7152294139948],[-2.36580494843187,50.7153119110608],[-2.36590230515936,50.7155697848056],[-2.36590238369715,50.7155798700392],[-2.3659087549128,50.715581867076],[-2.36597858115135,50.7155695446326],[-2.36610558396775,50.7155530087534],[-2.36611192517168,50.7155509716813],[-2.36611823494144,50.7155449005155],[-2.36626927886462,50.7153507887477],[-2.36628502817299,50.7153325861447],[-2.36630090325835,50.715330519014],[-2.36630411315281,50.7153345430894],[-2.36615629361605,50.7155346951335],[-2.36615640364515,50.7155488144602],[-2.36615643508205,50.7155528485536],[-2.36616916464186,50.7155548255435],[-2.36622014152026,50.7155708007898],[-2.36627437409694,50.7155968512341],[-2.36629352208114,50.7156068763666],[-2.36630938295711,50.7156027930827],[-2.36665445496866,50.7154282391619],[-2.36667978531056,50.7154160575673],[-2.36668933498067,50.7154180436339],[-2.36668936646317,50.715422077727],[-2.36633483927772,50.7156067461372],[-2.36631901269345,50.7156148644081],[-2.36631586567975,50.7156189085197],[-2.36637017841974,50.7156550441474],[-2.36640200743738,50.7156609941938],[-2.36642425387653,50.7156609240554],[-2.3664623311495,50.7156527365106],[-2.3665447897087,50.7156302893136],[-2.36669385142071,50.7155894780655],[-2.36673192716499,50.715581289538],[-2.36673200588085,50.7155913747706],[-2.36645295305427,50.7156729361436],[-2.36642118693466,50.7156750533982],[-2.36639256640695,50.715673126535],[-2.36633841089195,50.7156571613839],[-2.36620118221095,50.7155849802048],[-2.36615339949617,50.7155710110838],[-2.36611840782644,50.7155670880289],[-2.36599772906156,50.715579569814],[-2.36576288812108,50.7156246843612],[-2.36566439417572,50.7156290284933],[-2.36550213258447,50.7156073508572],[-2.36516181302621,50.7155761489172],[-2.36501264032322,50.7156028379823],[-2.36489219754695,50.7156455743237],[-2.36484007957377,50.7156622784972],[-2.36470092573724,50.7157514647904],[-2.36461547401551,50.715798125226],[-2.36454292382454,50.7158689484846],[-2.36446728597938,50.7159518848558],[-2.36444511761683,50.7159620389566],[-2.36442921094626,50.7159600717413],[-2.36447336132614,50.7159155589735],[-2.36457738206564,50.7158042951172],[-2.36464700691855,50.7157657536533],[-2.36472603897763,50.7157110449569],[-2.3648413292467,50.7156437169299],[-2.36494596091082,50.715611115773],[-2.36507600021362,50.7155764185143]]],[[[-2.36884745584653,50.716150645731],[-2.36893695060715,50.7161382443367],[-2.36899129519525,50.7161380721287],[-2.36902653600952,50.7161370287849],[-2.36906921766248,50.7161480788016],[-2.36910017050016,50.7161619618576],[-2.36911048173978,50.7161656576029],[-2.36910610306285,50.7161693999161],[-2.36909728405951,50.716168496214],[-2.36906340957845,50.7161564866343],[-2.36902366561095,50.716145426406],[-2.3689986892702,50.7161445739031],[-2.36894141712419,50.7161456870497],[-2.36880791680244,50.7161656847097],[-2.36853358027946,50.7162066344595],[-2.36816697555086,50.716281430384],[-2.36815084289765,50.7162842772719],[-2.36814348544497,50.7162824372174],[-2.36814493238573,50.7162796358667],[-2.36847781933897,50.7162133352487],[-2.36854673272141,50.7161982034035],[-2.36868756145816,50.7161763186148],[-2.36884745584653,50.716150645731]]],[[[-2.37058747194633,50.7163134350563],[-2.3704412259546,50.716232241012],[-2.37040384362274,50.7162151683376],[-2.37038692981572,50.7162173705311],[-2.37034324979321,50.7162604889281],[-2.37028583932987,50.7162800115121],[-2.37022488828448,50.7162802053353],[-2.37020111918435,50.7162716855596],[-2.37020784040818,50.7162652172253],[-2.37022138303469,50.7162651741649],[-2.37023494543053,50.7162672803277],[-2.37025187619313,50.7162672264901],[-2.37028231712886,50.7162628320097],[-2.37032618352905,50.7162433516072],[-2.37035640423071,50.716211021567],[-2.37039327831438,50.7161636280406],[-2.37044385021772,50.7161355300163],[-2.37052496314317,50.7161159319381],[-2.37058923004266,50.7161071311614],[-2.3706163364058,50.7161091941732],[-2.37061642116157,50.7161199385409],[-2.37057582305834,50.7161243654318],[-2.37047102295679,50.7161461891007],[-2.37045084107811,50.7161634449141],[-2.37043740013484,50.7161763807036],[-2.37043411507485,50.7161892841817],[-2.37043423368008,50.7162043270178],[-2.37058386487557,50.7162855103],[-2.37062460014232,50.7162982736655],[-2.37069574245476,50.7163023457605],[-2.37089878732342,50.7162866559263],[-2.37107471144696,50.7162667554052],[-2.37115590921357,50.7162579012526],[-2.37119979363931,50.7162405697615],[-2.37125716970125,50.7162167482775],[-2.3713245855491,50.7161778533434],[-2.37135494139025,50.7161627133276],[-2.37137182115311,50.716156212532],[-2.37137527439634,50.7161647977632],[-2.37123030238229,50.7162447701673],[-2.37118305105876,50.7162642616895],[-2.37099370172381,50.7162992474586],[-2.37064852191922,50.7163261346513],[-2.37061464481506,50.716324093203],[-2.37058747194633,50.7163134350563]]],[[[-2.36724455134909,50.7161858059403],[-2.3671262299953,50.7159525005851],[-2.36708305886395,50.7159367438882],[-2.36696303363404,50.7159096650637],[-2.36679976141251,50.7158848350359],[-2.36673644503514,50.7158744745489],[-2.36670316304492,50.7158745795675],[-2.36662337263186,50.7158853916038],[-2.36649818458843,50.7159044151408],[-2.36641901958179,50.7159387656461],[-2.36636087865967,50.7159730498243],[-2.36622567975118,50.7160120246853],[-2.36608571536906,50.7160391537319],[-2.36595954852624,50.7160380690649],[-2.36581919001453,50.7160147878192],[-2.36568569159973,50.715972211345],[-2.36551685087884,50.7158911962319],[-2.3655215006377,50.7158882166654],[-2.36553551769156,50.715888172579],[-2.36555428689715,50.7158984921907],[-2.3656316359511,50.715930867732],[-2.36570433535014,50.7159662218961],[-2.36581672733453,50.7159984870393],[-2.36592905018673,50.7160218556661],[-2.36601086464285,50.7160275279183],[-2.36609028282633,50.7160257957552],[-2.36620693346846,50.7160046709512],[-2.36630018375155,50.7159791719233],[-2.3664003296862,50.7159388245708],[-2.36648176244376,50.7158955712007],[-2.36652376592767,50.7158895079563],[-2.36673146897795,50.7158606826303],[-2.36675484323667,50.7158620917909],[-2.36680398532114,50.71587231445],[-2.36710114519208,50.7159306831345],[-2.36711284829981,50.7159336111098],[-2.36711279038306,50.7159261984871],[-2.36704106045325,50.7157158880528],[-2.36704804578525,50.7157129001499],[-2.36706210911531,50.715718786518],[-2.36706685283123,50.7157276672623],[-2.36713617768172,50.7159290895516],[-2.36714559142772,50.7159379555398],[-2.36715259996082,50.7159379333991],[-2.36715488932343,50.7159319953826],[-2.3671832248383,50.7158841952007],[-2.36758280786994,50.7153612199942],[-2.36836199641575,50.7144412257879],[-2.36866044974539,50.7141021810307],[-2.36866667533842,50.7141058492943],[-2.36866674472987,50.7141146935407],[-2.36865751253039,50.7141220941973],[-2.36819492351899,50.7146689889784],[-2.36819265838955,50.7146763675782],[-2.36820197305012,50.714679285988],[-2.36822518898126,50.7146777377652],[-2.36862614034828,50.7145644347651],[-2.36864703475357,50.7145628956063],[-2.36866087811089,50.7145510576709],[-2.36869058696932,50.7144890496783],[-2.368888118568,50.7142053896933],[-2.3689089419422,50.7141950053538],[-2.36896001901068,50.7141918948235],[-2.36909014890043,50.7141988530992],[-2.36916903819785,50.7141882838119],[-2.36917832966084,50.714188254364],[-2.36916678624217,50.7141971363113],[-2.36912502238849,50.7142031652741],[-2.36905071947801,50.7142063485661],[-2.36896013475868,50.7142066355303],[-2.36892535246615,50.7142141171349],[-2.36889990650191,50.7142274648718],[-2.36888379687148,50.7142466796463],[-2.36867256051509,50.7145598660581],[-2.36867957543401,50.7145657404636],[-2.36872866551001,50.7146053865074],[-2.36874721247945,50.7146009051079],[-2.36876338887339,50.7145905355008],[-2.36900943166118,50.7142728159976],[-2.36901845335647,50.7142645859413],[-2.36905879290792,50.7142714302894],[-2.36917430694603,50.7142908206172],[-2.36919812897205,50.7142930697633],[-2.36921453413474,50.714283720062],[-2.36924895037015,50.7142359650777],[-2.36925620283749,50.7142266443852],[-2.36926720656337,50.7142289332531],[-2.36926360772667,50.7142370795889],[-2.3692255575551,50.7142883335213],[-2.36919637976227,50.7143035339859],[-2.36916155257621,50.7142989959678],[-2.36902772751321,50.7142796645406],[-2.36901859937859,50.7142831790865],[-2.36900952601016,50.7142936674102],[-2.36876123143632,50.7146210091968],[-2.36876130440398,50.71463030667],[-2.3687705420627,50.714640736103],[-2.36889589675045,50.714747254185],[-2.36890871374137,50.7147472135887],[-2.36891782371649,50.7147413735563],[-2.36929777258284,50.71439037121],[-2.3693050798763,50.7143880242909],[-2.36931063656518,50.7143961415993],[-2.36930884312675,50.7144007956866],[-2.36930158150421,50.7144089536369],[-2.36893990580703,50.7147552497138],[-2.36894178283208,50.7147610540453],[-2.36895100231104,50.7147691597681],[-2.36896748211639,50.7147691075621],[-2.36909744351235,50.7147628855015],[-2.36910291175293,50.7147593816463],[-2.36910467783777,50.7147512411223],[-2.36911897932587,50.7147070355364],[-2.36912443559811,50.7147023698429],[-2.36916647770347,50.7146929388916],[-2.36942229372204,50.7146235627441],[-2.36945159043104,50.7146234698184],[-2.36945345838591,50.7146281131928],[-2.36944800073902,50.7146327789049],[-2.36940779155393,50.7146422032418],[-2.36915199367457,50.7147139039538],[-2.36914654653172,50.714719731495],[-2.36914293850148,50.7147267150827],[-2.36913954045871,50.7147604274358],[-2.36914323065715,50.7147639022657],[-2.36916155099967,50.7147650069735],[-2.36951665592579,50.7147476101386],[-2.36951302195403,50.7147511081928],[-2.36950389377107,50.7147546236775],[-2.36949109364277,50.7147569889355],[-2.36904459827338,50.7147955917697],[-2.36895853638947,50.7147958644362],[-2.36892185920785,50.7147890084666],[-2.36888322432073,50.7147658888292],[-2.36866394725197,50.7145911020987],[-2.36864376966233,50.7145865175608],[-2.36862729762663,50.7145877324698],[-2.36820337669938,50.7147029606237],[-2.36816319310052,50.7147158709878],[-2.36814312334533,50.7147252312355],[-2.36812496692848,50.7147450450166],[-2.36808690598076,50.7147951358821],[-2.3678206482068,50.7151267828934],[-2.3672492368009,50.7158573956682],[-2.36720571649642,50.7159290820898],[-2.36721457814652,50.7159383508978],[-2.3672762290664,50.7159548881806],[-2.36731139818047,50.7159566367554],[-2.36733187630073,50.7159528534895],[-2.36738441705521,50.7159285173331],[-2.36741929680213,50.7158930822577],[-2.36747175162322,50.7158575916029],[-2.36750969132124,50.715838880719],[-2.36754475713124,50.7158276141992],[-2.36754179885829,50.7158239050114],[-2.36754458261458,50.715805304391],[-2.36755608261122,50.7157773793971],[-2.36766054073413,50.7156487641942],[-2.36766045345236,50.7156376097396],[-2.36765729151736,50.7156078722947],[-2.36766842771361,50.7155334697947],[-2.36775545553669,50.7154235005604],[-2.36822884325438,50.7148741902996],[-2.36824639025185,50.714870416277],[-2.36826111154031,50.714879665638],[-2.36824362140768,50.7148908765696],[-2.36772695010289,50.7155023285539],[-2.36769486464013,50.7155441631882],[-2.36768916491824,50.7155646318605],[-2.36768655581557,50.7156055422935],[-2.36768671585276,50.7156259933261],[-2.36770430827155,50.7156277964894],[-2.36772188472823,50.7156277408785],[-2.36779186008787,50.7155847575546],[-2.36794865464447,50.7154057783635],[-2.36846035264971,50.7149077541346],[-2.36854180530178,50.7148232828934],[-2.36855353777374,50.7148251054882],[-2.36856238345293,50.7148325136819],[-2.36855073848452,50.7148418473379],[-2.36803041496739,50.715360349577],[-2.36778344431309,50.7156214192583],[-2.36773964655841,50.7156401496674],[-2.36769580795653,50.7156533028239],[-2.36766955752045,50.7156682600452],[-2.3675941467872,50.7157651771161],[-2.36757100137762,50.7158024339548],[-2.36757108864571,50.7158135893085],[-2.3675887102212,50.7158191109402],[-2.36760039928729,50.7158153554254],[-2.36765009785196,50.7158021837679],[-2.36770272840496,50.7157890028129],[-2.36773786830752,50.7157870328083],[-2.36777866283308,50.7157590150963],[-2.36798240462581,50.7155891832001],[-2.36817454167389,50.7154342630666],[-2.36823565446658,50.715382011136],[-2.36840398941103,50.7151806855218],[-2.36845934399289,50.7151414679525],[-2.36853536423269,50.7151226347005],[-2.36858201731764,50.7150945993407],[-2.36859949286312,50.7150815295836],[-2.36862284125366,50.7150703009564],[-2.36864914793221,50.7150627806036],[-2.36876257972984,50.7149583059148],[-2.36878018650107,50.7149619687067],[-2.36877442897425,50.7149750013845],[-2.36871043194777,50.7150328391618],[-2.36865515064729,50.7150813534135],[-2.36861717117787,50.7150944880784],[-2.36855591477169,50.71512814793],[-2.36851503383903,50.7151450093888],[-2.36846536405177,50.7151618995407],[-2.36844495929911,50.7151749785468],[-2.36840713720367,50.7152085632847],[-2.36823294386425,50.71540990743],[-2.36802630268185,50.7155834670811],[-2.36777015035967,50.7157943668457],[-2.36773508462881,50.7158056334332],[-2.36767948123764,50.7158132464426],[-2.36759177031259,50.7158358342564],[-2.36752711460434,50.7158592528792],[-2.36747457257788,50.7158835882051],[-2.36745132523905,50.71590783089],[-2.36741927435434,50.7159302434796],[-2.3673667190759,50.7159527199765],[-2.36734627002323,50.7159602208005],[-2.36737266326137,50.7159638559171],[-2.36742835411573,50.7159673984071],[-2.36748984661827,50.7159634854396],[-2.36751905272917,50.7159522383554],[-2.36753660163015,50.7159484634172],[-2.36759226338705,50.7159482873779],[-2.36777685151059,50.7159514228401],[-2.36779440039037,50.7159476478632],[-2.36782359328338,50.7159345419226],[-2.36788475090506,50.7158878679089],[-2.3680241283273,50.7157293955254],[-2.36809411799646,50.7156882712286],[-2.36819635896482,50.7156507643641],[-2.36819920071718,50.7156395997502],[-2.3682049439202,50.7156247083185],[-2.36826573494574,50.7155315561125],[-2.36833859355415,50.7154829864245],[-2.36862456057833,50.7153389235337],[-2.36913322852694,50.7150760872749],[-2.36941652316178,50.714965497016],[-2.36942824108162,50.7149654598469],[-2.36942245733274,50.7149747740941],[-2.36940495282421,50.714984125518],[-2.3691158991919,50.7151077493487],[-2.36879787079806,50.715272366427],[-2.36838641651215,50.7154781804516],[-2.36832516084451,50.7155118392986],[-2.36829608358526,50.7155398198846],[-2.3682583222073,50.7155808414779],[-2.36822649053801,50.7156311411168],[-2.36822656338037,50.7156404358944],[-2.36824121064036,50.7156403895764],[-2.36827620320989,50.7156198282788],[-2.36846599482962,50.7155392823832],[-2.36882805672939,50.7153856822986],[-2.36943834549709,50.7151327549097],[-2.36973911636148,50.7150090940022],[-2.36975086355413,50.715012775247],[-2.36974797831492,50.7150183617667],[-2.36973923339974,50.7150239668894],[-2.36971007093455,50.7150407924472],[-2.36894501659192,50.7153574232003],[-2.36846906978708,50.7155578644654],[-2.36822670908635,50.7156590281475],[-2.36816829341846,50.7156815232117],[-2.36811862292626,50.7156984123386],[-2.36807195439721,50.7157245887638],[-2.36803414757762,50.7157600339716],[-2.36798127156834,50.7158150961626],[-2.3678854428343,50.7159232336956],[-2.36788550105598,50.7159306696984],[-2.36789721782476,50.7159306326093],[-2.36804668177122,50.7159375968287],[-2.36805544162224,50.7159338505971],[-2.36806705784051,50.7159207994281],[-2.36816867292407,50.7158033490294],[-2.36817741817484,50.715797744014],[-2.36822415956678,50.7157808632231],[-2.36920279935705,50.7154282351162],[-2.3698170092549,50.7151969616079],[-2.36982872723247,50.7151969243967],[-2.36982878576275,50.7152043603899],[-2.36981422644513,50.7152155622414],[-2.3682806055334,50.7157763231827],[-2.36821048618016,50.7158007141081],[-2.36819008107662,50.71581379308],[-2.36815230481992,50.7158529558718],[-2.3680855950979,50.7159386896574],[-2.36809439864588,50.7159405215488],[-2.36813548435401,50.7159496875676],[-2.36832001672162,50.7159453854642],[-2.36837279008563,50.7159507967843],[-2.36839925906157,50.715963726592],[-2.36844926363171,50.7159895972687],[-2.3684639124176,50.7159895509146],[-2.36849013215994,50.7159708761309],[-2.36857154543962,50.715892532679],[-2.36860925127436,50.7158440731804],[-2.36862091107767,50.7158366000856],[-2.36864717442994,50.7158235024954],[-2.36913218819338,50.7156583564983],[-2.36919643389805,50.7156321239417],[-2.36922555450735,50.715609721269],[-2.36929265477843,50.7155741837109],[-2.36966669411571,50.7154540081704],[-2.36985951282474,50.7153864649253],[-2.36986833096978,50.7153901554574],[-2.36985960063875,50.7153976202633],[-2.36981284700627,50.715412642001],[-2.36933661251823,50.7155759031214],[-2.36928990096338,50.715596502786],[-2.36924030261346,50.7156226889475],[-2.3692024105196,50.7156469782551],[-2.3691615279583,50.7156638408502],[-2.36865019112859,50.7158346476703],[-2.36863858968613,50.7158495585656],[-2.3686065832152,50.7158775476023],[-2.36859791234903,50.7158924492172],[-2.3685979998553,50.715903603666],[-2.36862143616932,50.7159035294754],[-2.36868864086262,50.7158810063549],[-2.36950677101589,50.7156069695536],[-2.37000928402185,50.7154324686393],[-2.37002982022494,50.715436121926],[-2.37002987879491,50.7154435588169],[-2.37000941579339,50.7154492011945],[-2.36993639796999,50.7154773217642],[-2.3693695815601,50.7156706181732],[-2.36879978747375,50.715858344032],[-2.36860694784525,50.7159240259708],[-2.36857768373394,50.7159278371478],[-2.36856598015859,50.7159297339138],[-2.36855727867837,50.715940916182],[-2.36849026338806,50.7159876087045],[-2.36846105470772,50.7159988558629],[-2.36844054753649,50.7159989207542],[-2.36840820839961,50.7159841498092],[-2.36836701916035,50.7159619697685],[-2.36832892229331,50.715960230564],[-2.3682146683481,50.7159605919222],[-2.36814097126106,50.7159588438247],[-2.368097722799,50.7159511504795],[-2.36806069687254,50.71594996266],[-2.36788996231592,50.7159439766841],[-2.36787145230891,50.7159440352752],[-2.36785091912072,50.7159480157536],[-2.36782835990579,50.7159559172278],[-2.3678284007793,50.7159611383467],[-2.36783876585558,50.7159715462395],[-2.36785750804333,50.7160015041499],[-2.36788839613309,50.7160066267285],[-2.36792130882409,50.716007827403],[-2.36808174261073,50.7160112354548],[-2.36823598585369,50.7160120535258],[-2.36830060236268,50.7160078815146],[-2.36836306158228,50.7160208746447],[-2.36842789717679,50.7160426552249],[-2.36847642041663,50.7160454324483],[-2.36858714864192,50.7160289596146],[-2.3686789752681,50.7159583169738],[-2.3686997025375,50.7159509230748],[-2.36870436611936,50.7159567707434],[-2.36868134155977,50.715965637751],[-2.36865386765351,50.71599650365],[-2.36859640823003,50.7160318619706],[-2.36858029991232,50.7160392412317],[-2.36844644214752,50.7160513897494],[-2.36840946854083,50.7160485759712],[-2.36832385680579,50.7160283278361],[-2.36828683726003,50.7160196499278],[-2.36825682594116,50.7160212106818],[-2.36805357111761,50.7160189225641],[-2.367878028715,50.7160165462838],[-2.36784334095127,50.7160107936392],[-2.36782472722766,50.7159932643369],[-2.36780836494805,50.7159683996334],[-2.36779910399579,50.7159654981722],[-2.36776908116959,50.7159655931808],[-2.36753809070141,50.7159604605647],[-2.36752659980176,50.7159678251761],[-2.36751281298513,50.7159766628811],[-2.36752672590918,50.7159839471573],[-2.36756155120097,50.7160072876754],[-2.36783064278026,50.716158866915],[-2.3679231696324,50.7161776280842],[-2.36798789338801,50.716184751448],[-2.36808714276027,50.7161771094585],[-2.36829247872877,50.7161500778294],[-2.36841933862735,50.7161291566175],[-2.36855983559382,50.7160803448602],[-2.36869100508142,50.7160198367065],[-2.36878783015384,50.715997545273],[-2.36896792085535,50.7159911114145],[-2.36906271183047,50.716004002608],[-2.36914587545384,50.7160066706517],[-2.36929362304124,50.7159988738891],[-2.36933750424731,50.7159987347094],[-2.36933984759948,50.7160031238764],[-2.36932603668728,50.7160090310157],[-2.36926600260636,50.7160106863523],[-2.36914134856933,50.716018409871],[-2.36905356593071,50.7160157573641],[-2.36897497526029,50.7160072123295],[-2.36890567006323,50.7160045002578],[-2.3687810044831,50.7160107584947],[-2.36873259769133,50.7160226366678],[-2.36873264369796,50.7160284989576],[-2.36874428252057,50.7160401878697],[-2.3687931739116,50.7160898659744],[-2.36881402777322,50.716098594024],[-2.36883943020314,50.716098513559],[-2.36883022811932,50.716102940209],[-2.36882101310402,50.7161059001664],[-2.36878634822897,50.7161030791966],[-2.36875613990014,50.7160797233308],[-2.36871419069153,50.7160314890597],[-2.36870263238893,50.716030059826],[-2.36868654709271,50.7160403706959],[-2.36856226218932,50.7160949937191],[-2.36839870317055,50.7161482759523],[-2.36833185454504,50.7161646098164],[-2.36819803223007,50.7161811554518],[-2.36802725624141,50.7161978177464],[-2.3679394861389,50.7161966304774],[-2.36786780011027,50.716185131629],[-2.36779140331343,50.7161619227679],[-2.36766845219381,50.7160919589393],[-2.3674990820635,50.7159928286804],[-2.36747360803393,50.7159841151219],[-2.36745282320935,50.7159841808392],[-2.36734194552988,50.7159815996802],[-2.36728881761445,50.715980301758],[-2.367267924171,50.7159824181552],[-2.36719715443675,50.7159773602742],[-2.36717428219192,50.7159787535866],[-2.36717225302388,50.7159853607486],[-2.36717646610984,50.7159919490887],[-2.36722300652766,50.7160908178069],[-2.36723967784432,50.7160947255795],[-2.3676480304612,50.7161726480305],[-2.36766471359544,50.7161778767544],[-2.36766475490848,50.7161831563253],[-2.36765436429051,50.7161845102452],[-2.36761476608754,50.716175393554],[-2.36736892321223,50.7161286437122],[-2.36723349891392,50.7161026669046],[-2.36723146084758,50.7161079539454],[-2.36732703312504,50.7163584930436],[-2.36732498474478,50.7163624608675],[-2.36731666309905,50.7163624871686],[-2.36731036029105,50.7163545852884],[-2.36724455134909,50.7161858059403]]],[[[-2.37170544722352,50.7159423255122],[-2.37166042353705,50.7159217641416],[-2.37161964015599,50.7159218943067],[-2.37156668302375,50.7159298277125],[-2.3715056737928,50.7159507283647],[-2.37144876288646,50.7159742040491],[-2.37137133673733,50.7159822154229],[-2.37131016370884,50.7159824105095],[-2.37116318231283,50.7159621731238],[-2.37107757985696,50.7159676222288],[-2.37097982396081,50.7159834634401],[-2.37088629034903,50.7160174080821],[-2.37083747361154,50.7160330932862],[-2.37077648292431,50.7160565816486],[-2.37062572985588,50.7160751794567],[-2.37050350458374,50.7160910972648],[-2.37035682922297,50.7161096817564],[-2.37029991612411,50.7161331569098],[-2.37024722509238,50.7161747364776],[-2.37021900443016,50.7162162373207],[-2.37021696498904,50.7162286773],[-2.37020552877347,50.7162305302151],[-2.37018548751416,50.716230593935],[-2.37016828167979,50.7162270155314],[-2.37017107273069,50.7162179211958],[-2.37019935831545,50.7161742277032],[-2.37031899719106,50.7160975385547],[-2.37034175496978,50.7160792970493],[-2.3703559262886,50.7160610837504],[-2.3703697968269,50.7160047166061],[-2.37039430139242,50.7158447559436],[-2.3703828208945,50.7158411584564],[-2.37034248518582,50.715808583403],[-2.37030802941901,50.715795974414],[-2.37029090964192,50.7158032959664],[-2.37027955945111,50.7158160506271],[-2.37026279761034,50.7158687929528],[-2.37023518516413,50.7159978775883],[-2.37023252439791,50.7160233222849],[-2.37016991327275,50.7160707598171],[-2.37010142075578,50.7160982303337],[-2.37005853579637,50.716105633749],[-2.37005278051587,50.716102018934],[-2.37005844993696,50.716094732905],[-2.3700898700833,50.7160855493779],[-2.37015555721906,50.7160653548977],[-2.37021241306259,50.7160143016666],[-2.37021222695883,50.7159906834737],[-2.37026521636247,50.7158124622306],[-2.37027931603643,50.7157851646066],[-2.37029637853498,50.7157705761276],[-2.37030174717418,50.7157251371401],[-2.37028683136266,50.7156488758609],[-2.37025919941453,50.7155942827812],[-2.37025595055617,50.7155902121619],[-2.37023667777955,50.7155923148127],[-2.37021420436546,50.7155964663119],[-2.3697241214189,50.7158285889559],[-2.36970804633934,50.7158286399952],[-2.3697079981723,50.7158225187225],[-2.36973039004135,50.7158081651992],[-2.37022049023648,50.7155780829554],[-2.37023965046322,50.7155616982422],[-2.37023960223384,50.715555577871],[-2.3702362758194,50.7155413051244],[-2.37016186531482,50.715482370607],[-2.37015213911471,50.715472199149],[-2.37015852002149,50.7154660574425],[-2.37017779559649,50.7154639565957],[-2.3701950155588,50.7154725997278],[-2.37027973552484,50.7155544178877],[-2.37032291911387,50.7156999851947],[-2.37031378551993,50.715771840021],[-2.3703235499285,50.7157800176288],[-2.37034303448539,50.7157902173863],[-2.37040477811291,50.7158290121347],[-2.37041129549051,50.7158351478979],[-2.37041461009759,50.7158453981789],[-2.37038397161159,50.716060974759],[-2.37038725387352,50.7160671208131],[-2.37039376986585,50.7160732565805],[-2.3704293894296,50.7160792997626],[-2.37053603353059,50.7160707517835],[-2.37070387414488,50.7160312264258],[-2.37076831911876,50.7160022909346],[-2.37079394455664,50.7159714259697],[-2.37083176118415,50.7158461226131],[-2.37084708745579,50.7157393603546],[-2.37084665010819,50.7156839524082],[-2.37081059349702,50.7156225022955],[-2.37080684152069,50.7155568440784],[-2.37087716998644,50.7154540109916],[-2.37089286862785,50.715394448224],[-2.37091228692164,50.7153964385421],[-2.37091563400853,50.7154107930326],[-2.37090622456285,50.7154477619623],[-2.37085190124048,50.7155300224504],[-2.37083290544111,50.7155813879552],[-2.37083651167355,50.7156285762545],[-2.37085942152491,50.7156633909898],[-2.37086949519938,50.7157105586888],[-2.37085382882693,50.7157742265796],[-2.37081679116901,50.7159980313518],[-2.37083945964051,50.7160020643872],[-2.37092655674064,50.7159751079327],[-2.37104278681266,50.7159521638144],[-2.3711462144143,50.7159456777025],[-2.37120121867172,50.7159496066965],[-2.37125303786487,50.7159597023108],[-2.37133395916216,50.7159697050976],[-2.37138889715958,50.7159654255585],[-2.37147602632944,50.7159425738291],[-2.3715466771122,50.7159105227959],[-2.37157204175084,50.715903528173],[-2.37159746106361,50.7159034470565],[-2.37162651352777,50.7159033543393],[-2.37165556599178,50.7159032616149],[-2.3716627915797,50.715898628829],[-2.37166271865537,50.7158894105141],[-2.37160339385732,50.7157351866967],[-2.37151540131223,50.7156294528027],[-2.37142416006374,50.7155721268007],[-2.37129974478333,50.7154526815068],[-2.37125188134143,50.7153698653478],[-2.371251826712,50.7153629518335],[-2.3712663688643,50.7153652103358],[-2.37127744605716,50.715388220948],[-2.37134698906124,50.7154571396891],[-2.37144217143424,50.7155536322522],[-2.37149691473138,50.7155880278594],[-2.37156262756918,50.7156316069863],[-2.37165078571714,50.7157580822704],[-2.37170638779785,50.715900794532],[-2.37172821325545,50.7159053336832],[-2.37174273736328,50.715905287316],[-2.37210091454781,50.7159255336219],[-2.37227677260079,50.7159870885539],[-2.37248964166072,50.7160873486275],[-2.3725305688446,50.7161053355327],[-2.37251429533879,50.7161105638652],[-2.37246931217111,50.7160951789625],[-2.37231782126654,50.7160206048581],[-2.37212552836383,50.7159435728083],[-2.37199897870854,50.7159284474564],[-2.37175832101327,50.7159240397672],[-2.37172161696045,50.7159241569442],[-2.37173393402773,50.7159344701662],[-2.37178352865168,50.7160171357636],[-2.37178846679621,50.7161258252856],[-2.37179787206824,50.716283676912],[-2.37176582054779,50.7163562497454],[-2.37176182309847,50.7163666150509],[-2.37174958782579,50.716366654117],[-2.37174944446644,50.7163485367272],[-2.37177334153537,50.716275989935],[-2.37175553331544,50.7160871066064],[-2.37170544722352,50.7159423255122]]],[[[-2.36839134094191,50.7164012770065],[-2.36838385333364,50.7163965704606],[-2.36829631626584,50.7164003941745],[-2.36806910489096,50.7164117548183],[-2.36783807532447,50.7164113032299],[-2.36760136380081,50.7163990458261],[-2.36733676911159,50.7163951530934],[-2.36732558123285,50.7163940058948],[-2.36732737916557,50.7163857240938],[-2.36733296848135,50.7163857064279],[-2.36750067427682,50.7163887230235],[-2.36769447829973,50.716394021931],[-2.36791251435899,50.7164004263685],[-2.36805598954923,50.7164023376017],[-2.36816026534972,50.7163949134609],[-2.36819563602204,50.716391253932],[-2.36819743521439,50.7163829721249],[-2.36819898281783,50.7163427665053],[-2.36820447019513,50.7163297427968],[-2.36821742802892,50.7163190605817],[-2.36826394016691,50.71631063646],[-2.36838117494025,50.716292530804],[-2.36851134739953,50.7162613768336],[-2.3686583631829,50.7162396289675],[-2.36869559632819,50.7162359642938],[-2.36869936010346,50.7162406817124],[-2.36862119355146,50.7162515704429],[-2.36839424396426,50.7162960362326],[-2.36823424225484,50.7163249193027],[-2.36821946670915,50.7163415191661],[-2.36821414611807,50.71637582482],[-2.36821983735085,50.716388813176],[-2.36822546372059,50.7163935247202],[-2.3682329170741,50.7163935011476],[-2.36826643296174,50.716391030023],[-2.36832231676438,50.7163896715892],[-2.36838932212895,50.7163811825844],[-2.3685122005522,50.7163701524927],[-2.36853455776789,50.7163700817279],[-2.36853645749199,50.7163748050521],[-2.36853088673118,50.7163771869042],[-2.36850294020727,50.7163772753588],[-2.36843218038181,50.7163822295303],[-2.36841732428338,50.7163881884372],[-2.36841178133187,50.7163941178736],[-2.3684099900331,50.7164035822171],[-2.36841209654247,50.7164343175957],[-2.36842155803467,50.7164532050072],[-2.36842163220146,50.7164626634478],[-2.36841230977172,50.7164615112871],[-2.36839330837472,50.7164142762355],[-2.36839134094191,50.7164012770065]]],[[[-2.36542651623538,50.7164822996751],[-2.36504142490978,50.7163712152935],[-2.36484896713435,50.7163269030681],[-2.36481353014704,50.7163205970157],[-2.3647933573207,50.7163270776344],[-2.36478329651738,50.7163335256111],[-2.36481377925386,50.716352680019],[-2.3648088734031,50.7163719455099],[-2.36479370604559,50.7163719931196],[-2.36465110581449,50.7162376891003],[-2.36456464011809,50.7161705832496],[-2.36452915351403,50.7161578617681],[-2.36448873465445,50.7161611962891],[-2.36446363098916,50.7161837337586],[-2.36445359505911,50.7161933902773],[-2.36442824393367,50.7161838447293],[-2.36446340701157,50.7161548593233],[-2.36450885626587,50.7161483003853],[-2.36452905394826,50.7161450283861],[-2.36454414514087,50.7161353560037],[-2.36456927222119,50.7161160270916],[-2.36461462324349,50.7160966338267],[-2.36477089296145,50.716038392272],[-2.36505317583824,50.7159316286218],[-2.36527021160311,50.7158860301006],[-2.36537099533056,50.715844004461],[-2.36542135111231,50.7158181787489],[-2.3654413475448,50.7157892398337],[-2.36542603208224,50.7157700378983],[-2.36524889177482,50.7157449273592],[-2.3651376485948,50.7157420682728],[-2.36508203947495,50.7157422429749],[-2.36501736526938,50.715877199472],[-2.3649168289103,50.7159513078163],[-2.36483609125278,50.7159708113932],[-2.36472494576329,50.715980785301],[-2.36463394803999,50.7159810708442],[-2.36457343131543,50.716000511693],[-2.36450803490168,50.7160424256566],[-2.36443755678501,50.7160811468704],[-2.36432633631727,50.7160814955869],[-2.36392690652441,50.7160763306719],[-2.36368406921618,50.7160546321139],[-2.36363339085197,50.7160387492509],[-2.36360206606656,50.7159105112131],[-2.36347371950174,50.7156574492435],[-2.36337025340469,50.7153529763461],[-2.36328795194826,50.7151703550516],[-2.36326240176205,50.715135142478],[-2.36326220333654,50.7151094766046],[-2.3632721910851,50.7150934030393],[-2.36329735598912,50.7150868477241],[-2.36335327470459,50.7150612339302],[-2.36340512730527,50.7150280005921],[-2.36344098684624,50.7149999054016],[-2.36353290259607,50.7149640035318],[-2.36390115662933,50.7148967095024],[-2.36412526825768,50.714850217741],[-2.36420525933871,50.7148270721893],[-2.36448935567098,50.7147625831858],[-2.36485359832915,50.7146952987252],[-2.36508985328362,50.7146640305496],[-2.36523397243398,50.7146406819191],[-2.36531409821355,50.7146353419265],[-2.36540615312529,50.714617245783],[-2.36575025232349,50.7145373023622],[-2.36608252477387,50.7144828341566],[-2.36625071447804,50.7144619534212],[-2.36629875427954,50.7144541697854],[-2.36630685038636,50.714464319679],[-2.3663028816577,50.7144694203432],[-2.36620674252797,50.714477355553],[-2.36545835991835,50.7146298011134],[-2.36540639051643,50.7146477721689],[-2.36539845140832,50.7146579725414],[-2.36540068463625,50.7146622811891],[-2.36540196413384,50.7146670757515],[-2.36540698617481,50.714679561823],[-2.36541962710079,50.714721720131],[-2.36543724149503,50.7147701137293],[-2.36543749674193,50.7148029332352],[-2.36544000706595,50.7148091762722],[-2.3654523320271,50.7148107013731],[-2.36552372279303,50.7148073509441],[-2.36558526246125,50.7148040314603],[-2.36560246361119,50.7147992884771],[-2.36560981367934,50.7147945773815],[-2.36561704354986,50.7147742370889],[-2.3656340880055,50.7147491770459],[-2.36566596632203,50.7147318851155],[-2.36602753560256,50.714676047002],[-2.36628832024307,50.7146439680198],[-2.36630802093263,50.714643905927],[-2.36631790712268,50.7146485636389],[-2.36631303103427,50.7146548299389],[-2.36588741377927,50.7147077455816],[-2.36572261754778,50.7147332698125],[-2.36569312656592,50.7147411774007],[-2.36566856322957,50.7147490685778],[-2.36564661970095,50.7147772699545],[-2.36564426602887,50.7147913430776],[-2.36565167831302,50.7147944456718],[-2.36566890377867,50.7147928285172],[-2.36598154965255,50.7147793416244],[-2.36614406544735,50.714777266776],[-2.36626486563248,50.7147940777668],[-2.36639552492221,50.7148124196088],[-2.36644730018424,50.7148200711556],[-2.36644981206662,50.7148263150653],[-2.36639316070208,50.7148249298228],[-2.36627727446106,50.7148065405207],[-2.36616387438463,50.7147912700845],[-2.36602348731255,50.7147885863968],[-2.365708378264,50.714802081153],[-2.36567143845899,50.7148021973876],[-2.36565919863872,50.7148116136436],[-2.36565928377043,50.7148225531787],[-2.36569399014704,50.7148521383691],[-2.36573102730481,50.7148645245814],[-2.36580247755261,50.7148689885819],[-2.3658986264599,50.7148827516258],[-2.36601190352565,50.7148823949312],[-2.36626585238691,50.7149206670175],[-2.36641388377548,50.7149561466205],[-2.3665151055868,50.7149886468526],[-2.36660662273728,50.7150399330991],[-2.36661903315202,50.7150523976097],[-2.36661169392321,50.7150586716919],[-2.36655983302971,50.7150400806857],[-2.36648066534402,50.714993444333],[-2.36641400563978,50.7149717740121],[-2.36605643693267,50.7149088240487],[-2.36596526145576,50.7149012964045],[-2.3659209228424,50.7148998730589],[-2.36589634588174,50.7149062022684],[-2.365893932842,50.714912460796],[-2.36590164799376,50.7149546336589],[-2.36591404602806,50.7149655353262],[-2.36600539204716,50.7149949420788],[-2.36630893266049,50.7150768179907],[-2.36660995162813,50.7151508862791],[-2.36664451109578,50.7151617179585],[-2.3666470352115,50.7151695238831],[-2.36664770621737,50.7151763716203],[-2.36646848206866,50.7151368611617],[-2.36597970994808,50.715009419611],[-2.36592474834054,50.7149915017589],[-2.36590713025002,50.714981815275],[-2.36589171702374,50.7149735139401],[-2.36589154364017,50.7149512481879],[-2.36587819299314,50.7149262406338],[-2.36587806296046,50.7149095413195],[-2.36586918137202,50.7148956519445],[-2.36585600270958,50.7148929110439],[-2.36584279294957,50.7148859939598],[-2.36581425527839,50.7148819093088],[-2.36576598140625,50.7148778858679],[-2.3657243192448,50.7148780169815],[-2.36569357815848,50.7148725471416],[-2.3656737444952,50.7148600852058],[-2.3656538797672,50.7148434479837],[-2.3656427868452,50.7148267831608],[-2.36562737087663,50.7148184809001],[-2.36559884550557,50.7148157873517],[-2.36554406830972,50.7148215262322],[-2.36550021360352,50.714821664162],[-2.36546732186546,50.7148217676007],[-2.36543671072789,50.7148329979076],[-2.36543699212498,50.7148691797577],[-2.36543705706285,50.7148775294154],[-2.36546783059112,50.7148871737022],[-2.36551617880533,50.7149009380886],[-2.36559106843877,50.7149438439314],[-2.36566198595073,50.7150396446809],[-2.36569104357909,50.715110527525],[-2.36569129267941,50.7151425340941],[-2.36568480149695,50.7151536876678],[-2.36567602964403,50.7151537152685],[-2.36567581304095,50.7151258830783],[-2.36566889806949,50.7150827634348],[-2.36562443671842,50.715004971278],[-2.36556259570734,50.714948107977],[-2.36548551349541,50.7149052090113],[-2.3654591576204,50.7148997262181],[-2.36544162624496,50.7149011725401],[-2.36544613049912,50.7149164669063],[-2.36547311418516,50.7150026639577],[-2.36552628217603,50.7150720798262],[-2.36556203653727,50.7151582492691],[-2.36556215562851,50.7151735565242],[-2.36555779206169,50.7151763535369],[-2.36554678570525,50.7151708215821],[-2.36554007654526,50.7151541429617],[-2.36551995334325,50.7151041070845],[-2.36545773207942,50.7149985369488],[-2.36544199423171,50.7149484872666],[-2.36542407323021,50.7148998365396],[-2.36541673644815,50.7148024436536],[-2.36540739250381,50.7147287154687],[-2.36537187540149,50.7146731613877],[-2.36534547638214,50.7146621112301],[-2.36532566453216,50.7146524315543],[-2.36530812242914,50.714652486696],[-2.36523584797313,50.7146638479041],[-2.36508029275489,50.7146810363879],[-2.36465984642706,50.7147547218762],[-2.36464452786081,50.7147589453217],[-2.36464682844018,50.7147728536407],[-2.3646534940363,50.7147839667748],[-2.3646820761673,50.714793618145],[-2.36476113258418,50.7148086785731],[-2.36489731164532,50.7148374760448],[-2.36509052423266,50.7148688765912],[-2.36517180736071,50.7148881042269],[-2.36521588927918,50.7149171906726],[-2.36524472040769,50.7149588493754],[-2.36524480694626,50.7149699822524],[-2.36523822772787,50.7149700029292],[-2.36522265236974,50.7149408269113],[-2.36518950097113,50.7149075316405],[-2.36515431924598,50.7148951178436],[-2.36502254809126,50.7148690901151],[-2.36477005561848,50.7148281335779],[-2.36465801961549,50.7148020434927],[-2.36462059151927,50.7147826779152],[-2.36459859797699,50.7147743970542],[-2.3645832066445,50.7147688787647],[-2.36451092103309,50.7147788474647],[-2.36427457996841,50.7148325671864],[-2.36426719825373,50.714838878125],[-2.36426724699815,50.7148451657734],[-2.36428714638931,50.714856106152],[-2.36434433360422,50.7148842210872],[-2.3645181951523,50.7149465512062],[-2.36479879031569,50.7150384131379],[-2.36494772693265,50.7150803863967],[-2.36510526070447,50.7151180446657],[-2.3652290305883,50.7151534841824],[-2.3652502887615,50.7151646134723],[-2.36525386927556,50.7151713207777],[-2.36525034098638,50.7151713318665],[-2.36507001407017,50.715122634729],[-2.36492156237972,50.7150895117666],[-2.36442278078734,50.7149253710147],[-2.36430952747011,50.7148809407956],[-2.3642634690359,50.7148564528511],[-2.36423868297015,50.7148453344378],[-2.3641928849453,50.7148544348456],[-2.36382307162524,50.7149406853126],[-2.36378434589206,50.714952002639],[-2.36377734135942,50.7149587431233],[-2.36378455393103,50.7149788735242],[-2.36382001006092,50.7150011547298],[-2.36389775496671,50.715016586757],[-2.36500035144573,50.7152392947605],[-2.36507816529729,50.7152636817629],[-2.36509231328595,50.715268116657],[-2.36508883860087,50.7152748452316],[-2.36385899592644,50.7150234257728],[-2.3638024553675,50.7150124066824],[-2.36376343628425,50.714985657285],[-2.3637492350929,50.714974505636],[-2.36370686112835,50.714970159817],[-2.36367164770404,50.714979226894],[-2.36353079246106,50.7150154959995],[-2.3635061450659,50.7150222907549],[-2.36350624900259,50.7150357257482],[-2.36355932913226,50.7150557135857],[-2.36372199689748,50.7151022291095],[-2.36376442440437,50.7151132924145],[-2.36379280671588,50.7151333565496],[-2.36381762609481,50.7151489542915],[-2.3639201053634,50.7151687864093],[-2.36484213174115,50.7153114474981],[-2.36487041031073,50.7153180772775],[-2.36486696894937,50.71532928418],[-2.36455256367743,50.7152810071093],[-2.36390964048008,50.7151844946157],[-2.36386728365163,50.7151823880211],[-2.36384258561779,50.7151824653469],[-2.3638355622974,50.7151869657743],[-2.36382854039207,50.7151914661968],[-2.3638467193747,50.7152608268919],[-2.36385415743677,50.7153100664368],[-2.36385775651909,50.7153190129464],[-2.36387894508102,50.7153211858254],[-2.36394245308147,50.7153209869611],[-2.36405550033562,50.7153385466445],[-2.36440169497151,50.7153912038221],[-2.36456770192719,50.7154130762781],[-2.36458890652189,50.7154174881973],[-2.36458897602033,50.7154264448577],[-2.36427111151231,50.7153871347591],[-2.36412632809023,50.7153719139437],[-2.36396730729223,50.7153410621016],[-2.36390732615085,50.7153412499359],[-2.36388971932105,50.715345783506],[-2.36388273208609,50.7153547631616],[-2.36388299220016,50.7153883506412],[-2.36389381990575,50.7154196667118],[-2.36389860021147,50.7155321154224],[-2.36389427829766,50.7155520130448],[-2.36385849586151,50.7155549650226],[-2.36386707231638,50.7155066492661],[-2.36386202451978,50.715432813091],[-2.36385278678509,50.7153959155735],[-2.36380269709069,50.7152852930646],[-2.36379319553308,50.7152143107679],[-2.36377487421322,50.7151603993267],[-2.36372540059947,50.7151293076195],[-2.36357287653935,50.7150843377131],[-2.36348766360101,50.7150618802315],[-2.36345188010225,50.7150648329875],[-2.36344782168138,50.7151188144718],[-2.36348823490553,50.7151357313278],[-2.3635375779192,50.7151497793952],[-2.36354227213693,50.7151781695274],[-2.36350646657608,50.7151782815277],[-2.36343007200147,50.7151387531717],[-2.36338073044772,50.7151247050542],[-2.36334951061811,50.7151390050759],[-2.36334073602011,50.7151617574418],[-2.36334551797586,50.7152015088743],[-2.36345359384754,50.7152863853751],[-2.36347676286098,50.7153885706095],[-2.36353670474164,50.7156156225369],[-2.36360019995631,50.7157233623721],[-2.36366455427555,50.7159418787923],[-2.36370086469608,50.7160070964123],[-2.36372787431916,50.7160268950707],[-2.36390692593504,50.7160291753868],[-2.36398486310777,50.7160339133552],[-2.36400993314456,50.7160196315288],[-2.36403775794426,50.7160000137043],[-2.36407685513548,50.7159910134888],[-2.3641271450156,50.7159819781921],[-2.36414390372345,50.7159783753061],[-2.36423302779709,50.7159266065616],[-2.36448615271799,50.7157376106241],[-2.36460026155143,50.7156609069993],[-2.36476466075009,50.7155751676876],[-2.36488468213921,50.7155392808554],[-2.36494044073639,50.7155142486421],[-2.36499913605277,50.7155069626614],[-2.36522849882578,50.7155009156199],[-2.36527326067893,50.7155007749414],[-2.3652928427502,50.7155007133931],[-2.3653039925112,50.7154953518819],[-2.36530672092947,50.7154864655645],[-2.36532606832644,50.7154562220465],[-2.36532856347817,50.7154171528605],[-2.36532264969699,50.7153763349189],[-2.36532535050118,50.7153638983105],[-2.36533368899363,50.7153567704449],[-2.36534208270053,50.7153567440587],[-2.36534778799661,50.7153709294305],[-2.36535120666834,50.7154508165573],[-2.36534038823205,50.7154987878515],[-2.36534324231154,50.7155058814321],[-2.3653516484316,50.7155076301948],[-2.36544135024992,50.7155304301133],[-2.36550581992961,50.7155462067681],[-2.36551986379722,50.7155532642525],[-2.36552271506729,50.7155603569383],[-2.36551433797313,50.715562159373],[-2.36538821126865,50.7155323723828],[-2.36531536313661,50.7155183980877],[-2.36513720379794,50.7155196926889],[-2.36496591191488,50.7155303476917],[-2.36479499163307,50.7155890581652],[-2.36461233357051,50.715675627291],[-2.36446569869839,50.715782317973],[-2.36428737526454,50.7159144001902],[-2.36416840188371,50.7159906520195],[-2.36407290933538,50.7160111860185],[-2.36404116243962,50.7160289905889],[-2.36403326909261,50.716039132269],[-2.364092713473,50.7160488939412],[-2.36411766259809,50.7160535586044],[-2.36423478241941,50.7160579344263],[-2.36434436640408,50.7160544290419],[-2.36441412048272,50.7160542103392],[-2.36444642015756,50.7160430415555],[-2.36452326289225,50.7159937904307],[-2.36458282999838,50.7159651457083],[-2.36466493911487,50.7159522405531],[-2.36473217698039,50.7159488676696],[-2.36476707565334,50.7159519200252],[-2.36478450256874,50.7159502843837],[-2.36479441811611,50.7159439294888],[-2.36478412207756,50.7159012754501],[-2.36473610317567,50.7158128915628],[-2.36471589028274,50.7157765924114],[-2.36471582892616,50.7157686878895],[-2.36473076568662,50.7157670600706],[-2.36480131433958,50.7158696017288],[-2.36482668079904,50.7159280178871],[-2.36483420303242,50.7159343189439],[-2.36484669459755,50.7159390225577],[-2.36487658852067,50.7159389287064],[-2.36489148566477,50.7159325581628],[-2.36494830308566,50.7158707211869],[-2.36495313733862,50.7158517346916],[-2.36495301454537,50.7158359256483],[-2.3649402774124,50.7157996030598],[-2.36491230886997,50.7157269657097],[-2.36490462705713,50.7157001138001],[-2.36490952269251,50.7156890309287],[-2.36492445942084,50.7156874030851],[-2.36493452082809,50.7157000199343],[-2.36497266275348,50.7157995013603],[-2.36498018497875,50.7158058015086],[-2.36499263968225,50.715805762394],[-2.36499260284033,50.715801019681],[-2.36502933110883,50.7157186934965],[-2.36504669509993,50.7157091532988],[-2.36508899441856,50.7157026966544],[-2.36512887735153,50.7157057332439],[-2.36515382639598,50.7157103976858],[-2.36516627020395,50.7157087776439],[-2.36519055288836,50.7156280705554],[-2.36520292436388,50.7156169650792],[-2.36521787051423,50.7156169181113],[-2.36522041116431,50.715623233899],[-2.36520114556726,50.715708668057],[-2.36520120700533,50.7157165725786],[-2.36521122075066,50.7157228648827],[-2.36531343053281,50.7157320293033],[-2.36533087909839,50.7157335553979],[-2.36534328744552,50.7157271926198],[-2.36534814610946,50.7157113679167],[-2.36534797400677,50.7156892343575],[-2.36536780483618,50.7156765244711],[-2.36538267724297,50.7156669920563],[-2.36544743544312,50.7156652074988],[-2.36551221540141,50.7156665847228],[-2.36553215828167,50.7156681029425],[-2.36552973915731,50.7156775962088],[-2.36550982228549,50.7156792397928],[-2.36541517314423,50.7156811183727],[-2.36538038244815,50.7156922952573],[-2.36537814911181,50.7157255020802],[-2.36538575744322,50.7157428694314],[-2.36541321033145,50.7157491068886],[-2.36545309332421,50.715752143367],[-2.36547304570285,50.7157552425098],[-2.36549049711496,50.7157567685716],[-2.36552300399273,50.7157724757661],[-2.36554059070949,50.715791392666],[-2.36555334059636,50.7158292951927],[-2.36557083982952,50.7158371457628],[-2.36566317143084,50.715857407549],[-2.3656906230061,50.7158636449449],[-2.36571555846818,50.7158667283664],[-2.36572801601968,50.7158666891642],[-2.36573543991152,50.7158603420301],[-2.36574778387386,50.7158460746973],[-2.36576265625682,50.7158365422344],[-2.36576747786344,50.7158159739027],[-2.36576681328877,50.7157306032783],[-2.36577135465964,50.7156736741406],[-2.36577618856006,50.7156546876115],[-2.36577612702542,50.7156467830904],[-2.36578109771557,50.715645186503],[-2.36578866925355,50.7156578102159],[-2.36579408160642,50.7157131270829],[-2.36578981386315,50.7158048370032],[-2.36578993693776,50.7158206460449],[-2.36579247625936,50.7158269618241],[-2.36579745927571,50.7158269461402],[-2.36586447388143,50.7157951163339],[-2.36591895841123,50.7157538393843],[-2.36593622372818,50.7157316509221],[-2.36593847987882,50.7157016059024],[-2.36593836906015,50.7156873768656],[-2.36595073895766,50.7156762713151],[-2.3659557328545,50.715677836533],[-2.36596082809675,50.7156920498744],[-2.3659562007626,50.7157379126897],[-2.36593151159728,50.7157664474026],[-2.36584476622998,50.7158236353458],[-2.36575538004818,50.7158618602202],[-2.36574801768919,50.7158761118763],[-2.36575304852634,50.7158824207146],[-2.3658155110144,50.7159059382638],[-2.36584544325782,50.715910586872],[-2.36587039248146,50.7159152511599],[-2.36587542333222,50.7159215590935],[-2.36583808091861,50.7159248385337],[-2.36579063847913,50.7159107593801],[-2.36572817599702,50.7158872418176],[-2.36561090742874,50.7158638957499],[-2.3655535865938,50.7158609141761],[-2.36551617041572,50.7158547080879],[-2.36549872038283,50.7158531820257],[-2.36548390801044,50.7158706189806],[-2.36548400639502,50.7158832671135],[-2.36546917083074,50.7158975422536],[-2.36539193441187,50.7158962041698],[-2.36522524838089,50.7159251850879],[-2.36506856647689,50.7159588780701],[-2.3647033369594,50.7160849219583],[-2.36457417791059,50.7161343373296],[-2.36456179672415,50.716143862725],[-2.36457689024477,50.7161627866906],[-2.36459443991909,50.7161769601205],[-2.36460690698931,50.7161785019511],[-2.36463678879673,50.7161768272566],[-2.36471649264197,50.7161749962118],[-2.36481374481547,50.716187339413],[-2.36490094780876,50.7161886465873],[-2.36502297880979,50.7161835196411],[-2.3650702493288,50.7161754664474],[-2.36509757675232,50.7161658949447],[-2.36512486872542,50.7161515807185],[-2.36517439726174,50.7161134815758],[-2.36519671842308,50.7161007638944],[-2.36520667222652,50.7160991516729],[-2.36520674595434,50.7161086370981],[-2.36514234342897,50.7161562686448],[-2.36512504071886,50.7161737133774],[-2.36507784392012,50.7161912529178],[-2.36496080823402,50.716197944278],[-2.36484373851948,50.7161998927993],[-2.36469664916234,50.7161861259824],[-2.3646543002766,50.7161862588681],[-2.36463936621318,50.7161878866686],[-2.36463441854774,50.7161926450205],[-2.36463449216031,50.7162021304462],[-2.36475725962177,50.7162918607318],[-2.36476738248084,50.7163123821151],[-2.36477985242549,50.7163139239182],[-2.36479476197559,50.7163091342913],[-2.3648196730663,50.7163090560951],[-2.36484711251879,50.7163137127846],[-2.3649694140264,50.7163433675846],[-2.36502679540804,50.7163542539693],[-2.36503925167327,50.7163542148448],[-2.36505163282487,50.7163446902985],[-2.36547052350344,50.7160714453109],[-2.36549777841457,50.7160523882852],[-2.36551767084808,50.7160475828946],[-2.3655177077433,50.716052325607],[-2.36551278619414,50.7160602457999],[-2.36507902318577,50.7163430233165],[-2.36507164967973,50.716355694021],[-2.36506173266691,50.7163620489436],[-2.36507422578504,50.7163667525279],[-2.36535137226189,50.7164465114768],[-2.36536630638232,50.7164448835851],[-2.36542466974332,50.716244884391],[-2.36544939724961,50.7161742217685],[-2.36545430281743,50.7161549562508],[-2.36546947010378,50.7161549085553],[-2.36539060358638,50.7164150363726],[-2.36538076597325,50.7164503588356],[-2.36538084082107,50.7164599836458],[-2.3654163307298,50.7164727066557],[-2.3654315216504,50.7164758666399],[-2.36542651623538,50.7164822996751]]],[[[-2.36679023270092,50.7164589272093],[-2.36676663971838,50.7163422538104],[-2.36674395952392,50.7163423253827],[-2.36657261131988,50.7163444657946],[-2.36656759653944,50.7163476794688],[-2.36656265520695,50.7163604891798],[-2.36652312190714,50.7164613697373],[-2.36649077382626,50.7165142480786],[-2.36647819799163,50.7165174864913],[-2.36647561574831,50.7165094981933],[-2.36648810284275,50.7164950648639],[-2.36652771393672,50.7164037803421],[-2.36653486042021,50.7163509814737],[-2.36653478556784,50.7163413863404],[-2.36651205688651,50.7163350605081],[-2.36647662627091,50.7163159805998],[-2.3664434675078,50.7162649077535],[-2.36642561504995,50.7162377768617],[-2.36641049589765,50.7162378245298],[-2.36638031852227,50.7162459152097],[-2.36636775380956,50.7162507534034],[-2.36636534617641,50.7162651540474],[-2.36635064956677,50.7163195765339],[-2.36633625360157,50.716412381346],[-2.36632621152712,50.7164172097848],[-2.36632110803785,50.7164092303296],[-2.36632597462442,50.716386824596],[-2.36634255521525,50.7162508328366],[-2.36633747666701,50.7162460502609],[-2.36630975679949,50.7162461376344],[-2.3661535779264,50.7162546262306],[-2.36614605574071,50.7162594485135],[-2.3661435857266,50.7162658529084],[-2.36608466381905,50.7164659504457],[-2.36607462029778,50.7164707797666],[-2.36606450343421,50.7164660139485],[-2.36606442867056,50.7164564179155],[-2.3661234129687,50.7162643175319],[-2.3661183219824,50.7162579360575],[-2.36610571022457,50.7162563768585],[-2.36607545802605,50.7162548723257],[-2.36594686336415,50.7162456819441],[-2.36590653032414,50.7162442091095],[-2.365886268989,50.7162314787735],[-2.36586592332503,50.7162075535022],[-2.36583790604944,50.7161692593222],[-2.36583290227689,50.716174072758],[-2.36583297699251,50.7161836687917],[-2.36581306574587,50.7162157163317],[-2.36566152258547,50.7164960695645],[-2.36565648425636,50.7164960854166],[-2.3656513559719,50.7164849063548],[-2.36567116786432,50.7164400641321],[-2.36581512491073,50.7161565369057],[-2.36581248054423,50.716140552347],[-2.36579709853758,50.7161070151705],[-2.36577916077065,50.7160686883508],[-2.36575391106342,50.7160623712042],[-2.36569581335214,50.7160449613206],[-2.36568071773894,50.7160482075763],[-2.3656656484338,50.7160546525037],[-2.36565563126645,50.7160626804622],[-2.36565571838861,50.7160738753857],[-2.36565597974844,50.7161074592567],[-2.36563618042949,50.7161539012677],[-2.36552909966916,50.716318964612],[-2.36551903266137,50.716320596102],[-2.36551646303038,50.7163142066714],[-2.36551633861849,50.7162982141809],[-2.36554875127749,50.7162533323462],[-2.36562575113421,50.7161091532893],[-2.36562555201998,50.7160835656637],[-2.36563288756244,50.716054755577],[-2.36562257029762,50.7160244011992],[-2.3655922062747,50.716008503838],[-2.36547324393467,50.7159417077154],[-2.36547320661739,50.7159369101478],[-2.36547817308398,50.7159272991595],[-2.36549071008788,50.7159192623922],[-2.36550693836744,50.7159243300849],[-2.36563674143815,50.7159968268073],[-2.36574477453352,50.7160397739499],[-2.36583466496984,50.7160577177314],[-2.36600351285852,50.7160731340239],[-2.36619368904141,50.7160611437105],[-2.36660201286303,50.7159413855123],[-2.36666650630241,50.7159252341371],[-2.3666844731719,50.7159274553397],[-2.36673846413075,50.7159455116862],[-2.36676380655464,50.7159727708741],[-2.36675671554135,50.7159841844936],[-2.36674591078932,50.7159796619134],[-2.36672417541163,50.7159546701278],[-2.36667018444768,50.7159366137747],[-2.36664868165409,50.7159412382905],[-2.36652694427589,50.7159826314754],[-2.3663765430645,50.7160309494636],[-2.3662762221405,50.7160563269508],[-2.3661866348047,50.7160771138557],[-2.36609694087933,50.7160842309979],[-2.36599999458275,50.7160822584569],[-2.36588150986899,50.7160803527459],[-2.36582757230145,50.7160691312994],[-2.3658313935819,50.7160987372186],[-2.36586780778609,50.7161646930485],[-2.3659257073458,50.7162237457552],[-2.36601907957484,50.7162280084021],[-2.36618787770265,50.7162365900191],[-2.36639957521113,50.71622225277],[-2.36653227805069,50.7162058864085],[-2.36698028556677,50.7161110629984],[-2.36700895056056,50.7161041379156],[-2.36701979095226,50.7161132161361],[-2.36700907512831,50.7161200854405],[-2.36692665015594,50.7161385715078],[-2.3666076463454,50.7162033698992],[-2.36646063833646,50.7162266169186],[-2.36645708459975,50.7162311848006],[-2.36645361828766,50.7162471436482],[-2.36649722981833,50.7163153553738],[-2.36651523378982,50.7163221331617],[-2.36656915403941,50.7163310764558],[-2.36674146936881,50.7163305328248],[-2.36681324998522,50.716328027504],[-2.36682752101636,50.7163165912194],[-2.366855990487,50.7162846055212],[-2.36692035977044,50.7162525064808],[-2.36700630444644,50.7162248950515],[-2.36707088712557,50.7162201344133],[-2.36708170976713,50.7162269356946],[-2.3670674032275,50.7162338154462],[-2.36701719825823,50.7162408085676],[-2.36693836377848,50.7162592842033],[-2.36689903334041,50.7162799129685],[-2.36685259687676,50.7163096775039],[-2.3668419684963,50.7163279368586],[-2.36685636403726,50.7163324480951],[-2.36689224616298,50.716330056936],[-2.36707893782573,50.7163317453094],[-2.36709688848956,50.7163316886109],[-2.36710771115362,50.7163384889904],[-2.36723124738689,50.7165271967255],[-2.36722683324834,50.7165391127079],[-2.36722177957905,50.7165375288484],[-2.36719374708315,50.7164976352163],[-2.36708671977794,50.7163460409419],[-2.36707663890415,50.7163460727826],[-2.3670211879824,50.7163446489813],[-2.36699598650668,50.7163447285648],[-2.36698848937031,50.7163527486798],[-2.36699108559704,50.716362335851],[-2.36699128546374,50.7163879243703],[-2.36702715075169,50.716462977835],[-2.36705765298058,50.7164964661948],[-2.36705267711998,50.7165044783508],[-2.36704509110403,50.7165013044523],[-2.36701715871691,50.7164742045868],[-2.36698119066912,50.7163863564188],[-2.36696826658299,50.716344816095],[-2.36695566726148,50.7163448558772],[-2.36690778700656,50.7163450070463],[-2.36681453246084,50.7163437024876],[-2.36680197058584,50.7163485389205],[-2.36679702932422,50.7163613495405],[-2.36679721659623,50.7163853382721],[-2.36682609913931,50.7165339807312],[-2.36685152406722,50.7165626883848],[-2.36687432923589,50.7165786083791],[-2.36685923495713,50.7165818556821],[-2.36683901209272,50.7165739230755],[-2.36680084904219,50.716527663813],[-2.36679023270092,50.7164589272093]]],[[[-2.36916405537677,50.7165887223603],[-2.36916737458425,50.7165801164779],[-2.3692351290386,50.7165841992978],[-2.36961764318999,50.716567943232],[-2.36969889106908,50.7165655359777],[-2.36972261091969,50.7165676099436],[-2.36971929181581,50.7165762158384],[-2.36958388286909,50.7165809443385],[-2.36917763329115,50.7165929778844],[-2.36916405537677,50.7165887223603]]],[[[-2.36800515808278,50.7165727598757],[-2.36784860253214,50.7165661609327],[-2.36763613654261,50.7165573736371],[-2.36741997451699,50.7165521462169],[-2.36739198160608,50.7165463219131],[-2.36739195387318,50.7165427752214],[-2.36739567132155,50.7165415809103],[-2.36787835631054,50.7165589722974],[-2.36798456937764,50.7165610002673],[-2.36803864490661,50.7165667412257],[-2.36805168761584,50.7165666999948],[-2.36806279076083,50.7165572062169],[-2.36807015151761,50.7165453591504],[-2.36809616925453,50.7165370007769],[-2.36812220691449,50.7165310056552],[-2.36817808947326,50.7165296472893],[-2.36823211865383,50.7165294764186],[-2.36835153177775,50.7165515637074],[-2.36839077757134,50.7165668101059],[-2.36840761972546,50.7165762163876],[-2.36840580343518,50.7165821331324],[-2.36839462477628,50.7165821685047],[-2.36835720452852,50.7165621869944],[-2.36822658492965,50.7165365883774],[-2.36817253720815,50.7165343941856],[-2.36812226249765,50.7165380999369],[-2.36809810599173,50.7165464533308],[-2.36807773315268,50.7165618883163],[-2.36807219940105,50.7165690002687],[-2.36806850975785,50.7165737412719],[-2.3681114173311,50.7165807000726],[-2.3682122276902,50.7166063930972],[-2.36823462208468,50.716611051607],[-2.36823465914929,50.7166157808279],[-2.36822721503498,50.7166169878311],[-2.3681264139028,50.7165924764513],[-2.36800515808278,50.7165727598757]]],[[[-2.36855476497812,50.7165710213415],[-2.36853748691428,50.7165060451756],[-2.36853740344828,50.7164954042061],[-2.36854482757414,50.7164918330282],[-2.36854856353447,50.7164930037613],[-2.36854864701007,50.7165036456299],[-2.36856588798334,50.7165638916748],[-2.36856777844226,50.7165674324682],[-2.36857523968343,50.7165685914071],[-2.36859379609452,50.716559073087],[-2.36861790614348,50.7165448087433],[-2.36866621613144,50.7165281026499],[-2.36872815012564,50.7165049324999],[-2.36881718943591,50.7164549910943],[-2.36896373073466,50.7163729428253],[-2.36899525535604,50.7163539246775],[-2.36902298827915,50.7163266424265],[-2.36907639494192,50.7162472542977],[-2.36907633922102,50.7162401609203],[-2.36907817256077,50.7162366074326],[-2.36906322371759,50.7162307429227],[-2.36904641871045,50.7162260668529],[-2.36895702868283,50.7162310794836],[-2.36883981286444,50.7162515516644],[-2.3686705341446,50.716285193146],[-2.36863889953718,50.7162900235458],[-2.36862585548987,50.7162900648441],[-2.36862396645435,50.7162865240468],[-2.36872628507164,50.7162672818149],[-2.36893091702213,50.7162276154463],[-2.36900352061366,50.716220290919],[-2.36905194299107,50.7162177732301],[-2.36907435301988,50.7162247957508],[-2.36908927683402,50.7162271135616],[-2.36909669159206,50.7162223607212],[-2.36913858035142,50.7161858446855],[-2.36913970402082,50.7161806675411],[-2.3691350221124,50.7161777255378],[-2.3691349930818,50.716174030471],[-2.36913731010432,50.7161725456013],[-2.36914544714443,50.7161703030684],[-2.36914779319097,50.7161725123661],[-2.36915361618369,50.7161724939046],[-2.36920466290368,50.7161479425656],[-2.36925131171836,50.7161239708025],[-2.36930258119232,50.7161038045259],[-2.36931908091442,50.7160921703125],[-2.36938338231867,50.7160414301732],[-2.36941636915534,50.7160171105007],[-2.36942131340379,50.7160128834671],[-2.36942457417154,50.7160055034888],[-2.36942572786548,50.7159412774564],[-2.36943355892316,50.715882292849],[-2.36943845348972,50.7158717494013],[-2.36944172110865,50.7158654224626],[-2.36944995919899,50.7158580257928],[-2.36945322681541,50.7158516988539],[-2.36945319370104,50.7158474876117],[-2.36944808390344,50.7158306584346],[-2.36943623879214,50.715801216584],[-2.36943285528679,50.7157928046238],[-2.36943444911791,50.7157843768723],[-2.36948066770782,50.715754750798],[-2.3694971906896,50.7157462756749],[-2.36950380868666,50.715744149451],[-2.36950218316718,50.7157483659563],[-2.36944937142693,50.7157832764669],[-2.36944607615549,50.7157864461069],[-2.36944612582245,50.7157927625207],[-2.36947133396544,50.7158337429509],[-2.36947964514348,50.7158358218035],[-2.36948295415238,50.7158347591415],[-2.3695687719036,50.715777634069],[-2.36957537475204,50.7157734017659],[-2.36957534990981,50.7157702435593],[-2.36955173551075,50.7157208345014],[-2.36953996488862,50.7157008681815],[-2.36953989864455,50.7156924456973],[-2.36954650148358,50.7156882133961],[-2.36954981875589,50.7156882028687],[-2.36958518034852,50.715754419133],[-2.36959020595756,50.7157607206523],[-2.36959188257967,50.715762821454],[-2.36961997600938,50.7157490442817],[-2.3697042576505,50.7157077172191],[-2.36987289788902,50.7156345357358],[-2.36994898398767,50.7156058676786],[-2.36996715858851,50.7155963341845],[-2.36997383598939,50.7156015773772],[-2.36997054217586,50.7156047461268],[-2.36982670452762,50.7156673201598],[-2.36963659007877,50.715752150729],[-2.36948139627813,50.7158473981265],[-2.36946162906781,50.7158653592983],[-2.36945174060854,50.7158738133676],[-2.36944266483889,50.7159854424169],[-2.36944941673853,50.7160001602598],[-2.36946765783434,50.7159990502191],[-2.36955556515306,50.7159966651291],[-2.36964681319443,50.7159974285523],[-2.36966008662098,50.715997386414],[-2.36966503771391,50.7159942124106],[-2.36972578105451,50.7159129509058],[-2.36974550676204,50.715889726315],[-2.36975208333239,50.7158823349011],[-2.3697884645582,50.7158674801075],[-2.37006984624744,50.7157855184526],[-2.37008806093626,50.7157812483188],[-2.37010465845789,50.7157822486282],[-2.37010469992618,50.7157875129032],[-2.36980845538023,50.715877944537],[-2.36979188269471,50.7158801032916],[-2.36978030250518,50.7158843514132],[-2.36970971511317,50.7159793304007],[-2.3696999081042,50.7159983130477],[-2.36969994124106,50.716002524289],[-2.36985130427424,50.7160525788615],[-2.36990950923758,50.7160702924115],[-2.36994102924758,50.716070192272],[-2.36996586208074,50.7160637959035],[-2.37007994867245,50.7160150033305],[-2.37010806841807,50.7160043860401],[-2.37011967207024,50.7160032960957],[-2.37012303083548,50.7160085498259],[-2.37012138877197,50.7160106602685],[-2.37002410223354,50.7160499992809],[-2.3699510759897,50.7160802269339],[-2.36992981855918,50.7160817953765],[-2.36991564000444,50.7160818404218],[-2.36981379328343,50.7160536665329],[-2.3696882086442,50.716012070568],[-2.36962906864695,50.7160047591903],[-2.36948967141005,50.7160097007319],[-2.36944716835337,50.7160143347147],[-2.36943068475538,50.7160218870431],[-2.36932737183248,50.7161077043278],[-2.36922374314215,50.7161530277668],[-2.36917901588881,50.7161756669832],[-2.36910385014504,50.7162343992283],[-2.36902439479404,50.7163486380586],[-2.36900325498524,50.7163652024285],[-2.36891385116584,50.7164164796585],[-2.36883619254665,50.7164587213789],[-2.36872791686678,50.7165145573803],[-2.36863833312058,50.7165433384858],[-2.36855828786078,50.716582587578],[-2.36835084603555,50.7166507353864],[-2.36806274668269,50.7166801430814],[-2.36767521209842,50.7166873693426],[-2.36764088089815,50.7166874194944],[-2.36763523603684,50.7166803428929],[-2.36765014002754,50.7166802957467],[-2.36799478506977,50.7166756582557],[-2.36805438381861,50.7166731047386],[-2.36828709313996,50.7166499037982],[-2.3683373415625,50.716642650378],[-2.3683503828761,50.7166426091176],[-2.36847489282987,50.7166020152991],[-2.36854737792972,50.7165793208409],[-2.36855292873833,50.716574573033],[-2.36855476497812,50.7165710213415]]],[[[-2.36818102251486,50.7167589700014],[-2.36818627400167,50.7167556044572],[-2.36820739804081,50.7167572121176],[-2.36820264526217,50.716824214864],[-2.36820800173958,50.7168342456303],[-2.36823183031385,50.7168442188697],[-2.36828997591241,50.7168557571157],[-2.36874195448133,50.7169481091701],[-2.36886084707996,50.7169661543624],[-2.36886617742358,50.7169728362416],[-2.36885827393905,50.7169745357509],[-2.3688318720259,50.7169729449339],[-2.36868921639946,50.7169533005046],[-2.36820814610533,50.7168526670198],[-2.36817903979264,50.7168427104667],[-2.36817628281916,50.7168276471745],[-2.36818102251486,50.7167589700014]]],[[[-2.36636538483214,50.716851056869],[-2.36644245197566,50.7168459235888],[-2.36647327502099,50.7168433821427],[-2.36648476132905,50.7168335644019],[-2.36645000922551,50.7168263376186],[-2.36638040546766,50.7167996585582],[-2.36631453734857,50.7167582958504],[-2.36629513151149,50.7167412391287],[-2.36626810270811,50.7167364340035],[-2.36548630135723,50.7168440432305],[-2.36425773118428,50.7170117365921],[-2.36423075930291,50.7170142671811],[-2.36421141098995,50.7170045471975],[-2.36421135411422,50.7169972101116],[-2.36434698462486,50.7169793370588],[-2.36600688854865,50.7167515978312],[-2.36623414430782,50.7167239834068],[-2.36626498633833,50.7167238862119],[-2.36629196992786,50.7167238011698],[-2.36636938149699,50.7167626823462],[-2.36642362136398,50.7167967453207],[-2.36651250605474,50.716823363552],[-2.3667672990398,50.7168665752436],[-2.36746621300142,50.717006195503],[-2.36784062114329,50.7170612541611],[-2.36795252321568,50.717073125711],[-2.36802963020096,50.7170728817912],[-2.36818376458204,50.7170626128881],[-2.36821524910004,50.7170680196266],[-2.36821530659424,50.7170753558086],[-2.36820374395342,50.7170753923808],[-2.3680766110313,50.7170880219951],[-2.36792627745272,50.7170909408983],[-2.367714001919,50.7170622699558],[-2.36725701018206,50.7169827352601],[-2.36673188834902,50.7168816897557],[-2.36659290655047,50.7168576757796],[-2.3665350164541,50.716850522004],[-2.36425501584214,50.7171584652036],[-2.36422420576305,50.7171634520767],[-2.36420870876358,50.7171537173249],[-2.36421251038529,50.717146370845],[-2.36636538483214,50.716851056869]]],[[[-2.37152480330614,50.7165190895999],[-2.37159930517142,50.7165044390348],[-2.37161555894633,50.7165085049728],[-2.371612526985,50.7165352809005],[-2.3715931583845,50.716547696166],[-2.37155105004511,50.7165560661839],[-2.37149599528077,50.7165685944138],[-2.3714701392832,50.7165810312593],[-2.37146694302045,50.7165872177314],[-2.37145421106338,50.7166181424216],[-2.37132068469437,50.7169644640117],[-2.37113896640499,50.7173706481914],[-2.37107489347749,50.717473798045],[-2.37106193194176,50.7174758987236],[-2.37104892161866,50.7174718223712],[-2.37105844427656,50.7174450257139],[-2.3711479183036,50.7172717927828],[-2.37130091046198,50.7169254082784],[-2.37140244871446,50.7166368372793],[-2.37144723393963,50.7165563974432],[-2.37144715254576,50.7165461027135],[-2.37144708743354,50.7165378672893],[-2.37145999985835,50.7165295904614],[-2.37152480330614,50.7165190895999]]],[[[-2.36951327523739,50.7173777390255],[-2.36938322796047,50.717343150687],[-2.36938319558611,50.7173390329632],[-2.36938637598647,50.7173307872184],[-2.36939610860072,50.7173307563346],[-2.36942540499415,50.7173430168444],[-2.36944491737741,50.7173491312095],[-2.36946117126088,50.7173531974497],[-2.36946762776377,50.7173490591313],[-2.36947405188311,50.7173408030891],[-2.36950918806149,50.717270688517],[-2.3696502691132,50.7170581732491],[-2.36973710485048,50.7169611291621],[-2.36982353644858,50.7168763120655],[-2.36983271398419,50.7168849547039],[-2.36982144080088,50.716899443803],[-2.36976495105867,50.7169559894431],[-2.36966782967272,50.7170589133539],[-2.36963851970429,50.7170965847938],[-2.36953733259603,50.7172616692761],[-2.36951040238598,50.7173123404455],[-2.36952409981706,50.7173166324188],[-2.36953778730057,50.717319479271],[-2.36974289080466,50.7173361716023],[-2.3697520115429,50.7173375877831],[-2.36975653281368,50.7173332379691],[-2.36976098441908,50.7173202165715],[-2.36979858614683,50.7171784580159],[-2.36984316575561,50.7170554661531],[-2.36984306335759,50.7170424583403],[-2.36984300647769,50.7170352327767],[-2.36985206031183,50.7170279773694],[-2.36987695266932,50.7170076644014],[-2.37000633085998,50.7169523313218],[-2.37061941280279,50.716720580121],[-2.37063987474632,50.716716178637],[-2.3706717364176,50.7167131869027],[-2.37103117261122,50.7166629024411],[-2.37104031608216,50.716667208745],[-2.37103808407863,50.7166729973489],[-2.3710312753327,50.7166759093434],[-2.37099487262924,50.7166803607929],[-2.37063089092813,50.716732106565],[-2.37062635981374,50.7167350112861],[-2.37059456652675,50.7167466745794],[-2.37012909348446,50.7169244814606],[-2.3701291276389,50.7169288167978],[-2.37016566867563,50.7169417078527],[-2.37021807092264,50.7169444324168],[-2.37034331612655,50.7169425880101],[-2.37048681409561,50.7169450226264],[-2.37053927476862,50.7169549726005],[-2.37055986221702,50.7169664691566],[-2.37057351404793,50.7169649805533],[-2.370598565662,50.7169649008073],[-2.37064177885516,50.7169575374951],[-2.37073055128996,50.7169514733417],[-2.3708604673479,50.7169640667828],[-2.37095857587898,50.7169868792681],[-2.3709654659669,50.7169940830518],[-2.3709654887956,50.7169969741739],[-2.3709541018197,50.7169970104584],[-2.37093584757871,50.7169927331796],[-2.37089476375256,50.7169813010956],[-2.37079672229524,50.7169671610279],[-2.37072835344471,50.7169615972763],[-2.37070102698891,50.7169616842937],[-2.37060542008284,50.7169677701825],[-2.37056674084901,50.7169722287534],[-2.37055079852392,50.7169722794984],[-2.37053026806866,50.7169680093997],[-2.37048918294673,50.7169565771731],[-2.37039577677358,50.7169525389491],[-2.37025456785062,50.7169515420897],[-2.37015661491426,50.7169489641816],[-2.37012466337271,50.7169403930792],[-2.37010870112228,50.7169375535295],[-2.37009275880824,50.7169376042115],[-2.37007912831976,50.7169419829882],[-2.36987931995597,50.7170192189698],[-2.36987034718908,50.7170365910626],[-2.36987042683396,50.7170467077506],[-2.36987051785573,50.7170582695512],[-2.36988646021148,50.7170582188982],[-2.36990922281789,50.717056701423],[-2.37021887952125,50.7170470452812],[-2.37050348586215,50.7170374689482],[-2.37058319334975,50.7170372152436],[-2.37059008338719,50.7170444190511],[-2.37057874200158,50.7170502366461],[-2.37051045425483,50.7170547894483],[-2.3702554107104,50.7170584920863],[-2.36987288656695,50.7170698250144],[-2.36986381138407,50.7170741892944],[-2.36985931290857,50.71708143023],[-2.36984363222154,50.7171147220685],[-2.36984370047772,50.7171233927446],[-2.36985736517089,50.717123349331],[-2.36990974625831,50.7171231828983],[-2.37044259953902,50.7171142627621],[-2.37087299522235,50.7171085560493],[-2.37092300448692,50.7170968346363],[-2.37095912364487,50.7170562518113],[-2.37107887768573,50.7169359103023],[-2.37108335312848,50.7169257791036],[-2.371094671591,50.71691707124],[-2.37110382653999,50.7169228235474],[-2.37110164160874,50.716934392593],[-2.37107679549003,50.7169604871481],[-2.37095032244392,50.7170953024437],[-2.37092994023177,50.7171098197667],[-2.37089354717863,50.7171157172111],[-2.37085028824999,50.7171173001739],[-2.37073645241258,50.7171219991005],[-2.36983470492613,50.71713787461],[-2.36983250687741,50.7171479985342],[-2.36981703234089,50.7172073050919],[-2.36983984052629,50.7172115680784],[-2.37075359094081,50.717273700423],[-2.3707581919426,50.7172794663707],[-2.37075365937356,50.7172823720066],[-2.37074686192477,50.7172867291068],[-2.37070644847709,50.7172812948355],[-2.36992739465266,50.7172302413928],[-2.36980729074096,50.7172223873495],[-2.36980414425051,50.7172347508178],[-2.36977903425226,50.7173418940546],[-2.36976019955031,50.7174222510361],[-2.36975049933134,50.7174264005729],[-2.36974401043661,50.7174264211837],[-2.36974388081122,50.7174099502923],[-2.36974994841454,50.7173563992841],[-2.36974991600066,50.7173522806619],[-2.36974015097636,50.7173481938525],[-2.36951291899286,50.7173324440679],[-2.36950321735393,50.7173365935888],[-2.36950005457918,50.717346897744],[-2.3695001355445,50.7173571925022],[-2.36950986816415,50.7173571616087],[-2.36953919699221,50.7173735398123],[-2.36987439718047,50.7175042447501],[-2.36988417987872,50.7175103908537],[-2.36987449444152,50.717516598817],[-2.36986800695081,50.7175166194305],[-2.36985499671301,50.7175125420435],[-2.36974757823553,50.7174675872097],[-2.36962718217652,50.7174226734812],[-2.36951327523739,50.7173777390255]]],[[[-2.36708236852065,50.7173187580586],[-2.36718237776134,50.7172890975493],[-2.36720161214554,50.7172841464644],[-2.36723235897001,50.7172718217291],[-2.36722839290069,50.7172571633168],[-2.36722058603094,50.717244960399],[-2.36719350094001,50.7172328210891],[-2.36716647884531,50.7172280161468],[-2.36711625986934,50.7172159472132],[-2.36709303328061,50.7172037930049],[-2.36705444144006,50.7171990245847],[-2.36427725585013,50.7175305439909],[-2.36423099058352,50.7175306889971],[-2.36421551244362,50.7175234029343],[-2.36421545557326,50.7175160667433],[-2.36700422962705,50.7171869582802],[-2.36702350360557,50.7171868974143],[-2.36703888655502,50.7171819567249],[-2.36703107976088,50.7171697556037],[-2.3670117308069,50.7171600360869],[-2.36696539092517,50.7171503990963],[-2.36674162937794,50.7171315441704],[-2.36657956597455,50.7171149375793],[-2.36653311179031,50.7170906316448],[-2.36649438657522,50.7170687455748],[-2.36647507591699,50.7170639161585],[-2.36423714747922,50.71733015426],[-2.36421401494449,50.7173302267575],[-2.36420628609699,50.7173278067213],[-2.36422936034194,50.7173203980384],[-2.36587154610669,50.7171169897114],[-2.36637617582727,50.7170616047655],[-2.36644930854401,50.7170467005654],[-2.36649557190632,50.7170465546838],[-2.36652261999945,50.7170538066491],[-2.36654592266866,50.7170757413522],[-2.3666039409277,50.7171000108043],[-2.36689719219234,50.7171308742157],[-2.36699750675555,50.7171403381073],[-2.36703607944822,50.717142662351],[-2.36707872076212,50.7171718713375],[-2.36713677622401,50.7172010325156],[-2.36719470506111,50.7172130761801],[-2.36722556651319,50.7172154229257],[-2.36724881224685,50.7172300213069],[-2.36726047051497,50.7172422111531],[-2.36727612248426,50.7172715044791],[-2.36729158192718,50.7172763486361],[-2.36730318853196,50.7172812022698],[-2.36761519882874,50.7172459808698],[-2.36816599525384,50.7171782154714],[-2.36818557332231,50.7171878613286],[-2.36818563081912,50.7171951984099],[-2.36817412563647,50.7172025711622],[-2.36816255729812,50.7172026077492],[-2.3674021656058,50.7172932932652],[-2.36730971486553,50.7173033661187],[-2.36727498140921,50.7172985855726],[-2.36725566349455,50.717293756304],[-2.36722485931519,50.7172987439559],[-2.36712874678994,50.7173332834063],[-2.36434051485069,50.7177333071842],[-2.36432894494301,50.7177333434548],[-2.36431734419799,50.7177284895078],[-2.36431728731132,50.717721153317],[-2.36693221648538,50.7173461307477],[-2.36708236852065,50.7173187580586]]],[[[-2.36833480335879,50.7170587879587],[-2.3684482900129,50.7170501931821],[-2.36856028855448,50.7170350031593],[-2.36874190296748,50.7170261923921],[-2.3688878645708,50.7170216121464],[-2.3689820462096,50.717033667138],[-2.36902745050202,50.7170314638571],[-2.36907282245044,50.7170251437385],[-2.36909549749813,50.7170209540271],[-2.36909869410581,50.7170147676089],[-2.36909533575482,50.7170003654303],[-2.36908226387361,50.7169880534081],[-2.3690951740117,50.7169797768333],[-2.36911462433894,50.7169776567034],[-2.36912453480779,50.7170002728509],[-2.36913436440954,50.7170125951487],[-2.36919912052006,50.7169959185124],[-2.36954514233719,50.7168527562613],[-2.36961954959739,50.7168257537654],[-2.36970708020058,50.7168172401921],[-2.36978161836962,50.7168067093616],[-2.36984953519745,50.7167797273402],[-2.36997580393332,50.7167463835799],[-2.3707794061438,50.7166202934235],[-2.37110666957078,50.7165677775694],[-2.37115199056611,50.7165552796511],[-2.3711713918195,50.7165469821678],[-2.37116808166283,50.7165387570872],[-2.37116796780643,50.7165243455415],[-2.37119062898243,50.7165180961216],[-2.37122306998487,50.71651799269],[-2.37123932373196,50.7165220586814],[-2.37123935627678,50.7165261772934],[-2.37124600772941,50.7165467442676],[-2.37125254531235,50.7165529005957],[-2.37135306890942,50.7165464028377],[-2.37139848888919,50.7165462579587],[-2.37140181395022,50.7165565423416],[-2.37139863537598,50.7165647881133],[-2.37126573437024,50.7165796247951],[-2.37125603303075,50.7165837726479],[-2.37126922209947,50.7166104968464],[-2.3712692871804,50.7166187322716],[-2.37119475248648,50.716629264023],[-2.37117526987617,50.7166272676785],[-2.37117178220081,50.7165963947231],[-2.37116500121304,50.7165983354109],[-2.37115202365644,50.7165983767825],[-2.37007148837132,50.7167670921261],[-2.3700001954425,50.7167776128243],[-2.3698738618051,50.7168027211791],[-2.36979285247942,50.7168153319823],[-2.36974433577859,50.7168340167201],[-2.369705501522,50.7168464926116],[-2.36966347215364,50.716865156716],[-2.36964084299917,50.7168755235689],[-2.36961492153786,50.7168797236899],[-2.36958249363679,50.7168818851008],[-2.36945309529706,50.7169296512092],[-2.36923642459735,50.7170188713323],[-2.36912962253536,50.7170521526048],[-2.36905832753806,50.7170626727528],[-2.36896100053481,50.717062981261],[-2.36887334001415,50.7170550234137],[-2.36881166580757,50.7170511018971],[-2.36840963281468,50.7170853165774],[-2.36832864015627,50.7170999856985],[-2.36831246716159,50.7171062140542],[-2.36829952173056,50.7171103719357],[-2.36826820853531,50.71725459487],[-2.36820859941789,50.7175142066145],[-2.36817352421686,50.717592556294],[-2.36811578815882,50.7176771539223],[-2.36807404772632,50.717732876148],[-2.36806432974273,50.7177349662406],[-2.36805459704256,50.7177349970151],[-2.36804155465221,50.7177268025968],[-2.36809940523361,50.7176566165897],[-2.36814765061726,50.7176029322475],[-2.36818584054824,50.7175081023096],[-2.36820131988969,50.717413342399],[-2.36825431097166,50.717137281269],[-2.36825721722016,50.7170940344725],[-2.36827330953149,50.717077512269],[-2.36829592295432,50.717065087257],[-2.36833480335879,50.7170587879587]]],[[[-2.36812480839032,50.7173054291125],[-2.36815892648035,50.717298739343],[-2.36815900313964,50.7173085224277],[-2.3681352399577,50.71732337464],[-2.36722261968336,50.7174656440363],[-2.3644232673908,50.7179243931476],[-2.36438857169187,50.7179245019361],[-2.36437311235359,50.7179196600926],[-2.36437303648794,50.7179098779057],[-2.36527912129579,50.717752119121],[-2.36705814642255,50.7174701933052],[-2.36812480839032,50.7173054291125]]],[[[-2.36471043121908,50.7180676585634],[-2.36810619834145,50.7174578521118],[-2.36811323956537,50.7174654099231],[-2.36810948252824,50.7174776484899],[-2.36454811910956,50.7181124279234],[-2.36450956613318,50.7181125488466],[-2.36448641423811,50.7181101754016],[-2.36448637630021,50.7181052852076],[-2.36471043121908,50.7180676585634]]],[[[-2.36826207164555,50.7181666156071],[-2.36812539203473,50.7181028884466],[-2.36792621983877,50.7179634151986],[-2.3679220437283,50.7179568816206],[-2.36792819139521,50.7179516247203],[-2.36793645558363,50.7179529079176],[-2.3680049013324,50.7179985197875],[-2.36810240819848,50.7180662981673],[-2.36816047768745,50.7181040868363],[-2.36823921082525,50.7181457381817],[-2.36826195875289,50.7181522130099],[-2.36828879048714,50.7181534374743],[-2.36832589896676,50.7181493919751],[-2.36837533633704,50.7181387606488],[-2.36838769460664,50.7181361019182],[-2.3683897276571,50.7181321683047],[-2.36838553837273,50.718124325407],[-2.3683751618056,50.7181165011916],[-2.36819848019534,50.7179507697638],[-2.36818598715058,50.7179364063265],[-2.36817768333686,50.7179298848951],[-2.36817100959266,50.7178683652046],[-2.36817501413018,50.7178526402231],[-2.36818532018929,50.7178512982649],[-2.36818949915439,50.7178578318444],[-2.36818991985575,50.7179115151556],[-2.36819206294323,50.7179219832533],[-2.36839574322805,50.718109889256],[-2.36841649918865,50.7181255358745],[-2.36842482359877,50.7181346750418],[-2.3684269476379,50.7181425253743],[-2.36842079859406,50.7181477822752],[-2.36841460989631,50.7181478018637],[-2.36840017609107,50.7181491569078],[-2.36836309841562,50.7181571304112],[-2.36831571601957,50.7181664458706],[-2.36829306045214,50.7181717549961],[-2.36826207164555,50.7181666156071]]],[[[-2.36453053471815,50.7183301163914],[-2.36796067271466,50.7176761885452],[-2.36797613233989,50.7176810299134],[-2.36797237525143,50.7176932693941],[-2.3679685756048,50.7177006177955],[-2.36456532415855,50.7183422321505],[-2.36454603215221,50.7183398484077],[-2.36453053471815,50.7183301163914]]],[[[-2.36842473751393,50.7183442564486],[-2.36808329249,50.7182048512717],[-2.36806434332457,50.7181997726773],[-2.36792417788379,50.7182379069663],[-2.36789445039977,50.7182362870315],[-2.36788361987492,50.7182328950365],[-2.36802920135073,50.7181964566209],[-2.36804536589285,50.718191266093],[-2.36789088773225,50.7181266520317],[-2.36785836941297,50.7181130498498],[-2.36785023593368,50.718109648416],[-2.36787181010396,50.7181044398153],[-2.36842738789883,50.7183373964047],[-2.36844093601448,50.7183424920353],[-2.36844902216554,50.7183407524008],[-2.36862161565002,50.7179598685189],[-2.36875476138457,50.7176702384526],[-2.36878646639727,50.7175793371774],[-2.36885146303962,50.7172570423307],[-2.36889876668968,50.7170889942398],[-2.36889869944272,50.71708042967],[-2.36890950285619,50.7170803954349],[-2.36891497252109,50.7170889428844],[-2.36887057473447,50.7172826797485],[-2.36884157884807,50.7174071913412],[-2.36880763432317,50.7175563500291],[-2.36879193934553,50.7176215026118],[-2.3686512230965,50.7179337584296],[-2.36848643535291,50.7183022128984],[-2.36842296299716,50.7184754524975],[-2.36840954916493,50.7184874860262],[-2.36840144388069,50.7184875116812],[-2.36839062670748,50.7184858327808],[-2.36843307258586,50.7183733552169],[-2.36843299197334,50.7183630757422],[-2.36843292480921,50.7183545111619],[-2.36843288449946,50.7183493709749],[-2.36842473751393,50.7183442564486]]],[[[-2.36773103564146,50.7178921044804],[-2.36778112006393,50.7178870529887],[-2.36779312708012,50.7178956211544],[-2.36778165992774,50.7179078841277],[-2.36774314399304,50.717912896318],[-2.36768530983669,50.7179130792986],[-2.36460981288934,50.7185609947844],[-2.36459824277823,50.7185610310816],[-2.36459812892086,50.7185463596016],[-2.36522903234792,50.7184135093062],[-2.36700738947709,50.7180435545453],[-2.3676616769186,50.7178972142272],[-2.36773103564146,50.7178921044804]]],[[[-2.36712769169501,50.7185293876169],[-2.36712760863482,50.7185187583266],[-2.36710075408214,50.7185124654202],[-2.36707058836364,50.7185104347864],[-2.36708055690543,50.7184997737495],[-2.36712747573862,50.7185017514621],[-2.36714758986417,50.7185038138343],[-2.36715424154245,50.7184974132915],[-2.36720407841727,50.7184441062817],[-2.36740697288257,50.7182563750382],[-2.36782639145906,50.71791063467],[-2.36798616123044,50.7177783170405],[-2.36800616414858,50.7177654965359],[-2.36802626131655,50.7177654329965],[-2.36803301410042,50.7177717884795],[-2.36788322802943,50.7178955734009],[-2.36744380811296,50.7182541326774],[-2.3671843906415,50.7184973180456],[-2.36718110847256,50.7185058338556],[-2.36718115831591,50.7185122114298],[-2.36718789449512,50.7185164419693],[-2.36717790935992,50.7185249771573],[-2.36715777436106,50.7185207889457],[-2.36709147084679,50.7186102902224],[-2.36708148709069,50.7186188253975],[-2.36706807021736,50.7186167418621],[-2.36706131742538,50.7186103854576],[-2.36712769169501,50.7185293876169]]],[[[-2.36694036513119,50.7182993475767],[-2.36735981827996,50.7181977647868],[-2.36738682892197,50.7182001254642],[-2.36739077599462,50.718212337873],[-2.36738700101543,50.7182221331319],[-2.36737157809396,50.7182221818835],[-2.36734460709201,50.7182247113913],[-2.36472726016257,50.7187904862489],[-2.3647118574407,50.7187929788415],[-2.36469252019902,50.7187857049518],[-2.36470017338245,50.7187783436694],[-2.36694036513119,50.7182993475767]]],[[[-2.36475578269362,50.7189884660799],[-2.36698060048078,50.7185144087294],[-2.36699606028894,50.7185192511263],[-2.36700000870385,50.7185314635431],[-2.36699235449792,50.7185388240823],[-2.3647751959809,50.7190055221437],[-2.36475585864184,50.7189982482648],[-2.36475578269362,50.7189884660799]]],[[[-2.36859014779799,50.7190560718144],[-2.36845889690672,50.7189658808399],[-2.36845065650072,50.718955551659],[-2.36845469549539,50.7189503616875],[-2.36846081488994,50.7189503423144],[-2.36857978772866,50.7190353949878],[-2.36859006656326,50.719045717703],[-2.36859618738677,50.719045698318],[-2.36861857159835,50.7190391552683],[-2.36870396476531,50.7190039367573],[-2.36871004211253,50.7189987394207],[-2.3687100116378,50.7189948564043],[-2.36854597447092,50.7188853529249],[-2.36853982604107,50.718881489281],[-2.36853977527137,50.7188750172865],[-2.36855197059463,50.7188698014844],[-2.36870785135609,50.7189793307964],[-2.36872628940596,50.7189896276504],[-2.3687344587619,50.7189908958394],[-2.36878528835605,50.718970024253],[-2.36886050260994,50.7189374269261],[-2.36886656977078,50.7189309355429],[-2.36863695866119,50.7187828079678],[-2.36862668861855,50.7187737801982],[-2.36862256841716,50.7187686160633],[-2.36862252778954,50.7187634381081],[-2.36862863700588,50.7187621246875],[-2.36886029935969,50.7189115398521],[-2.36888282717057,50.7189231177908],[-2.36888691692514,50.7189243988995],[-2.36890116359666,50.7189204706307],[-2.36903733344198,50.718857908241],[-2.36904135202559,50.7188501292737],[-2.36882201958061,50.7187123256391],[-2.3687913124081,50.7186981836626],[-2.36878516398981,50.7186943209307],[-2.36879734174077,50.7186865152188],[-2.36895721789589,50.7187856771734],[-2.36903923231448,50.7188397816277],[-2.36905966949925,50.7188448940072],[-2.36908934183542,50.7188369203782],[-2.36959883460967,50.7185937484535],[-2.36969732334844,50.7185547124573],[-2.36972916807346,50.7185398603351],[-2.36974361018203,50.7185287505567],[-2.36974933365235,50.7185176693733],[-2.36981456671047,50.7183146293433],[-2.36982024658162,50.718298014996],[-2.36982309519868,50.7182906309106],[-2.36981436350786,50.7182888151197],[-2.36976505559867,50.7183000356731],[-2.36969545156347,50.7183168512747],[-2.36961996160489,50.7183244669578],[-2.36956484309637,50.71833570588],[-2.36954161270646,50.7183376231708],[-2.36953574417599,50.7183302658681],[-2.36953860450766,50.7183247252856],[-2.36960534828228,50.7183134494611],[-2.36967794323376,50.7183076874156],[-2.36978234340749,50.7182815409167],[-2.36982296456446,50.7182740359241],[-2.36983163678083,50.7182684768688],[-2.36992303787276,50.7179867786266],[-2.37010805285488,50.7174975479232],[-2.37013083247322,50.717438469821],[-2.37013366504197,50.7174292413465],[-2.37013652665705,50.7174236998474],[-2.37016266318271,50.7174217732053],[-2.37020625995827,50.7174234780982],[-2.37043317154369,50.7174577914726],[-2.37059320879244,50.7174867849205],[-2.37073863148766,50.717504760793],[-2.37085489752101,50.7175099228429],[-2.37092463236211,50.7175097006568],[-2.37094497163159,50.7175096358449],[-2.37094792051157,50.7175151579469],[-2.37094216833731,50.7175225522086],[-2.37080852499504,50.7175248215346],[-2.37060464142963,50.7175047324172],[-2.37026779375336,50.7174429362571],[-2.37018479981721,50.7174358908275],[-2.3701686717738,50.7174359421148],[-2.37015719902453,50.7174418257468],[-2.37007563609121,50.7176549269069],[-2.36994032079771,50.7180252517577],[-2.36978926601057,50.7184839973902],[-2.36977114645846,50.7185235290616],[-2.36975975395055,50.7185396480635],[-2.3697437319144,50.7185528572971],[-2.3697161764321,50.7185646409282],[-2.36900678042766,50.7188841536238],[-2.36863486233817,50.7190520048139],[-2.36849017632079,50.7191109444167],[-2.36847866855591,50.7191124430896],[-2.36846944113417,50.7191110100666],[-2.36846480017003,50.719106638047],[-2.36855672606149,50.7190771067199],[-2.36858609865688,50.7190599677512],[-2.36859014779799,50.7190560718144]]],[[[-2.36727421266532,50.7184333558409],[-2.36753552811646,50.7182036508486],[-2.36776167601073,50.7180134533342],[-2.36804980767672,50.7177787444122],[-2.36814652492829,50.7176715036275],[-2.36821357678189,50.7175512234459],[-2.36822229836362,50.7175324358632],[-2.36824890275541,50.7175323517028],[-2.36826384692118,50.717552940329],[-2.3682936736479,50.7175866150313],[-2.36835600398173,50.7176183109635],[-2.36852760968495,50.7176365286875],[-2.36863993084764,50.7176342971216],[-2.36867246384726,50.7176360699971],[-2.36867252273406,50.7176435743464],[-2.36865777113358,50.7176473728849],[-2.36857201166687,50.7176438926409],[-2.36843305517719,50.7176424557316],[-2.36832941141428,50.7176202710212],[-2.36829082038238,50.717599756324],[-2.36825497831453,50.7175529683858],[-2.3682342246735,50.7175455304018],[-2.36822540159036,50.7175511860408],[-2.36822548980874,50.7175624421179],[-2.36818751350206,50.7176207199339],[-2.36820535507264,50.7176337957648],[-2.36843976344392,50.7177437416933],[-2.36861170816661,50.7178051068187],[-2.36860882554286,50.717814496392],[-2.36859995547026,50.7178145244806],[-2.36856436452975,50.7177996290063],[-2.36835384060593,50.7177196250077],[-2.36818470572895,50.7176394897083],[-2.36818056380104,50.7176452717254],[-2.36817448281728,50.7176637281099],[-2.36815400989633,50.7176993506099],[-2.36818323751357,50.7177216458775],[-2.36824798914435,50.7177754350447],[-2.36826064796222,50.7178017341671],[-2.36826492356613,50.7178175237827],[-2.36826287795354,50.7178214808153],[-2.36825250214803,50.7178215136413],[-2.36824617344865,50.7178083645273],[-2.36823138787611,50.7177724156043],[-2.3682103327653,50.7177621296354],[-2.36814701541274,50.7177120445631],[-2.36813539814086,50.7177165183791],[-2.36813311436591,50.7177224411016],[-2.3680174455467,50.7178322508029],[-2.36799891892651,50.7178470990254],[-2.36799898843263,50.717855972955],[-2.36802007829458,50.7178706959266],[-2.36826418914248,50.7180917694805],[-2.36825722047928,50.7180947492777],[-2.36825020545014,50.7180918137221],[-2.36821502740546,50.7180638241414],[-2.36804369666834,50.7179105531227],[-2.3679874044461,50.7178648837264],[-2.36797576394102,50.7178663999033],[-2.36796884302892,50.7178752950656],[-2.36786688046596,50.7179495660871],[-2.36783680298336,50.7179777612573],[-2.3678485129997,50.7179851190198],[-2.36788829461189,50.718005699151],[-2.36823937632564,50.7181968548368],[-2.36823472619946,50.7181983479734],[-2.36822070911697,50.7181939552437],[-2.36817391363839,50.7181704403769],[-2.367820570219,50.7179881661054],[-2.36781360294999,50.717991145905],[-2.36780902229506,50.7180015129758],[-2.36773725116994,50.718062378006],[-2.36769099999358,50.7181083726086],[-2.36764203123372,50.7181492255809],[-2.36764904482625,50.7181521611447],[-2.36767252417646,50.7181742713423],[-2.36771950609941,50.7182214502989],[-2.36778745950655,50.7182685619751],[-2.36788105186505,50.7183155924602],[-2.36793714488146,50.7183361209434],[-2.36794646693196,50.7183360914317],[-2.36795808580763,50.7183316175733],[-2.36811870522904,50.7183074457641],[-2.36817235363344,50.7183131924764],[-2.36819108024729,50.7183234858126],[-2.36822384717408,50.7183411295517],[-2.36826842579336,50.7183794419541],[-2.36832474210948,50.7184280697667],[-2.36832477688724,50.718432505831],[-2.36831545482971,50.7184325353304],[-2.36830140147705,50.7184237065524],[-2.36825918630805,50.7183898237602],[-2.36819117297015,50.7183353174167],[-2.36814911736948,50.7183221392229],[-2.36810480541536,50.7183178422976],[-2.36802797866605,50.7183284387164],[-2.36795816688589,50.7183419698904],[-2.36796053179474,50.7183463994775],[-2.36797921065161,50.7183507774137],[-2.3680611973886,50.7184037603397],[-2.36816668436772,50.7184818129237],[-2.36816204580292,50.7184847853457],[-2.36815041533184,50.7184877798835],[-2.36813405642298,50.7184819161272],[-2.36810117496643,50.7184494821802],[-2.36805194485414,50.7184126637464],[-2.36798871946215,50.7183744111134],[-2.36794193402309,50.7183523747546],[-2.3678951847786,50.718334774447],[-2.36780630182224,50.7182936445693],[-2.36774544159463,50.7182598216833],[-2.36769384559722,50.7182185728344],[-2.3676422048256,50.718171409504],[-2.36762580993513,50.7181611087901],[-2.36761648791899,50.7181611382762],[-2.36760492691083,50.7181730067418],[-2.36744283186471,50.7183066261532],[-2.36747090352104,50.7183198477237],[-2.36762978336745,50.7183711090418],[-2.3679219094531,50.7184737130793],[-2.36797570867121,50.7184986849803],[-2.36798746517083,50.7185119580846],[-2.36799693784624,50.718531155756],[-2.36799465401426,50.7185370784761],[-2.36798766210104,50.7185371005825],[-2.36798063542821,50.7185326857512],[-2.36796887750071,50.7185194117552],[-2.36795945258688,50.7185061312711],[-2.36794306908811,50.7184973089908],[-2.36790566495288,50.7184826386504],[-2.36778882564912,50.7184430756765],[-2.36765323967349,50.718390261566],[-2.36756210482856,50.718359492099],[-2.36743361391334,50.7183199656187],[-2.36742898829752,50.7183244173163],[-2.36741738235811,50.7183303704054],[-2.36728538608432,50.7184387522152],[-2.3672646198703,50.7184654384831],[-2.36713989216955,50.7186092928454],[-2.36708669415087,50.7186612246426],[-2.36709143822889,50.7186715631304],[-2.36752891999331,50.7191856472705],[-2.36751965562062,50.7191930713885],[-2.36751066968541,50.7191830314049],[-2.36706909323832,50.7186666354767],[-2.36707493250266,50.7186572365894],[-2.36713945747197,50.7185913705627],[-2.36727421266532,50.7184333558409]]],[[[-2.36682445275987,50.7187618777846],[-2.36685126877886,50.7187606825279],[-2.36684750564628,50.7187729219878],[-2.36671670689601,50.718810013913],[-2.36488836528988,50.7192021283166],[-2.36487288647569,50.7191948396451],[-2.36487282951332,50.7191875052548],[-2.36525407343366,50.719106722818],[-2.36682445275987,50.7187618777846]]],[[[-2.36824631176309,50.7191941042999],[-2.36822168655846,50.7191759051422],[-2.36821147042349,50.7191585740658],[-2.36820942959694,50.7190818157369],[-2.36822044745196,50.7190178102231],[-2.36822035433882,50.7190059300604],[-2.36822319257731,50.7190004372392],[-2.36822753447819,50.7190031654227],[-2.3682319050312,50.7190095491097],[-2.3682252276778,50.7190762819129],[-2.36822424547022,50.719134772733],[-2.36822729002044,50.7191557820936],[-2.36824327437017,50.7191740094905],[-2.36825773931054,50.7191821876842],[-2.36826062053988,50.7191821785673],[-2.36827069201448,50.7191812330244],[-2.3682922368453,50.7191738545578],[-2.36834824334382,50.7191535719917],[-2.36841285914019,50.7191296065526],[-2.36843008924417,50.7191231544942],[-2.36844160415538,50.7191222052666],[-2.36844737810427,50.7191240143348],[-2.36844741393835,50.7191285834891],[-2.36827797247533,50.7191912630954],[-2.36825928021058,50.719194976939],[-2.36825351916684,50.7191949951682],[-2.36824631176309,50.7191941042999]]],[[[-2.368261150805,50.7188824289372],[-2.36826546261932,50.7188815007208],[-2.36826692471716,50.7188842380152],[-2.36826838539863,50.718886975314],[-2.36826409506911,50.7188906444839],[-2.3682541282686,50.718905297499],[-2.36823570830556,50.7189437381738],[-2.36819310152264,50.7190197240859],[-2.36818607177219,50.7190416789931],[-2.36812430722229,50.7192456668001],[-2.36812288950643,50.7192484132052],[-2.36811858198122,50.7192502550771],[-2.3681185676562,50.7192484268755],[-2.36811273641951,50.7192393067833],[-2.36817728196275,50.7190225151533],[-2.36824687218222,50.7188980092687],[-2.36825829249563,50.7188851790027],[-2.368261150805,50.7188824289372]]],[[[-2.36772497435064,50.7191497607727],[-2.36746998728244,50.7188393003222],[-2.36725521804066,50.7186002368926],[-2.36722364099089,50.7185658985365],[-2.36722776369711,50.7185592622737],[-2.36724024571071,50.7185539251442],[-2.36726945667259,50.7185525081934],[-2.36771216901291,50.7185802479182],[-2.36781659029985,50.7185878653862],[-2.36785001580976,50.7185917335415],[-2.36786046307483,50.7185930242236],[-2.36796675309201,50.7185728198463],[-2.36797508270926,50.7185701441797],[-2.36797712774607,50.7185648400147],[-2.36797292073086,50.7185608793923],[-2.36763441333239,50.7185129422775],[-2.36745064766535,50.7185016024844],[-2.36741306708445,50.7185003966449],[-2.36739843644117,50.7184977944997],[-2.36739631742313,50.7184938272562],[-2.36741298422704,50.7184898015267],[-2.36759882882719,50.718499809257],[-2.36760717634839,50.7184997828548],[-2.36760712453339,50.7184931606811],[-2.36760215208059,50.7183911866546],[-2.36760206917383,50.7183805906371],[-2.36760622290343,50.7183779282045],[-2.36761460291321,50.7183818756411],[-2.36763413349387,50.7184771803818],[-2.3676363458112,50.718493068253],[-2.36764059142037,50.7185023273548],[-2.36803134256025,50.7185580453177],[-2.3680438659663,50.7185580057174],[-2.36805009583734,50.7185540129746],[-2.3680500335829,50.7185460661867],[-2.36803295181299,50.718497111846],[-2.36802662857608,50.7184891848551],[-2.36801824852308,50.7184852374103],[-2.3675952796716,50.7183130604901],[-2.3675826941399,50.7183051533103],[-2.36757637993691,50.7182985500432],[-2.3675847184752,50.7182971990234],[-2.3680202209165,50.7184706609518],[-2.36803697063544,50.7184772303269],[-2.3680474905118,50.7184877942409],[-2.36806444634919,50.7185208532093],[-2.3680772602991,50.7185579001145],[-2.36808354204955,50.7185605295434],[-2.36831752469704,50.718587605132],[-2.3683342537298,50.7185915252339],[-2.36834051614537,50.7185915054153],[-2.36834673561001,50.7185861880428],[-2.36835080623333,50.7185729295875],[-2.36837960171967,50.7185185324141],[-2.36838161554665,50.7185092544093],[-2.36838992292868,50.7185039295271],[-2.36840037915331,50.7185065457259],[-2.36835316276302,50.7186073602586],[-2.3683225728279,50.7186988505282],[-2.3682525528156,50.7188196050957],[-2.36824853405643,50.7188394866197],[-2.36824234569435,50.7188487778307],[-2.36824239759978,50.7188554000031],[-2.3682528331296,50.7188553669849],[-2.36827357063584,50.7188380827536],[-2.36827770359553,50.7188327710872],[-2.36827972783962,50.7188248176982],[-2.36828789889792,50.718802274639],[-2.36831885227946,50.7187394191678],[-2.36837221706528,50.7186240158677],[-2.36844810273171,50.7184529087727],[-2.3685342999952,50.7182658759166],[-2.36859992579343,50.7181173193204],[-2.36871721109652,50.7178682810949],[-2.3687972790665,50.717698485195],[-2.368834098515,50.7176030020334],[-2.3688380871468,50.7175791475447],[-2.36885830392839,50.717495637008],[-2.3689349633854,50.7171576361022],[-2.36894512668971,50.7171231658044],[-2.36894713277586,50.717112563181],[-2.36895757690014,50.7171138547255],[-2.36895553204058,50.7171191588895],[-2.36886437801734,50.7175667314391],[-2.36882714009629,50.7176718706615],[-2.36873601737636,50.7178696010249],[-2.36863507835941,50.7180795621171],[-2.36861880272256,50.7181142712155],[-2.36861401774047,50.7181373908054],[-2.36861410013501,50.7181478923974],[-2.36862415341694,50.7181636142381],[-2.3686242358209,50.7181741167293],[-2.3686245818983,50.7182182246743],[-2.36862655773153,50.718259176362],[-2.36862994226909,50.7182686180299],[-2.36862831933169,50.7182728237311],[-2.36862181455237,50.7182704738161],[-2.36861701683471,50.7182600159347],[-2.36860964045459,50.7182211407128],[-2.36861404797652,50.7181822281721],[-2.3686068256151,50.7181628013033],[-2.36860443192509,50.7181583205511],[-2.36859738280832,50.7181613356954],[-2.36859283159256,50.7181822953603],[-2.36845364544384,50.7184714830498],[-2.36835636585977,50.7186932138769],[-2.36830530927095,50.7187966053075],[-2.3683054265575,50.718811566345],[-2.36831717966983,50.7188070408191],[-2.36833822039691,50.7187845325688],[-2.36835457180365,50.7187650319775],[-2.36853313126013,50.7183859530812],[-2.36854474341893,50.7183634755497],[-2.36854940029117,50.7183559796504],[-2.3686715327426,50.7182972454431],[-2.36873957165873,50.7182551394124],[-2.3687607425184,50.7182490875983],[-2.3687654815476,50.7182520645058],[-2.3687655167765,50.7182565527264],[-2.36869979972631,50.7182941630847],[-2.36856127063181,50.7183664151391],[-2.36855659028313,50.718370918292],[-2.36849864959848,50.7184982696703],[-2.36838958331461,50.7187200378388],[-2.36836878756395,50.7187739636503],[-2.36834540007253,50.7187979748443],[-2.36832664606183,50.718811499194],[-2.36830553211336,50.7188250310089],[-2.36828681326371,50.7188430435739],[-2.36827982265157,50.7188535378711],[-2.36828221634646,50.7188580186294],[-2.3683294605938,50.7188698386104],[-2.36834598655656,50.718872778231],[-2.36836718121363,50.7188697192288],[-2.36838127828067,50.718863689867],[-2.36840463200804,50.7188351904403],[-2.3684490263731,50.7187841818409],[-2.36853547837584,50.7186851657148],[-2.36855890233875,50.7186656427018],[-2.36857299042,50.7186581178354],[-2.36868578638461,50.7186113808546],[-2.36873749805631,50.7185917672983],[-2.36877266315652,50.7185662232035],[-2.36884057276302,50.7184859563567],[-2.36885685337187,50.7184574783609],[-2.36887315462559,50.7184319931185],[-2.36893402835499,50.7183779410974],[-2.36900445946438,50.7183403147647],[-2.36905862462593,50.7183326627788],[-2.36909860784908,50.7183205674097],[-2.36912437527946,50.7182995395485],[-2.36913140088275,50.7182935334252],[-2.36913136561854,50.7182890452055],[-2.36911706757871,50.7182696408123],[-2.36910507961162,50.718244246148],[-2.36908579714787,50.7181904473129],[-2.36905429177565,50.718081331735],[-2.36903750751861,50.7180454791944],[-2.3690206866108,50.7180051375355],[-2.36896812976123,50.7179170348126],[-2.36894872868719,50.7178482749152],[-2.36896497638924,50.7177561204265],[-2.36897188301177,50.7177351523838],[-2.36898356529647,50.7177216512552],[-2.36901407144508,50.7177036012211],[-2.36904698303195,50.7176915282959],[-2.36906104439809,50.7176810106397],[-2.36906573638365,50.7176780038418],[-2.36909122140569,50.7176210711291],[-2.36913025474365,50.7174877947015],[-2.36915788501286,50.7174039251797],[-2.36920449314133,50.71733495687],[-2.36921840294313,50.7173049908375],[-2.36922068942369,50.7172960078202],[-2.36921828536962,50.7172900298033],[-2.36919935587746,50.7172811140759],[-2.36918277022569,50.7172706936021],[-2.36917329231507,50.7172647398166],[-2.3691705473666,50.7172153768793],[-2.36917008890652,50.7171570309863],[-2.36917000661535,50.7171465581853],[-2.36918653343511,50.7171494976916],[-2.36918913732328,50.7171809077198],[-2.36918729757907,50.7172467420712],[-2.36920157181411,50.7172631537188],[-2.36924215503574,50.7172801213088],[-2.36925167999335,50.7172920596818],[-2.36925173878193,50.7172995397492],[-2.3692471644292,50.7173175075877],[-2.36923786286,50.7173339940099],[-2.36919121952017,50.7173984750109],[-2.36915876804185,50.7174688939333],[-2.36913605020376,50.7175781814595],[-2.36909908284659,50.7176740491691],[-2.36908506849842,50.7176905505239],[-2.36907806648997,50.7176995493896],[-2.36904747810391,50.7177071266258],[-2.36902398431994,50.7177176732846],[-2.36900758940203,50.7177311911552],[-2.36899351341622,50.7177402115419],[-2.36897745779321,50.7177971143458],[-2.36897309619346,50.7178420114938],[-2.368977869027,50.7178494766185],[-2.3690131861917,50.7178433808182],[-2.36910266223667,50.7178296312325],[-2.36922032543521,50.7178023289771],[-2.3692485582304,50.7177947591674],[-2.36926741597835,50.7177946993455],[-2.36926745124798,50.7177991866661],[-2.3692674747705,50.7178021794121],[-2.36914981301672,50.71782948171],[-2.36899209637853,50.7178599045933],[-2.36898266678283,50.7178599344849],[-2.36897798651855,50.7178644367538],[-2.36899493517127,50.7179212349345],[-2.36904740090332,50.717997370247],[-2.36905226777906,50.7180168036552],[-2.36906881699392,50.7180227359255],[-2.36910421371636,50.7180271120182],[-2.36917479982215,50.7180089348383],[-2.36938152796746,50.7179155204381],[-2.36961395586023,50.7177921030738],[-2.36966327245966,50.7177680084018],[-2.36971467952116,50.7177094977314],[-2.36984562593814,50.7175729372148],[-2.36991316659334,50.7174870675175],[-2.36993689688943,50.7174627033204],[-2.36994643989662,50.717459637007],[-2.36991345345104,50.7175235002336],[-2.36968098732696,50.7177732030674],[-2.3693427168453,50.7179534090681],[-2.36911376483098,50.7180421843244],[-2.36907548961694,50.7180423056939],[-2.36906695892616,50.7180557887455],[-2.36908609492205,50.7181050178841],[-2.36911449689596,50.718215594739],[-2.3691435678077,50.7182730127228],[-2.36916270618615,50.7182805195078],[-2.36917222114539,50.7182774614367],[-2.3692053941172,50.7182501150749],[-2.36929556439541,50.718192318846],[-2.36931932937069,50.7181816498662],[-2.36937413301947,50.7181754219778],[-2.3696172285898,50.7181549757265],[-2.36965536250781,50.7181518276334],[-2.36967444137377,50.7181517670408],[-2.36967923313778,50.718154778815],[-2.36967688489172,50.7181593267623],[-2.36944573724309,50.7181827613093],[-2.36936229218333,50.71818605313],[-2.36933850342671,50.7181936961],[-2.36931470417444,50.7181998247026],[-2.36923570154098,50.7182491025645],[-2.36920729440579,50.7182748996371],[-2.36919306182605,50.7182840176688],[-2.36917881734785,50.7182916222399],[-2.36916703860595,50.7183098044728],[-2.36914342879616,50.71833861151],[-2.36909345594732,50.7183508671705],[-2.3690148500875,50.718360188397],[-2.36896969689483,50.7183784764172],[-2.36890096360612,50.7184301064122],[-2.36889394986448,50.7184482735171],[-2.36889403297266,50.7184588578392],[-2.36889408047921,50.7184649080787],[-2.36891794693747,50.7184678549308],[-2.36894893879841,50.7184677566943],[-2.36901798231765,50.7184554424302],[-2.36908692933469,50.718431029451],[-2.36915837428648,50.718420218289],[-2.36924654754994,50.718415400808],[-2.36933237248109,50.7184151285041],[-2.36940388726499,50.7184133889578],[-2.36943962187677,50.7184102530425],[-2.36947061936361,50.7184101546502],[-2.3695112912559,50.718428170408],[-2.36952560707573,50.718429637556],[-2.36953282756019,50.7184386866178],[-2.36952570222452,50.718441734434],[-2.36950182524785,50.7184372733444],[-2.36948267632786,50.718428261248],[-2.36945642245781,50.7184238076942],[-2.36938255934341,50.7184300916181],[-2.36934204061814,50.7184317327981],[-2.3693301325651,50.7184332822826],[-2.36932541354809,50.7184393449478],[-2.36932543732936,50.7184423700669],[-2.36933026332139,50.7184499150419],[-2.36933505932233,50.7184529241186],[-2.36933990768276,50.7184634942167],[-2.36933999089232,50.7184740785363],[-2.36934482877423,50.7184831351708],[-2.36934491199204,50.7184937203897],[-2.36934493575341,50.7184967428109],[-2.36933299062292,50.718493758219],[-2.36932806952822,50.7184741163651],[-2.36931836573722,50.7184529770893],[-2.36930633739659,50.7184394054768],[-2.36929915260409,50.7184348913809],[-2.36927769246683,50.7184349594692],[-2.36919425006967,50.7184352241762],[-2.36911801141211,50.7184415154686],[-2.36903475196182,50.7184659738462],[-2.3690109281858,50.7184675601788],[-2.36900383136241,50.7184751447664],[-2.36900863921117,50.7184796646182],[-2.36905653282685,50.7185067323257],[-2.36908045730664,50.7185172410477],[-2.36910430005756,50.7185171654391],[-2.36913286184479,50.7185110253693],[-2.36918524119424,50.7185017863515],[-2.36922091504311,50.7184910886072],[-2.36923993321426,50.7184834679871],[-2.36925181184058,50.7184788934103],[-2.36925184749831,50.7184834301898],[-2.36924954812095,50.7184940229678],[-2.36913057911808,50.7185246423881],[-2.36912345373578,50.7185276892812],[-2.36911631079556,50.7185292227329],[-2.36918097990429,50.718566821769],[-2.36924797367974,50.7185968513049],[-2.36927193389462,50.7186118949663],[-2.36926481473805,50.7186164553449],[-2.36924572040371,50.7186134907284],[-2.36911410642035,50.71855191149],[-2.36900636974642,50.7184947941906],[-2.36898958680197,50.7184827502153],[-2.3689800019075,50.7184767302114],[-2.36896809808734,50.7184782805452],[-2.36895144012798,50.7184828711431],[-2.36892283224709,50.718482961824],[-2.3689037023793,50.718475462168],[-2.368877477076,50.7184755452861],[-2.36887515244525,50.7184831129432],[-2.36886343430318,50.7185088543463],[-2.36881623551389,50.7185710033305],[-2.36878992767617,50.718594504975],[-2.36897184283831,50.7186861671892],[-2.36901735829574,50.7187132406489],[-2.36902454310411,50.7187177547616],[-2.36902459060686,50.7187238023027],[-2.36901507552565,50.7187268576659],[-2.36890017751702,50.7186682494834],[-2.36878053270303,50.7186126796188],[-2.36877335980727,50.7186096780501],[-2.36876382098781,50.7186097082728],[-2.36875430732211,50.7186127627108],[-2.36870204502144,50.7186371235467],[-2.36861880393127,50.7186630914784],[-2.368602164814,50.7186691936666],[-2.3685974219653,50.7186722338824],[-2.36868605854673,50.7187263877693],[-2.36878423278626,50.7187805131625],[-2.36882976010222,50.7188090992552],[-2.36884169342074,50.7188105731362],[-2.36883937639317,50.718819653366],[-2.36876754616533,50.7187805660344],[-2.36865027620757,50.7187234786152],[-2.36862152012532,50.71870542212],[-2.36859757618821,50.7186918908683],[-2.36859036202528,50.7186843516261],[-2.36857841689457,50.718681366957],[-2.36856892072016,50.7186859321241],[-2.36853821959149,50.7187238334918],[-2.36849799707091,50.7187632748983],[-2.36849330305622,50.7187723626483],[-2.36849335049008,50.718778410191],[-2.36850533124687,50.7187859343472],[-2.36857001206675,50.7188250435856],[-2.36863226774277,50.7188596262716],[-2.36866337850914,50.7188746474102],[-2.36867295299186,50.7188791548744],[-2.36866586311241,50.7188867367232],[-2.36865870683039,50.7188867593914],[-2.36862523717887,50.7188747682202],[-2.36853421211353,50.7188206200568],[-2.36849828170612,50.7187995637513],[-2.36846484774696,50.718792110212],[-2.36845771661398,50.718795157084],[-2.36845539331584,50.7188027247297],[-2.36842245738068,50.7188587780216],[-2.36842252852143,50.7188678497854],[-2.36842257594626,50.7188738973282],[-2.36843456714756,50.7188829322574],[-2.36845617599154,50.7189025213244],[-2.36848490273174,50.718917551857],[-2.36852797056694,50.7189370729669],[-2.36855186099008,50.7189430468077],[-2.36856861884611,50.7189520666277],[-2.36856389967759,50.7189581292647],[-2.36855197960508,50.7189581670123],[-2.36850412140147,50.7189356358842],[-2.368439570916,50.7189131584786],[-2.36842035794669,50.718895074422],[-2.36841072562415,50.7188830077285],[-2.36839639644329,50.718880030588],[-2.36838928899209,50.7188860998787],[-2.36837263791223,50.7188906903755],[-2.36836789500486,50.7188937278847],[-2.36837766392379,50.7189239390271],[-2.36838016031579,50.7189375409078],[-2.36839219329434,50.7189526252003],[-2.36842334671322,50.718972184061],[-2.36844253457472,50.7189872430005],[-2.36845459838715,50.7190053514842],[-2.36845702983364,50.7190113914793],[-2.36844750279392,50.7190129342379],[-2.3684282897802,50.7189948501839],[-2.3683923118505,50.7189677445069],[-2.36836593922442,50.7189481705062],[-2.36835617508467,50.7189194719455],[-2.36833932244615,50.7188983561085],[-2.36833208317323,50.7188877935329],[-2.36829629646791,50.7188848824874],[-2.36826525692271,50.718878933013],[-2.36823426478581,50.7188790310736],[-2.36822477330978,50.7188851087968],[-2.36819164743094,50.718916968259],[-2.36813534204487,50.7190335795336],[-2.36808660168311,50.7192030915941],[-2.36807733520264,50.7192378980611],[-2.36807028072239,50.7192500175574],[-2.36806072992113,50.719248535165],[-2.36806044562228,50.7192122463066],[-2.36810929413963,50.7190563436967],[-2.36811397782969,50.7190457442949],[-2.36809967371506,50.7190457895371],[-2.36805199951609,50.7190474529104],[-2.36778757771237,50.7190755065427],[-2.36775184863102,50.7190801573926],[-2.36773987973814,50.7190741448714],[-2.36774460470402,50.7190680831272],[-2.36794233033133,50.7190477998679],[-2.36809242262951,50.7190337152852],[-2.36810911642506,50.7190336624856],[-2.36811863781424,50.7190321197722],[-2.36813021571847,50.7189882313031],[-2.36814671284405,50.7189639865481],[-2.36813474961736,50.7189579748974],[-2.36796537989212,50.7189464134119],[-2.36768644000113,50.7189472961892],[-2.36766019074552,50.7189443567295],[-2.36767681968307,50.7189367420352],[-2.36782698286831,50.718931730905],[-2.36813706253953,50.7189488946923],[-2.36814898402674,50.7189488569827],[-2.3681537136847,50.7189443069261],[-2.36820341438534,50.7188782356872],[-2.36821988772428,50.7188509658024],[-2.36825035834542,50.7187843357761],[-2.36829510300172,50.7187131245803],[-2.36833493442447,50.7186237822406],[-2.36834196504535,50.7186086403077],[-2.36833476846128,50.7186026135908],[-2.36808655045616,50.718568621691],[-2.36806428055222,50.7185707505822],[-2.36804052417851,50.7185708257054],[-2.36801001642419,50.7185752279494],[-2.3674578006402,50.7186996645539],[-2.36745182407483,50.7186949406185],[-2.36744761850861,50.7186909799728],[-2.36774139501293,50.7186238238471],[-2.36781848595589,50.718606360385],[-2.36782889033109,50.7186023535155],[-2.36782259821803,50.7185984003859],[-2.36735689424925,50.7185667598112],[-2.36734230641868,50.7185694543143],[-2.36734236856051,50.7185774020018],[-2.3674118978512,50.7186606287094],[-2.36748983852299,50.7187517748649],[-2.36750880058444,50.718774233012],[-2.36751507197802,50.7187755378286],[-2.36753171813966,50.7187688619541],[-2.3678461171308,50.7186698506139],[-2.36788151657163,50.7186591431907],[-2.36790026991814,50.7186551098879],[-2.36790447693572,50.7186590705129],[-2.36790451842008,50.7186643680717],[-2.36753389793274,50.7187807759873],[-2.36752141589253,50.718786113148],[-2.36752994102687,50.7188086033951],[-2.36754252810857,50.7188165114748],[-2.36755713672334,50.7188164652765],[-2.3679178598757,50.7187689648855],[-2.36811385944073,50.7187431783327],[-2.36814514661229,50.7187404300781],[-2.36815768044726,50.7187417150789],[-2.3681577219604,50.7187470126374],[-2.36811394246411,50.7187537743491],[-2.36754470790666,50.7188284255077],[-2.36753428130863,50.7188297822279],[-2.3673214340428,50.7185695202825],[-2.36731513162049,50.718564242511],[-2.36731095714578,50.7185642557039],[-2.36726292033033,50.7185604335663],[-2.36724834144111,50.718564453576],[-2.36724842426865,50.7185750495934],[-2.36744235418017,50.7187843864978],[-2.36748653790378,50.7188292803143],[-2.36750549857156,50.7188517375669],[-2.36753477188516,50.7188582682368],[-2.36766630658029,50.7188631508037],[-2.36795647847377,50.7188688548513],[-2.36797736277263,50.7188701133794],[-2.36798158772613,50.7188767223402],[-2.36797534601447,50.7188793913965],[-2.36789390527479,50.7188743515232],[-2.36754112618507,50.7188701690687],[-2.3675265250828,50.7188715398885],[-2.36752027440027,50.7188728843014],[-2.36753082391938,50.7188874202632],[-2.36785308120924,50.7192585978665],[-2.367882531135,50.7192876441955],[-2.36788887521591,50.7192982212926],[-2.36788683909371,50.7193048500742],[-2.36788057657506,50.7193048698965],[-2.36772497435064,50.7191497607727]]],[[[-2.36656815959957,50.7190427867838],[-2.36659129297127,50.7190427138197],[-2.36659518268532,50.7190475927632],[-2.36659522084393,50.7190524829559],[-2.36659140745292,50.719057385297],[-2.36493639725486,50.7194293914112],[-2.36492095636405,50.7194269956369],[-2.36490545847198,50.7194172609742],[-2.36656815959957,50.7190427867838]]],[[[-2.3648840377188,50.7195535995842],[-2.36479536621468,50.7192939207098],[-2.36465578954214,50.7189044233188],[-2.36447502493347,50.7183571854086],[-2.36431693251809,50.7179494146057],[-2.36425533578467,50.7177946338556],[-2.36411830051619,50.7174372637492],[-2.36402142035183,50.7171342842355],[-2.36395991601455,50.7169911659542],[-2.36395146736132,50.7169722507785],[-2.36388993887578,50.7168005370753],[-2.36389742898247,50.7167957384204],[-2.36391627519233,50.7168004546097],[-2.36392009278557,50.7168076036599],[-2.36397020408381,50.7169626407967],[-2.36399279401317,50.7169649576478],[-2.36587566283929,50.716703574648],[-2.36590578120483,50.7167058647296],[-2.365917137693,50.7167153793784],[-2.36590591136767,50.7167225784269],[-2.36560143394634,50.7167569630705],[-2.36398541912351,50.7169840824529],[-2.36402759670926,50.7170866162887],[-2.36404266523074,50.7170889566893],[-2.3640577138372,50.7170889095494],[-2.36624903029766,50.716819388382],[-2.36627073644625,50.7168204422832],[-2.36627081483524,50.7168304978385],[-2.36626557203266,50.7168355422626],[-2.36619433251137,50.716844147188],[-2.36404922993384,50.7171073166059],[-2.36404397246418,50.7171106856082],[-2.36404403739659,50.717119065839],[-2.36408199721391,50.7172463225244],[-2.36409284987366,50.7172831619205],[-2.36410078238847,50.7172848124372],[-2.36413242556407,50.7172780100241],[-2.36419548393271,50.7172359111317],[-2.36424817302492,50.7172189869284],[-2.36432732425426,50.7172086830238],[-2.36543017896906,50.7170677863975],[-2.36609504679045,50.7169818922796],[-2.36644168371407,50.7169355775081],[-2.36657903923595,50.716938495077],[-2.36677457396446,50.7169512864928],[-2.36696504790605,50.7169925864985],[-2.36720605713845,50.7170789776427],[-2.36731727675391,50.7171171749222],[-2.36742565079024,50.7171285653202],[-2.36757087399392,50.7171247535785],[-2.36802599878014,50.7171252073618],[-2.36803395906995,50.7171302100965],[-2.36802871926466,50.7171352545628],[-2.36800761743592,50.7171386738067],[-2.36762466353476,50.7171382103072],[-2.36740283419077,50.7171405871473],[-2.3673235396287,50.7171324573571],[-2.36714093617445,50.7170844298066],[-2.3669237884214,50.7170096943654],[-2.36674918523367,50.7169716967443],[-2.36653782771507,50.7169623077233],[-2.36630556862332,50.7169814771378],[-2.36598633813519,50.7170243832434],[-2.36480239796648,50.7171709299976],[-2.36427995552884,50.7172329035675],[-2.36422460015048,50.7172464863081],[-2.36412987689679,50.7172920369683],[-2.3641088136215,50.7173004807035],[-2.3641062628191,50.7173122225698],[-2.36413350579628,50.7174194012673],[-2.3641388499772,50.7174277649624],[-2.36414942850826,50.7174294071852],[-2.36419692528743,50.7174242304476],[-2.36524970075808,50.7172952262442],[-2.36637373227563,50.7171609591509],[-2.36648838218294,50.7171504870095],[-2.36652277864301,50.7171587589723],[-2.36663118614011,50.7171751761054],[-2.36663123844683,50.7171818792087],[-2.36662596066044,50.7171818958582],[-2.36656252393342,50.7171753926902],[-2.36648319023734,50.7171622345511],[-2.36642775715392,50.7171657618728],[-2.36619822449676,50.7171966527461],[-2.36526153017987,50.7173085425549],[-2.36417032525093,50.7174380323996],[-2.36415453242313,50.7174447851583],[-2.36418431200331,50.7175385493492],[-2.36421403689364,50.7176256086319],[-2.36422990772785,50.7176289114289],[-2.36435130333519,50.7176167979346],[-2.3657338520486,50.7174415003096],[-2.36606104575574,50.7174035994906],[-2.36699621105426,50.7172796630335],[-2.36700943281964,50.7172812993481],[-2.36699894443908,50.7172913882795],[-2.36695936905668,50.7172965411491],[-2.36625760378459,50.7173926123554],[-2.36538951626056,50.7174975818982],[-2.36458745158168,50.7176023369604],[-2.36423787257312,50.7176423982277],[-2.36422997894943,50.7176457728044],[-2.36423267268865,50.7176524703323],[-2.36428413547257,50.7178182334585],[-2.36430535488288,50.7178298999195],[-2.3643291250861,50.7178298254058],[-2.36596458389436,50.7175732827889],[-2.36737453869685,50.7173557100784],[-2.36806347644556,50.7172528331891],[-2.36808988803754,50.7172527496775],[-2.36808728570116,50.7172577858117],[-2.36807675072631,50.7172611716597],[-2.36796066686082,50.7172766234004],[-2.36698997865947,50.7174322105285],[-2.36569479738565,50.7176340648821],[-2.3650537808929,50.7177316130097],[-2.36431118962328,50.7178452522128],[-2.36430859983574,50.7178519636031],[-2.36438137363099,50.7180411267254],[-2.36438929895629,50.718041101877],[-2.36448951504715,50.7180223504755],[-2.36598753602589,50.7177511557091],[-2.36649131086288,50.717665768279],[-2.36790887978225,50.7174045974124],[-2.36798014892311,50.7173993438758],[-2.36798546752827,50.7174043549415],[-2.36797494420226,50.7174094161661],[-2.36791686921124,50.7174129534623],[-2.36777709349911,50.7174385353889],[-2.36673542525014,50.7176362462755],[-2.36554330146144,50.7178461523122],[-2.36438938111906,50.7180529739828],[-2.36438679134536,50.7180596871731],[-2.36445961042879,50.7182538753059],[-2.36447807128519,50.718250467575],[-2.36472071674004,50.7182078050677],[-2.36638477549209,50.717890832004],[-2.36803069229445,50.7175788226386],[-2.36807818017354,50.7175734575316],[-2.36807823238439,50.7175801219714],[-2.36806775668756,50.7175834896466],[-2.36793926125612,50.7176055581009],[-2.36714219725334,50.7177597207643],[-2.36589677011997,50.718000277356],[-2.36446891187641,50.7182603218894],[-2.36446895067077,50.7182653226926],[-2.36452558357814,50.7184567800496],[-2.36453611288726,50.7184600797749],[-2.36454397577553,50.7184583887367],[-2.36664926853938,50.7180318340851],[-2.36778593243469,50.7178011523988],[-2.3678382779063,50.7177793220524],[-2.36789841054327,50.7177458050978],[-2.36790105118407,50.717747463115],[-2.36789325377652,50.7177574860537],[-2.36787496187795,50.7177692094856],[-2.36779383422118,50.717804459246],[-2.36773619721232,50.7178213071871],[-2.36698121014593,50.7179836665659],[-2.3656571585159,50.7182444644072],[-2.36453388703426,50.7184738961793],[-2.36460631237122,50.7186703021843],[-2.36461420115635,50.7186719438109],[-2.36462994417974,50.718670228045],[-2.36699733885412,50.7181795231616],[-2.36752485818708,50.7180641478662],[-2.36753537458184,50.7180657809862],[-2.36753017291124,50.7180724620399],[-2.36751708246707,50.718077503462],[-2.36671492857028,50.7182533412367],[-2.36492171696946,50.7186289253853],[-2.36461679802739,50.7186871353812],[-2.36461687562783,50.7186971342891],[-2.36467881973167,50.7188969058763],[-2.36468671282095,50.7188985492832],[-2.3647103202753,50.7188951406554],[-2.36687316511072,50.7184384066811],[-2.36712789042785,50.7183789806156],[-2.36713054409848,50.7183823049847],[-2.36713059619045,50.7183889712225],[-2.36711489099279,50.7183956854354],[-2.36469778922373,50.7189115451679],[-2.36469255250754,50.7189132279755],[-2.36469261718968,50.7189215605483],[-2.36475177031837,50.7190996788702],[-2.36475969800715,50.7191063212894],[-2.36477020160262,50.719106288324],[-2.3668570378371,50.7186664560908],[-2.36686495838239,50.7186714293172],[-2.36685712892581,50.7186781213321],[-2.36685189372291,50.7186798033331],[-2.36475720537087,50.7191229919655],[-2.36475987911827,50.7191296481758],[-2.36482699216991,50.7193088188167],[-2.36484012207485,50.7193087776012],[-2.36487424631932,50.7193070041009],[-2.36664903969338,50.7189231488508],[-2.3666805229087,50.7189197149778],[-2.3666805619323,50.7189247148807],[-2.36667534704018,50.7189297295606],[-2.36665176572207,50.7189364712554],[-2.36484550544029,50.7193254262526],[-2.3648324531578,50.7193354636777],[-2.36483774169137,50.7193404480007],[-2.36490495733553,50.7195418683804],[-2.36492599062198,50.7195451368901],[-2.36508585868242,50.7195046418171],[-2.3663704090425,50.719223975988],[-2.36638092425493,50.719225611015],[-2.3663757222924,50.7192322920156],[-2.36636527207915,50.7192389922576],[-2.36493134248457,50.7195584519865],[-2.36491034944445,50.719560183376],[-2.3648840377188,50.7195535995842]]],[[[-2.36964403017964,50.7194450189418],[-2.36963217257273,50.7194407688143],[-2.36959500677997,50.7194408868514],[-2.36951387612828,50.7194357838419],[-2.36948007894252,50.7194348191992],[-2.36946991128644,50.7194305636895],[-2.36946816233433,50.7194230647108],[-2.36948167613291,50.7194230218076],[-2.3695205641542,50.7194271861281],[-2.36958818240708,50.7194323320459],[-2.36963041657668,50.7194321979135],[-2.36964734958317,50.719437503868],[-2.36987491845978,50.7195890099262],[-2.36990548924394,50.7196092815555],[-2.36990386683382,50.7196178631893],[-2.36989542415701,50.7196189619714],[-2.36969502192066,50.719484522617],[-2.36964403017964,50.7194450189418]]],[[[-2.36938103344752,50.7195144658121],[-2.36937425967162,50.7195123425177],[-2.36934723343883,50.7195124282942],[-2.36932185776852,50.7195082210365],[-2.36928124604998,50.719499773431],[-2.36923213836165,50.7194849201825],[-2.36922028778993,50.7194817419377],[-2.36921517026355,50.7194753255892],[-2.36921515341469,50.7194731817476],[-2.36922530562414,50.7194752934337],[-2.36926591731127,50.7194837410593],[-2.36932959866294,50.7195021847519],[-2.3693777525686,50.7195050867934],[-2.36939462493269,50.7195080854124],[-2.36977488977408,50.7198168962625],[-2.36979062621502,50.7198261988185],[-2.36978390442454,50.7198305079665],[-2.3697737521125,50.7198283963313],[-2.36939803112956,50.7195272761287],[-2.36938103344752,50.7195144658121]]],[[[-2.36898025862019,50.7195257543156],[-2.36898623781294,50.7195242875093],[-2.36902832981253,50.7195386846893],[-2.36910496048544,50.7195771900553],[-2.3691777137661,50.7196084423466],[-2.3692121939955,50.719625285378],[-2.3692429275276,50.719650616945],[-2.36964061303512,50.7200048812427],[-2.36964889173814,50.7200203801949],[-2.36964623981041,50.7200290136572],[-2.36923011870281,50.7196560137251],[-2.36919185980377,50.7196302599834],[-2.3691536780237,50.7196148558526],[-2.3691209279132,50.7195977087531],[-2.36900629788774,50.719539423618],[-2.36899162248173,50.7195358622188],[-2.36898690363545,50.7195334895792],[-2.36898027268959,50.7195275456465],[-2.36898025862019,50.7195257543156]]],[[[-2.36847712734733,50.7193082259371],[-2.36848524317769,50.719303024855],[-2.36850429717091,50.7193064150811],[-2.36929393477777,50.7201664071168],[-2.36929943934233,50.7201750137881],[-2.36928860365634,50.7201802244579],[-2.36927226905117,50.7201768257386],[-2.3684744388939,50.7193116832076],[-2.36847712734733,50.7193082259371]]],[[[-2.3682739985256,50.719999875991],[-2.36827598076833,50.7199990270877],[-2.36828254139034,50.7200008822337],[-2.36840959064985,50.7200491952523],[-2.36843279301462,50.7200710454634],[-2.36859185568715,50.7202861084414],[-2.36859195124176,50.7202982871544],[-2.36858812614682,50.7202995169022],[-2.36858231861776,50.7202934471385],[-2.36848534776787,50.7201646573958],[-2.36840389777671,50.7200577393964],[-2.36838271179298,50.7200480627123],[-2.36828645664711,50.7200106135965],[-2.36827803000133,50.7200061816095],[-2.3682739985256,50.719999875991]]],[[[-2.36547492306571,50.7197305271791],[-2.36549373487819,50.7197304680233],[-2.36550997464967,50.7197457650508],[-2.36573756133798,50.7203299422747],[-2.36573761442608,50.7203367613855],[-2.36571881566549,50.7203385282808],[-2.36570798708578,50.7203283311883],[-2.3654696121596,50.7197390700006],[-2.36547492306571,50.7197305271791]]],[[[-2.36523256094524,50.7196647860154],[-2.36523789838983,50.7196596523108],[-2.36525673670044,50.7196630049973],[-2.36530588568294,50.7197634589393],[-2.36535784001211,50.7198792503396],[-2.36556888024226,50.7204089130759],[-2.36556356927722,50.7204174559007],[-2.36555017431543,50.7204226149615],[-2.36553668645699,50.7204158354061],[-2.36533098402434,50.719881039803],[-2.36523256094524,50.7196647860154]]],[[[-2.36525104128785,50.7196220955349],[-2.3653878054046,50.7195858579256],[-2.36606117196668,50.7194422032706],[-2.36629723953369,50.7193903036826],[-2.36633476840122,50.7193782500878],[-2.36635880532729,50.7193594170329],[-2.36642300316113,50.7192880443276],[-2.36673412926355,50.7189561116782],[-2.36701838704946,50.7186449789489],[-2.36703045579288,50.718644940837],[-2.36704560439175,50.7186525522103],[-2.36704263067479,50.7186583071354],[-2.36701867127536,50.7186813622356],[-2.36702173617295,50.7186870971916],[-2.36705208902338,50.7187099834722],[-2.36758506952342,50.7193325972657],[-2.36758511446967,50.7193383417577],[-2.36757005545797,50.7193422203384],[-2.36755487516398,50.719330778178],[-2.36701583078475,50.7187043533406],[-2.36699467628271,50.7187005891856],[-2.36685706058767,50.7188542267855],[-2.36686919485944,50.7188618476962],[-2.36740145158335,50.7193925432574],[-2.3674015264659,50.7194021186097],[-2.36738950103443,50.7194079012564],[-2.36737429223013,50.7193926291071],[-2.36686033482555,50.7188867714763],[-2.36683909054496,50.7188715183078],[-2.36683008096373,50.7188772913786],[-2.36671043435847,50.7190136354812],[-2.36672867781253,50.7190308127198],[-2.36727937339174,50.7196035839521],[-2.36727642816894,50.7196131688476],[-2.36726435776065,50.7196132069894],[-2.36670150372274,50.7190289838818],[-2.36669247915828,50.71903284331],[-2.36668650451544,50.7190405213723],[-2.36659379075602,50.719148055405],[-2.36660293489577,50.7191595158302],[-2.36706557440702,50.7196636247751],[-2.36707115233163,50.7196912889545],[-2.36705908331954,50.7196913270705],[-2.36704385815578,50.7196741403525],[-2.36657822861848,50.7191738726077],[-2.36657225395316,50.7191815524625],[-2.36649133039299,50.719252663245],[-2.36650044040064,50.7192602937301],[-2.36686672699943,50.7197915167351],[-2.36686376671619,50.7197991852904],[-2.36685471210302,50.7197992138704],[-2.3667846160566,50.7197113447242],[-2.36647940519417,50.7192718493272],[-2.36647038623098,50.7192757087202],[-2.36638360145213,50.7193698200378],[-2.36638671112446,50.7193813004014],[-2.36670118003252,50.719847574512],[-2.366692175914,50.7198533475532],[-2.36666792611021,50.7198400202134],[-2.36636265576873,50.7193928654975],[-2.36635061670531,50.7193967344008],[-2.36625722966571,50.71941809448],[-2.36624217474661,50.7194219701778],[-2.36624223446794,50.7194296309997],[-2.3664936434923,50.7199363212807],[-2.36649371817728,50.7199458948341],[-2.36648466353547,50.7199459233853],[-2.36646638066921,50.7199230016014],[-2.36622114082076,50.7194335257235],[-2.36621510493071,50.7194335447422],[-2.36619099123043,50.7194374516742],[-2.36608254911241,50.7194626900003],[-2.36608563954915,50.719472255854],[-2.36632209656065,50.7199962283878],[-2.36631307175848,50.7200000850881],[-2.36630700736326,50.7199962759446],[-2.36612294151753,50.7196119349224],[-2.36606144051929,50.7194646701641],[-2.36604036035559,50.7194704811892],[-2.36586258052723,50.719505513249],[-2.36586264017285,50.7195131722724],[-2.36613853410216,50.7200638314035],[-2.36615377258168,50.7200829345722],[-2.36614476268449,50.7200887075887],[-2.36613261894327,50.7200791702569],[-2.36606840914487,50.719972130971],[-2.36583545091416,50.719509426903],[-2.36581130731387,50.7195095028959],[-2.36571794038703,50.7195327788541],[-2.36570589979686,50.7195366449973],[-2.36590881130905,50.7200166787129],[-2.36596103978352,50.7201352477736],[-2.36596417497584,50.7201505563226],[-2.36595819867709,50.7201582370482],[-2.36594309449978,50.7201563682285],[-2.36593380682783,50.7201257579312],[-2.3656909299954,50.7195520123197],[-2.3656878652031,50.7195462773297],[-2.36567882555367,50.7195482221479],[-2.36561252709731,50.7195599208887],[-2.36551010537725,50.7195832224651],[-2.36551015007025,50.7195889669575],[-2.36578651605276,50.7202009080907],[-2.36578054111412,50.7202085861048],[-2.36577148642098,50.7202086146006],[-2.36575929658322,50.7201933327429],[-2.36548911447963,50.7196005232743],[-2.3654799705177,50.7195890618635],[-2.36544982076475,50.7195929876224],[-2.36537753236838,50.719610449696],[-2.36537151276129,50.7196123831976],[-2.36537155745837,50.7196181303877],[-2.36562708111874,50.7202665206787],[-2.3656210912455,50.7202722841538],[-2.36560589762613,50.7202589254078],[-2.36535052323007,50.7196296857758],[-2.36534741380099,50.7196182062845],[-2.36533230981427,50.7196163364863],[-2.36529013570123,50.7196260446322],[-2.36524800623873,50.7196414981546],[-2.36522392636047,50.7196492330358],[-2.36521191124434,50.7196569318004],[-2.36520574484457,50.7196716913576],[-2.36538903846893,50.7204350569508],[-2.3653783425671,50.7204419125508],[-2.36537029269063,50.7204436429006],[-2.36535922543844,50.720402750335],[-2.36518145544856,50.7196581246247],[-2.3651867739993,50.7196512886353],[-2.36525104128785,50.7196220955349]]],[[[-2.36807936024771,50.7201112855251],[-2.36807934431033,50.7201092513925],[-2.36808625219785,50.7201096845805],[-2.36818194903065,50.720149275026],[-2.36820800734551,50.7201546962002],[-2.36822755937685,50.7201601361583],[-2.36823846079433,50.7201683570987],[-2.36843139786589,50.7204442513468],[-2.36843144100656,50.7204497521363],[-2.36842494548811,50.7204511495076],[-2.36840752034791,50.7204402001271],[-2.36822332032721,50.7201725318281],[-2.3682080936014,50.720165701378],[-2.36814510651583,50.7201507683938],[-2.3680928662485,50.7201234200237],[-2.36808261372575,50.7201173759843],[-2.36807936024771,50.7201112855251]]],[[[-2.36768793162585,50.7199045967931],[-2.36769442711082,50.7199032012375],[-2.36775965365926,50.7199277566887],[-2.36780526373541,50.7199386178163],[-2.36782482642078,50.7199454336415],[-2.36784224616335,50.7199550089574],[-2.36803965067791,50.7202487724286],[-2.36831149162827,50.7206344699919],[-2.36830939549485,50.7206441043715],[-2.3683050715669,50.7206454957623],[-2.36829632377704,50.7206358930079],[-2.36784028998697,50.7199825269793],[-2.36781621886993,50.7199537145205],[-2.36780319050027,50.7199510057352],[-2.36774238612573,50.7199374417686],[-2.367692353855,50.7199155900537],[-2.36768796393802,50.7199087253091],[-2.36768793162585,50.7199045967931]]],[[[-2.36762249836368,50.7201304101341],[-2.36763115980789,50.7201290077314],[-2.36770064736672,50.7201439192937],[-2.36772236387772,50.7201493542146],[-2.3677902529977,50.7202240858316],[-2.36794376679971,50.7204492063143],[-2.36818506750639,50.7208116155605],[-2.36818296622914,50.7208198749476],[-2.36817212936596,50.7208199092375],[-2.36802085476054,50.7206044118982],[-2.3679811733172,50.7205323410087],[-2.36773126220737,50.7201782146974],[-2.36771162406126,50.7201617686507],[-2.36768117585054,50.7201494845168],[-2.36763774654111,50.7201399923488],[-2.3676268990657,50.7201386516524],[-2.36762249836368,50.7201304101341]]],[[[-2.36754976361214,50.7202765959371],[-2.36748239878656,50.7202561739484],[-2.36746288981648,50.7202562356284],[-2.36745851065565,50.7202507458484],[-2.36746497900508,50.7202465985792],[-2.36747365123064,50.7202465711612],[-2.36756054654259,50.7202696832062],[-2.36758449927368,50.7202833647196],[-2.36762846346775,50.7203347637],[-2.36778639774301,50.720570875853],[-2.36801035895031,50.7209333370155],[-2.36803009449736,50.720962163226],[-2.36802800539536,50.7209718002769],[-2.36801932227178,50.7209704527342],[-2.36798417659254,50.7209114098295],[-2.36790065013544,50.7207913543996],[-2.36772065696258,50.7205071635738],[-2.36759562805291,50.7203204708972],[-2.36756287392688,50.7202903117412],[-2.36754976361214,50.7202765959371]]],[[[-2.36755799748774,50.7207490551693],[-2.3675579652001,50.7207449284524],[-2.36757222190594,50.7207458168252],[-2.36766514386796,50.7207807964844],[-2.36768384432774,50.7208022940904],[-2.36789960006429,50.7211425986663],[-2.36789657186112,50.7211504473184],[-2.3678903955088,50.7211504668675],[-2.36786861088326,50.721128978157],[-2.36765601602712,50.7207984630347],[-2.36764357422513,50.7207867433384],[-2.36757327305047,50.7207613891177],[-2.36755804054731,50.7207545586575],[-2.36755799748774,50.7207490551693]]],[[[-2.36495895049594,50.7210610451928],[-2.36494909961514,50.7210129482006],[-2.3649395546421,50.7210049565503],[-2.36491738643708,50.7209990108366],[-2.36442488099342,50.7210627209452],[-2.36438698850593,50.7210668505577],[-2.36437746342149,50.7210608642043],[-2.36438375315443,50.7210568345751],[-2.36490150649345,50.7209890345668],[-2.3649204236394,50.7209829571608],[-2.36493298598132,50.720972890693],[-2.36491986286887,50.7209107670353],[-2.36491652968686,50.7208887171446],[-2.36492277120102,50.7208786714219],[-2.36493534909981,50.7208706112092],[-2.36500629444019,50.7210528758024],[-2.36501580260458,50.7210568567527],[-2.3651765686685,50.7210042121248],[-2.36540350872017,50.7209272943908],[-2.36570277259547,50.7208040261518],[-2.36627615894654,50.7205756152244],[-2.36635178072701,50.7205473003145],[-2.36637387071593,50.7205432207734],[-2.36636767648792,50.7205592844417],[-2.36532173079541,50.7209776856873],[-2.3650285561682,50.7210708527367],[-2.36486766369702,50.7211074552142],[-2.36451412947902,50.7211607059246],[-2.36446678675623,50.7211688751105],[-2.36445089127876,50.7211568916248],[-2.36467498561647,50.7211200941403],[-2.36481073366277,50.7211016185997],[-2.36492120251328,50.7210832240702],[-2.36494956698034,50.7210731088857],[-2.364959012813,50.7210690666175],[-2.36495895049594,50.7210610451928]]],[[[-2.3655917840805,50.7211139433311],[-2.36561036918831,50.7210657533489],[-2.36560093335291,50.7210718010438],[-2.3655756542586,50.7210718805565],[-2.36538339903852,50.7211386616661],[-2.36526986621279,50.7211690995924],[-2.36506479702599,50.7212138618853],[-2.36501437465303,50.7212320670923],[-2.36489151440919,50.7212825870906],[-2.36481269614202,50.7213068993656],[-2.36468008952458,50.7213233578457],[-2.36467061246863,50.7213233875803],[-2.36467056576734,50.721317371512],[-2.36467685409269,50.7213133418716],[-2.36469260956144,50.721307276222],[-2.36477787333701,50.7212989879389],[-2.36485043303726,50.7212827160542],[-2.36498907422382,50.7212301411394],[-2.36507413520372,50.7211957821107],[-2.36517194830517,50.7211754225893],[-2.36546839574264,50.721096280929],[-2.3655913158854,50.7210537817493],[-2.36570478578578,50.7210153229839],[-2.36617108773178,50.720833372898],[-2.36647985861432,50.7207140826125],[-2.36648933979523,50.7207140527173],[-2.36649255992676,50.7207220632862],[-2.36648314558451,50.7207301163913],[-2.36613657195896,50.7208655672179],[-2.36565766620246,50.7210515685249],[-2.36564832400008,50.7210696447631],[-2.36560777345447,50.7211379561001],[-2.3655731010169,50.7211500966906],[-2.36501845156735,50.7213503713858],[-2.36500266496389,50.7213524263673],[-2.36500573333607,50.7213403852009],[-2.36505612605694,50.7213181665837],[-2.36545952148534,50.7211745187335],[-2.3655792856682,50.721132029491],[-2.36558873147224,50.7211279889703],[-2.3655917840805,50.7211139433311]]],[[[-2.36371067426871,50.7212703825906],[-2.36377168609907,50.7212599901667],[-2.36378142508511,50.721272199849],[-2.36376217981749,50.7212783806142],[-2.36308767878126,50.7213723039182],[-2.3628210643427,50.7214057832235],[-2.36263164342782,50.7214430993546],[-2.36259632089466,50.7214493300863],[-2.3625801693647,50.7214391789891],[-2.36265076432934,50.7214205971502],[-2.36275031193576,50.7214039644874],[-2.36291090456775,50.7213810179195],[-2.36311003088503,50.7213518311207],[-2.36346341099357,50.7213119620222],[-2.36371067426871,50.7212703825906]]],[[[-2.36648582819352,50.720080147001],[-2.36645164744263,50.7200658419323],[-2.3664176929521,50.7200803618232],[-2.36636111520875,50.7201057597254],[-2.36621987204318,50.7201962790385],[-2.36605581128094,50.7202724590007],[-2.36597651842371,50.720297928252],[-2.36591976755752,50.7203017094701],[-2.36590833100176,50.7202909387677],[-2.36589753181407,50.7202839736302],[-2.3658886130409,50.7202712624362],[-2.36563721961182,50.7196511197448],[-2.36562530818788,50.7196178917631],[-2.3656252602544,50.7196117327105],[-2.36563881369086,50.7196067628901],[-2.3658725348818,50.7202010878854],[-2.36590604127362,50.7202650483674],[-2.36592165070552,50.7202748544891],[-2.36593914044473,50.7202772643647],[-2.36601841673737,50.7202351251449],[-2.36605904438834,50.7202165177879],[-2.36606289414866,50.7202128096016],[-2.36606284615682,50.7202066505498],[-2.36604910626388,50.7201869796975],[-2.36580198297558,50.7196173358408],[-2.3657920835321,50.7195927283849],[-2.36579392685415,50.7195804014786],[-2.36580361526213,50.7195779060457],[-2.36607233307205,50.7201782824011],[-2.36609968552827,50.7202003726163],[-2.36611526477992,50.7202064854438],[-2.36612497250941,50.7202064548643],[-2.36615594036464,50.7201940362055],[-2.36620088624329,50.7201725878425],[-2.36625885940475,50.720137910396],[-2.36627433298403,50.7201304695114],[-2.36627814996503,50.7201218333393],[-2.36625864808346,50.7201108048126],[-2.36623900075729,50.7200813000308],[-2.36611480192748,50.7198389850806],[-2.36597846237462,50.7195338724755],[-2.36597839519334,50.719525248543],[-2.36598027687443,50.7195178522929],[-2.36598610029362,50.7195178339555],[-2.36608680220846,50.7197343515306],[-2.36625252544255,50.7200726332696],[-2.36628584549565,50.720113184944],[-2.36630140551642,50.7201168319677],[-2.36631300052431,50.7201094024022],[-2.36641940207136,50.7200610182094],[-2.36643873099044,50.720049869986],[-2.36644063749808,50.7200449367924],[-2.36642501021899,50.7200326649563],[-2.36641717453489,50.7200240655156],[-2.36637574014212,50.7199391876166],[-2.36619601745328,50.7195479732671],[-2.36619399571806,50.7195381243714],[-2.36619591181993,50.7195344213732],[-2.3662056194105,50.7195343907868],[-2.36643455030187,50.7200116905304],[-2.36645408099216,50.7200264123007],[-2.36646575678679,50.720030071549],[-2.36648708827789,50.7200263082272],[-2.36662841675615,50.7199753505632],[-2.36664196057572,50.7199691486363],[-2.36664191249436,50.7199629877859],[-2.36663215674969,50.7199568593566],[-2.36661845911137,50.719943350338],[-2.36652610473423,50.7198019601509],[-2.36634315861555,50.7194957647062],[-2.36633922246787,50.7194883840898],[-2.36634112329031,50.7194834500159],[-2.36635083087019,50.7194834194174],[-2.36661429610544,50.7199076357723],[-2.36665733929549,50.7199493868945],[-2.36667484817506,50.719954259741],[-2.36669230078473,50.7199517415383],[-2.36683349978937,50.719883533945],[-2.36683541019555,50.7198798318536],[-2.36682370555793,50.7198724775708],[-2.3667728033664,50.7198184284058],[-2.36648228298232,50.7194103175782],[-2.36647439932668,50.7193955563902],[-2.36647823543965,50.7193893850903],[-2.36648405884261,50.719389366728],[-2.36677653367259,50.7197987052038],[-2.36682357088357,50.7198552297074],[-2.36684309201704,50.719868720322],[-2.36685087397103,50.7198711580026],[-2.36685864236506,50.7198711334828],[-2.36699592783607,50.7197992437792],[-2.36700947693106,50.719794273813],[-2.36700816703837,50.7197876223399],[-2.36699251082539,50.7197716546086],[-2.36657114026115,50.7192653945346],[-2.36656916793291,50.7192617046931],[-2.36656716959304,50.7192543179723],[-2.36657878895701,50.7192505870614],[-2.36699430573309,50.7197531695308],[-2.3670255906724,50.7197814054187],[-2.36702948450094,50.7197826269418],[-2.36719009209434,50.7197143576195],[-2.36719780807275,50.7197081740386],[-2.36719777918469,50.7197044780678],[-2.36714885054627,50.7196541179922],[-2.36670806434077,50.7191479197317],[-2.36670607703085,50.7191417667975],[-2.36670602895653,50.7191356077448],[-2.36671572684062,50.7191343442262],[-2.36719762510109,50.7196847644253],[-2.36721328135453,50.7197007321294],[-2.36721717516716,50.7197019518477],[-2.36724426248938,50.7196895478546],[-2.36731202856122,50.7196659235223],[-2.36742613862695,50.7196101237121],[-2.36743385311952,50.7196039374221],[-2.36743576913329,50.7196002353028],[-2.36741033780839,50.7195756761826],[-2.36681965748524,50.7190182072033],[-2.36681184539378,50.7190120726544],[-2.3668156964059,50.7190083635387],[-2.366821524011,50.7190083451461],[-2.3674238813953,50.7195694723657],[-2.3674473581891,50.7195928083393],[-2.3674590353692,50.719596467484],[-2.36746872369135,50.7195939719126],[-2.36756161247073,50.7195554846526],[-2.36760058759082,50.7195304107213],[-2.36760443319953,50.7195254704754],[-2.36760439464677,50.7195205434137],[-2.36699347835951,50.7188584193347],[-2.36698567730511,50.7188535158839],[-2.36699144289238,50.7188461046544],[-2.36700309097948,50.7188460678737],[-2.36761203198704,50.7195045020889],[-2.36762375737423,50.7195143229669],[-2.36763156284766,50.7195192254618],[-2.36772645952021,50.7194893567625],[-2.36776901970256,50.7194695106671],[-2.36778442671909,50.7194534447454],[-2.36779018261556,50.719444802386],[-2.36775294866099,50.7194005683547],[-2.36720784917715,50.7187135948947],[-2.36720194883246,50.7187037582688],[-2.3672019199451,50.7187000622974],[-2.36721161773285,50.7186987996367],[-2.36734116990012,50.7188378936763],[-2.36780397983705,50.7194290284277],[-2.36781373564522,50.7194351594572],[-2.36782149971672,50.7194351348866],[-2.36786214382317,50.7194189890843],[-2.3679472596459,50.7193792949932],[-2.36800732557636,50.7193643215578],[-2.36814287938164,50.7193195400898],[-2.36820477274354,50.7192897757886],[-2.36832852060127,50.719225320031],[-2.36846793566864,50.7191780619354],[-2.36877662648308,50.7190395538435],[-2.3690900308026,50.7188981109377],[-2.36947501305368,50.7187244074916],[-2.36970517601044,50.718614026821],[-2.36977335737422,50.7185835996558],[-2.36978493607429,50.7185749378296],[-2.36979829479336,50.718545326904],[-2.36988605523804,50.7183491586415],[-2.36994298126177,50.718181423888],[-2.37002496042207,50.7179254759653],[-2.37008017350808,50.7177873150799],[-2.37011630188708,50.7176911026399],[-2.37013316966179,50.717614664656],[-2.37017307501659,50.7175048879686],[-2.37018454660781,50.7174826760247],[-2.37019810861848,50.7174789359357],[-2.37020010603556,50.7174863226036],[-2.37015630300363,50.717593646754],[-2.37064620479355,50.7176654146547],[-2.37065788456688,50.7176690744232],[-2.37065406859812,50.7176777107133],[-2.37064633115638,50.7176814314103],[-2.37018761369888,50.7176114348583],[-2.37016427651734,50.7176065809917],[-2.37014873645805,50.7176053974881],[-2.37013001953249,50.7176941633536],[-2.37012627141232,50.7177114244527],[-2.37012826476688,50.7177175764166],[-2.37014189480191,50.7177224611568],[-2.37063179074581,50.7178071446361],[-2.37064152710597,50.7178108078956],[-2.37063962682145,50.7178157438245],[-2.37062409640684,50.7178157932743],[-2.3701458619302,50.7177335376224],[-2.37012450693833,50.7177336055264],[-2.37011869345677,50.7177348560314],[-2.37005390916651,50.7178902947442],[-2.37005205732955,50.7179013897119],[-2.3700520961457,50.7179063176691],[-2.37064661637335,50.7179635621523],[-2.3706447355156,50.7179709611597],[-2.37063309312867,50.7179722293518],[-2.37006969191686,50.7179222761916],[-2.37005416146573,50.7179223255663],[-2.3700503065555,50.7179260347812],[-2.36999136038774,50.7180826887213],[-2.36999143800769,50.7180925446355],[-2.36999536085452,50.7180974593472],[-2.37050001373497,50.7180835339096],[-2.37051362449052,50.7180859555243],[-2.37051367306497,50.7180921145698],[-2.37050595921792,50.718098298324],[-2.37001877993495,50.718113402063],[-2.36998966779707,50.7181147266247],[-2.36998190537235,50.7181147512986],[-2.36993639891366,50.7182528803929],[-2.36992492702326,50.7182750932152],[-2.36993076968738,50.7182775395856],[-2.36994435539468,50.7182774964063],[-2.37025862488472,50.7182469277473],[-2.37028580761248,50.7182468412751],[-2.37029749437427,50.7182517321756],[-2.37028782590722,50.718256691014],[-2.37027037415987,50.7182592114708],[-2.36992700203162,50.7182923349021],[-2.36991926301319,50.7182960555583],[-2.3699174596316,50.7183133104706],[-2.36981651526161,50.7185612654898],[-2.36981661224196,50.7185735853827],[-2.36991361526599,50.7185646529879],[-2.37007654735168,50.7185456556438],[-2.37027596293013,50.7184760274011],[-2.37046732682974,50.7183694656586],[-2.37062364321912,50.7182506941212],[-2.37068934093863,50.7181943218958],[-2.37077137893048,50.71807647196],[-2.37087232136114,50.7179006415248],[-2.37098952176345,50.7176826394093],[-2.37103325999046,50.7176175626727],[-2.37103855713892,50.7175877084288],[-2.37104094787119,50.7175403139123],[-2.37104086469692,50.7175297826568],[-2.37104912087635,50.717524491929],[-2.3710574143828,50.7175244654929],[-2.37105794111609,50.7175911556495],[-2.37104448907216,50.7176385872231],[-2.37085368114579,50.7179919665982],[-2.37070599209479,50.718201290479],[-2.37051086543592,50.7183581129947],[-2.37029335011594,50.7184816600615],[-2.37008097945575,50.7185560498721],[-2.36985440418135,50.718583095738],[-2.36982399833717,50.7185849477583],[-2.36981017173241,50.7185849916906],[-2.36980749915426,50.7185972862105],[-2.36980755441052,50.7186043058516],[-2.36981036513785,50.718609561334],[-2.36982976187402,50.7186147668133],[-2.36987123497716,50.7186128796216],[-2.36999556567299,50.7185966885157],[-2.37011992852821,50.718568408093],[-2.37024182396589,50.7185380166746],[-2.37038715949408,50.7184825504311],[-2.37057156390295,50.7183844567481],[-2.37072022482335,50.7182514701876],[-2.37074756882841,50.7182213811653],[-2.37084879658441,50.7180685454418],[-2.37094975155937,50.7178807085582],[-2.37108934921367,50.71759773901],[-2.37113227181027,50.7175450983462],[-2.37114401194125,50.7175350599728],[-2.37115191157951,50.7175375338972],[-2.37113879295441,50.7175674472555],[-2.37098257904496,50.717882249629],[-2.37079117168971,50.7182187341684],[-2.37060545145896,50.7183827849974],[-2.37040017464772,50.7185003265382],[-2.37032326722916,50.7185369617084],[-2.37026827425452,50.7185553318916],[-2.37025731144956,50.7185637633866],[-2.37029055820512,50.7185846523171],[-2.3703524684805,50.7186040498484],[-2.37044752492777,50.7186317393719],[-2.37047185184082,50.718640061259],[-2.3704740794122,50.7186428509434],[-2.37046936487729,50.7186465916856],[-2.37042528486589,50.7186347688015],[-2.3702866970231,50.718591344487],[-2.37022993696858,50.7185656049697],[-2.37020794416389,50.7185656749247],[-2.37005743475789,50.7186040368214],[-2.36991936543147,50.7186264083779],[-2.36987228360887,50.718632540049],[-2.36986288808241,50.7186365573348],[-2.37027568261756,50.7187887715917],[-2.37031356046342,50.7188105837322],[-2.37031678230962,50.7188205429495],[-2.37031054434564,50.7188265439384],[-2.36991648907823,50.718660314258],[-2.36988499081316,50.718650444893],[-2.3698409266402,50.7186406154493],[-2.36979052889985,50.7186248240694],[-2.36976845760003,50.7186149247205],[-2.36975901924349,50.7186129609912],[-2.36974960802017,50.7186149846035],[-2.36962126348399,50.7186752090869],[-2.36961505682716,50.7186851982688],[-2.37018613880191,50.7189884413096],[-2.37021452693017,50.7190023088075],[-2.37021457406349,50.7190082897991],[-2.37019574003569,50.7190103434215],[-2.369649897985,50.7187209744779],[-2.36960256505356,50.7186952047115],[-2.36958996774887,50.7186912572857],[-2.36942717085742,50.7187655469619],[-2.36941469897647,50.718777550634],[-2.36941787359058,50.7187815279868],[-2.3701375956494,50.7192079204123],[-2.37014078606271,50.719213891407],[-2.37014086461014,50.7192238606256],[-2.3701283299329,50.7192278861193],[-2.36943381657919,50.7188113857978],[-2.36940858632779,50.7187995026938],[-2.36938968963833,50.7187935806266],[-2.36920491335644,50.7188699316761],[-2.36919554764974,50.7188779371439],[-2.36997239678138,50.7193759293482],[-2.37001030212018,50.7194017289192],[-2.3700166501054,50.7194096817934],[-2.37000723873257,50.7194117054295],[-2.36986998643217,50.7193330442416],[-2.36938684301635,50.7190255323099],[-2.36918473983652,50.7188965722368],[-2.36916268420181,50.7188886664388],[-2.36904376087748,50.7189488595282],[-2.36896859406526,50.7189790062693],[-2.36895295882034,50.7189890253092],[-2.36894674198782,50.7189970207757],[-2.36954039691463,50.7193739691324],[-2.36955930954224,50.7193818848336],[-2.36955937228241,50.7193898603905],[-2.36954679188537,50.7193879057251],[-2.3690352465159,50.7190645291756],[-2.36894688290648,50.7190149646616],[-2.36891535187776,50.71900110771],[-2.36886217225965,50.7190311846878],[-2.36884338512617,50.7190392199883],[-2.36884027313141,50.7190432145827],[-2.36925457382484,50.7193868395445],[-2.36935894859068,50.7194742371583],[-2.36937784696233,50.7194801583202],[-2.36939360203767,50.7194860903555],[-2.36938424189922,50.7194940949223],[-2.36935908967053,50.7194921810388],[-2.36933070150363,50.7194783142339],[-2.36884044532098,50.7190651466993],[-2.36882778678259,50.7190532236272],[-2.36880888865391,50.7190473023705],[-2.36868366508819,50.7191055213565],[-2.36867742688241,50.7191115231623],[-2.36916486781902,50.7195665710285],[-2.36917123137071,50.7195765203137],[-2.36917127835689,50.7195824995094],[-2.36915871359714,50.719582539367],[-2.36867764593191,50.7191394362768],[-2.36866498599828,50.7191275131912],[-2.36864611914806,50.7191255792393],[-2.36851150366308,50.7191878152264],[-2.36850207521455,50.7191878450804],[-2.36938892938714,50.7200902428579],[-2.36939843074211,50.7201001821672],[-2.36939534009577,50.7201061740196],[-2.3693859428148,50.7201101912777],[-2.36849282020933,50.7192098070491],[-2.3684801603037,50.7191978839431],[-2.36846754307128,50.719191942745],[-2.36833911710101,50.7192421939545],[-2.36831718649932,50.719250239122],[-2.36831096384965,50.719258233676],[-2.36840589529252,50.7193436701512],[-2.36865637403006,50.7196319845175],[-2.36909073916914,50.7201290704897],[-2.36910343081344,50.7201449808481],[-2.36910035012397,50.7201529663761],[-2.36909092714696,50.7201529962639],[-2.36837450915039,50.7193477569322],[-2.36829538092991,50.719274234511],[-2.36828587572964,50.7192642951152],[-2.36823898057866,50.7192943519327],[-2.36820457900098,50.7193143988304],[-2.3681952755394,50.7193303797855],[-2.36819536929562,50.7193423426799],[-2.36879884516504,50.7201698738258],[-2.3688084929482,50.720197757051],[-2.36880857121321,50.7202077262748],[-2.36880545915906,50.720211723567],[-2.36863072807254,50.7199670332231],[-2.3683862458151,50.7196428093985],[-2.36818602461102,50.7193523417196],[-2.36817021861297,50.7193404285326],[-2.36814508213854,50.7193405080502],[-2.36801035461892,50.7193887869271],[-2.36800096302849,50.7193928040556],[-2.36831924984344,50.7199141864858],[-2.36837943381927,50.7199758038462],[-2.36843325168356,50.720027474552],[-2.36845855912713,50.720049327086],[-2.3685221484524,50.7201448294312],[-2.36853798610129,50.7201607307908],[-2.36853177901551,50.7201707199215],[-2.36846515716803,50.7200891840882],[-2.36844604115546,50.7200553487647],[-2.3683764326051,50.7199937585797],[-2.36831304274328,50.7199241756057],[-2.36817303111405,50.7196993126596],[-2.36804254164937,50.71948638259],[-2.36798525076474,50.7193928537443],[-2.36797578108364,50.7193869025795],[-2.36796009861963,50.7193909396601],[-2.36780677042151,50.7194711780889],[-2.36779434474487,50.7194891626468],[-2.36783610938119,50.7195602178966],[-2.36816461372387,50.7200651702775],[-2.36817027586997,50.7200740292068],[-2.3681675324204,50.7200811422388],[-2.36815632767771,50.7200794024992],[-2.36788741580698,50.7196807827535],[-2.36779098656559,50.7195142012809],[-2.36777411428583,50.719503602637],[-2.36776009667513,50.7195000939157],[-2.36761222271584,50.7195520493929],[-2.3675760320466,50.7195752440088],[-2.36774570376514,50.7198055124317],[-2.36775140749289,50.7198196967958],[-2.36775146308263,50.7198267982751],[-2.36774027230056,50.7198268336827],[-2.36757338574065,50.7195947812554],[-2.3675649246623,50.7195859311693],[-2.36755653303515,50.7195859577073],[-2.36741154920776,50.7196503319088],[-2.36740599831825,50.7196556750227],[-2.3676721083961,50.7200543013872],[-2.36767783028199,50.7200702617851],[-2.36767230291643,50.7200791561138],[-2.36740901532125,50.7196840721059],[-2.36738652275561,50.7196699398954],[-2.36726100019196,50.719718273891],[-2.36723873111893,50.7197325475656],[-2.36723038930287,50.7197396746782],[-2.36723044481371,50.7197467761577],[-2.36751350006385,50.7201648782094],[-2.36751920378685,50.7201790652818],[-2.3675164366844,50.7201826253084],[-2.3675052415676,50.7201826607068],[-2.36722492165075,50.7197556704522],[-2.36721371700965,50.7197539306643],[-2.36705189337109,50.7198112559614],[-2.36704352377486,50.7198148327704],[-2.36704078581183,50.7198219430714],[-2.3670577217296,50.7198414184633],[-2.36708266084487,50.7198631797391],[-2.36720145608795,50.7200279159329],[-2.36761246685971,50.7207083773109],[-2.36761811509396,50.7207154611005],[-2.3676041388256,50.720717280493],[-2.3675899978549,50.7206967837472],[-2.36707347842323,50.7198840190967],[-2.36702931702317,50.7198436916289],[-2.36700927320667,50.7198285794861],[-2.3669021555767,50.7198921464167],[-2.36688631523438,50.7199048421669],[-2.3669063802099,50.7199224830535],[-2.36693045256951,50.7199426409745],[-2.36774979348628,50.721252697376],[-2.36774989247819,50.7212653428079],[-2.36773793639058,50.7212653806354],[-2.36694278695064,50.7199954314367],[-2.3669185579476,50.7199550400981],[-2.36687047391197,50.7199223113233],[-2.36685044844944,50.7199097287845],[-2.36683851104862,50.7199122970504],[-2.36670312719086,50.7199743477823],[-2.36668728675301,50.7199870417067],[-2.36668734598658,50.7199946305866],[-2.3676110418085,50.7213979382542],[-2.36761512849949,50.7214105710737],[-2.36761518786477,50.7214181572536],[-2.3676032303215,50.7214181950717],[-2.36666747421186,50.720002281446],[-2.36664745018587,50.7199896988681],[-2.36650840968125,50.7200483076517],[-2.36648856183814,50.7200584880937],[-2.36650473775313,50.7200887861587],[-2.3666218039029,50.7202781067428],[-2.36681155417861,50.7205885959231],[-2.36709041241243,50.7210809067973],[-2.36736077692434,50.721504955733],[-2.36736896430885,50.7215327510327],[-2.36736103403216,50.7215378336753],[-2.36729259768352,50.7214440009399],[-2.36690021786283,50.7207958296812],[-2.36652031390437,50.7201340825901],[-2.36648582819352,50.720080147001]]],[[[-2.36546409484574,50.7213823506517],[-2.36548663620263,50.7213806907365],[-2.36548667329751,50.7213854586277],[-2.36517178472438,50.7214929821356],[-2.36498427362094,50.7215476316055],[-2.36455127974499,50.7216125914868],[-2.36453373929195,50.7216126465003],[-2.36453370229347,50.721607878609],[-2.36453866630081,50.7216015006012],[-2.36481147693897,50.7215608953704],[-2.36495915350735,50.7215397617067],[-2.36504919956497,50.7215188079724],[-2.36521664749063,50.7214626306061],[-2.36541410623041,50.7213984080743],[-2.36546409484574,50.7213823506517]]],[[[-2.36577270779416,50.7214338504407],[-2.36579272797992,50.7214306084648],[-2.36579776609251,50.7214337715809],[-2.36579278987995,50.7214385579476],[-2.36509051711792,50.7216760916922],[-2.36494044253781,50.7217115442662],[-2.36457997797703,50.7217587854113],[-2.36456244981498,50.7217604312249],[-2.36456237576993,50.7217508900469],[-2.36486775131303,50.7217085926076],[-2.36496785732295,50.7216923780632],[-2.36507290250772,50.7216666074076],[-2.3652303545687,50.7216136421908],[-2.36542780825674,50.7215494196557],[-2.36572022281626,50.7214515075846],[-2.36577270779416,50.7214338504407]]],[[[-2.36598879044818,50.7215094934404],[-2.36599877576543,50.7215046912925],[-2.36601135660083,50.7215110105191],[-2.36550150131178,50.7216811597776],[-2.36512661956848,50.7218079519125],[-2.36484144785645,50.7218708575682],[-2.36458859422217,50.7219002716146],[-2.36457104132993,50.7218987376364],[-2.36457097962862,50.7218907872545],[-2.36470116475055,50.7218760685265],[-2.36481631949625,50.7218613977291],[-2.36495893418092,50.7218339184183],[-2.3650915056923,50.7218032915077],[-2.36519648500659,50.7217695712721],[-2.36533645718837,50.7217246105108],[-2.36555889678531,50.7216507678069],[-2.36592379078914,50.7215287782181],[-2.36598879044818,50.7215094934404]]],[[[-2.36602270262867,50.7220022972193],[-2.36603021638404,50.7220022735579],[-2.36603775916635,50.7220054296755],[-2.36602030529226,50.7220166150864],[-2.36564791874595,50.7221418101933],[-2.36558286857279,50.7221547342935],[-2.36559027098471,50.7221404006938],[-2.36561530491176,50.7221371420808],[-2.3658202535278,50.7220697163458],[-2.36602270262867,50.7220022972193]]],[[[-2.36521527401692,50.7219301055959],[-2.36520522672037,50.7219269572947],[-2.36516766571887,50.7219302551774],[-2.36503755332111,50.7219545156079],[-2.3650125194506,50.721957774097],[-2.3650024968686,50.7219578055714],[-2.36500995309186,50.7219498315807],[-2.36518504559273,50.7219095287167],[-2.36532753515819,50.7218661517933],[-2.36565747560146,50.7217601713632],[-2.36578247896468,50.721723207731],[-2.36598747507666,50.7216621403826],[-2.36630487315219,50.7215546094612],[-2.36632488094009,50.721549775699],[-2.36632742270245,50.7215545383941],[-2.36632744749875,50.721557718187],[-2.36608756821332,50.7216443358791],[-2.36583261496635,50.7217262298128],[-2.36525773716832,50.7219124828753],[-2.36524525378899,50.7219188809455],[-2.36524277534791,50.7219220686043],[-2.36533588867892,50.7222954350405],[-2.36534857528046,50.7223160661206],[-2.36533862681255,50.7223256370019],[-2.36532359069743,50.7223256842617],[-2.36527716367695,50.7221556954136],[-2.36521786513081,50.7219412279007],[-2.36521527401692,50.7219301055959]]],[[[-2.36353699941551,50.7219411276789],[-2.36357588492301,50.7219224304274],[-2.36359540025975,50.7219223693806],[-2.36361818553714,50.7219243610596],[-2.36363109849928,50.7219119384125],[-2.36363749318211,50.7218974696012],[-2.36364374409039,50.7218644283152],[-2.36364340856584,50.7218210847478],[-2.36363357104065,50.721810796235],[-2.36360110803675,50.7218191532255],[-2.36351988872578,50.7218317913223],[-2.3629224662279,50.7219698792039],[-2.36292264163066,50.721992582892],[-2.36290790809187,50.7221907691451],[-2.36290470475795,50.7221969698211],[-2.36279458086816,50.722257169081],[-2.36278156771656,50.7222572096986],[-2.36278151988747,50.7222510164759],[-2.36279122981541,50.7222447954945],[-2.36280742895087,50.7222364894997],[-2.36289338230329,50.7221895698885],[-2.36289334871473,50.722185221953],[-2.36289328156542,50.722176529679],[-2.36289943843419,50.7220866818289],[-2.36289940486603,50.7220823365911],[-2.36289483767203,50.7220823508509],[-2.36256454148586,50.7221833505923],[-2.36255997569849,50.7221833648346],[-2.36255536376997,50.7221775842317],[-2.36255762500929,50.7221746796837],[-2.36256444084621,50.7221703112818],[-2.36288104795672,50.7220708012282],[-2.36288559276707,50.7220678895442],[-2.36288784280325,50.722063538076],[-2.36289009139461,50.722059183015],[-2.36290534905271,50.7219649614055],[-2.36291217602587,50.7219620425947],[-2.36292810377766,50.7219547482254],[-2.36361877312045,50.7218048083308],[-2.36362560144248,50.7218018894737],[-2.36362555658658,50.7217960946242],[-2.36362551173068,50.7217902997747],[-2.36363883048614,50.721740996196],[-2.36364108043003,50.7217366438136],[-2.36365021333347,50.7217366152397],[-2.36365704860178,50.7217351442071],[-2.36374380209515,50.7217334248946],[-2.36374831174257,50.7217261661448],[-2.36375512881324,50.7217217967691],[-2.36377445347863,50.7217016975299],[-2.36377801088997,50.7214982978911],[-2.36376767623542,50.7214885676024],[-2.36375744379591,50.7214918541379],[-2.36374209726232,50.7214967843825],[-2.36368589097593,50.7215229927592],[-2.3636169342364,50.7215590045313],[-2.36354797046811,50.7215933894782],[-2.36343044736416,50.7216490783038],[-2.36341506155962,50.7216491264117],[-2.36341503639683,50.721645873778],[-2.36342266847693,50.7216377131875],[-2.36352486589637,50.7215902072325],[-2.36367304409027,50.7215197802444],[-2.36375738080566,50.7214837194063],[-2.36377276513885,50.7214836712576],[-2.36379394677102,50.7214648341934],[-2.36380497132541,50.72140084526],[-2.36381027414885,50.7213423553746],[-2.36379012158301,50.7213424184528],[-2.36372971904412,50.721351744226],[-2.36358614722241,50.7214051837827],[-2.36321047972783,50.7216073592357],[-2.36285477829894,50.7217857183269],[-2.36276582500027,50.721826194013],[-2.36271122392863,50.7218409840851],[-2.36256752252645,50.7218779775619],[-2.3625273536983,50.721896376319],[-2.36248717774862,50.7219147741851],[-2.36246709117512,50.7219239726588],[-2.36245845263402,50.7219239995982],[-2.36246415621517,50.7219166733267],[-2.36247273836292,50.7219093380777],[-2.3625215232218,50.7218872577742],[-2.36255305493715,50.7218688868603],[-2.36257606658271,50.7218651594865],[-2.36257315557387,50.7218615156737],[-2.36256160743244,50.7218578961057],[-2.36251260267608,50.7218507404741],[-2.36246364865853,50.7218508931489],[-2.36243201398341,50.7218564729372],[-2.36242622583101,50.7218528371931],[-2.36243192939472,50.7218455091245],[-2.36245780410096,50.7218399472987],[-2.36252403374166,50.7218397407442],[-2.36257302863449,50.7218450690555],[-2.36259322940516,50.7218504889757],[-2.36261050504345,50.7218504350807],[-2.36266801577656,50.7218392915686],[-2.36279442299166,50.7218005237043],[-2.36293207602247,50.7217270037073],[-2.36293204778052,50.7217233482039],[-2.36292329635339,50.7217087585594],[-2.36282775065759,50.7216414468497],[-2.36278446787664,50.7216306178789],[-2.36260017543199,50.7216311929648],[-2.36259725456043,50.7216257191393],[-2.36260009080473,50.7216202291518],[-2.36264326912396,50.7216182670935],[-2.36281028738136,50.7216177458623],[-2.36283337789858,50.721624982268],[-2.3628623017795,50.7216413389874],[-2.36295212005181,50.7217123214482],[-2.36296649027528,50.7217086236792],[-2.36335085886517,50.7215137294088],[-2.36357451852557,50.7213906022872],[-2.36367215681308,50.7213555772429],[-2.36378998008327,50.7213241463306],[-2.3639397727847,50.7213309858777],[-2.36399161753398,50.7213326517741],[-2.36398306405209,50.7213436426392],[-2.36397442703573,50.7213436696866],[-2.36392832376856,50.721340158459],[-2.36384769792698,50.7213404108813],[-2.36383043096441,50.7213422922796],[-2.36383346942345,50.7213623835791],[-2.3638223316939,50.7214117531995],[-2.36383387982199,50.7214153726429],[-2.36386270342216,50.7214189371051],[-2.36405542105383,50.7213909252329],[-2.36425944570996,50.7213354656098],[-2.36427382846753,50.7213335949858],[-2.36427675375169,50.7213390669579],[-2.36427103634691,50.7213445651177],[-2.36422216787108,50.7213556823437],[-2.36409861326157,50.7213907899375],[-2.36405837463846,50.7214000518146],[-2.36385416545037,50.7214317534598],[-2.36383688430197,50.721431807557],[-2.36381961023654,50.7214318616294],[-2.36381390552983,50.7214391906703],[-2.36380286682066,50.7215013514027],[-2.36379485240297,50.7215817779297],[-2.36379235731782,50.7216311204935],[-2.36382115274325,50.7216310303619],[-2.3640108511332,50.7215847554539],[-2.36431798564574,50.7214577116496],[-2.36432381641667,50.7214668301055],[-2.36431523605566,50.721474165487],[-2.36422053319668,50.7215164885594],[-2.36400233584456,50.7216012291387],[-2.3639218369521,50.721617926431],[-2.36380113591364,50.7216493682786],[-2.36379838787438,50.7216729983889],[-2.36379257028409,50.7217050850869],[-2.36378254504879,50.7217153773022],[-2.36375229660538,50.7217435251544],[-2.36373868012024,50.7217435677677],[-2.36370236789716,50.721745122054],[-2.36365471833538,50.7217481524553],[-2.36365248237734,50.7217524814128],[-2.36364800761986,50.7217611384372],[-2.36363693789169,50.7217971858208],[-2.36364379358288,50.7218029269876],[-2.36365292841475,50.7218100998784],[-2.36365979526914,50.7218172825624],[-2.36366212043529,50.7218244767583],[-2.36365554353123,50.7218547492691],[-2.36365816837471,50.7219008374843],[-2.36366724889517,50.7219008090731],[-2.36368761386183,50.7218921023285],[-2.36385736104663,50.721825306378],[-2.36409501597964,50.7217338090551],[-2.36437557113409,50.7216119275228],[-2.3643846501814,50.7216118990601],[-2.36438243804869,50.7216191074667],[-2.36436888298536,50.7216277947846],[-2.36388917486414,50.7218295269442],[-2.36366053125197,50.7219123535238],[-2.36364889620993,50.7219311930677],[-2.36364895881344,50.7219392801379],[-2.36363897345966,50.7219668132989],[-2.36362219268488,50.7221043753973],[-2.36361968727558,50.7221183698077],[-2.36361327656181,50.7221307721116],[-2.3636035202668,50.7221308026324],[-2.36360342442718,50.7221184206836],[-2.3636029451674,50.7220565028456],[-2.36361512185957,50.7219491387393],[-2.36360205056386,50.7219409241985],[-2.36357929580901,50.721943060137],[-2.36355013600452,50.7219575974549],[-2.36346601803108,50.7220156512543],[-2.36275749011343,50.722509087185],[-2.36275100510648,50.7225111712822],[-2.3627444666147,50.7225070630735],[-2.36275412878828,50.7224946506716],[-2.36278646488624,50.7224697816559],[-2.36353699941551,50.7219411276789]]],[[[-2.36472125069007,50.722562397956],[-2.36470322690275,50.7225533429593],[-2.36426228063575,50.7226390174092],[-2.3642264140577,50.7226436864801],[-2.36421203733209,50.7226414536423],[-2.36421198434951,50.7226346201455],[-2.36466009248903,50.7225466437309],[-2.3646815779759,50.7225397408604],[-2.36469588821226,50.7225328631973],[-2.36469578208585,50.7225191935059],[-2.36466979543278,50.7224295066569],[-2.36465170096434,50.7224113385243],[-2.36463012710577,50.72240684953],[-2.36458345188272,50.7224069959439],[-2.36430375321599,50.7224511581919],[-2.36427865604086,50.7224557935251],[-2.36426788253553,50.7224558272893],[-2.36426423977994,50.7224490032438],[-2.36461206801462,50.7223932361566],[-2.36463720049272,50.7223931573156],[-2.36465152412318,50.7223885575033],[-2.36464010057934,50.7223042998016],[-2.36463279732485,50.7222883765987],[-2.36461834569681,50.722277029797],[-2.36460755879597,50.7222747848476],[-2.36427763139457,50.7223236612625],[-2.3642560533618,50.7223191722123],[-2.36425959012126,50.7223123283646],[-2.36459670118601,50.722263429467],[-2.36461093634627,50.7222474360014],[-2.36459243954714,50.7221768705065],[-2.36457786420819,50.7221495779733],[-2.36457422143858,50.7221427548364],[-2.36428014350289,50.7221846851483],[-2.36426220826751,50.7221870201446],[-2.36425140374171,50.7221824973298],[-2.36425135074032,50.7221756620339],[-2.3645382492054,50.7221337561102],[-2.36455975645605,50.7221291319799],[-2.36456690054705,50.7221245528973],[-2.36455174182214,50.7220220819976],[-2.36454083124117,50.7220038913153],[-2.36453718848136,50.7219970672778],[-2.3645228296147,50.7219971123107],[-2.36430762887061,50.7220251252718],[-2.36425741730816,50.7220321181028],[-2.36423584366119,50.7220276290354],[-2.36423579066235,50.7220207937393],[-2.36449401926079,50.7219858132219],[-2.36451553987349,50.7219834669456],[-2.36452627791189,50.7219788765942],[-2.36450020879302,50.7218582150002],[-2.36449653069519,50.7218468343969],[-2.36448568663522,50.7218377568511],[-2.36447491752169,50.7218377906212],[-2.36419512956854,50.7218705607678],[-2.3641700030352,50.721870639496],[-2.36416635469406,50.7218638181624],[-2.36445687637414,50.7218264559544],[-2.36448200854952,50.7218263771465],[-2.36449276422933,50.7218240646306],[-2.36447399839075,50.7217193262408],[-2.36446315862148,50.7217102495787],[-2.36421235818756,50.7217771016867],[-2.36419081573778,50.7217771691887],[-2.3641799936545,50.7217703685344],[-2.36444508216878,50.7216943574461],[-2.36445939218307,50.7216874798108],[-2.36445933915235,50.7216806445145],[-2.36441512331006,50.7215349794312],[-2.36441148061216,50.7215281562886],[-2.36440065854762,50.7215213547552],[-2.36396053333313,50.7217118245723],[-2.36394617596934,50.7217118695297],[-2.36394608771149,50.7217004776686],[-2.36395321414285,50.7216936198913],[-2.36436475749398,50.7215214673056],[-2.36440410685826,50.7215031190408],[-2.36440762584474,50.7214939946571],[-2.36438528833662,50.7213915462337],[-2.36437798530487,50.7213756221133],[-2.36436007230009,50.7213802349445],[-2.3642884074823,50.7213986844832],[-2.36409158571656,50.72148131686],[-2.36403076454435,50.7215088456213],[-2.36401274694721,50.7214997887003],[-2.36403419534618,50.7214883320851],[-2.36422740991024,50.7214034332216],[-2.36434201368305,50.7213666215272],[-2.36435991328096,50.7213597326512],[-2.36437064694258,50.7213551423268],[-2.3643705939254,50.72134830703],[-2.36435571860776,50.7212822877112],[-2.36434487893464,50.7212732074404],[-2.36410471408125,50.7213218019859],[-2.36406883083898,50.7213241931773],[-2.36406159286952,50.7213173803859],[-2.36430528241479,50.721259663329],[-2.36433396860904,50.7212550167366],[-2.36434111258965,50.7212504376671],[-2.36432617091202,50.7211753043009],[-2.3643117373733,50.7211662361914],[-2.36427226460717,50.721168638697],[-2.36408598321175,50.7212216200947],[-2.36405010004497,50.7212240112804],[-2.36404643976544,50.7212149093939],[-2.36424706213643,50.7211596061285],[-2.36430070342899,50.7211320997549],[-2.36430420473681,50.7211206966416],[-2.36430371007923,50.7210569101271],[-2.36426323051158,50.7209294581687],[-2.36426253386037,50.7209161635276],[-2.36428234201145,50.7209161014465],[-2.36428800411398,50.7209160837002],[-2.36432589888568,50.7210578468765],[-2.36434025957451,50.7210847417342],[-2.36433746817141,50.7210901380992],[-2.36434319993465,50.72109909949],[-2.36434894564221,50.7211098585071],[-2.36436027815612,50.7211116188534],[-2.36464581199929,50.7210694138515],[-2.36477870596883,50.7210528349003],[-2.36484937822783,50.7210418378473],[-2.36488056645908,50.7210489234283],[-2.36485799339079,50.7210579736489],[-2.36445371740802,50.7211167135123],[-2.36438590174097,50.7211312931122],[-2.36437459707972,50.7211331244242],[-2.3643951214656,50.7212246558258],[-2.36439806042789,50.7212390126852],[-2.36439808830907,50.7212426070388],[-2.36472044122775,50.7212038781611],[-2.3648929033586,50.7211799905264],[-2.36498616140468,50.7211617371975],[-2.36507373501707,50.7211399117036],[-2.36538699495867,50.7210239834541],[-2.3654490781795,50.7210004401363],[-2.365468864088,50.7209967861801],[-2.36547735371378,50.7209967594852],[-2.36547176147846,50.7210057591265],[-2.36503993678122,50.7211615683185],[-2.3648873445326,50.7211925790794],[-2.36443495268047,50.7212514708148],[-2.3644151805143,50.7212569204233],[-2.36440671870145,50.7212605386965],[-2.36442174823881,50.7213736395766],[-2.36442752184694,50.7213879884465],[-2.36470467350017,50.7213601783612],[-2.36477534623862,50.7213491813539],[-2.36482341642068,50.7213436428658],[-2.36489400539741,50.7213218690209],[-2.36502387708053,50.7212801543805],[-2.3651170375705,50.7212493301524],[-2.36514525744615,50.7212384662707],[-2.3651537624915,50.7212402354228],[-2.36515380436853,50.7212456229063],[-2.36510018242306,50.721265545944],[-2.36481787150313,50.7213580272431],[-2.36448420861781,50.7213985850265],[-2.36445310380726,50.7214022743069],[-2.36444178090183,50.7214023098108],[-2.36445971344598,50.7215243809388],[-2.36446263993806,50.7215369428628],[-2.36447115754944,50.7215405105946],[-2.36455599642883,50.7215312624729],[-2.36482171860503,50.7214891218876],[-2.36492065342513,50.7214726484664],[-2.36500820801299,50.7214490254147],[-2.36509007810224,50.7214218284093],[-2.36522562033925,50.721381891605],[-2.36527358018715,50.7213619836067],[-2.36529336626155,50.7213583296806],[-2.36529623710777,50.721363708273],[-2.36529060288053,50.7213673177238],[-2.36518900701912,50.7214053547778],[-2.36494616583209,50.7214779559788],[-2.36461828983132,50.721534658816],[-2.364488235952,50.72155302814],[-2.36447415370458,50.7215620507581],[-2.3644685236401,50.7215656601557],[-2.36449763143725,50.7216697357185],[-2.36450336331622,50.7216786988992],[-2.36450903944509,50.72168047697],[-2.3645881745703,50.7216658599981],[-2.36483413915117,50.7216309648477],[-2.3651111860042,50.7215887880573],[-2.36517343764179,50.7215867966206],[-2.36519044502827,50.7215903349288],[-2.36519047294943,50.7215939265843],[-2.36517349348152,50.7215939799315],[-2.36507451664141,50.7216050678822],[-2.36458830002271,50.7216820242465],[-2.36452611790877,50.7216929945094],[-2.36451202028249,50.7217002222079],[-2.36453565289546,50.7218276630573],[-2.36454138478713,50.7218366244373],[-2.36454704133395,50.7218366066962],[-2.36459229841485,50.7218328730003],[-2.36482128857378,50.7217980311253],[-2.3649767718818,50.7217741966681],[-2.36516031736421,50.7217197395315],[-2.36538890143935,50.7216328139395],[-2.36560910109548,50.7215602821413],[-2.36583207734715,50.7214805585968],[-2.36586315412687,50.7214732772932],[-2.36586602504533,50.7214786558715],[-2.36555553490484,50.7215873913957],[-2.36506691658777,50.7217651509407],[-2.36487319571979,50.7218089365856],[-2.36457615218661,50.7218530487375],[-2.3645560143034,50.7218563097573],[-2.36454343831612,50.7218595470571],[-2.36454660239234,50.7219426975802],[-2.36455430222424,50.7219602634375],[-2.36456693887078,50.721965021486],[-2.36461229088558,50.7219632820984],[-2.36478349115684,50.7219403545373],[-2.36484640692401,50.721928962769],[-2.36500489573776,50.7218916835293],[-2.36515080268103,50.7218576405576],[-2.36518863420364,50.7218607204565],[-2.36519624016922,50.7218670940703],[-2.36516602592895,50.7218703868548],[-2.36488676965891,50.7219336346479],[-2.36487923258684,50.721936856165],[-2.36490243579172,50.7220039490938],[-2.36491533478654,50.7220422909652],[-2.36492043582078,50.7220502704899],[-2.36498591340397,50.7220436691867],[-2.36515458260866,50.7220191510004],[-2.36519237129156,50.7220174324501],[-2.36521254649765,50.7220189688869],[-2.36521259622682,50.7220253653424],[-2.36519243345482,50.722025428694],[-2.36492809713786,50.7220630405587],[-2.36492057247555,50.7220678618668],[-2.36497737197621,50.7222419981593],[-2.3649850209034,50.7222531675365],[-2.36499007228722,50.7222547524011],[-2.36514611648801,50.7222270760186],[-2.36517130585428,50.722225397056],[-2.36517638067653,50.7222301787956],[-2.36517138045064,50.7222349930878],[-2.36499769637285,50.7222627239994],[-2.36498263882431,50.7222707677213],[-2.3650139675556,50.7223450527682],[-2.36502493150669,50.7223700778014],[-2.36501417997836,50.7223723903527],[-2.36499615619393,50.7223633336025],[-2.36487099552391,50.7219650440208],[-2.36484572173221,50.7219468984542],[-2.36460542453208,50.7219795483151],[-2.36458749363424,50.7219818824489],[-2.36457316587139,50.721986482267],[-2.3645696291959,50.7219933279232],[-2.36456968224325,50.7220001632192],[-2.36470616223527,50.7224690402114],[-2.36475773629457,50.7226374636518],[-2.36475780705782,50.7226465767792],[-2.36473988935681,50.7226511896808],[-2.36473253294176,50.7226284311899],[-2.36472125069007,50.722562397956]]],[[[-2.36414276003705,50.7225900364818],[-2.36413596629562,50.7225871926452],[-2.36373466772263,50.7226486040839],[-2.3637210802867,50.7226429181612],[-2.36372103592597,50.7226371889587],[-2.36412685891903,50.7225771941544],[-2.36414039088227,50.7225757201006],[-2.36414485988603,50.7225699776576],[-2.36415551055418,50.722488306343],[-2.3641509652622,50.7224840238019],[-2.3641373986163,50.7224812029829],[-2.36376064623516,50.7225052982438],[-2.36374935564569,50.7225053335783],[-2.36374029698688,50.7225010651457],[-2.36374026370953,50.7224967675694],[-2.36413279781854,50.7224697596123],[-2.3641485781645,50.722466844155],[-2.36415757022962,50.7224625183024],[-2.36415669313391,50.7223493757694],[-2.36414531943191,50.7223379536185],[-2.36389939722469,50.722351613257],[-2.36387007815449,50.7223545710653],[-2.36386102492952,50.7223517333868],[-2.36386322898986,50.7223445654844],[-2.36391964656946,50.722342957195],[-2.36412725007519,50.7223242736556],[-2.36414530644817,50.7223242170879],[-2.36414978651849,50.7223199053714],[-2.36414974211297,50.722314177068],[-2.36414454037717,50.7222253926131],[-2.36414447377705,50.7222168010571],[-2.36412637303586,50.7222111284219],[-2.36391650868928,50.7222175150296],[-2.36383978791128,50.7222206185361],[-2.36383074040138,50.7222177835352],[-2.36383070711608,50.7222134859586],[-2.36411949053308,50.7221968261786],[-2.36412850476465,50.7221953662784],[-2.36413524293394,50.7221910483874],[-2.36412113381592,50.722118049099],[-2.36411897353791,50.722093392088],[-2.36405795928746,50.7221037846959],[-2.36388794162827,50.722155325417],[-2.3638718643455,50.7221553757494],[-2.3638685853996,50.7221472259065],[-2.36409956842665,50.7220791704394],[-2.36411561406555,50.7220750410198],[-2.36412199949595,50.7220688986868],[-2.364101599547,50.721926140913],[-2.36409504017856,50.7219098394451],[-2.36385520234177,50.7220799356702],[-2.36376889442158,50.722145496576],[-2.36375604868827,50.7221475781545],[-2.36374635689038,50.722141485257],[-2.36407570407243,50.7219037794832],[-2.36408848504364,50.7218935352657],[-2.36410128327569,50.7218853359659],[-2.36408740976694,50.7217547988032],[-2.36408717586418,50.7217505746967],[-2.36409241849896,50.7217483325448],[-2.36409503330892,50.7217460977251],[-2.36409944410582,50.7217482080184],[-2.36411401923449,50.7218464397797],[-2.36413307996849,50.7219240737601],[-2.36413314656584,50.7219326653165],[-2.36413320207295,50.7219398261458],[-2.36434297770072,50.7219219816359],[-2.36435423342075,50.7219176513694],[-2.36435877866221,50.7219219321044],[-2.36435655390555,50.7219262367597],[-2.36415360662319,50.7219512200049],[-2.36413783070041,50.72195413545],[-2.36413333529567,50.7219570128556],[-2.36414116284821,50.7220930518886],[-2.36414803422356,50.7221059198068],[-2.3641525683876,50.7221087716213],[-2.3644412122668,50.7220734926902],[-2.36446827161855,50.7220705427225],[-2.36447507782947,50.7220748181619],[-2.3644706089199,50.7220805615174],[-2.36415266830357,50.722121660754],[-2.36414367630307,50.7221259866065],[-2.36414146260771,50.7221317219845],[-2.36415806302966,50.7222347918355],[-2.36416044043703,50.7222505398523],[-2.36416048484375,50.7222562681557],[-2.36449200122767,50.7222194213138],[-2.36450102797703,50.7222193930065],[-2.36450555106471,50.7222208131811],[-2.36450108355472,50.7222265556339],[-2.36417635253098,50.7222648111042],[-2.36416506908297,50.7222648464568],[-2.36415830727902,50.722266299303],[-2.36417501599632,50.7223836926142],[-2.36417504930633,50.7223879892913],[-2.3641795737962,50.7223894067762],[-2.36457872686714,50.7223423234277],[-2.36459224337312,50.72233941591],[-2.36459453483114,50.7223437055039],[-2.36459005621609,50.7223480172332],[-2.36418644522581,50.7224022746915],[-2.36417969593916,50.7224051618584],[-2.36417976255313,50.7224137543133],[-2.36417161291855,50.7225269278252],[-2.36417167952436,50.7225355193807],[-2.36417846214766,50.7225369297906],[-2.3645572865592,50.7224884785522],[-2.36457081848315,50.7224870044484],[-2.36457987175587,50.722489839374],[-2.36457538745908,50.7224941511203],[-2.36416951022863,50.7225469839612],[-2.36416277201858,50.7225513027531],[-2.36415674296175,50.7226472824921],[-2.36415467783272,50.7226716370895],[-2.36413240908275,50.7227103778858],[-2.36378802523304,50.722834627646],[-2.36375422142821,50.7228418944424],[-2.3637406561191,50.7228390735729],[-2.36373381658657,50.7228305005151],[-2.36398831746305,50.7227580928964],[-2.36408059329444,50.7227234296456],[-2.36411655091906,50.7227032647639],[-2.36413669904455,50.7226817195377],[-2.36414282664471,50.7225986289365],[-2.36414276003705,50.7225900364818]]],[[[-2.36357726402679,50.7222832883113],[-2.36357687717947,50.7222333063893],[-2.36356756551273,50.7222274559942],[-2.3629446716308,50.7225704698333],[-2.36288833166028,50.7226036198079],[-2.3628655127754,50.7225974994757],[-2.36318943975952,50.722423116505],[-2.3635262383634,50.722232178802],[-2.36357487012096,50.7222113872119],[-2.36359752491769,50.722196869339],[-2.36360390367471,50.7221803367224],[-2.36360380783481,50.7221679547736],[-2.36360375989749,50.7221617615511],[-2.36361673541186,50.7221575941426],[-2.36362344965952,50.7221844041906],[-2.36362356148001,50.7221988499473],[-2.36368204675569,50.7221904115325],[-2.36371782507661,50.7221902995784],[-2.36373410535348,50.7221923133893],[-2.36373415328715,50.722198503914],[-2.36372439131171,50.7221985344627],[-2.36361713479521,50.7222091902418],[-2.36361100134871,50.7222566826588],[-2.36361766201561,50.7222773013005],[-2.36378675107998,50.7222705788285],[-2.36384534832501,50.7222765887861],[-2.36385835581393,50.7222765480675],[-2.36385513803083,50.7222806849572],[-2.36384541226559,50.7222848440179],[-2.36361774187741,50.7222876185418],[-2.36360801608964,50.7222917775826],[-2.36359832365841,50.7223000633348],[-2.36359670668833,50.7224008395154],[-2.36353207591608,50.7230302503085],[-2.36352296319789,50.7230508598314],[-2.36349514148377,50.7230480079796],[-2.36357726402679,50.7222832883113]]],[[[-2.36335366779748,50.7231384165274],[-2.36328681936797,50.7230784489686],[-2.36284761733537,50.7226947005388],[-2.3626708781739,50.7225267622185],[-2.36266600014203,50.7225087234055],[-2.362680035926,50.722484610263],[-2.36271297074399,50.7224514120259],[-2.36267492561514,50.7224364857158],[-2.36244556773409,50.722208536509],[-2.3624597428361,50.7222024760925],[-2.36262361850209,50.7223666122254],[-2.36268951792228,50.7224286766602],[-2.36271297546091,50.7224404641227],[-2.36273634000997,50.7224403912085],[-2.36285012815934,50.722349596804],[-2.36300312839397,50.7221934466318],[-2.36300309401,50.7221889970797],[-2.36297361556591,50.7220022816738],[-2.36297826326303,50.7219993031177],[-2.36299463102002,50.7220007340221],[-2.36299256854617,50.7220363233524],[-2.36301945038127,50.7221889459955],[-2.36301714733259,50.7221934028481],[-2.3630148671675,50.7222008209729],[-2.36293145790457,50.7222915206888],[-2.36274807880366,50.7224477655761],[-2.36270866688557,50.7224879211157],[-2.36269947013527,50.7225072214793],[-2.36269951593347,50.7225131530163],[-2.3627019220606,50.72252204033],[-2.36276551291924,50.7225870777652],[-2.36278185372047,50.7225855429443],[-2.36317500696549,50.7223634086468],[-2.36320522330736,50.722342556046],[-2.36321221851375,50.7223410530653],[-2.36321459033855,50.7223454926152],[-2.36321229875953,50.7223514314565],[-2.36319604974056,50.7223648249157],[-2.3627912679796,50.7225944083821],[-2.36279131378954,50.722600339919],[-2.36280307555847,50.7226106827471],[-2.36284781233194,50.7226550199058],[-2.36294428424746,50.7227421920966],[-2.36317261281823,50.7229393349533],[-2.36317962664863,50.7229393130382],[-2.3633937675988,50.7228333780059],[-2.36341244594444,50.7228318375873],[-2.36341250329841,50.7228392511086],[-2.36340085462576,50.7228437353892],[-2.36318437617279,50.7229496777381],[-2.36319616243554,50.7229629826928],[-2.36331623124848,50.723079734742],[-2.36337496381784,50.7231210630097],[-2.36341713474916,50.7231357576668],[-2.3634545317376,50.7231371218566],[-2.36351291026717,50.7231324923356],[-2.36368543861315,50.7230845090925],[-2.36398843799517,50.7229871924243],[-2.3641608790399,50.7229273480834],[-2.36470440021879,50.7227228984762],[-2.36473360449438,50.7227051332003],[-2.3647622642604,50.7227000765161],[-2.36482475986515,50.7226849810311],[-2.36506671618728,50.7225981364354],[-2.36570668888087,50.72236436372],[-2.36636102936822,50.7221166967851],[-2.36650152232597,50.7220665908757],[-2.36661855324334,50.7220198690679],[-2.36661586772851,50.7220099449382],[-2.3665922608849,50.7219934644617],[-2.36658447281629,50.7219984557742],[-2.36656112433826,50.7220150834436],[-2.36647264360144,50.722043507363],[-2.36642836946349,50.7220535768487],[-2.3663529314205,50.7220819595585],[-2.36627235611634,50.7221202883094],[-2.36609025656551,50.7221870808239],[-2.36580414862996,50.7222988966738],[-2.36543739413445,50.7224407622905],[-2.36510172924794,50.7225543886777],[-2.36496901448555,50.7225978470298],[-2.36495075117981,50.7225979043744],[-2.36493244928986,50.7225929950887],[-2.36490890845335,50.7225847910819],[-2.36489809916221,50.7225368167106],[-2.36478312615394,50.7221779457808],[-2.3647283908261,50.7220108362225],[-2.36473354113748,50.7220025421461],[-2.36474922192975,50.7220058050042],[-2.36475719156002,50.7220239887094],[-2.36492298656589,50.7225449355563],[-2.36493357584448,50.7225647684053],[-2.36495455004358,50.7225779445167],[-2.36496761734586,50.7225812155518],[-2.36500671196646,50.7225761260416],[-2.36522264157533,50.7224976407605],[-2.36522261584618,50.722494331474],[-2.36519826421811,50.7223818364415],[-2.36520605251177,50.7223768470206],[-2.36521387940339,50.7223768224282],[-2.36521914692084,50.7223834273097],[-2.3652407375169,50.7224760631195],[-2.36524604793038,50.7224876364123],[-2.36525909089158,50.7224875954261],[-2.36540736873208,50.722432498735],[-2.36588857463622,50.7222472296292],[-2.36603582039598,50.7221953188475],[-2.36603579458881,50.7221920068632],[-2.36602790324371,50.7221837555969],[-2.36587591728178,50.7220981491867],[-2.36588109886249,50.722093167026],[-2.36589938634398,50.7220964206251],[-2.36592036061029,50.7221095974631],[-2.36604614058542,50.7221803869985],[-2.36605660125349,50.7221836652212],[-2.36606703612068,50.722183632358],[-2.36612425008544,50.7221602748892],[-2.36633229743312,50.7220751909276],[-2.3664103305794,50.7220451462658],[-2.36645201827164,50.72203839341],[-2.36645720845656,50.7220350676788],[-2.36645709222994,50.7220201686955],[-2.36634687676111,50.7219377432612],[-2.36601645194785,50.7217186087538],[-2.36601641325031,50.7217136421259],[-2.36602944168632,50.7217119464145],[-2.36605037712968,50.7217201584006],[-2.36640443891572,50.7219590826044],[-2.36647270714599,50.7220151527146],[-2.36647275880055,50.7220217739853],[-2.36647282338456,50.7220300525971],[-2.36648067745126,50.7220333372016],[-2.36651190445042,50.7220233052403],[-2.36656132994001,50.7220049406617],[-2.36657168726069,50.7219949753975],[-2.36657681707995,50.7219833710358],[-2.36657670081561,50.7219684720525],[-2.36656873190799,50.7219502884666],[-2.36629557959938,50.721716074759],[-2.36629554087235,50.7217111081312],[-2.36630856206141,50.7217077577274],[-2.36631642329898,50.7217126970043],[-2.36634530177086,50.7217357841539],[-2.36659222244541,50.7219518690653],[-2.36660276059901,50.7219650777965],[-2.36660286395865,50.7219783221365],[-2.36660290271853,50.721983288764],[-2.36662652671737,50.722001422969],[-2.3666448616501,50.7220112986346],[-2.3666553021448,50.7220112657008],[-2.3666813088456,50.722001250161],[-2.36686599323256,50.7219311391889],[-2.36686328324312,50.7219179057738],[-2.3667895215935,50.7218270868751],[-2.36680518954148,50.7218286939143],[-2.36681570189331,50.7218385942392],[-2.36687371805034,50.7219178728383],[-2.36688677235733,50.7219194863177],[-2.36689976344391,50.7219128238771],[-2.36722745590663,50.7217810078366],[-2.36722997189613,50.7217694126023],[-2.36722726178566,50.7217561755982],[-2.36714774177897,50.7215958496037],[-2.36714248276167,50.7215908994651],[-2.36711897944183,50.7215876625354],[-2.36705634517539,50.7215845500801],[-2.36700925528598,50.7215681429435],[-2.36693612894531,50.7215584430174],[-2.36687871349535,50.7215553121928],[-2.36672472886285,50.7215475202147],[-2.36662813669048,50.7215395488145],[-2.36660987521605,50.7215396064147],[-2.36658380273586,50.7215413433316],[-2.36655776475842,50.7215480468839],[-2.36620384602465,50.7216617340609],[-2.36619600634051,50.7216601022779],[-2.36619595472561,50.7216534810067],[-2.36620635075736,50.721648481503],[-2.36622454776357,50.7216401489506],[-2.36654723961535,50.721536491892],[-2.36653675323675,50.7215299044262],[-2.36645054560354,50.7215152768983],[-2.36629133231983,50.7215058452497],[-2.36625742019976,50.721505952115],[-2.36622617491625,50.7215143284844],[-2.36620273622517,50.7215193690833],[-2.36595820536319,50.7216095335556],[-2.36533886918457,50.7218117921789],[-2.36533365462508,50.7218118085692],[-2.36533100234534,50.7218068501563],[-2.36534137416213,50.7217985387409],[-2.36535959711854,50.7217935156107],[-2.36604655661662,50.7215645572952],[-2.36619743860642,50.7215094531733],[-2.36619741278849,50.7215061411887],[-2.36617911686155,50.7215012320801],[-2.36609970071735,50.7214820540988],[-2.36603252668122,50.7214573509751],[-2.36598855461449,50.7214457654665],[-2.36595061520402,50.7214149792029],[-2.36589964611309,50.721394623383],[-2.36585563563395,50.7213786395434],[-2.36581176214176,50.7213802434682],[-2.36573548907036,50.7213731543253],[-2.36571238280285,50.7213717611956],[-2.36569615526346,50.7213644857802],[-2.36567756301448,50.7213498859332],[-2.36565662892762,50.7213308986458],[-2.36566347767368,50.7213206189581],[-2.36567268534272,50.7213161924875],[-2.36572332339459,50.7212940501472],[-2.36572790868989,50.7212896382166],[-2.36572092304669,50.7212823310261],[-2.36565903561236,50.7212773683409],[-2.36553193653231,50.7212689749164],[-2.3655111051629,50.7212631770901],[-2.36548333955754,50.7212574019641],[-2.36545793711901,50.7212574818387],[-2.36543256463073,50.721261958217],[-2.36541183589223,50.7212693525582],[-2.36526669179252,50.7213167082807],[-2.36513307558158,50.7213610959387],[-2.36499383634005,50.7213987186948],[-2.36473553032044,50.7214478966878],[-2.36471934269136,50.721445015816],[-2.36472160481806,50.7214391453814],[-2.36475389469057,50.7214331807172],[-2.36494531194252,50.7213959411946],[-2.36510438214247,50.7213573353373],[-2.36543152996078,50.7212507815615],[-2.36546615147409,50.7212477410368],[-2.3654984981418,50.7212491051579],[-2.3655401394753,50.7212577692101],[-2.36555398523247,50.7212562598306],[-2.36558394017052,50.7212473706106],[-2.36578883654775,50.721161720164],[-2.36595687885537,50.7210893752071],[-2.36598755067266,50.721088700391],[-2.36602455816751,50.7210959103292],[-2.36607537278273,50.7210957502961],[-2.36612387410079,50.7210955975278],[-2.36615614072868,50.7210867035758],[-2.3666096378905,50.7208932767285],[-2.36662119876379,50.7208947060974],[-2.36662125593933,50.7209020323914],[-2.36661204985758,50.7209064589328],[-2.36614701876782,50.7211013879575],[-2.36612391979633,50.7211014607212],[-2.36600846194395,50.7211047560231],[-2.36598994963929,50.7211004168138],[-2.36597147159544,50.7211004749967],[-2.36595761447911,50.7211005186275],[-2.3659391749393,50.7211049741869],[-2.36560312959026,50.7212555252185],[-2.36561008098741,50.7212584350211],[-2.36562855909412,50.7212583768955],[-2.36570715665846,50.7212669219305],[-2.36571639429681,50.7212668928648],[-2.36573711159512,50.7212580353689],[-2.36605718025101,50.7211324489549],[-2.36606410881381,50.7211324271338],[-2.36607566972965,50.7211338565569],[-2.3661473842997,50.7211482863103],[-2.3661658452704,50.7211467623191],[-2.36664705277808,50.7209517848929],[-2.36665853935751,50.720944419486],[-2.36667008880399,50.7209443830517],[-2.36667013456744,50.7209502462451],[-2.36665403849456,50.7209590893307],[-2.36616361761359,50.7211570301772],[-2.36613592617567,50.7211600463816],[-2.36611740101827,50.7211542440965],[-2.36605263925106,50.7211427213987],[-2.36604343731825,50.7211471478816],[-2.36601350537247,50.7211589688166],[-2.3657302856976,50.7212712466578],[-2.3657372485168,50.7212756222511],[-2.3657442113163,50.7212799951463],[-2.36575805709435,50.7212784884404],[-2.3657787515425,50.7212666966426],[-2.36581336163027,50.7212621902164],[-2.36583879115027,50.7212650418476],[-2.36590807264088,50.7212633579275],[-2.36591954801586,50.7212545294933],[-2.36593100621007,50.7212427685442],[-2.36595864201177,50.7212324206947],[-2.3661082904557,50.7211703942733],[-2.36611520760042,50.7211689066509],[-2.36611756092921,50.7211747625754],[-2.3661106780402,50.7211806457944],[-2.36605543220849,50.7212042704492],[-2.36596105665439,50.721245603802],[-2.36595419658672,50.7212544204068],[-2.36596117084309,50.7212602617852],[-2.36598199224238,50.7212645910305],[-2.36603972995613,50.7212644092144],[-2.3660511995513,50.7212541149511],[-2.36609952828256,50.7212319770212],[-2.36662001920807,50.721039804944],[-2.36670521337868,50.7210058273936],[-2.36670755958038,50.7210102174946],[-2.36670067680346,50.7210161025473],[-2.36665691806394,50.7210323620759],[-2.36608584245495,50.7212540058433],[-2.36606973474568,50.7212613830494],[-2.36606978043473,50.7212672462426],[-2.36608132996131,50.7212672098668],[-2.36623152253613,50.7212755317284],[-2.3662337958931,50.7212711270624],[-2.36624527685398,50.7212622958804],[-2.36625219400783,50.7212608082499],[-2.36668742176126,50.7210938209991],[-2.3666966736395,50.7210952576452],[-2.36669673084827,50.7211025866367],[-2.36669213280409,50.7211055328118],[-2.36667142719473,50.7211158562761],[-2.36630525931145,50.7212533145515],[-2.36626843304652,50.7212695520842],[-2.36626615402648,50.7212739567688],[-2.36628234735672,50.721276837408],[-2.3665318777611,50.7212877747653],[-2.3668068507382,50.7213030288024],[-2.36680691939581,50.7213118217933],[-2.36678382457236,50.7213118946743],[-2.3666013137148,50.721306608929],[-2.36604907322141,50.7212775722983],[-2.36587350397624,50.7212737275885],[-2.36580190766566,50.721273952939],[-2.36578344096652,50.7212754768903],[-2.36576276932007,50.7212901975878],[-2.36573744247716,50.7213005354272],[-2.3657121156441,50.7213108759588],[-2.36569830267749,50.721316780958],[-2.36569835973099,50.7213241099496],[-2.36570772713033,50.7213402019551],[-2.36573557984316,50.7213577016289],[-2.36577486660354,50.7213605096698],[-2.36581646242871,50.72136331043],[-2.36584186917326,50.7213632304639],[-2.36586959496324,50.7213646072282],[-2.36589270123173,50.7213660003266],[-2.36590660408831,50.7213718189975],[-2.36595297931637,50.7213951245438],[-2.36602721885797,50.7214373927761],[-2.36606196609125,50.7214504731578],[-2.36615456980105,50.7214780296254],[-2.36620548623039,50.7214910590268],[-2.36622627349368,50.7214909935315],[-2.36624704791239,50.7214894622387],[-2.36629786153534,50.7214893021134],[-2.36645730821033,50.7214990585583],[-2.36655675655408,50.7215163322874],[-2.36660069878,50.7215235228715],[-2.36663765519779,50.7215234063037],[-2.36676241896566,50.7215288760246],[-2.36689644757668,50.7215372453381],[-2.36696579671279,50.7215443555833],[-2.36700280613198,50.7215515652062],[-2.36704214035552,50.7215602360082],[-2.36708018021237,50.7215705934468],[-2.36710098898023,50.7215734566986],[-2.36712177486128,50.7215733910481],[-2.36712406529177,50.7215704548429],[-2.36712171760635,50.7215660647551],[-2.36702349021725,50.7214095522738],[-2.36701886925983,50.7214095668652],[-2.36698419189255,50.7214052788554],[-2.36590271807158,50.7213368751311],[-2.36589810137052,50.7213368896647],[-2.36589576664477,50.721333965346],[-2.36589573239419,50.7213295679511],[-2.3659026495691,50.7213280803413],[-2.36591650675263,50.7213280367171],[-2.36699564986333,50.7213935187011],[-2.36701182616089,50.7213949334587],[-2.36701179180578,50.7213905360641],[-2.36700944980633,50.721386145956],[-2.36686449722274,50.7211623650752],[-2.36685756865614,50.7211623869438],[-2.36684605914797,50.7211668189751],[-2.36652803701192,50.7212586914142],[-2.36651648748801,50.7212587278344],[-2.36651415697752,50.7212558035146],[-2.36651643030704,50.721251398843],[-2.36653483980957,50.7212425484819],[-2.36685057141006,50.7211536140224],[-2.36685054851691,50.7211506824259],[-2.36684348261685,50.7211331174121],[-2.3666470379732,50.7208215612864],[-2.36660446548618,50.7207639866595],[-2.36659292752234,50.7207654888857],[-2.36657449534863,50.7207714085593],[-2.36604734131654,50.7209973102316],[-2.36596214669018,50.7210312882003],[-2.36596450140951,50.7210371441235],[-2.36598302508532,50.7210429464375],[-2.36602693251897,50.721045739843],[-2.36607539953264,50.7210411914982],[-2.3665588439019,50.7208374105795],[-2.36657038907245,50.7208373741685],[-2.36657505572525,50.7208432227883],[-2.36656815008076,50.7208461762366],[-2.36607551374217,50.7210558476833],[-2.36605243046429,50.7210573862178],[-2.36600392493551,50.7210575389698],[-2.36596692745541,50.7210517921302],[-2.36594150946145,50.7210504063253],[-2.36592767519531,50.7210533815492],[-2.36590924283852,50.7210593029157],[-2.36555013713963,50.7212143211963],[-2.3655386161031,50.7212172890985],[-2.36553393815017,50.7212099764377],[-2.36554543063393,50.7212026111231],[-2.36592063248982,50.7210387480762],[-2.36610478740548,50.7209590230027],[-2.36657897900218,50.7207538062032],[-2.36658586177718,50.7207479238553],[-2.36658811219918,50.7207405875851],[-2.36658807788452,50.7207361901899],[-2.36650162640555,50.7206089550095],[-2.36648548469857,50.7206119375764],[-2.36646704112996,50.7206163905355],[-2.36570954147834,50.7209221627928],[-2.36569339817545,50.7209251425565],[-2.36568646964293,50.7209251643556],[-2.36569103352284,50.7209178235226],[-2.36570254306565,50.7209133898068],[-2.36574396158673,50.7208927404979],[-2.36636335103321,50.7206474972471],[-2.3664830727615,50.7205987526711],[-2.36648304991277,50.720595823772],[-2.36647372953182,50.7205855923182],[-2.36641503243717,50.7204626643644],[-2.36636843933538,50.7204115142272],[-2.36636151087911,50.7204115360664],[-2.36635232631354,50.7204188941892],[-2.36627407283914,50.7204543154505],[-2.36548682652251,50.7207953528411],[-2.3654591908519,50.7208056978819],[-2.36545222814935,50.7208013249694],[-2.36547062625292,50.7207910062794],[-2.36618187660149,50.7204780575078],[-2.36635451385906,50.720402765812],[-2.36636139658999,50.7203968807791],[-2.36635901475617,50.7203880950782],[-2.36635658144228,50.720371981266],[-2.36631405025396,50.7202981671128],[-2.36627226109911,50.7202704524513],[-2.36625835426732,50.7202646329371],[-2.36624677495495,50.7202602719217],[-2.36625829714965,50.7202573066422],[-2.36629068885125,50.7202645310397],[-2.36631857542968,50.7202864279729],[-2.36633729315222,50.7203171470077],[-2.36638186286389,50.7204049440038],[-2.36640052352813,50.7204283358339],[-2.36643085501711,50.7204678105507],[-2.36644719103027,50.7204897438676],[-2.36651732893605,50.7205979800811],[-2.36662938705815,50.7207515168035],[-2.36674248741385,50.7209326716653],[-2.36689451608497,50.7211754853136],[-2.3670394975645,50.721403666267],[-2.3671563463163,50.7215777045318],[-2.36718215990575,50.7216303858306],[-2.36725709985136,50.7217620543741],[-2.36726637621467,50.7217664225665],[-2.36728023352536,50.7217663787803],[-2.3673634441912,50.7217416885429],[-2.36758064225782,50.7216537649436],[-2.36758060362724,50.7216488279917],[-2.36758055210576,50.7216422435907],[-2.36697117330398,50.7206697705274],[-2.36659822186772,50.7201054878222],[-2.36660336794247,50.7201005318179],[-2.36661115195682,50.7201005072654],[-2.36663200030224,50.7201136115324],[-2.36760028530005,50.7216374518449],[-2.36764578986461,50.7216188752805],[-2.36767467112313,50.7215977163782],[-2.36775696366765,50.7215079277278],[-2.3677568812026,50.7214973937652],[-2.36773594809389,50.7214737611392],[-2.36682816578952,50.7200099165229],[-2.36683640374343,50.7200019921018],[-2.36684887161793,50.7200045858569],[-2.36775242135553,50.7214579103826],[-2.36776174051727,50.7214738998595],[-2.36777631910123,50.7214757026618],[-2.36778210501753,50.7214701393634],[-2.36790926035781,50.7213403442363],[-2.36790047650946,50.7213348270482],[-2.36788581111896,50.7213219345542],[-2.36782107712006,50.7212389582634],[-2.36700434217049,50.7199321360473],[-2.36701306223014,50.7199302604813],[-2.36703352719346,50.719939436911],[-2.36784773851587,50.7212348450929],[-2.36789191115342,50.7212957055867],[-2.36790950354547,50.7213104377451],[-2.36792116954875,50.7213122488489],[-2.3679298622966,50.7213066772409],[-2.36803662911094,50.7211769466688],[-2.36802780183135,50.7211658828092],[-2.36799844074719,50.7211364017894],[-2.36716708645018,50.7198631315927],[-2.36717576315372,50.7198557111593],[-2.36718163561065,50.7198612367003],[-2.36719041486995,50.7198667566549],[-2.36802474245151,50.7211395506304],[-2.36804229137949,50.7211487388722],[-2.36805688433381,50.7211523887728],[-2.36807427961111,50.7211412419647],[-2.36816066689003,50.7210134266668],[-2.36815186858378,50.7210060596851],[-2.36813704248128,50.72097283395],[-2.36732041335681,50.7197277093897],[-2.36732620790296,50.7197239950147],[-2.36734372727117,50.7197294864359],[-2.36735550849024,50.7197460850764],[-2.36815441754494,50.7209598418623],[-2.36818082406898,50.720983787202],[-2.3681953735304,50.7209818931321],[-2.36831371353025,50.7208428848345],[-2.36830497887268,50.7208429124825],[-2.36828741552108,50.7208318762938],[-2.36826096696486,50.7208023843205],[-2.36752131122062,50.7197159852217],[-2.36751551533867,50.7197006941176],[-2.36753587909113,50.7196969336629],[-2.3675359224631,50.7197024776189],[-2.36803389100931,50.7204312555923],[-2.36830203770469,50.7208222796057],[-2.3683136993426,50.7208240907237],[-2.3683224541519,50.7208259110418],[-2.3684494626194,50.7206776350252],[-2.36844063533713,50.720666571196],[-2.36839954022612,50.7206260356471],[-2.36769243138493,50.7196042284997],[-2.36768948577895,50.7196005408567],[-2.36770696597976,50.7196004855562],[-2.36771575969493,50.719607850759],[-2.36842566418063,50.7206148620545],[-2.36844627468777,50.7206425244468],[-2.36845798544218,50.7206498803862],[-2.36846672147997,50.7206498527231],[-2.36861117625083,50.7204978216391],[-2.36860823476833,50.7204941339969],[-2.36858188772377,50.7204775815837],[-2.36855251221378,50.7204462509151],[-2.36813407423169,50.7198338889241],[-2.36814569781632,50.7198301533933],[-2.36815743729635,50.7198412071382],[-2.36817214574441,50.719859645411],[-2.36854342818244,50.7204019152637],[-2.36859340992903,50.7204609092152],[-2.36860801721048,50.7204664070354],[-2.36862552247524,50.7204700485422],[-2.36863713169157,50.7204644667744],[-2.36870066617035,50.7203940250386],[-2.36872675206032,50.7203773056127],[-2.36874409770567,50.7203606147775],[-2.36874981965452,50.7203476568356],[-2.36874680703837,50.7203347265725],[-2.36813719476034,50.7194882163151],[-2.36809643467427,50.7194213889643],[-2.36811979185964,50.719428707209],[-2.36816100722904,50.7194840321522],[-2.36877355995245,50.7203342299203],[-2.36881418191903,50.7203137683479],[-2.3688664260954,50.7202895738609],[-2.36896830384194,50.7202800080267],[-2.36899734416911,50.720268824165],[-2.36899731513825,50.7202651281966],[-2.36897682628381,50.7202522533561],[-2.36827932904826,50.719343174149],[-2.36828218774766,50.7193357720793],[-2.36829383594181,50.719335735218],[-2.36898241750719,50.7202226617478],[-2.3690117786339,50.7202521425234],[-2.36902057693281,50.7202595094413],[-2.36904387661433,50.7202594355512],[-2.36912819095311,50.7202388361982],[-2.3692213166277,50.7202274489786],[-2.36935536482414,50.7202344165988],[-2.36945453340874,50.7202507376561],[-2.36950696759555,50.7202505711704],[-2.36953315490006,50.7202467910543],[-2.36958824724113,50.72021519239],[-2.3696171724679,50.7201892236051],[-2.36961421637148,50.7201836862072],[-2.3696054236737,50.7201763211163],[-2.36959071314196,50.720157883044],[-2.3689126463516,50.7194982886751],[-2.368601434323,50.7191868847476],[-2.36859847984208,50.7191813491131],[-2.36860718660552,50.7191776254754],[-2.36861889559216,50.7191849805131],[-2.36863938954312,50.719197855413],[-2.36913845545784,50.7196916589976],[-2.36962273984157,50.7201559332916],[-2.36963737623662,50.720165127849],[-2.3696461018909,50.7201632521023],[-2.36966635957968,50.7201465518865],[-2.36978469307176,50.7200075422148],[-2.3697904931092,50.7200038268254],[-2.36978456212472,50.7199909067662],[-2.36976701331305,50.7199817214807],[-2.36972022085381,50.7199578385723],[-2.36880214208628,50.7191511282199],[-2.36880502545574,50.7191474221221],[-2.36881664741981,50.7191436892311],[-2.36882541785693,50.7191473574985],[-2.36888403560437,50.7191933841758],[-2.36974347674089,50.7199522196955],[-2.36979024575786,50.7199724039117],[-2.36980483847899,50.7199760535992],[-2.36981930166669,50.7199630687312],[-2.36994045934095,50.7198129599622],[-2.36993747412527,50.7198037266056],[-2.36991118520745,50.7197945664263],[-2.36941754404415,50.7194315599692],[-2.36899545018313,50.7190898614154],[-2.36901872605455,50.7190868307674],[-2.36903745768303,50.7190986005673],[-2.36945477663328,50.7194255262817],[-2.36992357317211,50.7197789037786],[-2.36995617024147,50.7197758442078],[-2.3699700337286,50.7197610123],[-2.37008057151848,50.7195950566946],[-2.37007579461254,50.7195802867487],[-2.37002434490743,50.7195567919692],[-2.3691110860077,50.7189800769365],[-2.36912033704902,50.7189711752515],[-2.36914838799018,50.7189829154771],[-2.37002893545661,50.7195479050322],[-2.37007094922819,50.71955664378],[-2.37010361459154,50.7195624535968],[-2.37012672754808,50.7195387244119],[-2.37019555497809,50.7194024734275],[-2.37020009744818,50.719387671144],[-2.37017675160814,50.7193818317093],[-2.37012528303322,50.7193553810822],[-2.36935732349122,50.7188846666935],[-2.3693619373489,50.7188787365553],[-2.36937591702616,50.7188786921888],[-2.36940865158394,50.7188933734365],[-2.37013523244657,50.7193428988453],[-2.37018131878614,50.7193631534315],[-2.37019741237873,50.7193660159217],[-2.37020886323493,50.719361608974],[-2.37022025240752,50.71934991442],[-2.37030616443702,50.7191791466474],[-2.37029926435307,50.719177711761],[-2.37026009397863,50.7191603515958],[-2.36954053650891,50.7187662779054],[-2.36954051357637,50.7187633624968],[-2.36954967821038,50.7187604197153],[-2.36957039110007,50.718766183111],[-2.37025533796031,50.7191399655582],[-2.37028987422163,50.7191515113075],[-2.37030366433619,50.7191529269701],[-2.37031507640131,50.7191441460167],[-2.37032648705978,50.7191353668652],[-2.37039893562267,50.7190039864661],[-2.37039659207735,50.7189981674603],[-2.37037352818397,50.718985125694],[-2.37025136786126,50.7189272254552],[-2.36975323965489,50.718657769129],[-2.36975781189132,50.7186548391224],[-2.36977620423513,50.7186576961716],[-2.3697923333909,50.7186649309323],[-2.37018898620509,50.7188793364453],[-2.37031578887795,50.7189430484472],[-2.37039643122997,50.7189777668045],[-2.37040792225151,50.7189791870747],[-2.37041937297859,50.7189747783099],[-2.37042621558701,50.7189689273699],[-2.37053047265047,50.7187951891764],[-2.3705258357301,50.7187893747763],[-2.37050049728593,50.7187792539562],[-2.37005837679675,50.7186232830143],[-2.37006060550546,50.7186145312842],[-2.37009510409438,50.7186217102938],[-2.37018031791347,50.7186534961007],[-2.37052801840545,50.7187747967215],[-2.37053952228071,50.7187776728802],[-2.37055553524885,50.7187703367961],[-2.3706325045591,50.7186301990293],[-2.37063473459089,50.7186214490845],[-2.37063010916816,50.7186170914926],[-2.37060712021574,50.718614251913],[-2.37041357109423,50.7185303487864],[-2.37041581123245,50.7185230556538],[-2.37042495859661,50.7185186542207],[-2.37044801645124,50.7185302391601],[-2.3705056620034,50.7185606583256],[-2.37059780041034,50.7185967941026],[-2.37062312726182,50.7186054554015],[-2.37064149663716,50.7186053969065],[-2.37065066700501,50.7186039117621],[-2.37065749945253,50.7185966040011],[-2.37095018576287,50.7181011038055],[-2.37103199684493,50.7179930098598],[-2.37103890829549,50.7179959033089],[-2.3710618969684,50.7179987428096],[-2.37106193150912,50.7180031159196],[-2.37104825681562,50.7180162737757],[-2.37087821746119,50.7182922278435],[-2.37062662198662,50.7187097882483],[-2.3704520269547,50.7189915854222],[-2.3702639982148,50.7193548418194],[-2.37012592569167,50.71960883608],[-2.36999195926443,50.7198016118359],[-2.36980099726982,50.7200470310462],[-2.36964548303438,50.7202118855786],[-2.36957689355474,50.7202499911939],[-2.36951050427604,50.7202764323579],[-2.36943703275218,50.7202781224776],[-2.36934287343889,50.7202769645329],[-2.3692371956585,50.7202714707392],[-2.36912930322183,50.7202761853605],[-2.36899170681472,50.7202999366106],[-2.3688496879585,50.7203455606348],[-2.36880856405897,50.7203719204212],[-2.36875378128837,50.7204143532312],[-2.3685919343422,50.7205664161928],[-2.36837117588718,50.7208206677532],[-2.36800164813564,50.7212774750699],[-2.36780367786999,50.7215097988113],[-2.36773770920743,50.7215901536114],[-2.36771948690298,50.7216091528994],[-2.36770431361141,50.7216218700268],[-2.36737445457919,50.7217643579881],[-2.36649211887649,50.7220886035413],[-2.36528651698396,50.7225381596436],[-2.36435700469879,50.7228796837932],[-2.3637911430857,50.7230786198281],[-2.36354843326107,50.7231393848614],[-2.3634539681756,50.723152538252],[-2.36339643479175,50.7231503161514],[-2.36335366779748,50.7231384165274]]]]},"properties":{"OBJECTID":1077974,"LAYER":"DITCH","project":"Dorset Ridgeway","PERIOD":"POST MEDIEVAL","MONUMENT_TYPE":"WATER MEADOW","EVIDENCE_1":"EARTHWORK","HE_UID":" NONE GIVEN","HE_URL1":"https://gisportal.historicengland.org.uk/portal/sharing/rest/content/items/b19ecdd0d5584fb8a772fc875f3b1333/data","HER_NO":"MDO20560"}},{"type":"Feature","id":872264,"geometry":{"type":"Polygon","coordinates":[[[-2.37616599857567,50.7270309280062],[-2.37619555830731,50.7270068053547],[-2.37625770135332,50.7269980233548],[-2.37634972030868,50.7270045907161],[-2.37642566148952,50.7270300877869],[-2.37646116822347,50.7270728767186],[-2.37645889005436,50.7271260865461],[-2.37642418106372,50.7271828330157],[-2.37637843201129,50.7272121565151],[-2.37631093586779,50.7272278201263],[-2.37623238462349,50.7272143449423],[-2.37618081377972,50.7271922014771],[-2.37614268504627,50.7271597168267],[-2.37613139925251,50.7271014033828],[-2.37614452374934,50.7270515910391],[-2.37616599857567,50.7270309280062]]]},"properties":{"OBJECTID":872264,"LAYER":"BANK","project":"Dorset Ridgeway","PERIOD":"BRONZE AGE","MONUMENT_TYPE":"BARROW","EVIDENCE_1":"EARTHWORK","HE_UID":"455027","HE_URL1":"https://www.heritagegateway.org.uk/Gateway/Results_Single.aspx?uid=455027&resourceID=19191","HER_NO":"MDO2197"}},{"type":"Feature","id":1047595,"geometry":{"type":"MultiPolygon","coordinates":[[[[-2.37497859705305,50.7406572543618],[-2.37503877129879,50.7406225512518],[-2.3751143646505,50.7406261410019],[-2.37514460562835,50.7406279606896],[-2.37515080311781,50.7406471124612],[-2.37519040237814,50.7406853291109],[-2.37521175871244,50.7407101828582],[-2.37521817219126,50.7407561747664],[-2.37521556307451,50.740807947595],[-2.37519175076774,50.7408540370527],[-2.37516189267368,50.7409001451159],[-2.37514094993161,50.7409270535332],[-2.3751077792294,50.740936746899],[-2.37497768751031,50.7409218284385],[-2.37488089051813,50.7409125551752],[-2.37484750544906,50.7408954083213],[-2.37489781676168,50.7407610428035],[-2.37490671549737,50.7407399250702],[-2.3749246048188,50.7407091929066],[-2.37497859705305,50.7406572543618]]],[[[-2.37642553970929,50.7416814284698],[-2.37648293729385,50.7416774089761],[-2.37653441346841,50.7416887449662],[-2.37655273268264,50.7417116919314],[-2.37654691894363,50.7417404688602],[-2.37652292293899,50.7417635519782],[-2.3764866828808,50.7417675038765],[-2.37643826030219,50.7417599925112],[-2.37641091848508,50.7417428265409],[-2.37638949954484,50.7417103032563],[-2.37642553970929,50.7416814284698]]],[[[-2.37565579776629,50.7418104524499],[-2.37569507620566,50.7418084091567],[-2.37572833946878,50.7418102180254],[-2.37575881001473,50.741840794909],[-2.3757348149946,50.7418638787612],[-2.37568648307543,50.7418678694905],[-2.3756410220718,50.7418526782584],[-2.3756317245915,50.7418239511001],[-2.37563772300027,50.7418181799191],[-2.37565579776629,50.7418104524499]]],[[[-2.37594131592388,50.7419839935704],[-2.37596546728623,50.7419800809361],[-2.37600179969579,50.7419876324998],[-2.37602010340952,50.7420086623314],[-2.37601731083019,50.7420374294611],[-2.37597505675898,50.7420452342856],[-2.37591457433197,50.7420415953382],[-2.37589930752694,50.7420224729371],[-2.37589912329948,50.7419994672345],[-2.37594131592388,50.7419839935704]]],[[[-2.37530697289722,50.742035890266],[-2.37535834045861,50.742033807159],[-2.37540995475174,50.7420623985969],[-2.37539214189821,50.7421027169135],[-2.37534084948907,50.7421143852258],[-2.37528932714849,50.7420972970595],[-2.37525291814211,50.7420801600881],[-2.37524977258834,50.7420648321096],[-2.37526172500384,50.74204753903],[-2.37530697289722,50.742035890266]]],[[[-2.37402344137711,50.7421742291711],[-2.37412310955257,50.7421643230346],[-2.37419278310869,50.7421832705605],[-2.37424146561134,50.742223374652],[-2.37424482482649,50.742265541923],[-2.37417550261072,50.7422906886403],[-2.37405759091392,50.7422872335549],[-2.37401516684922,50.7422739500773],[-2.37400298479087,50.7422624856645],[-2.37398775065899,50.7422471974335],[-2.37398756736841,50.7422241917135],[-2.37399642096305,50.7421973223991],[-2.37402344137711,50.7421742291711]]]]},"properties":{"OBJECTID":1047595,"LAYER":"DITCH","project":"Dorset Ridgeway","PERIOD":"POST MEDIEVAL","MONUMENT_TYPE":"CHALK PIT","EVIDENCE_1":"EARTHWORK","HE_UID":" NONE GIVEN","HE_URL1":"https://gisportal.historicengland.org.uk/portal/sharing/rest/content/items/b19ecdd0d5584fb8a772fc875f3b1333/data","HER_NO":"MDO20497"}},{"type":"Feature","id":1119288,"geometry":{"type":"Polygon","coordinates":[[[-2.37621664509493,50.7203526554549],[-2.37623075771076,50.7203206952016],[-2.37625205654648,50.7202887117123],[-2.37625191046587,50.7202704756402],[-2.3762948718704,50.7202521001846],[-2.37633790630161,50.7202428431992],[-2.37639516277618,50.7202153018567],[-2.37645238407248,50.7201832030389],[-2.3765745580792,50.7201873671145],[-2.37664669436529,50.7202236067464],[-2.37664691372136,50.7202509612987],[-2.37659046294557,50.7203788015852],[-2.37658378843528,50.7204426515303],[-2.37661996714182,50.720474448168],[-2.37659877956,50.7205201094408],[-2.37656333043417,50.7205794931432],[-2.37651336811386,50.7206206872543],[-2.3764560381276,50.7206391101779],[-2.37642007862284,50.720634667145],[-2.37635512532049,50.7205984032533],[-2.37627543574877,50.7205165960655],[-2.37623170719611,50.7204392310183],[-2.37621664509493,50.7203526554549]]]},"properties":{"OBJECTID":1119288,"LAYER":"EXTENT_OF_FEATURE","project":"Dorset Ridgeway","PERIOD":"POST MEDIEVAL","MONUMENT_TYPE":"CHALK PIT","EVIDENCE_1":"EARTHWORK","HE_UID":" NONE GIVEN","HE_URL1":"https://gisportal.historicengland.org.uk/portal/sharing/rest/content/items/b19ecdd0d5584fb8a772fc875f3b1333/data","HER_NO":"MDO20569"}},{"type":"Feature","id":969513,"geometry":{"type":"Polygon","coordinates":[[[-2.36970499544773,50.7243981981715],[-2.36971214295112,50.7243991125055],[-2.36981885956455,50.7244317059067],[-2.36989745826487,50.7244691269618],[-2.36993820146224,50.7244998185306],[-2.36996544501003,50.7245305521273],[-2.36996566080088,50.7245579481211],[-2.3699578149638,50.7245905073667],[-2.36995251033056,50.7246025098943],[-2.36994715033452,50.7246076636526],[-2.36993364919915,50.7246077065967],[-2.36993359525779,50.724600857823],[-2.36994407390978,50.7245597290228],[-2.36993847117876,50.7245340632987],[-2.36993020868111,50.7245135418438],[-2.36990301910319,50.724489657012],[-2.36984333537226,50.7244538880521],[-2.36974853686853,50.7244165193595],[-2.36971159992541,50.7244066187557],[-2.36968885044716,50.7244066613917],[-2.36966091119124,50.7244142259415],[-2.36962718596923,50.7244358278097],[-2.36959792632994,50.724463021614],[-2.36957752579289,50.7244920568723],[-2.36956611841163,50.7245406895239],[-2.36956648604926,50.7245874142487],[-2.36955472428553,50.724591189945],[-2.36954441072466,50.7245912227155],[-2.36954419750201,50.7245641216735],[-2.36954820586386,50.7245117760086],[-2.36958008874065,50.7244434532235],[-2.36961960448263,50.7244087501841],[-2.36966372411266,50.7243973958957],[-2.36968730495106,50.7243973209458],[-2.36970499544773,50.7243981981715]]]},"properties":{"OBJECTID":969513,"LAYER":"DITCH","project":"Dorset Ridgeway","PERIOD":"BRONZE AGE","MONUMENT_TYPE":"BARROW","EVIDENCE_1":"EARTHWORK","HE_UID":" NONE GIVEN","HE_URL1":"https://gisportal.historicengland.org.uk/portal/sharing/rest/content/items/b19ecdd0d5584fb8a772fc875f3b1333/data","HER_NO":"MDO20571"}},{"type":"Feature","id":1047280,"geometry":{"type":"Polygon","coordinates":[[[-2.37886581919134,50.7391488748992],[-2.37920591974965,50.7391294081854],[-2.37935060012098,50.7391151682072],[-2.3794519836568,50.7391194254926],[-2.37956057593124,50.7391190710239],[-2.37963285755545,50.739105067032],[-2.37971237786091,50.7390910393542],[-2.37977753205073,50.7390908265434],[-2.37982820879083,50.7390906609947],[-2.38009610000852,50.739094375423],[-2.38030080301463,50.7390930945018],[-2.38047857430269,50.7390860722203],[-2.38053944208792,50.7390729899112],[-2.38059019695972,50.7390663822256],[-2.38062557712706,50.7390437187294],[-2.38066085281372,50.739008174263],[-2.38069638961641,50.739004835782],[-2.38079292606779,50.7390045196411],[-2.38084360102506,50.7389882493322],[-2.38091978396246,50.7389847776323],[-2.38093515872629,50.7390008324825],[-2.38089969892552,50.7390138335586],[-2.38076773155445,50.7390303701555],[-2.3806865175022,50.7390402988807],[-2.38065614084566,50.7390532814402],[-2.38060051305982,50.7390856731053],[-2.38051937719634,50.7391052642328],[-2.3803822274426,50.7391089333557],[-2.38009773385509,50.7391130850192],[-2.37982332431567,50.7391075402703],[-2.37968114192523,50.7391176683585],[-2.37955935930296,50.7391373897537],[-2.37947807236763,50.7391376551005],[-2.37935613345955,50.7391380530424],[-2.37917333199394,50.7391515342665],[-2.37890418615322,50.7391685169625],[-2.3788482970926,50.7391686990946],[-2.37882795076037,50.7391655432689],[-2.37882281551087,50.7391591184512],[-2.37883292298642,50.7391526439667],[-2.37886581919134,50.7391488748992]]]},"properties":{"OBJECTID":1047280,"LAYER":"DITCH","project":"Dorset Ridgeway","PERIOD":"POST MEDIEVAL","MONUMENT_TYPE":"CHALK PIT","EVIDENCE_1":"EARTHWORK","HE_UID":" NONE GIVEN","HE_URL1":"https://gisportal.historicengland.org.uk/portal/sharing/rest/content/items/b19ecdd0d5584fb8a772fc875f3b1333/data","HER_NO":"MDO20498"}},{"type":"Feature","id":1110569,"geometry":{"type":"MultiPolygon","coordinates":[[[[-2.37565610391085,50.7194380686612],[-2.37567762010519,50.7194334398471],[-2.37569928357878,50.7194470480038],[-2.37599483142512,50.7195691918317],[-2.37617506283553,50.7196461149616],[-2.37621105807071,50.7196551173311],[-2.37619676165242,50.7196642822682],[-2.37617520889002,50.7196643519357],[-2.37615354517642,50.719650743873],[-2.37603104554839,50.7196055479239],[-2.37582203922319,50.7195241572268],[-2.37566343303917,50.7194562824547],[-2.37565610391085,50.7194380686612]]],[[[-2.3744153400401,50.719711059604],[-2.37439375232888,50.7197065696904],[-2.37440804770668,50.7196974058704],[-2.37462369026794,50.7197103891036],[-2.37477456402857,50.7197099033382],[-2.37481048770101,50.7197097876466],[-2.37481059683421,50.7197234644876],[-2.37478907900247,50.7197280931508],[-2.37471723304549,50.7197283245057],[-2.37445130005986,50.7197155032707],[-2.3744153400401,50.719711059604]]],[[[-2.37309900657283,50.7196810730087],[-2.37313135023281,50.7196718262976],[-2.37313859111087,50.7196763750384],[-2.37313864557836,50.7196832318998],[-2.37313507960559,50.7196878143909],[-2.37288705567018,50.7197526104633],[-2.37279365865224,50.7197849097896],[-2.37259605876622,50.7198495437208],[-2.37256729904833,50.7198564937339],[-2.3725528912835,50.7198565398588],[-2.37255283689478,50.7198496820962],[-2.37258516265688,50.7198381505106],[-2.37286175177681,50.7197412625442],[-2.37309900657283,50.7196810730087]]],[[[-2.37647050356831,50.7197545806966],[-2.37652075736744,50.7197498587594],[-2.37685157181858,50.7197898204435],[-2.37702432939063,50.7198302933375],[-2.37719752661527,50.7199254750608],[-2.37727699565272,50.7199799279731],[-2.3772482579728,50.7199800211341],[-2.37718337533598,50.7199528761849],[-2.37703176890206,50.7198621838556],[-2.37696692597978,50.7198395980115],[-2.37680142773598,50.7198082202492],[-2.376499423832,50.7197772830443],[-2.37647061318914,50.7197682575255],[-2.37647050356831,50.7197545806966]]],[[[-2.37213814690744,50.7199102366439],[-2.37217775125939,50.7199078240113],[-2.37217060098586,50.719914703917],[-2.37212028167842,50.7199285798073],[-2.37192632015691,50.719997772055],[-2.37183288721291,50.7200254996863],[-2.37181487708588,50.7200255572313],[-2.37180763769877,50.7200210084024],[-2.37182917634632,50.7200117965657],[-2.37213814690744,50.7199102366439]]],[[[-2.37658349218386,50.7201544550533],[-2.37687791096852,50.7201195009836],[-2.37708321136485,50.7201075022816],[-2.37711897543513,50.7201130536653],[-2.37713688234313,50.7201186620105],[-2.37712799784783,50.7201243580774],[-2.376953840115,50.720122088698],[-2.37673523410408,50.7201454639012],[-2.37656125803048,50.7201658606541],[-2.37653451343737,50.720171614468],[-2.37653000158589,50.7201659617904],[-2.37658349218386,50.7201544550533]]],[[[-2.3758908469956,50.7200858588322],[-2.37620308045822,50.7200451816444],[-2.37655130586125,50.720038389036],[-2.37695347628944,50.7200767552715],[-2.37696691533477,50.7200823781155],[-2.37696251855605,50.7200908923714],[-2.37694019357303,50.7200909646853],[-2.37689998587291,50.7200882621747],[-2.37667662101992,50.7200748180828],[-2.376408585062,50.7200586844186],[-2.37622554159337,50.7200621099634],[-2.37612735709373,50.7200680937214],[-2.37600698227424,50.7200911509293],[-2.37566784359965,50.7201177471616],[-2.37550275327583,50.7201324472775],[-2.37528435162325,50.7201813191719],[-2.37507945909466,50.7202443153222],[-2.37503934043401,50.7202529446435],[-2.37503034254291,50.7202444736219],[-2.37523521250983,50.7201786448893],[-2.3753510564313,50.7201471030631],[-2.37552047594935,50.7201153891538],[-2.3758908469956,50.7200858588322]]],[[[-2.37247037179655,50.7198979471267],[-2.3725206895493,50.7198840710927],[-2.37252794994595,50.7198909057882],[-2.37248847249085,50.7199093172876],[-2.37242738403931,50.7199277988368],[-2.37214362591626,50.720029279791],[-2.37159064323281,50.7202481933401],[-2.37154754611912,50.7202643310101],[-2.3715259349884,50.7202644000096],[-2.37152946501151,50.7202552466193],[-2.37178077021966,50.7201492988415],[-2.3722044987011,50.7199833700242],[-2.37247037179655,50.7198979471267]]],[[[-2.37131259079497,50.7202785935956],[-2.37159968052638,50.7201428178721],[-2.37162851573719,50.7201450117695],[-2.3716106335505,50.720161068934],[-2.3715101024881,50.7202025330615],[-2.37132348669724,50.7202899869284],[-2.3713090968651,50.7202923188246],[-2.37130545840537,50.7202877593739],[-2.37131259079497,50.7202785935956]]],[[[-2.37459738092125,50.7202354004844],[-2.37471245797287,50.7202072772272],[-2.37473633302998,50.7202097228355],[-2.37473637328476,50.7202147685815],[-2.37472450620001,50.7202223760584],[-2.37463720000264,50.7202428406635],[-2.37444659748305,50.7202737302817],[-2.37423614038118,50.7203072068335],[-2.37412487409398,50.7203151338712],[-2.374104916444,50.7203051053803],[-2.37423995303951,50.7202870101667],[-2.37444643658924,50.7202535472947],[-2.37459738092125,50.7202354004844]]],[[[-2.37188638563243,50.7202952496606],[-2.37190790629267,50.720283751886],[-2.3719187299608,50.7202860032727],[-2.37191876615114,50.7202905742163],[-2.37181465227043,50.7203343369352],[-2.37170326399489,50.7203689779838],[-2.37167805048064,50.7203690585192],[-2.37166000405539,50.7203645450988],[-2.37174981736597,50.7203345440768],[-2.37188638563243,50.7202952496606]]],[[[-2.37246405524434,50.7200099686207],[-2.37250365824705,50.7200075558806],[-2.3725109353716,50.720016676502],[-2.37250738743906,50.7200235448963],[-2.37241022705327,50.7200352848623],[-2.37232758172328,50.7200606923842],[-2.37187152536318,50.7202381530621],[-2.37145847386395,50.7203880456851],[-2.37142618076351,50.7204041497236],[-2.37141173667956,50.7203996238671],[-2.3714116463171,50.7203881951563],[-2.37167741750216,50.7202890593523],[-2.37192162650527,50.720196849815],[-2.37224478998376,50.7200678142832],[-2.37234175402156,50.7200309320101],[-2.37246405524434,50.7200099686207]]],[[[-2.3759458103103,50.7202585206564],[-2.37594574227117,50.7202500199602],[-2.37589216212242,50.7202501930429],[-2.37568244250966,50.7202678712089],[-2.37539239489856,50.7202914745336],[-2.37514706649004,50.720323433905],[-2.37497313428525,50.72034949545],[-2.37493297169441,50.7203524575986],[-2.37491062397118,50.7203496968589],[-2.37491430934581,50.7203464232872],[-2.37521926897218,50.7203010409975],[-2.37551796583721,50.7202677860696],[-2.37572774051771,50.7202509632381],[-2.37587394077544,50.7202383822707],[-2.37607741803869,50.7202296520121],[-2.37626168477257,50.720204837801],[-2.37638883314216,50.7201963537699],[-2.37642054077116,50.7201841414777],[-2.37641424368191,50.7201922347025],[-2.37615387605782,50.7202455497121],[-2.37588065503952,50.7202827608519],[-2.37534716106447,50.7203853922301],[-2.37500390687726,50.7204147534535],[-2.37496023681852,50.7204118725853],[-2.37496019157877,50.7204062054518],[-2.3749824488615,50.7203976337128],[-2.37509400665898,50.7203887741586],[-2.37521893826286,50.7203770368381],[-2.37533045068012,50.7203625099271],[-2.37543747536357,50.7203451646495],[-2.37563810818325,50.7203076825744],[-2.3758342983369,50.7202730481467],[-2.37592797293614,50.7202614119188],[-2.3759458103103,50.7202585206564]]],[[[-2.37244939741587,50.7202852484695],[-2.37268297957246,50.7202427531928],[-2.37285834044452,50.7202329144429],[-2.37307024859773,50.7202229573695],[-2.37322371775146,50.7202178267568],[-2.37351595899815,50.7201983350961],[-2.37379361797692,50.7201835280501],[-2.37383065161607,50.7201884468724],[-2.37384509586791,50.7201929724257],[-2.37383438127108,50.7202044349359],[-2.373561069404,50.720260170691],[-2.37343152418987,50.7202765865238],[-2.37335862818492,50.7202770596358],[-2.37322171757686,50.7202729268639],[-2.37311362136576,50.720268702446],[-2.37291185644683,50.7202624921545],[-2.37269937669584,50.7202677448239],[-2.3724403245978,50.7203051462788],[-2.37213089940403,50.7203495653024],[-2.37194010130051,50.7203638893773],[-2.3715912512321,50.7204335760676],[-2.37151506876852,50.7204552267693],[-2.37149306545619,50.720446020004],[-2.37151488533978,50.7204320339247],[-2.37183596562194,50.7203614290016],[-2.37202580058303,50.720332990321],[-2.37222305223498,50.7203184440264],[-2.37244939741587,50.7202852484695]]],[[[-2.37444738186809,50.7203721254896],[-2.37453081549618,50.7203642877252],[-2.37452290595256,50.720369359957],[-2.37447924984807,50.7203795922048],[-2.37439589661999,50.7203975214265],[-2.37422927178739,50.720443471185],[-2.37411031660388,50.7204842224885],[-2.37410238689002,50.7204867704704],[-2.37409045935091,50.7204868088152],[-2.3740983086862,50.7204741684399],[-2.3742886710126,50.7204130039884],[-2.37444738186809,50.7203721254896]]],[[[-2.37476953655777,50.7203884931399],[-2.37478369658389,50.720388447536],[-2.37478375036217,50.7203951874869],[-2.37474847291975,50.7204110268559],[-2.37468846773493,50.7204336859617],[-2.37462484939897,50.720447371036],[-2.37449761401663,50.7204747392798],[-2.37435271138742,50.7205066579409],[-2.37428564375091,50.7205315859732],[-2.37410903882009,50.7205838257797],[-2.37406315883222,50.7206019463421],[-2.37405253876306,50.7206019804806],[-2.37405248509736,50.7205952414266],[-2.37405951146142,50.7205884778153],[-2.37419720639974,50.7205408569286],[-2.37437027105397,50.7204886283826],[-2.37468483670639,50.7204224647121],[-2.37476953655777,50.7203884931399]]],[[[-2.37390359468283,50.7205710067404],[-2.37392835977867,50.7205686807538],[-2.37392839554379,50.7205731734568],[-2.37391784418329,50.7205821938972],[-2.37380843611726,50.7206252307777],[-2.37375195093311,50.7206456316971],[-2.37364583240651,50.7206572054383],[-2.37350432573908,50.7206711390876],[-2.37339461065841,50.7206759849183],[-2.37334508312882,50.720680636654],[-2.37333092159497,50.7206806820896],[-2.37338041482308,50.720671536752],[-2.37343346592545,50.7206646272844],[-2.37357146688203,50.7206551977943],[-2.37369169474076,50.720636838684],[-2.37374828577485,50.7206299168072],[-2.37390359468283,50.7205710067404]]],[[[-2.37111056187925,50.720576588123],[-2.37113575744697,50.7205742217857],[-2.37113222732968,50.720583376065],[-2.37111432675161,50.7205971481363],[-2.37102460137525,50.7206385774041],[-2.37072673446765,50.7207789571838],[-2.37071234445429,50.7207812890101],[-2.37071229034188,50.7207744321412],[-2.37072659015758,50.7207606716008],[-2.37089165177225,50.7206801443867],[-2.37111056187925,50.720576588123]]],[[[-2.3716939581248,50.7205587251157],[-2.37189547084277,50.7205329390877],[-2.37202155978323,50.7205348211246],[-2.37206118136168,50.7205346944462],[-2.37206483802074,50.7205415397923],[-2.37206127187687,50.7205461222535],[-2.37193523719643,50.720551097125],[-2.37178762740073,50.7205607118553],[-2.37168691761489,50.7205793196204],[-2.37152513469738,50.7206186943276],[-2.37125581455535,50.7207246981818],[-2.37101518437048,50.7208146098986],[-2.3709612988878,50.7208330677418],[-2.37093968749174,50.7208331366382],[-2.3709288276493,50.720826314217],[-2.37107607593427,50.7207709866083],[-2.3715070520325,50.7206096090419],[-2.3716939581248,50.7205587251157]]],[[[-2.37094595366553,50.720714258294],[-2.37097113126373,50.7207096060681],[-2.37098197303913,50.7207141434629],[-2.37098200913809,50.7207187144084],[-2.37077745202201,50.7208153676698],[-2.370730805852,50.7208383743002],[-2.37070919303633,50.7208384431585],[-2.37070913891719,50.7208315853905],[-2.37074498082226,50.7208086140929],[-2.37094595366553,50.720714258294]]],[[[-2.37388658524885,50.7203486983759],[-2.37402547924488,50.7203154533825],[-2.37399387110927,50.7203407852554],[-2.37386696618696,50.7203815609604],[-2.37366461852409,50.7204351939521],[-2.37349799283709,50.7204811435827],[-2.37314469991278,50.7205529211024],[-2.37285500008383,50.7206219713315],[-2.37243041957187,50.7207292971812],[-2.37212491496318,50.720811011368],[-2.37182732062323,50.7208876527153],[-2.37160908292542,50.7209438563834],[-2.37150193352276,50.720969428839],[-2.37143440231297,50.7209772128024],[-2.37142645100628,50.7209772381841],[-2.37141442218496,50.7209646623266],[-2.37143026636057,50.7209570424791],[-2.37165253916211,50.720908395524],[-2.37219214453039,50.7207653816264],[-2.37287861490291,50.720591619489],[-2.37339060345666,50.7204764414414],[-2.37365654548105,50.7204200822423],[-2.37388658524885,50.7203486983759]]],[[[-2.37380067670595,50.7205398849657],[-2.37392437265614,50.7205125279464],[-2.37393502847789,50.7205169874223],[-2.37391383919751,50.7205237956371],[-2.3738113861529,50.7205510835079],[-2.37368422150235,50.7205874380851],[-2.3736099632982,50.7205989094736],[-2.3733589410963,50.7206423996336],[-2.37289578357575,50.7207225163152],[-2.372750862659,50.7207521866666],[-2.37264134475574,50.7207817425708],[-2.37236231806743,50.7208657610774],[-2.37219626147139,50.7209089777486],[-2.37187818164859,50.7209796388751],[-2.37153528349817,50.7210458855779],[-2.37148577315775,50.7210527837892],[-2.37147869304104,50.7210528063933],[-2.37147865751162,50.7210483136849],[-2.37149630449786,50.7210415172122],[-2.37183210477873,50.7209730459957],[-2.37216078696954,50.7209001046742],[-2.37240104765171,50.720838677513],[-2.3725246561494,50.7208000901804],[-2.37275780152156,50.7207341913609],[-2.37307950614992,50.720674749212],[-2.37341186715776,50.7206197648127],[-2.37368413214124,50.7205762054271],[-2.37380067670595,50.7205398849657]]],[[[-2.37345467846172,50.7210008677156],[-2.3734725402208,50.7210008103867],[-2.3734681427239,50.7210093254243],[-2.37345037248498,50.7210207161237],[-2.37336587364317,50.7210634883104],[-2.37331686881286,50.721077812852],[-2.37330347353362,50.7210778558281],[-2.37329452082837,50.721075050909],[-2.37329447579739,50.7210693846704],[-2.37331671118424,50.7210579796681],[-2.37341462925827,50.7210179971943],[-2.37345467846172,50.7210008677156]]],[[[-2.37474464322926,50.7204622659308],[-2.37478238483654,50.7204516560486],[-2.37479249636047,50.7204548240293],[-2.37478755550737,50.720467641232],[-2.37449065953451,50.7205518086152],[-2.37413319108035,50.720629768033],[-2.37371020882637,50.7207143387933],[-2.37332232417556,50.7207731910566],[-2.37299992884705,50.7208222313876],[-2.37258715577889,50.720922767262],[-2.37218454309707,50.7210328690584],[-2.37195796862525,50.7210816000236],[-2.37168577531433,50.7211016722328],[-2.37151944406954,50.7211150056429],[-2.37148920814494,50.721118302732],[-2.37147872182057,50.7211071401282],[-2.37160790245228,50.721088491059],[-2.37172997018656,50.72107898241],[-2.37193825297951,50.7210691980767],[-2.37208169486232,50.7210368247972],[-2.37231307719092,50.7209761420239],[-2.37266433176798,50.7208747160092],[-2.37300143222286,50.7208006887337],[-2.3733602646362,50.7207493867042],[-2.37366880487172,50.7206982450948],[-2.37397015954588,50.7206471257737],[-2.37422122228632,50.7205961674313],[-2.37449372860565,50.7205314623568],[-2.37474464322926,50.7204622659308]]],[[[-2.37389459690834,50.7207545577291],[-2.37391477184802,50.7207544929015],[-2.37389971635641,50.7207641420244],[-2.37385954760866,50.7207866740271],[-2.37346024803125,50.7209161598534],[-2.37323427352581,50.7209932700191],[-2.37310015201155,50.7210453720672],[-2.37293437943022,50.7211245341284],[-2.37287093796471,50.7211606835986],[-2.37277931705419,50.7212148945979],[-2.37270883084764,50.7212555593731],[-2.37267351640112,50.7212669054356],[-2.37254987116469,50.7213010011403],[-2.37253923311115,50.7212987878924],[-2.37254625981531,50.7212920261646],[-2.37256480606521,50.7212844856428],[-2.37270566825987,50.7212392286262],[-2.3729013984898,50.7211169860308],[-2.37316271705059,50.720997732449],[-2.37346955027762,50.7208943340724],[-2.37389459690834,50.7207545577291]]],[[[-2.37340834261043,50.7208081201898],[-2.37354925202219,50.7207692622376],[-2.37357452089803,50.7207755813138],[-2.37353931866684,50.7207884965177],[-2.3733934170296,50.7208337706769],[-2.37316722617798,50.7209305091583],[-2.37298132942898,50.7210207169637],[-2.37281573547539,50.7211268612817],[-2.3725898466228,50.7212620025134],[-2.3724742532733,50.7213135796039],[-2.37233336525869,50.7213556358814],[-2.37232327907343,50.7213556681571],[-2.37232325370503,50.7213524676885],[-2.37234335138852,50.7213428026253],[-2.37250428338105,50.72128467942],[-2.37269509822204,50.7211784547428],[-2.37296102872876,50.7210047792892],[-2.37315191623886,50.7209081553129],[-2.37338320092871,50.7208178016147],[-2.37340834261043,50.7208081201898]]],[[[-2.3730443632502,50.721153387589],[-2.3731112183051,50.7211015013157],[-2.37313247935115,50.7211036795474],[-2.37311143244139,50.7211284593409],[-2.37303749722048,50.7211803692134],[-2.37292820895142,50.7212391306858],[-2.3727340242135,50.7213071505904],[-2.37249025569655,50.7213730834178],[-2.37206258208807,50.7214643153851],[-2.37184334630157,50.7214987150947],[-2.37183626611737,50.721498737722],[-2.37183617719906,50.7214875050548],[-2.37187506768358,50.7214806415302],[-2.37235234142324,50.7213937434421],[-2.37270920519152,50.7213027372748],[-2.37292100395962,50.721223428012],[-2.3730443632502,50.721153387589]]],[[[-2.37400453078597,50.7212424152386],[-2.37410332133515,50.7211994131923],[-2.37414575271858,50.7211925366365],[-2.37417763405776,50.7211946805258],[-2.37419547757907,50.7212125962098],[-2.37420264720604,50.721223806094],[-2.37419199120389,50.7212193475464],[-2.37417071357124,50.7212149222553],[-2.37412819269379,50.7212105652671],[-2.37409286216223,50.7212196662952],[-2.37403637637663,50.7212400664638],[-2.37391641535753,50.721292123924],[-2.3737010971964,50.7213736935807],[-2.37354222740851,50.7214303684459],[-2.3735139753451,50.7214394456788],[-2.37348216532141,50.721446287917],[-2.37337254052745,50.7214623655151],[-2.37309667645126,50.7214991965788],[-2.37285265778107,50.7215336776426],[-2.37284203608139,50.7215337116799],[-2.37283842465748,50.7215247367152],[-2.37285963096576,50.7215201750408],[-2.37323099563235,50.7214718061808],[-2.37350326576411,50.7214282471139],[-2.37400453078597,50.7212424152386]]]]},"properties":{"OBJECTID":1110569,"LAYER":"DITCH","project":"Dorset Ridgeway","PERIOD":"UNCERTAIN","MONUMENT_TYPE":"TRACKWAY","EVIDENCE_1":"EARTHWORK","HE_UID":" NONE GIVEN","HE_URL1":"https://gisportal.historicengland.org.uk/portal/sharing/rest/content/items/b19ecdd0d5584fb8a772fc875f3b1333/data","HER_NO":"MDO20566"}},{"type":"Feature","id":969470,"geometry":{"type":"Polygon","coordinates":[[[-2.36425550404536,50.7358942350545],[-2.36430115918111,50.7358929355001],[-2.36432483404186,50.735883595998],[-2.36434661326742,50.7358649971319],[-2.36434457386474,50.7358372094201],[-2.36433895229856,50.7358198556129],[-2.36431329199166,50.7358083541888],[-2.3642821969541,50.7358026620656],[-2.36427852302605,50.7358003570293],[-2.36428395777644,50.7357945486221],[-2.36429856128044,50.735793345479],[-2.36433701175264,50.7358048068178],[-2.36435537904343,50.7358174875736],[-2.36436465705264,50.7358359872943],[-2.36436304950207,50.7358649456119],[-2.36435042957391,50.7358858314223],[-2.36432493288207,50.7358963340155],[-2.36430488560785,50.7359021882227],[-2.36427566813552,50.7359034371656],[-2.36424276916595,50.7359012237117],[-2.36423906071507,50.7358942865816],[-2.36424086458857,50.7358908079026],[-2.36425550404536,50.7358942350545]]]},"properties":{"OBJECTID":969470,"LAYER":"DITCH","project":"Dorset Ridgeway","PERIOD":"BRONZE AGE","MONUMENT_TYPE":"BARROW","EVIDENCE_1":"EARTHWORK","HE_UID":"455024","HE_URL1":"https://www.heritagegateway.org.uk/Gateway/Results_Single.aspx?uid=455024&resourceID=19191","HER_NO":"MDO2203"}},{"type":"Feature","id":1038605,"geometry":{"type":"MultiPolygon","coordinates":[[[[-2.36396159407039,50.7386905510689],[-2.3641428763,50.7386502638426],[-2.36431795759561,50.7386179391223],[-2.36444319150127,50.7386175465448],[-2.36447456165019,50.7386253924382],[-2.36452474802548,50.7386371514432],[-2.36451861053189,50.738653058295],[-2.36448736370052,50.7386610996317],[-2.36438711426568,50.7386534705849],[-2.36424321814024,50.7386698091879],[-2.36406193592213,50.7387100965701],[-2.36388056103958,50.7387384684815],[-2.36379915992024,50.7387387232764],[-2.3638053284418,50.7387267875923],[-2.36384274536111,50.7387068107474],[-2.36396159407039,50.7386905510689]]],[[[-2.36116025666749,50.7389436299024],[-2.36101097121864,50.7389086475822],[-2.36090542044361,50.7389089753598],[-2.36090529934109,50.7388932221246],[-2.36094249090237,50.7388852298352],[-2.36108532544647,50.7388887250608],[-2.36121601440562,50.7389277030312],[-2.36135927348308,50.7389863333411],[-2.36137178277277,50.7389981101089],[-2.36137184340249,50.7390059867259],[-2.36134703701798,50.7390100017981],[-2.36116025666749,50.7389436299024]]],[[[-2.36356223227817,50.7388258666216],[-2.36359327731022,50.7388257695169],[-2.36360575519334,50.7388336072911],[-2.36359346031624,50.7388493993615],[-2.36351301933763,50.7388850961292],[-2.363042425241,50.7390519797903],[-2.36287521139041,50.739107639563],[-2.36281936270004,50.7391117527527],[-2.36284398495606,50.7390841066268],[-2.3631164742149,50.7389926729002],[-2.36352516177802,50.7388496129795],[-2.36356223227817,50.7388258666216]]],[[[-2.36187898239906,50.73902672552],[-2.36204148220664,50.7389865000371],[-2.36205412793696,50.7390023482527],[-2.36199169420919,50.73902637456],[-2.36177913049092,50.7390707279306],[-2.36155395136272,50.7391032046766],[-2.36124122999709,50.7391518397908],[-2.36097838727298,50.7391725160937],[-2.36072806758008,50.7391931529403],[-2.36059669178293,50.7392094490841],[-2.36050927147385,50.7392414954617],[-2.36049677869569,50.7392455063337],[-2.36049671769435,50.7392375622716],[-2.36053407543181,50.739209643322],[-2.36070903925542,50.7391614367851],[-2.36097188062208,50.7391407610936],[-2.36135366555464,50.7391157429735],[-2.36159759985798,50.7390792370443],[-2.36187898239906,50.73902672552]]],[[[-2.3609604872958,50.7392877588285],[-2.36069746058495,50.7392846032147],[-2.36062858178062,50.7392848169367],[-2.36060353378301,50.7392848946472],[-2.36059091896668,50.7392730174055],[-2.36060964359229,50.7392650159636],[-2.36069101655251,50.7392607913572],[-2.36087260770639,50.7392602277186],[-2.36120460615146,50.7392750841045],[-2.36148656997494,50.7392980394112],[-2.36164326907148,50.7393174117109],[-2.36163083614688,50.7393293667692],[-2.36154940339325,50.7393256479663],[-2.36131130076422,50.739306528606],[-2.3609604872958,50.7392877588285]]],[[[-2.36064241707792,50.7394555682139],[-2.36062344830293,50.7394317952131],[-2.36064849496171,50.7394317175024],[-2.36074245399569,50.7394353980592],[-2.36086769013076,50.7394350093153],[-2.36110560851086,50.7394302982999],[-2.36127452557479,50.7394099136807],[-2.3613182967719,50.7394018333756],[-2.36131838848295,50.7394137494671],[-2.36129966391952,50.7394217510224],[-2.36119333575566,50.7394379690795],[-2.3610932073809,50.739446224428],[-2.36090544332629,50.7394587239532],[-2.3607614228323,50.7394591710404],[-2.36064241707792,50.7394555682139]]]]},"properties":{"OBJECTID":1038605,"LAYER":"DITCH","project":"Dorset Ridgeway","PERIOD":"MEDIEVAL\\POST MEDIEVAL","MONUMENT_TYPE":"TRACKWAY","EVIDENCE_1":"EARTHWORK","HE_UID":" NONE GIVEN","HE_URL1":"https://gisportal.historicengland.org.uk/portal/sharing/rest/content/items/b19ecdd0d5584fb8a772fc875f3b1333/data","HER_NO":"MDO20519"}},{"type":"Feature","id":1082022,"geometry":{"type":"MultiPolygon","coordinates":[[[[-2.37554041086168,50.7253158804476],[-2.37562830293788,50.7252876415341],[-2.37571664220248,50.7253153112502],[-2.37570827749665,50.7253712484112],[-2.37564681992593,50.7253994029049],[-2.37557623868242,50.7253884482946],[-2.3755320012379,50.7253662269105],[-2.37552314453117,50.7253606646743],[-2.37554041086168,50.7253158804476]]],[[[-2.38176899947392,50.7267363838688],[-2.38181415873019,50.7267362356149],[-2.38185249562983,50.7267515378273],[-2.38186658836408,50.7267757370971],[-2.38184253985901,50.7268088772644],[-2.38179403205016,50.7268244646054],[-2.38174185466054,50.7268158202272],[-2.38170693648027,50.7267938934376],[-2.38172070669281,50.7267784201573],[-2.38172059920404,50.7267651956682],[-2.38173786121091,50.7267519141658],[-2.38176899947392,50.7267363838688]]],[[[-2.37873467222567,50.7267533574011],[-2.37877983151414,50.7267532103223],[-2.37881816744202,50.7267685135404],[-2.37883225861623,50.7267927131897],[-2.37880820795305,50.7268258527487],[-2.37875969911776,50.7268414397351],[-2.37870752083781,50.7268327930999],[-2.37867260547678,50.7268108653853],[-2.37868637669823,50.7267953924552],[-2.3786862700658,50.7267821679563],[-2.37870353294137,50.726768886896],[-2.37873467222567,50.7267533574011]]],[[[-2.3781788349093,50.7268742240633],[-2.37819024643968,50.7268669090608],[-2.37821033524052,50.7268686629778],[-2.3782275550997,50.7268704271214],[-2.37823051054663,50.7268813338979],[-2.37821914297802,50.7268941074053],[-2.37820483460997,50.7268977933352],[-2.37819048085999,50.7268960198676],[-2.37817892281785,50.7268851410655],[-2.3781788349093,50.7268742240633]]],[[[-2.37770980892299,50.7268757483649],[-2.37772122052723,50.7268684334077],[-2.37774130931159,50.7268701874056],[-2.37775852915404,50.7268719516187],[-2.37776148449196,50.726882858408],[-2.37775011679487,50.7268956318707],[-2.37773580838915,50.7268993177433],[-2.37772145465615,50.7268975442178],[-2.37770989672227,50.7268866653683],[-2.37770980892299,50.7268757483649]]],[[[-2.38206862337571,50.7268434000766],[-2.38215541437945,50.7268365024892],[-2.38220759329152,50.7268451475762],[-2.38225642389662,50.7268692326264],[-2.38226005925898,50.7268890570393],[-2.38226032835556,50.7269221173577],[-2.38220161408185,50.7269641880975],[-2.382149633741,50.7269797878978],[-2.3820731910774,50.7269778349239],[-2.38203485391319,50.7269625318874],[-2.38201374291916,50.7269295400321],[-2.38200985665899,50.7268788584723],[-2.38206862337571,50.7268434000766]]],[[[-2.38166366073912,50.7270263371066],[-2.38167507317732,50.7270190217627],[-2.38169516075385,50.7270207750823],[-2.38171238221417,50.727022538705],[-2.38171533848161,50.7270334453861],[-2.38170397182818,50.7270462192254],[-2.38168966227341,50.7270499055856],[-2.38167530976397,50.7270481325439],[-2.38166374946009,50.7270372540992],[-2.38166366073912,50.7270263371066]]],[[[-2.3823424146312,50.7271907472081],[-2.38238404655954,50.7271839988073],[-2.38243969982474,50.7271926314646],[-2.38247467107976,50.7272211702755],[-2.38247146639488,50.7272542420154],[-2.3824403818767,50.7272763856416],[-2.38237437847666,50.7272766026773],[-2.38231856504388,50.7272481323567],[-2.38230456165316,50.7272349544511],[-2.38231822413037,50.7272062557165],[-2.3823424146312,50.7271907472081]]],[[[-2.38337176765545,50.7276831810934],[-2.38341692781584,50.7276830322113],[-2.38345526601978,50.7276983347828],[-2.38346935986085,50.7277225329465],[-2.38344531200885,50.7277556734336],[-2.38339680376562,50.7277712623419],[-2.38334462502151,50.7277626177942],[-2.38330970539311,50.7277406923994],[-2.38332347534457,50.7277252180352],[-2.38332336739982,50.7277119935535],[-2.3833406293058,50.727698712716],[-2.38337176765545,50.7276831810934]]],[[[-2.37944143741661,50.7277264959527],[-2.37952823045264,50.7277196003054],[-2.37958040987055,50.7277282465627],[-2.3796292400538,50.7277523327131],[-2.37963287437552,50.7277721572135],[-2.37963314163403,50.7278052184475],[-2.37957442389188,50.7278472878863],[-2.37952244026786,50.7278628856337],[-2.37944599768042,50.7278609309439],[-2.37940766065284,50.7278456279441],[-2.37938654968093,50.7278126347114],[-2.37938266760782,50.7277619539436],[-2.37944143741661,50.7277264959527]]],[[[-2.38296632967699,50.7278928796307],[-2.38300614744426,50.7278800839146],[-2.38304617320141,50.7278926166699],[-2.38304238726403,50.72791795831],[-2.38301454566609,50.7279307154946],[-2.38298256691233,50.7279257542596],[-2.38296252304579,50.7279156889591],[-2.38295850985568,50.727913168898],[-2.38296632967699,50.7278928796307]]],[[[-2.38543264962756,50.7282777922068],[-2.38550152544123,50.728266625678],[-2.38559359838227,50.7282809067031],[-2.3856514601992,50.7283281191639],[-2.38564616139647,50.7283828318619],[-2.38559473612607,50.7284194659711],[-2.38548554012548,50.728419827001],[-2.38539319761847,50.7283727293193],[-2.38537002902159,50.7283509272763],[-2.38539262904632,50.728303449676],[-2.38543264962756,50.7282777922068]]],[[[-2.38497282301959,50.7285564004226],[-2.38501445558762,50.7285496505513],[-2.38507011071997,50.728558283329],[-2.38510508444645,50.7285868216299],[-2.38510188154643,50.7286198933851],[-2.3850707975015,50.7286420365244],[-2.38500479248418,50.7286422544771],[-2.38494897607681,50.7286137858547],[-2.38493497159065,50.7286006072549],[-2.38494863279557,50.7285719092536],[-2.38497282301959,50.7285564004226]]],[[[-2.38056826467971,50.7288236850983],[-2.38060808389599,50.7288108901913],[-2.38064810981258,50.7288234237666],[-2.38064432250519,50.728848765336],[-2.38061647969946,50.7288615219559],[-2.38058450056027,50.7288565600672],[-2.38056445680743,50.728846494355],[-2.38056044366587,50.7288439742114],[-2.38056826467971,50.7288236850983]]],[[[-2.38450611846378,50.7289225588749],[-2.38454775160642,50.7289158087941],[-2.38460340733092,50.728924441295],[-2.38463838261555,50.7289529794221],[-2.38463517792959,50.7289860512047],[-2.38460409328522,50.729008194503],[-2.384538088879,50.729008412779],[-2.38448227065882,50.7289799444344],[-2.38446826613334,50.7289667659026],[-2.38448192779048,50.7289380678291],[-2.38450611846378,50.7289225588749]]],[[[-2.38518177473344,50.728961718777],[-2.38520384980615,50.7289581395534],[-2.38530342857805,50.7289718348269],[-2.38533681377039,50.72899977128],[-2.38534254076096,50.7290242937348],[-2.38532642421458,50.7290804423541],[-2.38526037282371,50.729112213697],[-2.38516088003901,50.7291090370019],[-2.38508872786748,50.729070709649],[-2.38507177586388,50.7290251882641],[-2.38518177473344,50.728961718777]]],[[[-2.38313894576361,50.7293830987877],[-2.38315035712595,50.7293757833042],[-2.38317044719142,50.7293775372546],[-2.38318766814869,50.7293792997566],[-2.38319062491101,50.7293902063918],[-2.38317925809226,50.7294029803712],[-2.38316494793573,50.7294066669159],[-2.38315059465633,50.7294048949622],[-2.38313903483574,50.7293940157719],[-2.38313894576361,50.7293830987877]]],[[[-2.38430026915534,50.7294280950207],[-2.3843419027769,50.72942134501],[-2.38439755906502,50.7294299776037],[-2.38443253317947,50.7294585148935],[-2.38442932973235,50.7294915866644],[-2.38439824466362,50.7295137308087],[-2.38433223812678,50.7295139489786],[-2.38427641941983,50.7294854796427],[-2.38426241622444,50.7294723019826],[-2.38427607672935,50.7294436030389],[-2.38430026915534,50.7294280950207]]],[[[-2.38439953006018,50.7296196942796],[-2.38443934889844,50.7296068980689],[-2.38447937651404,50.7296194303131],[-2.38447559121762,50.7296447719869],[-2.38444774898078,50.729657528616],[-2.38441576890509,50.7296525686859],[-2.38439572399121,50.7296425036433],[-2.38439171057586,50.7296399836342],[-2.38439953006018,50.7296196942796]]],[[[-2.38019434628645,50.7298667144819],[-2.38023416790734,50.7298539196921],[-2.38027419320032,50.7298664533916],[-2.38027040561658,50.729891795846],[-2.38024256208293,50.729904551481],[-2.38021058227755,50.7298995903954],[-2.38019053814999,50.7298895237245],[-2.38018652635568,50.7298870035644],[-2.38019434628645,50.7298667144819]]],[[[-2.38285346646248,50.7306712650903],[-2.38289328661808,50.7306584693991],[-2.38293331472293,50.7306710021678],[-2.38292952850804,50.7306963437945],[-2.38290168523216,50.7307091009599],[-2.38286970459945,50.7307041406112],[-2.38284965955783,50.7306940744064],[-2.38284564613496,50.7306915543446],[-2.38285346646248,50.7306712650903]]],[[[-2.38228823153605,50.7314425030743],[-2.38232805391839,50.7314297075664],[-2.38236808253315,50.7314422405234],[-2.38236429595963,50.7314675830306],[-2.38233645206454,50.7314803391652],[-2.38230447096392,50.731475378666],[-2.38228442571234,50.731465312367],[-2.3822804122608,50.7314627931857],[-2.38228823153605,50.7314425030743]]],[[[-2.38095153244242,50.7315880682217],[-2.38099316847075,50.7315813193895],[-2.38104882671859,50.7315899535624],[-2.38108380184229,50.7316184927443],[-2.38108059447427,50.7316515644362],[-2.38104950638285,50.7316737068052],[-2.38098349819393,50.7316739230998],[-2.38092767894012,50.731645453075],[-2.38091367461144,50.7316322741205],[-2.38092733921683,50.7316035764523],[-2.38095153244242,50.7315880682217]]],[[[-2.38463207950812,50.7316868125253],[-2.38467190136817,50.7316740154736],[-2.38471192924835,50.7316865488287],[-2.38470814393181,50.7317118904718],[-2.38468030064219,50.7317246469486],[-2.38464831924039,50.7317196868803],[-2.38462827479946,50.7317096209851],[-2.38462426120132,50.7317071018857],[-2.38463207950812,50.7316868125253]]],[[[-2.38554531528599,50.7317103246559],[-2.38558513542546,50.7316975283557],[-2.3856251649796,50.731710060486],[-2.38562138015856,50.7317354021451],[-2.38559353711376,50.7317481597327],[-2.38556155561457,50.7317431998893],[-2.38554150962842,50.7317331340082],[-2.38553749598734,50.7317306140117],[-2.38554531528599,50.7317103246559]]],[[[-2.3851620234187,50.7317160137181],[-2.38520184366911,50.7317032175458],[-2.38524187312567,50.7317157498104],[-2.38523808809545,50.7317410914628],[-2.3852102449417,50.7317538489618],[-2.38517826347886,50.7317488890122],[-2.38515821757279,50.7317388230631],[-2.38515420395189,50.7317363030528],[-2.3851620234187,50.7317160137181]]],[[[-2.38530199627643,50.7317862983767],[-2.38534181654813,50.7317735021562],[-2.38538184610265,50.7317860343699],[-2.38537806115053,50.7318113769239],[-2.38535021798601,50.7318241335569],[-2.38531823646014,50.7318191736476],[-2.38529819049358,50.7318091077243],[-2.38529417685905,50.7318065877193],[-2.38530199627643,50.7317862983767]]],[[[-2.38444160193567,50.7318179928564],[-2.38448142262024,50.7318051957216],[-2.38452145213585,50.7318177288304],[-2.38451766669099,50.7318430704973],[-2.38448982316239,50.7318558271423],[-2.38445784158039,50.731850867238],[-2.384437795707,50.7318408013151],[-2.38443378210779,50.7318382822092],[-2.38444160193567,50.7318179928564]]],[[[-2.38408975135982,50.7318477869154],[-2.38412957216643,50.7318349898998],[-2.38416960161406,50.7318475231298],[-2.38416581597648,50.7318728647867],[-2.38413797233396,50.7318856213486],[-2.38410599076833,50.7318806613477],[-2.38408594495744,50.7318705953638],[-2.38408193137452,50.7318680762457],[-2.38408975135982,50.7318477869154]]],[[[-2.38239607984181,50.7318088339804],[-2.38243771586263,50.731802085532],[-2.38249337321126,50.7318107181161],[-2.38252834937821,50.7318392568549],[-2.38252514443281,50.7318723285724],[-2.38249405546337,50.7318944713259],[-2.38242804697446,50.7318946884408],[-2.3823722265827,50.7318662191181],[-2.38235822178225,50.7318530403415],[-2.38237188556548,50.7318243425118],[-2.38239607984181,50.7318088339804]]],[[[-2.38110177869519,50.732105233697],[-2.38114160196616,50.7320924385886],[-2.38118162941599,50.732104971954],[-2.38117784214878,50.7321303144255],[-2.38114999753615,50.7321430702813],[-2.38111801610663,50.7321381094599],[-2.38109797224149,50.7321280429537],[-2.38109395879657,50.7321255237317],[-2.38110177869519,50.732105233697]]],[[[-2.3834996312098,50.7321152887914],[-2.38353945240568,50.7321024919747],[-2.38357948192548,50.7321150254062],[-2.38357569594773,50.7321403670456],[-2.38354785198515,50.7321531234686],[-2.38351587029838,50.7321481633071],[-2.38349582449896,50.7321380972221],[-2.38349181092468,50.7321355780837],[-2.3834996312098,50.7321152887914]]],[[[-2.38531696182548,50.7323640070442],[-2.38535678400333,50.7323512108017],[-2.38539681405953,50.7323637429953],[-2.3853930290629,50.7323890846491],[-2.38536518555776,50.7324018412938],[-2.38533320363304,50.7323968813999],[-2.38531315742118,50.7323868163864],[-2.38530914373586,50.7323842963835],[-2.38531696182548,50.7323640070442]]],[[[-2.38358883671897,50.7323894191473],[-2.38360025015752,50.7323821036134],[-2.38362034010501,50.7323838565801],[-2.38363756360887,50.7323856198999],[-2.38364052066937,50.7323965265157],[-2.38362915183155,50.7324093005421],[-2.38361484221059,50.7324129871427],[-2.38360048798541,50.7324112143538],[-2.38358892590542,50.7324003361246],[-2.38358883671897,50.7323894191473]]],[[[-2.38118966229959,50.7324816464457],[-2.38122948444889,50.7324688513102],[-2.38126951366117,50.7324813846372],[-2.38126572641218,50.7325067271098],[-2.38123788160041,50.7325194829873],[-2.38120589990451,50.7325145221926],[-2.38118585444215,50.7325044557083],[-2.38118184096017,50.7325019364898],[-2.38118966229959,50.7324816464457]]],[[[-2.38128402693043,50.7326732346633],[-2.38129543938209,50.7326659193565],[-2.38131553079148,50.7326676736145],[-2.38133275289055,50.73266943638],[-2.38133570943303,50.732680343058],[-2.381324341314,50.7326931168601],[-2.38131003142357,50.7326968031799],[-2.38129567578744,50.7326950310112],[-2.38128411558066,50.7326841516462],[-2.38128402693043,50.7326732346633]]],[[[-2.38564155723166,50.7330670393393],[-2.38565297046952,50.7330597236905],[-2.38567306070794,50.7330614764419],[-2.3856902844653,50.7330632386777],[-2.38569324204499,50.7330741461515],[-2.38568187364877,50.7330869202872],[-2.38566756403047,50.7330906061377],[-2.38565320958184,50.7330888344024],[-2.38564164689977,50.733077956306],[-2.38564155723166,50.7330670393393]]],[[[-2.38418949509836,50.733526719723],[-2.38420090871894,50.7335194041303],[-2.38422099917632,50.7335211569889],[-2.38423822312069,50.733522920216],[-2.38424118039419,50.7335338268127],[-2.38422981144613,50.7335466008961],[-2.38421550152591,50.7335502875722],[-2.38420114692968,50.7335485148606],[-2.38418958442838,50.7335376366965],[-2.38418949509836,50.733526719723]]],[[[-2.38710364354543,50.7335544336593],[-2.38714346624548,50.7335416367948],[-2.38718349780492,50.7335541683313],[-2.38717971368806,50.7335795100139],[-2.38715186854761,50.7335922670935],[-2.38711988561653,50.7335873077183],[-2.38709983992285,50.7335772430338],[-2.38709582603813,50.7335747230984],[-2.38710364354543,50.7335544336593]]],[[[-2.38720001583694,50.7336777104211],[-2.3872398371912,50.7336649126272],[-2.38727986889003,50.733677445026],[-2.387276084816,50.73370278671],[-2.38724824104549,50.733715543809],[-2.3872162580195,50.7337105844629],[-2.38719621082747,50.7337005189027],[-2.38719219693431,50.7336979998704],[-2.38720001583694,50.7336777104211]]],[[[-2.38669323097675,50.7337149725727],[-2.38670464279011,50.7337076568266],[-2.38672473477133,50.7337094102825],[-2.38674195739061,50.7337111723598],[-2.38674491525119,50.7337220788985],[-2.38673354840381,50.7337348531271],[-2.38671923867798,50.7337385400087],[-2.3867048825731,50.7337367684143],[-2.3866933208936,50.7337258895305],[-2.38669323097675,50.7337149725727]]],[[[-2.385351597841,50.7338682493698],[-2.38539142129403,50.7338554530838],[-2.38543145123841,50.7338679852314],[-2.38542766614156,50.7338933268862],[-2.38539982175072,50.7339060844754],[-2.38536783878982,50.7339011246145],[-2.38534779333441,50.7338910587109],[-2.38534377951734,50.7338885387126],[-2.385351597841,50.7338682493698]]],[[[-2.38482303376165,50.734057080204],[-2.38486285752797,50.7340442840762],[-2.3849028874888,50.7340568164199],[-2.3848991020872,50.7340821589907],[-2.3848712574301,50.7340949155597],[-2.3848392743947,50.7340899555555],[-2.38481922897164,50.7340798895607],[-2.38481521517487,50.734077370441],[-2.38482303376165,50.734057080204]]],[[[-2.38550785513907,50.734202641901],[-2.38551926726154,50.7341953262544],[-2.38553935940947,50.7341970799127],[-2.38555658216497,50.7341988421641],[-2.38555953977544,50.7342097487526],[-2.38554817247866,50.7342225228925],[-2.38553386250675,50.734226209639],[-2.3855195062961,50.734224437899],[-2.38550794477525,50.7342135588802],[-2.38550785513907,50.734202641901]]],[[[-2.38373601920621,50.7342877942466],[-2.38379726302189,50.7342824077452],[-2.38385450641027,50.7342874031364],[-2.38386691169818,50.7343055060886],[-2.38387125258129,50.7343365952126],[-2.38385512091248,50.7343625684662],[-2.38381026294877,50.7343730843691],[-2.38376117006747,50.7343654703256],[-2.3837160776599,50.7343474752405],[-2.3837118018423,50.7343241619846],[-2.38371980416775,50.7343033999384],[-2.38373601920621,50.7342877942466]]],[[[-2.38648908168818,50.7344677301169],[-2.38652890534385,50.7344549334234],[-2.3865689361059,50.7344674651765],[-2.3865651515743,50.734492806881],[-2.38653730713885,50.7345055647416],[-2.38650532364484,50.7345006052049],[-2.38648527768439,50.7344905395091],[-2.38648126375451,50.7344880195504],[-2.38648908168818,50.7344677301169]]],[[[-2.38485256680993,50.7345751514012],[-2.38486398054424,50.7345678358103],[-2.38488407140495,50.7345695886839],[-2.38490129569873,50.734571351924],[-2.38490425317955,50.7345822585313],[-2.38489288419447,50.7345950326172],[-2.38487857405545,50.7345987192867],[-2.38486421916374,50.7345969465641],[-2.38485265629323,50.7345860683836],[-2.38485256680993,50.7345751514012]]],[[[-2.38338255867724,50.7346225478933],[-2.3834275016406,50.7346223996927],[-2.38346848640915,50.7346378167059],[-2.3834768487643,50.7346611164917],[-2.38346073934933,50.734689681346],[-2.38340355901446,50.7346924625421],[-2.38336668059372,50.7346796236965],[-2.38336240491856,50.7346563104285],[-2.38336634198879,50.7346381535408],[-2.38338255867724,50.7346225478933]]],[[[-2.38552243834099,50.7346243215172],[-2.38556738113944,50.7346241727827],[-2.38560836647036,50.7346395893003],[-2.38561672986403,50.7346628889733],[-2.38560062039775,50.7346914540077],[-2.38554344039066,50.7346942358829],[-2.38550656292797,50.7346813974786],[-2.38550228478284,50.7346580842785],[-2.38550622242449,50.734639927349],[-2.38552243834099,50.7346243215172]]],[[[-2.38502108685379,50.7348142638829],[-2.38503250062003,50.7348069482751],[-2.38505259159046,50.7348087011171],[-2.38506981597927,50.7348104643302],[-2.38507277351519,50.7348213709316],[-2.38506140593537,50.7348341450289],[-2.38504709431924,50.734837831725],[-2.38503273934722,50.734836059025],[-2.38502117637746,50.7348251808638],[-2.38502108685379,50.7348142638829]]],[[[-2.38598288430864,50.7348066450217],[-2.38602270697795,50.734793848497],[-2.38606273931402,50.7348063804151],[-2.3860589544868,50.7348317230077],[-2.38603110970145,50.7348444798548],[-2.3859991260271,50.7348395201836],[-2.38597907861219,50.7348294544068],[-2.38597506468769,50.7348269353301],[-2.38598288430864,50.7348066450217]]],[[[-2.38333053681168,50.7349784077778],[-2.38336305514669,50.7349737115297],[-2.38337758044263,50.7349805476369],[-2.38338492812288,50.7349942923095],[-2.38338507802094,50.7350126497496],[-2.3833670849765,50.7350241830116],[-2.38333454787031,50.7350265843561],[-2.38330191710019,50.7350175129659],[-2.38329453339559,50.7349991793729],[-2.38329809340944,50.7349922836364],[-2.38330165483926,50.734985387895],[-2.38333053681168,50.7349784077778]]],[[[-2.38390853142382,50.7350143461216],[-2.38395347475984,50.7350141977165],[-2.38399446003598,50.7350296136422],[-2.38400282273047,50.7350529142864],[-2.38398671207858,50.735081478316],[-2.38392953129876,50.7350842597719],[-2.38389265384331,50.7350714210909],[-2.38388837645303,50.7350481078498],[-2.38389231476864,50.7350299509418],[-2.38390853142382,50.7350143461216]]],[[[-2.38542914206014,50.7350458158089],[-2.38546896650491,50.7350330194613],[-2.38550899748209,50.7350455515724],[-2.38550521232634,50.7350708932538],[-2.38547736724505,50.7350836499747],[-2.38544538346412,50.7350786901541],[-2.38542533607257,50.7350686251814],[-2.38542132214988,50.7350661051863],[-2.38542914206014,50.7350458158089]]],[[[-2.3851708830333,50.7351030297582],[-2.38521582771398,50.7351028811444],[-2.3852568133523,50.7351182977775],[-2.38526517665718,50.7351415974758],[-2.38524906680984,50.7351701624677],[-2.38519188619133,50.7351729441837],[-2.38515500702729,50.7351601056801],[-2.38515073043023,50.7351367924615],[-2.38515466683202,50.7351186355461],[-2.3851708830333,50.7351030297582]]],[[[-2.38347743002997,50.7351439982183],[-2.3835223749095,50.7351438499741],[-2.38356336015828,50.7351592660511],[-2.38357172266224,50.7351825667266],[-2.38355561171073,50.7352111315967],[-2.38349843073882,50.7352139119427],[-2.38346155330586,50.7352010740249],[-2.38345727611026,50.7351777598683],[-2.38346121460345,50.7351596029743],[-2.38347743002997,50.7351439982183]]],[[[-2.38448174691169,50.7352158506373],[-2.3845266904378,50.7352157020103],[-2.38456767608506,50.7352311186315],[-2.38457603909321,50.7352544183331],[-2.38455993014667,50.7352829833342],[-2.38450274914939,50.7352857641728],[-2.38446586996963,50.735272926579],[-2.38446159369263,50.7352496133564],[-2.38446553038571,50.7352314564353],[-2.38448174691169,50.7352158506373]]]]},"properties":{"OBJECTID":1082022,"LAYER":"DITCH","project":"Dorset Ridgeway","PERIOD":"POST MEDIEVAL\\UNCERTAIN","MONUMENT_TYPE":"CHALK PIT\\NATURAL FEATURE","EVIDENCE_1":"EARTHWORK","HE_UID":" NONE GIVEN","HE_URL1":"https://gisportal.historicengland.org.uk/portal/sharing/rest/content/items/b19ecdd0d5584fb8a772fc875f3b1333/data","HER_NO":"MDO20495"}},{"type":"Feature","id":1122237,"geometry":{"type":"Polygon","coordinates":[[[-2.3592096363989,50.731061600299],[-2.35914426014659,50.7311710184159],[-2.35907836968762,50.7312132283856],[-2.35901900394761,50.7312428165151],[-2.35891971842344,50.731247323691],[-2.35884675709717,50.7312307467659],[-2.35881924532656,50.7310964105037],[-2.35885000791009,50.7307896690823],[-2.35886849095275,50.7306089847593],[-2.35891413227301,50.7305164299283],[-2.35903311889457,50.7304908582538],[-2.35923207228678,50.7305322499475],[-2.35930557902879,50.7306202370015],[-2.3592096363989,50.731061600299]]]},"properties":{"OBJECTID":1122237,"LAYER":"EXTENT_OF_FEATURE","project":"Dorset Ridgeway","PERIOD":"POST MEDIEVAL","MONUMENT_TYPE":"EXTRACTIVE PIT","EVIDENCE_1":"EARTHWORK","HE_UID":" NONE GIVEN","HE_URL1":"https://gisportal.historicengland.org.uk/portal/sharing/rest/content/items/b19ecdd0d5584fb8a772fc875f3b1333/data","HER_NO":"MDO20572"}},{"type":"Feature","id":872093,"geometry":{"type":"Polygon","coordinates":[[[-2.37287385963973,50.7248218738494],[-2.37286503254769,50.7247892950566],[-2.37287327718874,50.7247485104337],[-2.37293275595156,50.7246885417109],[-2.37308236966368,50.7246554547932],[-2.37323255590594,50.7246930125929],[-2.37330157277488,50.7247552876368],[-2.37328683909717,50.7248196857887],[-2.37322800234248,50.7248796463302],[-2.37313749886003,50.7249065006366],[-2.37303299161612,50.7249083125034],[-2.37292574113082,50.724884200458],[-2.37287385963973,50.7248218738494]]]},"properties":{"OBJECTID":872093,"LAYER":"BANK","project":"Dorset Ridgeway","PERIOD":"BRONZE AGE","MONUMENT_TYPE":"BARROW","EVIDENCE_1":"EARTHWORK","HE_UID":"1044796","HE_URL1":"https://www.heritagegateway.org.uk/Gateway/Results_Single.aspx?uid=1044796&resourceID=19191","HER_NO":"MDO2198"}},{"type":"Feature","id":969471,"geometry":{"type":"Polygon","coordinates":[[[-2.36406648885235,50.7357836481011],[-2.36409759992536,50.735790499406],[-2.36413045391189,50.7357869234651],[-2.3641613872561,50.7357717716811],[-2.3641868044789,50.7357508448969],[-2.36419382799079,50.7357149208613],[-2.36418453211223,50.7356941055318],[-2.36416251745088,50.7356814334778],[-2.3641496748332,50.7356745249605],[-2.36416425135339,50.7356698470936],[-2.36418807126825,50.7356790368675],[-2.36420658221296,50.7357102486986],[-2.36420313287589,50.7357368962353],[-2.36419240850119,50.7357670413909],[-2.36416516753207,50.7357879720913],[-2.36413057066415,50.735801977977],[-2.36409586600908,50.7358020866882],[-2.36406296711875,50.7357998731834],[-2.36404282297761,50.7357941466972],[-2.36403911124563,50.7357860503965],[-2.36404821853599,50.7357825488471],[-2.36406648885235,50.7357836481011]]]},"properties":{"OBJECTID":969471,"LAYER":"DITCH","project":"Dorset Ridgeway","PERIOD":"BRONZE AGE","MONUMENT_TYPE":"BARROW","EVIDENCE_1":"EARTHWORK","HE_UID":"455024","HE_URL1":"https://www.heritagegateway.org.uk/Gateway/Results_Single.aspx?uid=455024&resourceID=19191","HER_NO":"MDO2204"}},{"type":"Feature","id":1108457,"geometry":{"type":"Polygon","coordinates":[[[-2.38645391654394,50.7364390146017],[-2.38640345344349,50.7364249958713],[-2.38639214625432,50.7364108472292],[-2.38639185436427,50.7363753823648],[-2.38640289885988,50.736357615507],[-2.3864474462652,50.7363326421708],[-2.38653126478802,50.7363217237551],[-2.38659291822702,50.7363357052906],[-2.3866267701826,50.736371056959],[-2.38662156102323,50.7364171785694],[-2.38659933185121,50.7364349852689],[-2.38653791045977,50.736449375274],[-2.38645391654394,50.7364390146017]]]},"properties":{"OBJECTID":1108457,"LAYER":"DITCH","project":"Dorset Ridgeway","PERIOD":"UNCERTAIN","MONUMENT_TYPE":"PIT","EVIDENCE_1":"CROPMARK","HE_UID":" NONE GIVEN","HE_URL1":"https://gisportal.historicengland.org.uk/portal/sharing/rest/content/items/b19ecdd0d5584fb8a772fc875f3b1333/data","HER_NO":"MDO20493"}},{"type":"Feature","id":1042996,"geometry":{"type":"MultiPolygon","coordinates":[[[[-2.37212796228053,50.718935563369],[-2.37207529563477,50.7189135257322],[-2.37195985730797,50.7188552074456],[-2.37177168340326,50.7187653973523],[-2.37166882877125,50.7187181411284],[-2.37161871434635,50.7187024395755],[-2.37140081316105,50.7186460332548],[-2.3712656036086,50.7186163278142],[-2.37122808761859,50.7186132757015],[-2.37101804678312,50.7186028419711],[-2.3710155215773,50.7185996773456],[-2.3710154965285,50.7185965056496],[-2.37103545447321,50.7185916830162],[-2.37126552840398,50.7186068118283],[-2.37146081094044,50.7186474281249],[-2.37169127431156,50.7187117250016],[-2.37191958976242,50.7188204403127],[-2.37212533647546,50.7189197110946],[-2.37217540103375,50.7189290672343],[-2.37222036757819,50.7189257516605],[-2.37226776859612,50.7189144965992],[-2.37230267301219,50.7189032814941],[-2.37231019582056,50.7189064301032],[-2.37230777249669,50.7189159549758],[-2.37227285408493,50.7189255837906],[-2.37224543615383,50.7189351877072],[-2.37220299491394,50.7189416687877],[-2.37216801504796,50.7189433669839],[-2.37212796228053,50.718935563369]]],[[[-2.37070529615818,50.7193959137876],[-2.37071238645292,50.7193868012368],[-2.37074819798614,50.7193866871585],[-2.37162925252067,50.7193929670427],[-2.37170083962746,50.7193881934455],[-2.37179382567781,50.7193719871936],[-2.37177650040667,50.7193660092442],[-2.37176763247881,50.7193604386305],[-2.3716188052657,50.719285882189],[-2.37161876097497,50.7192802833882],[-2.37162932300387,50.7192768899371],[-2.37164703966548,50.7192857920304],[-2.37170376684944,50.7193180876088],[-2.37182064367743,50.7193692279457],[-2.37183650817843,50.7193669371435],[-2.37186117857148,50.7193623789859],[-2.37196850778079,50.7193217211012],[-2.37215144881921,50.7192472250196],[-2.37224808101257,50.7191931621937],[-2.3722726270307,50.7191729262354],[-2.37226731427988,50.7191707031131],[-2.37225142324436,50.719169634333],[-2.37219665606414,50.7191619704347],[-2.37211357474479,50.7191443178689],[-2.37197731263415,50.7190965995029],[-2.37185500695588,50.7190286789317],[-2.3717644066109,50.7189528169975],[-2.3717538092187,50.7189517312388],[-2.37173617241333,50.7189529071803],[-2.3717220982006,50.7189585510744],[-2.37169221419519,50.718973205025],[-2.37158343341503,50.719053063477],[-2.37156936942548,50.7190598269296],[-2.37156052815366,50.7190576159384],[-2.37156045729744,50.7190486574968],[-2.37157973653977,50.7190317973199],[-2.37170961318124,50.7189417932228],[-2.37175380705459,50.718931230268],[-2.37176617830009,50.7189334308686],[-2.37178566871558,50.7189434477853],[-2.37182478393319,50.7189802780054],[-2.37189757914287,50.7190360384365],[-2.37199151477522,50.7190872528171],[-2.37215428308314,50.7191393657455],[-2.37228506554555,50.7191635842566],[-2.37229921821374,50.7191680192165],[-2.37230279258554,50.7191736067233],[-2.37229403112809,50.719181473807],[-2.37222909239166,50.7192264757438],[-2.37221550990314,50.7192351837835],[-2.37221754287934,50.7192414659733],[-2.37222945178598,50.7192439431822],[-2.37231496812221,50.7192813981935],[-2.37236466525316,50.7193001043729],[-2.37240432985126,50.7193037499545],[-2.37247170169722,50.7193022771571],[-2.37257074138738,50.7192956714558],[-2.3725826431884,50.7192968914521],[-2.3725886282912,50.7193019028843],[-2.37258470472108,50.7193069460381],[-2.37255895072915,50.7193082865817],[-2.37242621867157,50.7193149991959],[-2.37237468217343,50.7193139069044],[-2.37234889967195,50.7193114731991],[-2.37231910245925,50.7193027654389],[-2.37219978417192,50.7192515839554],[-2.37217799507376,50.7192529108352],[-2.37215823752686,50.7192605199064],[-2.37200810815785,50.7193226251066],[-2.37194685075579,50.7193454585701],[-2.37191907957237,50.7193602245341],[-2.3717689190611,50.7193925209716],[-2.37170096549972,50.7194041013767],[-2.37162936039125,50.7194066025413],[-2.37124974893691,50.7194078141125],[-2.37071967401338,50.7194026863624],[-2.37070529615818,50.7193959137876]]],[[[-2.37170816671064,50.7195015868365],[-2.37171766998404,50.7194934611291],[-2.37118204692119,50.7195093362173],[-2.37069092639527,50.7195068548032],[-2.3706590531418,50.7195089797121],[-2.37065581801934,50.7195029189474],[-2.37071075412712,50.7194985820794],[-2.37147285002306,50.7194900809473],[-2.37172791418952,50.7194831954564],[-2.37181789281415,50.7194827119761],[-2.37200798454428,50.7194622833852],[-2.3720704254775,50.7194584794462],[-2.37219260992481,50.7194689008426],[-2.37244552805262,50.7194933193185],[-2.37269288188255,50.7195321696767],[-2.37274126781948,50.719546430231],[-2.37275847617649,50.7195679983877],[-2.37283351927712,50.719720923073],[-2.37292406637119,50.7199140382521],[-2.37293596887505,50.7199615389304],[-2.37291879734354,50.7199762217026],[-2.37287761626469,50.7198703056576],[-2.37281312690318,50.7197315531848],[-2.37276021956112,50.7196000774427],[-2.37272532677197,50.719559964245],[-2.37270795222538,50.7195490495287],[-2.37238484773769,50.7194988885148],[-2.37206191771463,50.7194706667614],[-2.37179128600618,50.7194971288665],[-2.37148642317312,50.7195675819836],[-2.3711530111241,50.7196710373732],[-2.37087165818694,50.7197999222657],[-2.37047030231979,50.7200571783346],[-2.37025812637945,50.7201894989517],[-2.37023710160676,50.7201902681871],[-2.37023703781322,50.7201821739316],[-2.37040523851946,50.7200784323003],[-2.37077648938162,50.7198425071657],[-2.37084945086531,50.7197937079386],[-2.37109727482621,50.7196775694587],[-2.37114175888193,50.71965719101],[-2.3712531156225,50.7196244579991],[-2.37140900263759,50.719577416357],[-2.3715776787452,50.7195343813561],[-2.37167634154202,50.719509782935],[-2.37170816671064,50.7195015868365]]]]},"properties":{"OBJECTID":1042996,"LAYER":"DITCH","project":"Dorset Ridgeway","PERIOD":"MEDIEVAL\\UNCERTAIN","MONUMENT_TYPE":"FIELD BOUNDARY","EVIDENCE_1":"EARTHWORK","HE_UID":" NONE GIVEN","HE_URL1":"https://gisportal.historicengland.org.uk/portal/sharing/rest/content/items/b19ecdd0d5584fb8a772fc875f3b1333/data","HER_NO":"MDO20565"}},{"type":"Feature","id":872262,"geometry":{"type":"Polygon","coordinates":[[[-2.37723734953943,50.7280674659568],[-2.37728021356762,50.7280158411889],[-2.37736396895177,50.7280035559147],[-2.37748312092836,50.7280203311],[-2.37752125270915,50.7280528152892],[-2.37754058693449,50.7281025214983],[-2.37751390980941,50.7281489454217],[-2.37745195857706,50.7281817535971],[-2.37741417295738,50.7281921739183],[-2.3773654720511,50.7281906152382],[-2.37728685137282,50.7281685600503],[-2.37724337923645,50.72814467496],[-2.37722686026278,50.7281086889107],[-2.37722668105344,50.7280863782986],[-2.37723734953943,50.7280674659568]]]},"properties":{"OBJECTID":872262,"LAYER":"BANK","project":"Dorset Ridgeway","PERIOD":"BRONZE AGE","MONUMENT_TYPE":"BARROW","EVIDENCE_1":"EARTHWORK","HE_UID":"455027","HE_URL1":"https://www.heritagegateway.org.uk/Gateway/Results_Single.aspx?uid=455027&resourceID=19191","HER_NO":"MDO2195"}},{"type":"Feature","id":1082014,"geometry":{"type":"MultiPolygon","coordinates":[[[[-2.37306316023612,50.7299847403879],[-2.37309345009417,50.7299730775314],[-2.37314521177144,50.7299864033682],[-2.37316964056798,50.730001747664],[-2.37316973246408,50.7300133121404],[-2.373151656289,50.7300326462688],[-2.3731182909538,50.7300404655844],[-2.37308184897258,50.7300425087793],[-2.3730543824457,50.7300271760098],[-2.37305117625444,50.7300059821169],[-2.37306316023612,50.7299847403879]]],[[[-2.37311759876749,50.730157714442],[-2.37314788873066,50.7301460524701],[-2.37319965060751,50.7301593773814],[-2.37322407951231,50.7301747216644],[-2.37322417142956,50.7301862870396],[-2.37320609520348,50.730205620277],[-2.37317272975441,50.7302134396088],[-2.37313628764829,50.730215483721],[-2.37310882100196,50.7302001509658],[-2.37310561477383,50.7301789570753],[-2.37311759876749,50.730157714442]]],[[[-2.37410539937396,50.7307389930309],[-2.37412044766576,50.7307331999988],[-2.3741461608179,50.7307398196129],[-2.37415829653635,50.7307474415472],[-2.37415834231386,50.7307531869136],[-2.37414936330181,50.7307627913631],[-2.37413278794251,50.73076667564],[-2.37411468495258,50.730767690724],[-2.37410104026174,50.7307600745394],[-2.37409944595247,50.7307495463768],[-2.37410539937396,50.7307389930309]]],[[[-2.37433434591023,50.7308210189249],[-2.37434939277581,50.7308152249687],[-2.374375107422,50.7308218445269],[-2.374387241782,50.7308294664413],[-2.37438728758772,50.7308352118074],[-2.37437830860707,50.7308448162741],[-2.37436173465483,50.730848700579],[-2.37434363022864,50.7308497166025],[-2.3743299854696,50.7308420995461],[-2.37432839252289,50.7308315713827],[-2.37433434591023,50.7308210189249]]],[[[-2.36839198622511,50.7310234941917],[-2.36841186661466,50.7310158412544],[-2.36844583665398,50.7310245879487],[-2.36846186602915,50.7310346585785],[-2.36846192557995,50.7310422483355],[-2.36845006199287,50.7310549352412],[-2.36842816394055,50.731060066695],[-2.36840424818915,50.7310614068672],[-2.36838622242106,50.7310513434542],[-2.36838411969361,50.7310374346163],[-2.36839198622511,50.7310234941917]]],[[[-2.36920069907308,50.7311166405722],[-2.36922057795234,50.7311089875024],[-2.36925454820908,50.7311177339592],[-2.36927057920639,50.7311278044714],[-2.3692706388884,50.7311353942268],[-2.36925877408747,50.7311480821167],[-2.36923687749086,50.7311532128182],[-2.36921296029901,50.7311545531609],[-2.36919493574588,50.7311444907696],[-2.369192832767,50.7311305810493],[-2.36920069907308,50.7311166405722]]],[[[-2.36903991028932,50.7311341654551],[-2.36905979061932,50.7311265124079],[-2.36909376085899,50.7311352589116],[-2.36910979182786,50.7311453294462],[-2.36910985148386,50.7311529192019],[-2.36909798663489,50.7311656070758],[-2.36907609001233,50.7311707377473],[-2.36905217280677,50.7311720780571],[-2.36903414685732,50.731162014746],[-2.36903204393243,50.7311481059217],[-2.36903991028932,50.7311341654551]]],[[[-2.36891623572031,50.7311813512052],[-2.36893611467369,50.7311736981833],[-2.36897008492472,50.731182444723],[-2.36898611588331,50.7311925152745],[-2.36898617551937,50.7312001050304],[-2.36897431204185,50.7312127928875],[-2.3689524139667,50.7312179235404],[-2.36892849673339,50.7312192638252],[-2.36891047220909,50.7312092004904],[-2.36890836931872,50.7311952916637],[-2.36891623572031,50.7311813512052]]],[[[-2.3686549697038,50.7312119569444],[-2.36867485012997,50.7312043039622],[-2.36870882035484,50.7312130505781],[-2.36872485126796,50.7312231211659],[-2.36872491086176,50.7312307109222],[-2.36871304588874,50.7312433987578],[-2.36869114918733,50.7312485293575],[-2.36866723193063,50.7312498695888],[-2.36864920745044,50.7312398062134],[-2.3686471032193,50.7312258973859],[-2.3686549697038,50.7312119569444]]],[[[-2.36843370400391,50.7312126583058],[-2.36845358304982,50.7312050053655],[-2.36848755323422,50.7312137520462],[-2.36850358410017,50.7312238226648],[-2.36850364365813,50.7312314124215],[-2.36849177862487,50.731244100235],[-2.3684698818987,50.7312492307934],[-2.36844596463508,50.7312505709794],[-2.36842794020197,50.7312405075693],[-2.36842583745337,50.7312265987329],[-2.36843370400391,50.7312126583058]]],[[[-2.37501641731048,50.7312538217879],[-2.37504670608157,50.7312421584283],[-2.37509847113084,50.7312554833744],[-2.37512289981202,50.7312708272515],[-2.37512299219441,50.7312823917199],[-2.37510491634011,50.7313017261443],[-2.37507155184804,50.7313095460173],[-2.37503510755142,50.7313115898342],[-2.37500764106557,50.7312962584342],[-2.37500443248417,50.7312750646122],[-2.37501641731048,50.7312538217879]]],[[[-2.37244817472215,50.7313160607232],[-2.37247846559317,50.7313043980208],[-2.37253022998677,50.7313177241124],[-2.37255465786215,50.731333068534],[-2.37255474961077,50.7313446330095],[-2.37253667267058,50.7313639670445],[-2.3725033077017,50.7313717861863],[-2.37246686324046,50.7313738292018],[-2.37243939755533,50.7313584971904],[-2.37243619013104,50.7313373032884],[-2.37244817472215,50.7313160607232]]],[[[-2.37482347312435,50.7313958182546],[-2.37483852011334,50.7313900242348],[-2.37486423514402,50.7313966436814],[-2.3748763711496,50.7314042655377],[-2.37487641701623,50.7314100109025],[-2.37486743802652,50.731419615406],[-2.37485086249519,50.731423499786],[-2.37483275927483,50.7314245158826],[-2.37481911426867,50.7314168988861],[-2.37481751977494,50.731406370736],[-2.37482347312435,50.7313958182546]]],[[[-2.37517296782536,50.7314035580054],[-2.37518801477338,50.7313977639408],[-2.37521372985729,50.7314043833099],[-2.37522586592874,50.7314120060286],[-2.37522591183825,50.7314177513929],[-2.37521693291884,50.7314273559227],[-2.37520035741403,50.7314312403522],[-2.37518225419136,50.7314322556037],[-2.37516860913351,50.7314246395479],[-2.3751670145538,50.731414110504],[-2.37517296782536,50.7314035580054]]],[[[-2.37204350310729,50.7315421094102],[-2.3720737942326,50.7315304477106],[-2.37212555876213,50.7315437739803],[-2.37214998661654,50.731559117587],[-2.37215007827313,50.7315706829624],[-2.37213200107886,50.7315900169359],[-2.37209863588104,50.7315978359636],[-2.37206219122569,50.731599878854],[-2.37203472411556,50.7315845458532],[-2.37203151827517,50.731563351935],[-2.37204350310729,50.7315421094102]]],[[[-2.36850520511788,50.7315771951247],[-2.3685476707591,50.7315674211133],[-2.36861452857807,50.7315691363283],[-2.36864815160403,50.7315940891328],[-2.36863022427284,50.7316326991164],[-2.36857258159041,50.7316444484335],[-2.3685116358143,50.7316215093737],[-2.3684993397485,50.7316041993863],[-2.36850520511788,50.7315771951247]]],[[[-2.37586077880828,50.7316131652049],[-2.37589106901676,50.7316015016219],[-2.37594283328492,50.7316148261917],[-2.37596726242972,50.7316301698872],[-2.37596735502891,50.7316417352517],[-2.37594928079562,50.7316610689003],[-2.37591591477325,50.7316688890199],[-2.37587947165951,50.7316709339973],[-2.37585200326296,50.7316556019065],[-2.37584879569115,50.7316344081077],[-2.37586077880828,50.7316131652049]]],[[[-2.36992130875683,50.7317859126919],[-2.36995160057062,50.7317742515385],[-2.37000336334709,50.7317875778578],[-2.37002779206027,50.7318029228078],[-2.37002788319374,50.7318144881887],[-2.3700098050213,50.7318338209411],[-2.36997643787577,50.7318416393699],[-2.36993999435882,50.731843682494],[-2.36991252779733,50.7318283489894],[-2.3699093228995,50.731807155006],[-2.36992130875683,50.7317859126919]]],[[[-2.36839130153028,50.7317761032879],[-2.36846109729496,50.7317643146464],[-2.36851892169572,50.7317756988514],[-2.36856758002594,50.7317813261007],[-2.36858295234647,50.7318044105131],[-2.36858320955104,50.7318371795533],[-2.36857742127576,50.731873823882],[-2.36855030309184,50.731902824478],[-2.36849870696667,50.7319106984693],[-2.36841059582024,50.7319109777001],[-2.36835275616892,50.7318976672275],[-2.36833121605238,50.7318630366516],[-2.36833993798047,50.7318128911039],[-2.36839130153028,50.7317761032879]]],[[[-2.3680243465176,50.7318659373751],[-2.3680546388507,50.7318542758111],[-2.36810640118749,50.7318676038753],[-2.36813082790631,50.7318829492318],[-2.36813091857173,50.7318945146179],[-2.36811284100112,50.731913847078],[-2.36807947347928,50.7319216649669],[-2.36804302980726,50.7319237066],[-2.36801556382437,50.7319083735432],[-2.36801235977881,50.7318871795011],[-2.3680243465176,50.7318659373751]]],[[[-2.36943980777431,50.7318713161379],[-2.3694700997637,50.7318596551084],[-2.3695218639228,50.7318729825363],[-2.36954629109947,50.7318883266932],[-2.36954638211435,50.7318998920753],[-2.36952830371003,50.7319192247546],[-2.3694949378396,50.7319270430422],[-2.36945849281752,50.731929086021],[-2.36943102636283,50.7319137524022],[-2.36942782167672,50.7318925584042],[-2.36943980777431,50.7318713161379]]],[[[-2.37546203725585,50.7320115134077],[-2.37547708436999,50.7320057202044],[-2.37550279982857,50.7320123395059],[-2.37551493609773,50.7320199612928],[-2.37551498204368,50.7320257066561],[-2.37550600165087,50.7320353112122],[-2.37548942737231,50.7320391956794],[-2.37547132250437,50.7320402109821],[-2.37545767722209,50.7320325949628],[-2.37545608398014,50.7320220668193],[-2.37546203725585,50.7320115134077]]],[[[-2.37618946561594,50.7320860129609],[-2.37620451265629,50.732080218765],[-2.37623022825778,50.7320868379049],[-2.37624236467144,50.7320944605141],[-2.37624241070673,50.7321002058763],[-2.37623343044915,50.7321098104872],[-2.37621685620514,50.7321136950574],[-2.37619875132476,50.7321147104732],[-2.37618510590292,50.7321070945403],[-2.37618351248771,50.732096565509],[-2.37618946561594,50.7320860129609]]],[[[-2.37587783215542,50.7321520460805],[-2.3758928792557,50.7321462519245],[-2.3759185948498,50.732152871133],[-2.37593072981318,50.7321604937794],[-2.37593077581035,50.732166239142],[-2.37592179689309,50.7321758437249],[-2.37590522259966,50.7321797282512],[-2.37588711768678,50.7321807436188],[-2.3758734722961,50.7321731276492],[-2.3758718789486,50.7321625986132],[-2.37587783215542,50.7321520460805]]],[[[-2.36894979796944,50.7320866108855],[-2.36902874749909,50.7320805770396],[-2.36905315141715,50.7320920670487],[-2.36907763914119,50.7321151197604],[-2.36907786639461,50.7321440336673],[-2.36905384827813,50.7321807358842],[-2.36899931865361,50.7322021131423],[-2.36893249161618,50.7322042523796],[-2.36886248332607,50.7321890536137],[-2.36883187303749,50.732160236095],[-2.36882547222674,50.7321197752003],[-2.36885564907119,50.7320926937988],[-2.36894979796944,50.7320866108855]]],[[[-2.37595816714189,50.7322936642348],[-2.37597321427758,50.7322878700683],[-2.37599892996079,50.7322944892582],[-2.37601106639092,50.7323021118911],[-2.37601111239818,50.7323078572534],[-2.37600213347043,50.7323174618423],[-2.37598555771676,50.7323213463849],[-2.37596745275095,50.7323223617654],[-2.3759538073059,50.7323147458059],[-2.37595221393536,50.7323042167714],[-2.37595816714189,50.7322936642348]]],[[[-2.37666432735117,50.7323359678339],[-2.37669461782489,50.7323243040414],[-2.37674638453641,50.7323376282397],[-2.37677081432169,50.7323529717596],[-2.37677090712163,50.7323645371205],[-2.3767528315264,50.7323838708954],[-2.37671946654214,50.7323916912425],[-2.37668302147852,50.7323937355805],[-2.37665555240212,50.7323784045858],[-2.37665234441568,50.7323572108151],[-2.37666432735117,50.7323359678339]]],[[[-2.37511182165782,50.7323949707739],[-2.37514211255828,50.7323833073813],[-2.37519387889714,50.7323966322719],[-2.3752183082065,50.7324119761209],[-2.37521840061617,50.7324235405867],[-2.37520032436348,50.7324428750254],[-2.37516695907574,50.7324506949308],[-2.37513051389594,50.7324527387843],[-2.375103045291,50.7324374074201],[-2.37509983800253,50.7324162136013],[-2.37511182165782,50.7323949707739]]],[[[-2.36852439273396,50.7325161758943],[-2.36854427231701,50.7325085229358],[-2.36857824346471,50.7325172695803],[-2.3685942747976,50.7325273401804],[-2.36859433437299,50.7325349299352],[-2.36858247045297,50.7325476177531],[-2.36856057171132,50.7325527483368],[-2.36853665520203,50.732554088542],[-2.36851862882959,50.732544025157],[-2.36851652599354,50.7325301163259],[-2.36852439273396,50.7325161758943]]],[[[-2.37686761712953,50.7324837643074],[-2.3768979062308,50.7324721004666],[-2.3769496731632,50.7324854245725],[-2.37697410309217,50.7325007680483],[-2.37697419594278,50.7325123334083],[-2.37695612037493,50.7325316672139],[-2.37692275531977,50.7325394876197],[-2.37688631015042,50.732541532022],[-2.37685884233776,50.7325262010722],[-2.37685563283196,50.7325050073131],[-2.37686761712953,50.7324837643074]]],[[[-2.37661284907278,50.7325486950989],[-2.37664313970388,50.7325370322182],[-2.37669490663626,50.7325503564371],[-2.37671933651604,50.7325656999665],[-2.37671942929676,50.7325772644278],[-2.37670135360585,50.7325965990941],[-2.37666798846159,50.7326044194276],[-2.37663154323019,50.7326064637507],[-2.3766040754552,50.7325911318415],[-2.37660086606002,50.7325699380747],[-2.37661284907278,50.7325486950989]]],[[[-2.36737485969652,50.7328203131186],[-2.36741773017109,50.7328162900234],[-2.36745154298947,50.7328297928834],[-2.36744561528177,50.7328550841558],[-2.36744260559547,50.7328628688654],[-2.36743346232031,50.7328687296137],[-2.36740896150403,50.7328707522046],[-2.36737830336622,50.7328689039547],[-2.36735675810384,50.7328573074533],[-2.36735659081047,50.7328359230454],[-2.36737485969652,50.7328203131186]]],[[[-2.3678145780628,50.7329873644822],[-2.36785744865129,50.7329833412249],[-2.36789126170891,50.7329968430568],[-2.36788533280054,50.7330221343545],[-2.36788232459358,50.7330299190706],[-2.36787318134811,50.7330357807524],[-2.36784868046413,50.7330378034359],[-2.36781802220053,50.7330359553021],[-2.36779647675314,50.7330243588829],[-2.36779630925857,50.7330029744771],[-2.3678145780628,50.7329873644822]]],[[[-2.36950720125226,50.7329950070745],[-2.36955007172057,50.7329909832178],[-2.36958388387596,50.7330044854758],[-2.36957795729478,50.7330297768448],[-2.36957494936729,50.7330375616008],[-2.36956580632821,50.7330434234091],[-2.3695413040788,50.7330454455407],[-2.36951064573743,50.7330435987364],[-2.36948909985843,50.7330320026224],[-2.3694889315913,50.7330106182249],[-2.36950720125226,50.7329950070745]]],[[[-2.36830004390354,50.7330884023614],[-2.36834291456327,50.733084378947],[-2.36837672785702,50.7330978815527],[-2.36837080061223,50.7331231728654],[-2.3683677910611,50.7331309575963],[-2.36835864785229,50.7331368193112],[-2.36833414691761,50.7331388411854],[-2.36830348856105,50.7331369940638],[-2.36828194293664,50.7331253977249],[-2.36828177522001,50.7331040133215],[-2.36830004390354,50.7330884023614]]],[[[-2.36769194531226,50.7330974352308],[-2.36773481601192,50.7330934120183],[-2.36776862912091,50.7331069147846],[-2.36776270013289,50.7331322060759],[-2.36775969189864,50.7331399907888],[-2.36775054860941,50.7331458515617],[-2.36772604624565,50.7331478742241],[-2.36769538791483,50.7331460260584],[-2.36767384386393,50.7331344296123],[-2.36767367642455,50.7331130452066],[-2.36769194531226,50.7330974352308]]],[[[-2.36989403109163,50.7333122272214],[-2.36993690181616,50.7333082032205],[-2.36997071572887,50.7333217053583],[-2.36996478790043,50.7333469967488],[-2.36996178001718,50.733354781514],[-2.36995263696494,50.7333606433523],[-2.36992813456681,50.7333626655663],[-2.36989747600305,50.7333608188657],[-2.36987593129223,50.733349221922],[-2.36987576284662,50.7333278375277],[-2.36989403109163,50.7333122272214]]],[[[-2.36865486406673,50.7333261145894],[-2.36869773491276,50.7333220910431],[-2.36873154848019,50.7333355935431],[-2.36872561998068,50.733360884876],[-2.36872261189046,50.7333686696109],[-2.36871346867996,50.7333745313534],[-2.36868896621972,50.7333765533074],[-2.36865830769402,50.7333747062806],[-2.3686367632824,50.7333631091056],[-2.36863659540238,50.7333417247049],[-2.36865486406673,50.7333261145894]]],[[[-2.37630802954573,50.7333766902004],[-2.37632307698508,50.7333708959873],[-2.37634879331266,50.7333775150935],[-2.37636093008105,50.7333851376858],[-2.37636097612577,50.7333908821473],[-2.37635199564652,50.733400486767],[-2.37633542096354,50.7334043722562],[-2.37631731558715,50.7334053876942],[-2.37630366976182,50.7333977708808],[-2.37630207628175,50.7333872427534],[-2.37630802954573,50.7333766902004]]],[[[-2.36889851588279,50.7333900262034],[-2.3689413867659,50.7333860025673],[-2.36897520044943,50.7333995049955],[-2.36896927349058,50.733424796335],[-2.36896626543683,50.7334325810758],[-2.36895712082045,50.7334384419424],[-2.36893261976161,50.7334404648426],[-2.36890196117773,50.733438616981],[-2.36888041526665,50.7334270207556],[-2.36888024727503,50.7334056363564],[-2.36889851588279,50.7333900262034]]],[[[-2.36848559878384,50.7334228159504],[-2.36855549188119,50.7334003713392],[-2.36857123591775,50.733422544492],[-2.36858686228005,50.7334299050378],[-2.36857929350426,50.7334570909556],[-2.36855605394546,50.733471982104],[-2.36849766357638,50.7334721671933],[-2.36848195971642,50.7334549309631],[-2.36848559878384,50.7334228159504]]],[[[-2.37034211840614,50.7334401696686],[-2.37038499062531,50.7334361454979],[-2.37041880334207,50.7334496475082],[-2.37041287715681,50.7334749389144],[-2.37040986933999,50.7334827236905],[-2.37040072631203,50.7334885846644],[-2.37037622387391,50.7334906078721],[-2.37034556520225,50.7334887603909],[-2.37032401891205,50.7334771644354],[-2.37032385026113,50.7334557800439],[-2.37034211840614,50.7334401696686]]],[[[-2.36974669252699,50.7335266540113],[-2.3697895634606,50.733522630063],[-2.36982337748616,50.7335361322422],[-2.36981745096856,50.7335614236205],[-2.36981444304723,50.733569208382],[-2.36980529851073,50.7335750693143],[-2.36978079741801,50.733577092393],[-2.36975013871239,50.7335752447555],[-2.36972859252913,50.7335636486893],[-2.3697284241495,50.733542264295],[-2.36974669252699,50.7335266540113]]],[[[-2.36945688040048,50.7335773326319],[-2.36949975140589,50.7335733087897],[-2.369533565385,50.7335868110532],[-2.36952763869751,50.7336121015186],[-2.36952463072477,50.733619886273],[-2.36951548614911,50.7336257480822],[-2.36949098501706,50.7336277711002],[-2.36946032628931,50.7336259233867],[-2.36943878015413,50.7336143272667],[-2.3694386119065,50.7335929428711],[-2.36945688040048,50.7335773326319]]],[[[-2.37482198788299,50.7336281768827],[-2.37483703558776,50.7336223828595],[-2.37486275184534,50.7336290022938],[-2.3748748884381,50.7336366250419],[-2.37487493430818,50.7336423704045],[-2.3748659548855,50.7336519740084],[-2.3748493785723,50.7336558592925],[-2.37483127306531,50.7336568745008],[-2.37481762741441,50.7336492584117],[-2.37481603425218,50.7336387293624],[-2.37482198788299,50.7336281768827]]],[[[-2.36776373155857,50.7336992066299],[-2.36785706011676,50.7336865641754],[-2.36789223020152,50.7337037397753],[-2.36790795326117,50.733723444547],[-2.36790810803676,50.7337431985914],[-2.36788502290112,50.7337778436626],[-2.36785014293549,50.7337977085804],[-2.36780343090397,50.7337978563923],[-2.36774882080968,50.7337832134968],[-2.36772531010192,50.7337635333399],[-2.36772511671259,50.7337388387605],[-2.36776373155857,50.7336992066299]]],[[[-2.36851662462906,50.7339042517838],[-2.36857484110263,50.7338818441726],[-2.36861777285154,50.7338965237316],[-2.36862180524482,50.7339137969474],[-2.36861022341219,50.7339261799141],[-2.36858309258758,50.7339410816057],[-2.36855583979186,50.7339411680044],[-2.36851288864831,50.7339240199555],[-2.36851662462906,50.7339042517838]]],[[[-2.3691785502014,50.7344207263352],[-2.36919406048864,50.7344132696949],[-2.3692213855659,50.7344230615304],[-2.36922928986651,50.7344378511994],[-2.36922157973426,50.7344477542994],[-2.36920605003036,50.7344527424758],[-2.36917093713561,50.7344429762661],[-2.36916700722796,50.734438048989],[-2.36916694899101,50.7344306417877],[-2.3691785502014,50.7344207263352]]],[[[-2.36875540628178,50.7344697905661],[-2.36881639237627,50.7344625566304],[-2.36886649467226,50.7344835182131],[-2.36886657765091,50.7344940809167],[-2.36886674356599,50.7345152009284],[-2.36884468596126,50.7345328716596],[-2.36877263091033,50.7345436614109],[-2.36873928180921,50.7345367267115],[-2.36873354217267,50.7345121036887],[-2.36875540628178,50.7344697905661]]],[[[-2.36847265227129,50.7345023705908],[-2.36855575139653,50.7344845037359],[-2.36860022459337,50.7344949257069],[-2.36859481095913,50.7345125436192],[-2.36858954114991,50.7345477618235],[-2.36851226572364,50.734600809041],[-2.36844573327328,50.7346080621942],[-2.36837359515997,50.7346082907941],[-2.3683568405877,50.7345942611248],[-2.36836208296439,50.734555523228],[-2.36840639045668,50.7345448225618],[-2.3684396070709,50.7345341561289],[-2.36847265227129,50.7345023705908]]],[[[-2.37175706681621,50.7348238925451],[-2.37179993875913,50.7348198678527],[-2.37183375429763,50.7348333694381],[-2.37182782870381,50.7348586609093],[-2.37182481961718,50.7348664457244],[-2.37181567649746,50.734872306809],[-2.37179117481605,50.7348743303129],[-2.37176051518553,50.7348724832095],[-2.37173896790959,50.7348608875228],[-2.371738798606,50.7348395031402],[-2.37175706681621,50.7348238925451]]],[[[-2.3702866265034,50.7348596149281],[-2.37032949860792,50.7348555907756],[-2.37036331375116,50.7348690927893],[-2.37035738735964,50.7348943841892],[-2.37035437944348,50.734902168963],[-2.37034523471546,50.7349080299376],[-2.37032073295037,50.7349100531329],[-2.3702900733524,50.7349082056426],[-2.37026852642212,50.7348966096827],[-2.37026835778873,50.734875225295],[-2.3702866265034,50.7348596149281]]],[[[-2.37026332048872,50.7350132703243],[-2.37030619273567,50.7350092461798],[-2.37034000798325,50.7350227481994],[-2.37033408014315,50.7350480396021],[-2.3703310722134,50.7350558243752],[-2.37032192887672,50.7350616862426],[-2.37029742560624,50.7350637085386],[-2.37026676591578,50.735061861942],[-2.37024522033037,50.7350502650746],[-2.37024505170669,50.7350288806874],[-2.37026332048872,50.7350132703243]]]]},"properties":{"OBJECTID":1082014,"LAYER":"DITCH","project":"Dorset Ridgeway","PERIOD":"POST MEDIEVAL\\UNCERTAIN","MONUMENT_TYPE":"CHALK PIT\\NATURAL FEATURE","EVIDENCE_1":"EARTHWORK","HE_UID":" NONE GIVEN","HE_URL1":"https://gisportal.historicengland.org.uk/portal/sharing/rest/content/items/b19ecdd0d5584fb8a772fc875f3b1333/data","HER_NO":"MDO20495"}},{"type":"Feature","id":1038353,"geometry":{"type":"Polygon","coordinates":[[[-2.35677662331634,50.7398441678476],[-2.3567323255201,50.7398330870781],[-2.3567013406288,50.7398275724552],[-2.35668359055847,50.7398192141511],[-2.35667022083623,50.7398052335855],[-2.35669202881764,50.7397659076415],[-2.35682372277877,50.7396421130433],[-2.35699498789982,50.7394901562716],[-2.3571796898786,50.7393605887271],[-2.357452511662,50.7391914935949],[-2.35757585033817,50.7391322238846],[-2.35767744599199,50.7391206945561],[-2.35769972285353,50.7391430594744],[-2.35762924554664,50.7391769283505],[-2.35777095228768,50.7392073403012],[-2.35807185407493,50.7392428687835],[-2.35978678489722,50.7396450751989],[-2.36004363338937,50.7397003644539],[-2.36009241222002,50.7397198428597],[-2.36008369963636,50.7397366954029],[-2.35999961592669,50.7397257391204],[-2.35978712874992,50.7396899419743],[-2.35825365141549,50.7393124156604],[-2.35785108474092,50.7392800037529],[-2.35767866378345,50.739280534467],[-2.35756384746403,50.7392977141845],[-2.35751526231123,50.7393034724539],[-2.35739636028079,50.7393655324154],[-2.35716285871186,50.7394728149977],[-2.35702230316654,50.739593831445],[-2.35677662331634,50.7398441678476]]]},"properties":{"OBJECTID":1038353,"LAYER":"DITCH","project":"Dorset Ridgeway","PERIOD":"MEDIEVAL\\POST MEDIEVAL","MONUMENT_TYPE":"TRACKWAY","EVIDENCE_1":"EARTHWORK","HE_UID":" NONE GIVEN","HE_URL1":"https://gisportal.historicengland.org.uk/portal/sharing/rest/content/items/b19ecdd0d5584fb8a772fc875f3b1333/data","HER_NO":"MDO20519"}},{"type":"Feature","id":1046992,"geometry":{"type":"Polygon","coordinates":[[[-2.38848731541381,50.7348996818043],[-2.38842621167506,50.734872851393],[-2.3883956757976,50.7348613659768],[-2.38840740476303,50.7348072576489],[-2.38841330047803,50.7347840653394],[-2.38848597316505,50.7347374777157],[-2.38859539536513,50.7347178016336],[-2.38872349826907,50.734748271728],[-2.38873019328317,50.7348216297464],[-2.38866976236134,50.7348759005948],[-2.38856043429751,50.734907162764],[-2.38848731541381,50.7348996818043]]]},"properties":{"OBJECTID":1046992,"LAYER":"DITCH","project":"Dorset Ridgeway","PERIOD":"POST MEDIEVAL","MONUMENT_TYPE":"CHALK PIT","EVIDENCE_1":"CROPMARK","HE_UID":" NONE GIVEN","HE_URL1":"https://gisportal.historicengland.org.uk/portal/sharing/rest/content/items/b19ecdd0d5584fb8a772fc875f3b1333/data","HER_NO":"MDO20493"}},{"type":"Feature","id":1047384,"geometry":{"type":"Polygon","coordinates":[[[-2.35604039333245,50.7396627876836],[-2.35606593139561,50.7396828254743],[-2.35606280132937,50.7396888710388],[-2.35605651916946,50.739696937052],[-2.35603431909034,50.739699016749],[-2.35598034312476,50.7396951586898],[-2.3559327575296,50.7396973161131],[-2.35588837544892,50.7397034879916],[-2.35585653999425,50.7396895027206],[-2.35586262395261,50.7396552853268],[-2.35589735114275,50.7396310395907],[-2.35595124934091,50.7396248385664],[-2.35599572287966,50.7396307383353],[-2.35604039333245,50.7396627876836]]]},"properties":{"OBJECTID":1047384,"LAYER":"DITCH","project":"Dorset Ridgeway","PERIOD":"POST MEDIEVAL","MONUMENT_TYPE":"CHALK PIT","EVIDENCE_1":"EARTHWORK","HE_UID":" NONE GIVEN","HE_URL1":"https://gisportal.historicengland.org.uk/portal/sharing/rest/content/items/b19ecdd0d5584fb8a772fc875f3b1333/data","HER_NO":"MDO20521"}},{"type":"Feature","id":1047278,"geometry":{"type":"MultiPolygon","coordinates":[[[[-2.37753151399197,50.7388372484792],[-2.37759598195584,50.7388370391163],[-2.37766696360105,50.738844982125],[-2.37771883733186,50.7388815978007],[-2.37772564130404,50.7389265316584],[-2.37770005249958,50.7389511381884],[-2.37764209807346,50.738959500018],[-2.37755828610078,50.738959772228],[-2.37750641808391,50.738923157362],[-2.37749332503374,50.7388986791764],[-2.37749944432079,50.7388577869793],[-2.37753151399197,50.7388372484792]]],[[[-2.37825652817753,50.7392027275532],[-2.37831445693473,50.73919027737],[-2.37837905713953,50.7392064151738],[-2.37839234272996,50.7392554160259],[-2.37834764636445,50.7393086946112],[-2.37828327655965,50.7393211657684],[-2.37821876791404,50.7393172875128],[-2.37819913327059,50.739280568093],[-2.37819248772398,50.7392560663162],[-2.37819880401233,50.7392396977389],[-2.37821797767223,50.7392192010015],[-2.37825652817753,50.7392027275532]]],[[[-2.37760403734226,50.7400673957999],[-2.377649361962,50.7400636559524],[-2.37767784981813,50.7400815328434],[-2.37769506246733,50.7401066361089],[-2.37769535162641,50.7401425758318],[-2.37771832113556,50.7401784409709],[-2.37772997941455,50.740217937282],[-2.37770758820114,50.7402539497916],[-2.37766232124237,50.7402648792254],[-2.37758858812868,50.7402615251928],[-2.37750907640074,50.7402438130732],[-2.37746354224484,50.740222397961],[-2.37745189126037,50.7401828998007],[-2.37745151560148,50.7401361788787],[-2.37749649348624,50.7400893107018],[-2.37760403734226,50.7400673957999]]]]},"properties":{"OBJECTID":1047278,"LAYER":"DITCH","project":"Dorset Ridgeway","PERIOD":"POST MEDIEVAL","MONUMENT_TYPE":"CHALK PIT","EVIDENCE_1":"EARTHWORK","HE_UID":" NONE GIVEN","HE_URL1":"https://gisportal.historicengland.org.uk/portal/sharing/rest/content/items/b19ecdd0d5584fb8a772fc875f3b1333/data","HER_NO":"MDO20497"}},{"type":"Feature","id":872033,"geometry":{"type":"Polygon","coordinates":[[[-2.36224409542581,50.7226109954339],[-2.36217221259746,50.7226099712339],[-2.3621229183616,50.7226013774838],[-2.36207646170778,50.7225771570023],[-2.36204594614103,50.7225508148975],[-2.3619940420255,50.7224868270117],[-2.36200426900767,50.7224087040036],[-2.36206796918592,50.7223549990682],[-2.36212988624831,50.7223335327028],[-2.36220925638885,50.7223206792195],[-2.36227385538395,50.7223244176562],[-2.36235093801449,50.7223367844429],[-2.3624462095309,50.7223923347532],[-2.36247769303258,50.7224563429606],[-2.36244702498545,50.7225395171874],[-2.36237339744002,50.7225885113534],[-2.36229667298001,50.7226050050964],[-2.36224409542581,50.7226109954339]]]},"properties":{"OBJECTID":872033,"LAYER":"BANK","project":"Dorset Ridgeway","PERIOD":"BRONZE AGE","MONUMENT_TYPE":"BARROW","EVIDENCE_1":"EARTHWORK","HE_UID":" NONE GIVEN","HE_URL1":"https://gisportal.historicengland.org.uk/portal/sharing/rest/content/items/b19ecdd0d5584fb8a772fc875f3b1333/data","HER_NO":"MDO2200"}},{"type":"Feature","id":964874,"geometry":{"type":"Polygon","coordinates":[[[-2.3568024124444,50.7257529647539],[-2.3568615866606,50.7259625670805],[-2.35689439125201,50.7261239282349],[-2.35689444500117,50.7261310018347],[-2.35688515822815,50.726131030349],[-2.35684798897161,50.7261287865456],[-2.35682940646975,50.7261276646328],[-2.35682563050277,50.7261194261969],[-2.35682550516016,50.7261029274256],[-2.35681777133581,50.7260628799892],[-2.35677173899108,50.7258720943853],[-2.35674287627135,50.7257401825228],[-2.35674097418156,50.7257342962541],[-2.35674654336494,50.7257342791613],[-2.35676330558558,50.7257401198201],[-2.35677263235172,50.7257448070362],[-2.35678379429161,50.7257471297975],[-2.3568024124444,50.7257529647539]]]},"properties":{"OBJECTID":964874,"LAYER":"BANK","project":"Dorset Ridgeway","PERIOD":"UNCERTAIN","MONUMENT_TYPE":"FIELD SYSTEM\\PIT\\TRACKWAY","EVIDENCE_1":"EARTHWORK","HE_UID":" NONE GIVEN","HE_URL1":"https://gisportal.historicengland.org.uk/portal/sharing/rest/content/items/b19ecdd0d5584fb8a772fc875f3b1333/data","HER_NO":"MDO20575"}},{"type":"Feature","id":1108661,"geometry":{"type":"MultiPolygon","coordinates":[[[[-2.35939689276671,50.7354053773566],[-2.35941689924518,50.7353989548735],[-2.3594671811214,50.7354178821436],[-2.35946233812355,50.7354401606433],[-2.35944744388446,50.735459289466],[-2.35941234836521,50.735459397992],[-2.35938718235666,50.7354467536653],[-2.35937199597748,50.7354277178575],[-2.35937693638954,50.7354181612016],[-2.35939689276671,50.7354053773566]]],[[[-2.35950381074921,50.7356181396538],[-2.35954886024365,50.7356084589292],[-2.35961415983648,50.7356241589196],[-2.35962937215679,50.735646375375],[-2.3596146226572,50.7356845865318],[-2.35956458399313,50.7356974634756],[-2.35950437082901,50.735691288207],[-2.35947918032605,50.7356754641157],[-2.35947905857289,50.7356595615916],[-2.35947886377769,50.735634118812],[-2.35950381074921,50.7356181396538]]],[[[-2.36020796676854,50.7359085634526],[-2.36025805428936,50.7359020476015],[-2.36029835886702,50.7359273660553],[-2.36030848489611,50.7359400568068],[-2.36031364482893,50.7359591235722],[-2.36030376285468,50.7359782369651],[-2.360253675266,50.7359847537353],[-2.36019845216564,50.7359753834986],[-2.36018326386907,50.7359563478042],[-2.36018306868341,50.7359309041289],[-2.36020796676854,50.7359085634526]]],[[[-2.3596030898647,50.7361426120621],[-2.35966315602106,50.7361297040751],[-2.35971341582865,50.7361454505454],[-2.35971363512966,50.7361740749055],[-2.35970380159464,50.7361995487171],[-2.35964363791273,50.7361997348871],[-2.35960343088211,50.7361871371466],[-2.35959330499652,50.7361744472333],[-2.35958821839758,50.7361649206904],[-2.3596030898647,50.7361426120621]]],[[[-2.3583852683764,50.7362131630405],[-2.35840527533767,50.7362067407304],[-2.35845555767489,50.7362256684328],[-2.35845071411554,50.7362479468891],[-2.35843581779216,50.7362670755863],[-2.35840072166537,50.7362671838096],[-2.35837555691117,50.7362545392624],[-2.35836036926146,50.7362355033294],[-2.35836530996377,50.7362259467168],[-2.3583852683764,50.7362131630405]]],[[[-2.35987417091689,50.7361862992197],[-2.35992919915868,50.7361702268331],[-2.35999941564311,50.7361731901405],[-2.36004967560934,50.7361889364652],[-2.36005490863253,50.7362175443946],[-2.36004510108857,50.7362461998132],[-2.36001518921146,50.7362685550835],[-2.359970064614,50.7362686948401],[-2.3599248926747,50.7362624741058],[-2.35988962732563,50.7362403197821],[-2.35985934974539,50.7362149701454],[-2.35987417091689,50.7361862992197]]],[[[-2.35877680940356,50.736263894047],[-2.35884191519855,50.7362541516871],[-2.35890220192594,50.7362698675505],[-2.3589025909074,50.7363207540072],[-2.35883746073067,50.7363273166158],[-2.3587822360893,50.7363179457137],[-2.35876206043536,50.7363021050903],[-2.35876695246103,50.7362861879909],[-2.35877680940356,50.736263894047]]],[[[-2.35903293690261,50.7363288424733],[-2.35909804273371,50.7363190999704],[-2.35915832962964,50.7363348157007],[-2.35915871888953,50.7363857021551],[-2.35909358865927,50.7363922649069],[-2.35903836389095,50.7363828941266],[-2.35901818812284,50.736367053548],[-2.35902308006828,50.7363511364383],[-2.35903293690261,50.7363288424733]]],[[[-2.3603219533135,50.7363884635069],[-2.36034196007589,50.736382039966],[-2.36039224338443,50.736400967729],[-2.36038740071969,50.7364232453631],[-2.36037250655515,50.7364423751998],[-2.36033741030477,50.7364424840064],[-2.36031224351999,50.7364298398838],[-2.36029705644651,50.7364108042018],[-2.36030199535548,50.736401247513],[-2.3603219533135,50.7363884635069]]],[[[-2.35851260209912,50.7364735701634],[-2.35853260915361,50.7364671478314],[-2.35858289182125,50.7364860754771],[-2.3585780482961,50.7365083539375],[-2.35856315335966,50.7365274826459],[-2.35852805703874,50.7365275909081],[-2.35850289069344,50.7365149463939],[-2.3584877043245,50.7364959104744],[-2.358492645028,50.7364863538568],[-2.35851260209912,50.7364735701634]]],[[[-2.35944574247496,50.7365470201539],[-2.3595058349633,50.736537292927],[-2.35958612780136,50.7365465859367],[-2.35961650289068,50.7365846574799],[-2.35959177466921,50.7366292601201],[-2.35956685297507,50.7366484208749],[-2.35950169807754,50.7366518022719],[-2.35944145935382,50.7366424471905],[-2.35941115740633,50.736613916755],[-2.35940098420202,50.7365948654533],[-2.35940585169314,50.7365757676443],[-2.35944574247496,50.7365470201539]]],[[[-2.3597128126044,50.736721120433],[-2.35978300410915,50.7367209031884],[-2.35981819805948,50.7367335154853],[-2.35982343101096,50.7367621243219],[-2.35981861241584,50.7367875826158],[-2.35978361339286,50.7368004130929],[-2.35972851126075,50.7368069442588],[-2.35967309097092,50.7367721310077],[-2.35966299071517,50.7367626208825],[-2.35967282296477,50.7367371461816],[-2.3597128126044,50.736721120433]]]]},"properties":{"OBJECTID":1108661,"LAYER":"DITCH","project":"Dorset Ridgeway","PERIOD":"UNCERTAIN","MONUMENT_TYPE":"PIT","EVIDENCE_1":"EARTHWORK","HE_UID":" NONE GIVEN","HE_URL1":"https://gisportal.historicengland.org.uk/portal/sharing/rest/content/items/b19ecdd0d5584fb8a772fc875f3b1333/data","HER_NO":"MDO20522"}},{"type":"Feature","id":1082020,"geometry":{"type":"MultiPolygon","coordinates":[[[[-2.38360140791624,50.7251681156891],[-2.38361915599698,50.7251586318097],[-2.3836488798669,50.7251604186564],[-2.3836667987887,50.7251716706784],[-2.38366392035579,50.725182990404],[-2.38364620165933,50.7251962439703],[-2.38361946401532,50.7251963321625],[-2.383604563572,50.7251907266421],[-2.38360146951847,50.7251756559396],[-2.38360140791624,50.7251681156891]]],[[[-2.38359191009838,50.7254603344165],[-2.3836096905146,50.7254546211066],[-2.38363941457317,50.7254564079516],[-2.38364848119347,50.7254752287274],[-2.38363081000617,50.7254941377008],[-2.38359813045435,50.7254942454906],[-2.38358011902904,50.7254716835353],[-2.38359191009838,50.7254603344165]]],[[[-2.38385569440246,50.7256685594155],[-2.38390380183077,50.7256530975447],[-2.3839822434368,50.7256604896807],[-2.38401863855328,50.7256871492323],[-2.38402504208961,50.7257330337366],[-2.38400117532367,50.7257637178056],[-2.38395912869192,50.725782984354],[-2.38391086336255,50.7257793172424],[-2.38385619466463,50.7257297664958],[-2.38384394927387,50.7257068527377],[-2.38384379295423,50.7256877264243],[-2.38385569440246,50.7256685594155]]],[[[-2.3848335472018,50.7261148069918],[-2.38488852209476,50.7261092551055],[-2.38493099970022,50.7261279126304],[-2.38493977284522,50.7261654799517],[-2.38493159397265,50.7262004170584],[-2.3848768610613,50.7262355086754],[-2.3847922797581,50.7262438434821],[-2.38474131650879,50.7262225286411],[-2.3847200006973,50.726203800357],[-2.38471552692744,50.726174275502],[-2.38473640132738,50.726139296535],[-2.3847743390981,50.7261203737151],[-2.3848335472018,50.7261148069918]]]]},"properties":{"OBJECTID":1082020,"LAYER":"DITCH","project":"Dorset Ridgeway","PERIOD":"POST MEDIEVAL\\UNCERTAIN","MONUMENT_TYPE":"CHALK PIT\\NATURAL FEATURE","EVIDENCE_1":"EARTHWORK","HE_UID":" NONE GIVEN","HE_URL1":"https://gisportal.historicengland.org.uk/portal/sharing/rest/content/items/b19ecdd0d5584fb8a772fc875f3b1333/data","HER_NO":"MDO20495"}},{"type":"Feature","id":1128386,"geometry":{"type":"Polygon","coordinates":[[[-2.38469399144067,50.7245055737008],[-2.38467339207553,50.7245231892447],[-2.38465257706086,50.7245144827109],[-2.3846318338434,50.7245145512978],[-2.38459715305865,50.7245015041301],[-2.38456258150562,50.7245016184333],[-2.3845214170252,50.7245412418485],[-2.38448039757623,50.7245984123959],[-2.38446022907825,50.7246686758559],[-2.3843705564998,50.7246952959045],[-2.38424613116727,50.7247000936908],[-2.38408000388919,50.7246787071642],[-2.38406570898671,50.7246217194048],[-2.38405091172752,50.7245033089585],[-2.38399484209091,50.7244113611526],[-2.38401501117482,50.724341096858],[-2.38405606685004,50.7242883130285],[-2.38414588240621,50.7242792430849],[-2.38420829267014,50.7243009739679],[-2.38422914349748,50.7243140669403],[-2.38427754461197,50.7243139070518],[-2.38426331995517,50.7242656915482],[-2.38426980395717,50.7242130236483],[-2.38431770225084,50.7241514437639],[-2.38436588770368,50.7241249590666],[-2.38442757805972,50.7240589450859],[-2.38450345711876,50.7240367590883],[-2.38461394321316,50.7240188435066],[-2.38466933063275,50.7240274356964],[-2.38472461004773,50.7240228649499],[-2.3848004152426,50.7239919054956],[-2.38485591036875,50.7240136594601],[-2.38485630591132,50.7240619179455],[-2.38485000241633,50.7241365222126],[-2.38485029007972,50.7241716192105],[-2.38488500650231,50.7241890550141],[-2.38490600123766,50.7242196979182],[-2.38489948202379,50.7242679792129],[-2.38485824771565,50.7242988274007],[-2.38484474311533,50.7243383565736],[-2.38483800808564,50.724360315792],[-2.38478272826987,50.7243648847989],[-2.38475507038555,50.7243649760113],[-2.38474142189826,50.7243869580232],[-2.38469399144067,50.7245055737008]]]},"properties":{"OBJECTID":1128386,"LAYER":"EXTENT_OF_FEATURE","project":"Dorset Ridgeway","PERIOD":"POST MEDIEVAL","MONUMENT_TYPE":"QUARRY","EVIDENCE_1":"EARTHWORK","HE_UID":" NONE GIVEN","HE_URL1":"https://gisportal.historicengland.org.uk/portal/sharing/rest/content/items/b19ecdd0d5584fb8a772fc875f3b1333/data","HER_NO":"MDO20552"}},{"type":"Feature","id":1106574,"geometry":{"type":"MultiPolygon","coordinates":[[[[-2.35687875259697,50.7247468619049],[-2.35688577569444,50.724746345735],[-2.35697876410221,50.7248726559363],[-2.35706781854629,50.7250101265668],[-2.35708959546527,50.7250448043879],[-2.35708967094111,50.7250547322471],[-2.35708380432855,50.7250547502702],[-2.35707204939513,50.7250523034602],[-2.35699697031771,50.7249520202524],[-2.35695143335747,50.7248789440301],[-2.35693264667144,50.7248536841907],[-2.35687884667329,50.7247592438524],[-2.35687646205221,50.7247538033138],[-2.35687642818386,50.7247493456688],[-2.35687875259697,50.7247468619049]]],[[[-2.36063639113749,50.7251885173927],[-2.36064953941948,50.7251838282001],[-2.36066274192048,50.725185646955],[-2.36067596016882,50.7251902543387],[-2.36068919836032,50.7251967204787],[-2.36070685121957,50.7252059624963],[-2.36072447693158,50.7252114842582],[-2.36073332909096,50.7252198237235],[-2.36073337907232,50.7252263316855],[-2.36071873020216,50.7252263771461],[-2.36063796739774,50.7252033875562],[-2.36063205646848,50.7251968977782],[-2.36063200650812,50.7251903907153],[-2.36063639113749,50.7251885173927]]],[[[-2.35644481538245,50.7250158382353],[-2.35645275249286,50.725013290505],[-2.35645873492204,50.725014532954],[-2.35648117605611,50.7250876927908],[-2.35649139678929,50.725123014079],[-2.35651375177869,50.7251848108259],[-2.35656033349845,50.7252919848407],[-2.35658057497604,50.7253373743341],[-2.35658465182414,50.7253499886671],[-2.35657872826155,50.7253563198097],[-2.35657081965188,50.7253422864712],[-2.35654198237973,50.7252776265177],[-2.35648135177813,50.7251321267516],[-2.35644933584361,50.7250225096466],[-2.35644481538245,50.7250158382353]]],[[[-2.36087877693822,50.7252714317899],[-2.36089183096061,50.7252546591856],[-2.36089769905944,50.7252555690273],[-2.36091976092913,50.7252666561432],[-2.36094777808079,50.7252898120367],[-2.36099487021715,50.7253166245257],[-2.36103162532525,50.725333243346],[-2.36104491363059,50.7253462174073],[-2.36106845618103,50.7253591596151],[-2.36108024393644,50.7253684188956],[-2.36108321370318,50.7253730580686],[-2.36107887619229,50.7253805077207],[-2.36106716136563,50.7253814730708],[-2.36099073415525,50.7253501024205],[-2.36087598003666,50.7252891042066],[-2.36087592289834,50.7252816673066],[-2.36087877693822,50.7252714317899]]],[[[-2.35658604806282,50.7252717062487],[-2.35654546650675,50.7251682998221],[-2.35650447700494,50.7250118683758],[-2.35650512077362,50.7250029832781],[-2.35651206408157,50.7250029619817],[-2.3565176366328,50.7250047065858],[-2.35652633212268,50.7250389848844],[-2.35657901710687,50.72520326806],[-2.35658715819802,50.725233370882],[-2.35659315142959,50.7252408839952],[-2.35660897091406,50.725239580961],[-2.35664059324432,50.7252357168394],[-2.35680847035742,50.7251975423221],[-2.35704151787158,50.725144106191],[-2.35719951093788,50.7251072150698],[-2.3574878254433,50.725037287988],[-2.3576517552589,50.7250003806893],[-2.35772483639026,50.7249850918951],[-2.35773271473153,50.7249800460483],[-2.3577386082652,50.7249750072089],[-2.35773855089813,50.7249674749855],[-2.35762134717011,50.7246631439499],[-2.35760122845069,50.7246192713432],[-2.35760311872446,50.7246079660277],[-2.35761100658715,50.7246041773579],[-2.35763106230001,50.7246405186558],[-2.35775821096843,50.724951094275],[-2.35777418189269,50.7249698761168],[-2.35778208465612,50.7249685954922],[-2.3578176310145,50.7249597000693],[-2.35790851050679,50.7249431000678],[-2.35794606181892,50.7249379628333],[-2.35795993745365,50.7249416872014],[-2.35796195203324,50.7249467025973],[-2.35794022004468,50.7249505339241],[-2.35780391653174,50.724977316089],[-2.35778418952964,50.7249849092131],[-2.35777826306277,50.7249861819562],[-2.35786828247058,50.7251164574405],[-2.35789066774677,50.7251979823216],[-2.35789081121293,50.7252168110807],[-2.357894844625,50.725226840962],[-2.3579107391711,50.7252355798203],[-2.35797037537892,50.725273055474],[-2.35798430036376,50.725283055788],[-2.35798039128783,50.7252893430284],[-2.35796852483349,50.725289379574],[-2.35789894358781,50.7252456593404],[-2.35788354506633,50.7252380574463],[-2.3578699951741,50.7253096380773],[-2.35786870540884,50.725371118875],[-2.35786346219574,50.7253767240656],[-2.35785465300864,50.7253767511868],[-2.35786102133367,50.7252873086158],[-2.35786736836601,50.725195632288],[-2.35785656545573,50.7251654837902],[-2.35782073139087,50.7250862332258],[-2.35776716432223,50.7250072053993],[-2.35775275895348,50.724993639979],[-2.35774564336856,50.724998199665],[-2.35721353542069,50.7251184040224],[-2.35719819135217,50.7251211094596],[-2.35719401701869,50.7251228947757],[-2.35719405071245,50.7251273254425],[-2.35725623304555,50.7252228531828],[-2.35730993885094,50.7253051137369],[-2.3573310688721,50.7253280911237],[-2.35735672517152,50.7253514044122],[-2.35738071788975,50.725366480876],[-2.35739072801166,50.7253740256629],[-2.35739075683878,50.725377814256],[-2.35738080435501,50.7253778448568],[-2.35734079585115,50.7253501907907],[-2.35730874260784,50.7253212505617],[-2.35728460162055,50.7252872347273],[-2.35720805988127,50.7251650028413],[-2.35718793843888,50.7251360268089],[-2.35717995193294,50.7251322626694],[-2.35714415654503,50.7251348978495],[-2.35703887569068,50.7251592105807],[-2.35664553743047,50.7252450092537],[-2.35659984306307,50.7252539876097],[-2.35659191801383,50.7252590614003],[-2.35663045173043,50.7253548976293],[-2.35667280503452,50.725429258025],[-2.356680891671,50.7254456469331],[-2.35668293011642,50.7254519545474],[-2.3566729776162,50.7254519850878],[-2.35664074114424,50.7253990550526],[-2.35658604806282,50.7252717062487]]],[[[-2.35740866458882,50.7253776207034],[-2.35741206260844,50.7253743530497],[-2.35742237374886,50.7253797503184],[-2.35743623995007,50.7254025162084],[-2.35745542218551,50.725449156116],[-2.35745031961579,50.7254535162467],[-2.3574434768295,50.7254535372896],[-2.35743652092939,50.7254394390287],[-2.35740866458882,50.7253776207034]]],[[[-2.35607334376544,50.7251674773099],[-2.3560803143122,50.7251630098981],[-2.35608734951565,50.7251663237881],[-2.35614909890298,50.7252250358701],[-2.35621968806889,50.7252948350735],[-2.35631146037885,50.7253856844762],[-2.35637142412657,50.7254399576552],[-2.35640843284327,50.7254698505736],[-2.35641550602979,50.7254787210001],[-2.35640151287877,50.7254809860368],[-2.35637683195725,50.7254599456361],[-2.35628688772199,50.7253790916132],[-2.35618983140227,50.7252838141249],[-2.35608921569391,50.725181876575],[-2.35607512293306,50.7251708055035],[-2.35607334376544,50.7251674773099]]],[[[-2.36055720606921,50.725472741585],[-2.36056554208522,50.7254727157273],[-2.3605738845482,50.7254744524453],[-2.36057395217365,50.7254832616196],[-2.36056566833123,50.7254891614377],[-2.36055641452411,50.7254897764753],[-2.36054619954763,50.7254856984335],[-2.36054707649655,50.7254792352586],[-2.36054798641502,50.7254768826077],[-2.36055720606921,50.725472741585]]],[[[-2.35630313138345,50.7254549899093],[-2.35633400536356,50.7254478889466],[-2.35634284928588,50.7254492638167],[-2.35634948734585,50.7254506427511],[-2.35632304420813,50.7254591348158],[-2.35621936681782,50.7254790749652],[-2.35612671433145,50.7254961808749],[-2.35598767382629,50.7255134251946],[-2.35597442033611,50.7255134657851],[-2.35597438846755,50.7255092608333],[-2.35597657448599,50.7255064510719],[-2.35598979609744,50.72550220463],[-2.35617297892878,50.7254792171198],[-2.35630313138345,50.7254549899093]]],[[[-2.36023344769225,50.7255007634776],[-2.36024546785942,50.7254989645284],[-2.36024827167402,50.7255024801318],[-2.36024459537243,50.7255060149193],[-2.36024555343167,50.7255101216768],[-2.36024556694998,50.7255118842311],[-2.36025206649968,50.725514213916],[-2.36025301440273,50.7255177352712],[-2.36025212505022,50.7255218477544],[-2.36024008994951,50.7255218850537],[-2.36022897521487,50.7255207450349],[-2.36022615337948,50.7255148796584],[-2.36023168302274,50.7255119272595],[-2.36023628753556,50.7255089768281],[-2.36023256143214,50.7255054640826],[-2.36023344769225,50.7255007634776]]],[[[-2.35549896649543,50.7253459024041],[-2.35550407398667,50.7253382392762],[-2.35551097438219,50.7253404034296],[-2.35551306088926,50.7253884592516],[-2.35551620140099,50.7255763279454],[-2.35551283456603,50.7255861683133],[-2.35550595067381,50.7255861893683],[-2.35549902805667,50.7255818427203],[-2.35549900324107,50.7255785640079],[-2.35549563959021,50.7253612039952],[-2.35549896649543,50.7253459024041]]],[[[-2.35665350106508,50.7255112698647],[-2.35665605696787,50.7255107188549],[-2.35666197145031,50.7255130793115],[-2.35667613288975,50.7255536852697],[-2.35669548525345,50.7255942753036],[-2.35669204780006,50.7255975826262],[-2.35668512423858,50.7255976038725],[-2.35667794773351,50.7255842787262],[-2.35665096158429,50.7255139836009],[-2.35665095335619,50.7255128999895],[-2.35665350106508,50.7255112698647]]],[[[-2.35669828030952,50.7255063779437],[-2.35670692957303,50.7255052506776],[-2.35671042544441,50.7255096365463],[-2.35671919987432,50.7255249900642],[-2.35674565671367,50.7255886294035],[-2.35675800906239,50.7256193523886],[-2.35676523444252,50.7256588798082],[-2.3567600685759,50.7256621924378],[-2.35675308926524,50.7256556212107],[-2.35673877344759,50.7255941424547],[-2.35669828030952,50.7255063779437]]],[[[-2.35580461933501,50.7252313247087],[-2.35580740109715,50.7252241201268],[-2.35581024816678,50.7252259108777],[-2.35581595734107,50.7252312900009],[-2.35583636138405,50.7253049687833],[-2.35591227785036,50.7255979072634],[-2.35592694429673,50.7256626107783],[-2.35592699880566,50.7256698039816],[-2.35591850637798,50.7256716294531],[-2.35591282297829,50.7256698473894],[-2.35584267151909,50.7253894839103],[-2.35580461933501,50.7252313247087]]],[[[-2.35999485646303,50.7255972233092],[-2.35996762443211,50.725593471301],[-2.35995857347814,50.7255954175018],[-2.3599261604863,50.7257048329918],[-2.35992623396539,50.7257144218256],[-2.35991414497907,50.7257144592581],[-2.35993169416581,50.7256376933267],[-2.35994350388815,50.7256012168849],[-2.35994345980427,50.725595464304],[-2.35991622777842,50.7255917122838],[-2.35971963059708,50.7255750609064],[-2.35959874585651,50.7255773531168],[-2.35958565744648,50.7255760114082],[-2.3595856212823,50.725571287583],[-2.35959005488443,50.7255665481318],[-2.35960493731808,50.7255646117966],[-2.35966002793316,50.7255625510551],[-2.35976727304087,50.7255631634178],[-2.35988205579151,50.7255760401567],[-2.35994615980663,50.7255834019452],[-2.35995359605338,50.7255824328712],[-2.35995802238314,50.7255767491807],[-2.36000890367967,50.7254140451685],[-2.36001900341741,50.7253714894559],[-2.36002485931669,50.725358239257],[-2.36003077175875,50.7253525509599],[-2.36003379883673,50.7253582115681],[-2.36002226241676,50.7254125829249],[-2.35997877097252,50.7255677037802],[-2.35997440981613,50.7255818908958],[-2.35997444604009,50.7255866174184],[-2.36016827193995,50.7256124766246],[-2.36020703026015,50.7256170831587],[-2.36022045709495,50.7256198751926],[-2.36022208662503,50.7256378270383],[-2.36020916707987,50.7257011838369],[-2.36019024806687,50.725758889241],[-2.36017743715279,50.7258364220049],[-2.36017005457209,50.7258449485062],[-2.36015996923476,50.7258441101486],[-2.36015989570763,50.7258345213153],[-2.36017443450973,50.7257596819495],[-2.36019809916512,50.7256924833928],[-2.36020680283015,50.7256445120143],[-2.36020671458398,50.7256330050544],[-2.36020361774466,50.7256234255897],[-2.36018848935295,50.7256215542972],[-2.35999485646303,50.7255972233092]]],[[[-2.36019661920986,50.7257852994437],[-2.360200380654,50.7257828875998],[-2.36031964491425,50.7258005153234],[-2.36053359188421,50.7258358448522],[-2.36056769205777,50.7258441392876],[-2.36055037250756,50.7258449394164],[-2.36021593032459,50.725791282787],[-2.36019661920986,50.7257852994437]]],[[[-2.35862317425667,50.7258837044806],[-2.35864473734198,50.7258808969337],[-2.35869239520469,50.7259026663176],[-2.35884219878589,50.7260131512599],[-2.35884872703504,50.7260199791505],[-2.35883796285888,50.7260241230067],[-2.35882716869447,50.7260241563293],[-2.35879677931775,50.7260023336982],[-2.3587229456261,50.7259450335124],[-2.3586643575927,50.7259054911537],[-2.35862973383476,50.7258946420129],[-2.35862317425667,50.7258837044806]]],[[[-2.35873898746784,50.7257847271675],[-2.35874546761707,50.7257847071678],[-2.35875412211951,50.7257874187754],[-2.3589712610404,50.7259524845634],[-2.35902349003666,50.7260071121069],[-2.35904540915778,50.7260508754845],[-2.35904780145969,50.7260810021883],[-2.35903101295521,50.7261440605506],[-2.35901809247157,50.7261482101845],[-2.35901155992969,50.7261413823169],[-2.35902217612982,50.7261180634782],[-2.3590238564808,50.7260550517829],[-2.35899099240895,50.7259921467807],[-2.35892145011581,50.7259320933496],[-2.35874557223047,50.7257984038338],[-2.35873253248249,50.7257874854079],[-2.35873898746784,50.7257847271675]]],[[[-2.35830597194192,50.7259024894255],[-2.35831460980171,50.7259024627984],[-2.35841150327344,50.7260620000389],[-2.35852985142641,50.7262567607047],[-2.35855172295004,50.7263015719856],[-2.35854567425392,50.726315248063],[-2.35853643772746,50.7263133260079],[-2.35841177128082,50.7260971216322],[-2.35831204079795,50.7259237684515],[-2.35830168027598,50.7259052409734],[-2.35830597194192,50.7259024894255]]],[[[-2.35849407894861,50.7259402602693],[-2.35850054442254,50.7259388716187],[-2.35863512359846,50.7260357067931],[-2.35878533550777,50.7261996079897],[-2.35880928044297,50.7262255602422],[-2.35881593285472,50.7262488230573],[-2.35882091177081,50.7263351029366],[-2.35882106872355,50.7263556474838],[-2.35881676996286,50.7263583990724],[-2.35880810630553,50.7263543178892],[-2.35880982453737,50.7262967827192],[-2.3587986731518,50.7262502477432],[-2.35879857898362,50.726237920655],[-2.358785523837,50.7262242621664],[-2.35873105349193,50.726158685464],[-2.35863096789974,50.7260562646478],[-2.35850284847593,50.7259580399367],[-2.35849194837635,50.7259443774657],[-2.35849407894861,50.7259402602693]]],[[[-2.35908145135907,50.724237246091],[-2.35909300274523,50.7242347625537],[-2.35909689498224,50.7242396462303],[-2.35911658622484,50.724293412929],[-2.35931444565283,50.7249534378367],[-2.35948500975482,50.7255050014323],[-2.35949742288654,50.7256150704358],[-2.3595014276161,50.7256346309584],[-2.35950167107081,50.725666438767],[-2.35933064914158,50.7264988795277],[-2.35931149810257,50.7265160664827],[-2.35931155425963,50.7265234071604],[-2.3593037450098,50.7265111974473],[-2.35945269374046,50.7257851391983],[-2.3594738431834,50.7256770194705],[-2.35947882900301,50.725610777207],[-2.35945029304226,50.7254714396129],[-2.35923050809811,50.7247471120083],[-2.35907843060552,50.7242561098087],[-2.35907377772417,50.7242421628006],[-2.35908145135907,50.724237246091]]],[[[-2.35924601730448,50.7268849229466],[-2.35925536656199,50.726884894051],[-2.3593690455879,50.72692976671],[-2.35949096767303,50.7269820265576],[-2.35950973715485,50.7269916052281],[-2.35951326211684,50.7269945601624],[-2.35951328480467,50.7269975241305],[-2.35950861939242,50.7269982813683],[-2.35949808566338,50.7269960891204],[-2.35947816152169,50.7269879960381],[-2.35934098359883,50.7269268876291],[-2.35926012839091,50.7268967426806],[-2.3592402000745,50.7268879076615],[-2.35924601730448,50.7268849229466]]],[[[-2.35931433432572,50.7269566238827],[-2.35932602126955,50.7269565877551],[-2.35943739688991,50.7270051734144],[-2.35944091617755,50.7270073873589],[-2.35943978561537,50.7270118369122],[-2.35943053419197,50.727024468078],[-2.35942585742426,50.7270244825396],[-2.3594269979021,50.727020773066],[-2.35942928593092,50.7270140933079],[-2.35942925190711,50.7270096473558],[-2.35942103174126,50.7270044821101],[-2.35931554285735,50.7269618090123],[-2.35931436268353,50.7269603306414],[-2.35931433432572,50.7269566238827]]]]},"properties":{"OBJECTID":1106574,"LAYER":"DITCH","project":"Dorset Ridgeway","PERIOD":"UNCERTAIN","MONUMENT_TYPE":"FIELD SYSTEM\\PIT\\TRACKWAY","EVIDENCE_1":"EARTHWORK","HE_UID":" NONE GIVEN","HE_URL1":"https://gisportal.historicengland.org.uk/portal/sharing/rest/content/items/b19ecdd0d5584fb8a772fc875f3b1333/data","HER_NO":"MDO20575"}},{"type":"Feature","id":1082693,"geometry":{"type":"Polygon","coordinates":[[[-2.37542194946327,50.7376937892443],[-2.37543899116708,50.7377124860282],[-2.37543918395738,50.73773659424],[-2.37543939817791,50.737763382241],[-2.37542702498866,50.7378009258271],[-2.3753765209561,50.7378225187784],[-2.37530893235361,50.7378200589265],[-2.37527900343835,50.7377746150309],[-2.37528288520074,50.7377317418512],[-2.37530803295368,50.7377075509389],[-2.37542194946327,50.7376937892443]]]},"properties":{"OBJECTID":1082693,"LAYER":"DITCH","project":"Dorset Ridgeway","PERIOD":"POST MEDIEVAL\\UNCERTAIN","MONUMENT_TYPE":"PIT","EVIDENCE_1":"EARTHWORK","HE_UID":" NONE GIVEN","HE_URL1":"https://gisportal.historicengland.org.uk/portal/sharing/rest/content/items/b19ecdd0d5584fb8a772fc875f3b1333/data","HER_NO":"MDO20497"}},{"type":"Feature","id":1103483,"geometry":{"type":"Polygon","coordinates":[[[-2.36101454315885,50.725570797258],[-2.36100904565256,50.7255814276774],[-2.36100161349092,50.7255814507596],[-2.36099043380892,50.7255779476979],[-2.36095259249817,50.725490801412],[-2.36094318240036,50.7254755023399],[-2.36094128258059,50.7254696098366],[-2.36096534092188,50.7254565656574],[-2.36102654407688,50.7254398665294],[-2.3610766352282,50.7254279168324],[-2.36111741934263,50.7254148188657],[-2.36114156060447,50.7254123850422],[-2.36116572425116,50.7254123099657],[-2.3611936827451,50.7254228364402],[-2.36123483099759,50.7254569065372],[-2.36125555692191,50.7254933989129],[-2.36126124822343,50.7255087104173],[-2.36126135706903,50.7255228621087],[-2.36124658203397,50.725534699437],[-2.36118916605,50.7255608221976],[-2.36115205880951,50.7255691920194],[-2.3611371930736,50.725569238206],[-2.36113344694641,50.7255657102642],[-2.361181605529,50.7255443366382],[-2.36121127915283,50.7255359872075],[-2.36122422265072,50.7255276924587],[-2.36122602841383,50.7255206130805],[-2.36122410477039,50.7255123645321],[-2.36121658051086,50.725500594706],[-2.36120902140678,50.7254841091433],[-2.3611958546274,50.7254641041219],[-2.36116782355896,50.7254441425873],[-2.36115098890435,50.7254300446622],[-2.36112682044141,50.7254289416888],[-2.36103040800278,50.7254587224023],[-2.36096917762318,50.7254718820356],[-2.36096176701283,50.7254754446296],[-2.36096181232002,50.7254813401936],[-2.36101454315885,50.725570797258]]]},"properties":{"OBJECTID":1103483,"LAYER":"DITCH","project":"Dorset Ridgeway","PERIOD":"UNCERTAIN","MONUMENT_TYPE":"ENCLOSURE","EVIDENCE_1":"CROPMARK","HE_UID":" NONE GIVEN","HE_URL1":"https://gisportal.historicengland.org.uk/portal/sharing/rest/content/items/b19ecdd0d5584fb8a772fc875f3b1333/data","HER_NO":"MDO20576"}},{"type":"Feature","id":1047370,"geometry":{"type":"MultiPolygon","coordinates":[[[[-2.37622560868953,50.7196778662014],[-2.37627590037138,50.7196777036096],[-2.37631900590795,50.7196775642332],[-2.3763837049959,50.719681914368],[-2.37642692014355,50.719695451781],[-2.37644161845609,50.7197364375885],[-2.37644191076048,50.7197729097324],[-2.37638458178034,50.7197913317026],[-2.37627674038589,50.7197825626067],[-2.37621904474501,50.7197553938672],[-2.3762044210718,50.71972352651],[-2.37618979600936,50.7196916600542],[-2.37622560868953,50.7196778662014]]],[[[-2.37229149043432,50.7197154568395],[-2.37230586192834,50.7197108398046],[-2.37232028775943,50.7197130787331],[-2.37233116567035,50.7197221878477],[-2.37236014559303,50.7197426662406],[-2.37237100539808,50.7197494894299],[-2.37237111410736,50.7197632031581],[-2.37237118658263,50.7197723459433],[-2.37235319608373,50.7197746885867],[-2.37233524041128,50.7197816039734],[-2.37232448930672,50.7197884954084],[-2.37232095806547,50.7197976497233],[-2.37230664089859,50.719809124524],[-2.37229226937438,50.7198137415595],[-2.37226347198559,50.7198161196603],[-2.37223101938369,50.7198116524071],[-2.37220928026648,50.7197957209835],[-2.37220193221721,50.7197774584497],[-2.37220542584601,50.7197637331992],[-2.37220895427436,50.7197545788964],[-2.37224129957985,50.719745332423],[-2.3722843235144,50.7197200517249],[-2.37229149043432,50.7197154568395]]],[[[-2.37260725264017,50.7200161649093],[-2.37265038542435,50.720004598701],[-2.37270090413952,50.7200158650127],[-2.37270097668731,50.7200250086952],[-2.37270104922088,50.7200341505791],[-2.37270110363178,50.7200410083409],[-2.37268678647718,50.7200524822881],[-2.37266157172054,50.7200525630371],[-2.37262191429589,50.7200481189687],[-2.37260377725062,50.7200321769891],[-2.37260725264017,50.7200161649093]]],[[[-2.37317683268585,50.7200737698421],[-2.37313355472511,50.7200670515808],[-2.37310121079151,50.7200762982977],[-2.37308336402782,50.7200969266223],[-2.37304736329414,50.7200993280125],[-2.37302562518741,50.7200833976455],[-2.37300388426244,50.7200674672832],[-2.3729893312383,50.7200492279],[-2.37299277020106,50.7200286448702],[-2.37298183765128,50.7200126798598],[-2.37296017078244,50.7200058922655],[-2.37297452414169,50.7199989883284],[-2.37301041731983,50.7199828732347],[-2.3730391226027,50.7199690671501],[-2.37306786700435,50.7199598319907],[-2.37309309844922,50.7199620370797],[-2.37311112669897,50.7199642643587],[-2.37314354459685,50.7199641604172],[-2.37319391670225,50.7199571418557],[-2.37324414491471,50.7199318377067],[-2.37327285150602,50.7199180306628],[-2.3733016307386,50.7199133663926],[-2.37335580490872,50.7199314795274],[-2.37338101959781,50.7199313986297],[-2.3733883122123,50.7199428042227],[-2.37339555456704,50.7199473520421],[-2.37340288493973,50.7199633285698],[-2.37339935673064,50.7199724829037],[-2.3733886210777,50.7199816603632],[-2.37339240649329,50.7200045061998],[-2.37339973829054,50.7200204827228],[-2.37339990181756,50.7200410542022],[-2.3733892206541,50.720057088522],[-2.37339302424011,50.7200822193787],[-2.37341836478526,50.7200981381153],[-2.37345089180372,50.7201117478059],[-2.37344383254775,50.7201300564852],[-2.37341148863967,50.720139304187],[-2.37337906920432,50.7201394082101],[-2.37333222658281,50.7201372725184],[-2.37329247820008,50.7201213999811],[-2.37326004202887,50.7201192180464],[-2.37322756811838,50.7201124642673],[-2.37320217315274,50.7200896886274],[-2.37317683268585,50.7200737698421]]],[[[-2.37064590508997,50.7206967251462],[-2.37067110074678,50.7206943589075],[-2.37070353720115,50.7206965415562],[-2.37072161832719,50.7207056269735],[-2.37073617067826,50.7207238675516],[-2.37072547323378,50.7207376157166],[-2.37070033166699,50.7207468388365],[-2.37066069186468,50.7207446791336],[-2.37062814717884,50.7207287827352],[-2.37062805700761,50.7207173540203],[-2.37062796683643,50.7207059253055],[-2.37064590508997,50.7206967251462]]],[[[-2.37693916264953,50.7208563864718],[-2.37688164962857,50.7208520143016],[-2.37683854159123,50.7208521539138],[-2.37678824864446,50.7208523167753],[-2.37672355072663,50.7208479668923],[-2.37667311153528,50.7208298936378],[-2.37662989525499,50.7208163554434],[-2.3766153412472,50.720793606649],[-2.37664389805731,50.7207707192197],[-2.37669397152171,50.720743200974],[-2.37672245370857,50.7207111950486],[-2.37680097117361,50.7206471124908],[-2.37684386095577,50.7206196174452],[-2.37688700395305,50.7206240379805],[-2.37701691438163,50.7206965642047],[-2.37706071626064,50.7207830465073],[-2.37705397055435,50.7208377779767],[-2.37699675029617,50.7208698779892],[-2.37697519556128,50.720869947821],[-2.37693916264953,50.7208563864718]]]]},"properties":{"OBJECTID":1047370,"LAYER":"DITCH","project":"Dorset Ridgeway","PERIOD":"POST MEDIEVAL","MONUMENT_TYPE":"CHALK PIT","EVIDENCE_1":"EARTHWORK","HE_UID":" NONE GIVEN","HE_URL1":"https://gisportal.historicengland.org.uk/portal/sharing/rest/content/items/b19ecdd0d5584fb8a772fc875f3b1333/data","HER_NO":"MDO20569"}},{"type":"Feature","id":1128387,"geometry":{"type":"Polygon","coordinates":[[[-2.37967673048895,50.7204798981405],[-2.37973561657142,50.7205719425517],[-2.37980404591628,50.720645507032],[-2.37980464261753,50.7207192928833],[-2.37975638885927,50.7207440483983],[-2.37971787557521,50.7207749195946],[-2.37967941476999,50.7208119380923],[-2.37961158177305,50.7208121593995],[-2.37954330155032,50.720757040373],[-2.37941732936828,50.7207574511799],[-2.37935879277491,50.7207084504526],[-2.3793486578044,50.7206531417344],[-2.37940610151228,50.7205668671797],[-2.37947358637538,50.7205236030455],[-2.37954111515377,50.7204864898134],[-2.37957987821463,50.7204863633809],[-2.37961863702551,50.7204862369494],[-2.37967673048895,50.7204798981405]]]},"properties":{"OBJECTID":1128387,"LAYER":"EXTENT_OF_FEATURE","project":"Dorset Ridgeway","PERIOD":"POST MEDIEVAL","MONUMENT_TYPE":"QUARRY","EVIDENCE_1":"EARTHWORK","HE_UID":" NONE GIVEN","HE_URL1":"https://gisportal.historicengland.org.uk/portal/sharing/rest/content/items/b19ecdd0d5584fb8a772fc875f3b1333/data","HER_NO":"MDO20568"}},{"type":"Feature","id":872023,"geometry":{"type":"MultiPolygon","coordinates":[[[[-2.36976748905735,50.7244473710915],[-2.36970343752744,50.7244326376031],[-2.36967651752561,50.7244327231699],[-2.36965311472663,50.724452002659],[-2.36962974407778,50.7244755500431],[-2.36962994559507,50.7245011574111],[-2.36963359714166,50.7245374229186],[-2.3696372136904,50.7245694205356],[-2.36963736483193,50.7245886260612],[-2.36963744879951,50.7245992957977],[-2.369607164043,50.7245993920439],[-2.36959368861895,50.7245973008662],[-2.36957730783545,50.7245322366711],[-2.36958344130616,50.7244948420422],[-2.36963164423951,50.7244404863203],[-2.36966681198557,50.7244151415428],[-2.36969183536066,50.7244113245831],[-2.36972787697333,50.7244149312536],[-2.36980538418102,50.7244425707349],[-2.36989234784753,50.7244870821282],[-2.36992051957838,50.7245106535859],[-2.36993004675791,50.7245359740938],[-2.36993430140552,50.7245689175134],[-2.36992526812679,50.7246061289319],[-2.36991007882462,50.7246069650153],[-2.36990333128509,50.7246048524753],[-2.36990326406227,50.7245963166874],[-2.36990641166082,50.7245685646708],[-2.36990955784608,50.7245408135579],[-2.36989253008875,50.7245152606068],[-2.36984178721394,50.7244812779663],[-2.36976748905735,50.7244473710915]]],[[[-2.36991891360717,50.7244760119867],[-2.36992289679413,50.7244743095637],[-2.36994027337297,50.7244810142112],[-2.36997104195634,50.724496127726],[-2.36998715058841,50.7245112869692],[-2.36999657271552,50.7245230870738],[-2.37000738645863,50.7245424888924],[-2.37000763941596,50.7245745997122],[-2.36999584677325,50.7245999889365],[-2.36998391291303,50.7246076321432],[-2.36997192721985,50.7246085155976],[-2.36996257971017,50.7246060102511],[-2.36997157443977,50.7245637287909],[-2.36997403290726,50.7245375248341],[-2.36996722899411,50.7245198009106],[-2.36992831433464,50.7244852779836],[-2.36991891360717,50.7244760119867]]]]},"properties":{"OBJECTID":872023,"LAYER":"BANK","project":"Dorset Ridgeway","PERIOD":"BRONZE AGE","MONUMENT_TYPE":"BARROW","EVIDENCE_1":"EARTHWORK","HE_UID":" NONE GIVEN","HE_URL1":"https://gisportal.historicengland.org.uk/portal/sharing/rest/content/items/b19ecdd0d5584fb8a772fc875f3b1333/data","HER_NO":"MDO20571"}},{"type":"Feature","id":928419,"geometry":{"type":"Polygon","coordinates":[[[-2.35906792970941,50.7387457218],[-2.35917940514524,50.7387453773779],[-2.35926072866271,50.7388105361793],[-2.35928379689515,50.7389112302546],[-2.35922839500479,50.7389555948753],[-2.35912267771776,50.7389806706761],[-2.35901679025387,50.7389827666707],[-2.3589191109535,50.7389653911631],[-2.35886286160241,50.7388983867259],[-2.3588515480591,50.738877209406],[-2.3588513453677,50.7388506920225],[-2.35886772968468,50.7388064471532],[-2.358962245512,50.7387743333285],[-2.35906792970941,50.7387457218]]]},"properties":{"OBJECTID":928419,"LAYER":"BANK","project":"Dorset Ridgeway","PERIOD":"POST MEDIEVAL","MONUMENT_TYPE":"CHALK PIT","EVIDENCE_1":"EARTHWORK","HE_UID":" NONE GIVEN","HE_URL1":"https://gisportal.historicengland.org.uk/portal/sharing/rest/content/items/b19ecdd0d5584fb8a772fc875f3b1333/data","HER_NO":"MDO20521"}},{"type":"Feature","id":872263,"geometry":{"type":"Polygon","coordinates":[[[-2.37652854754643,50.7273798561708],[-2.37654757773076,50.7273918080669],[-2.37657479063877,50.7274123144156],[-2.37658852166004,50.7274380128097],[-2.37659415111721,50.7274654532695],[-2.37656196780318,50.7274998813],[-2.37652160171478,50.7275257548632],[-2.37648657608509,50.7275430301699],[-2.37638380624361,50.7275450786727],[-2.37632965408863,50.7275383897069],[-2.37628075998376,50.7275128050657],[-2.37626137234073,50.7274562336852],[-2.37627460679269,50.7274201503199],[-2.37632564162561,50.7273753645791],[-2.3764499547184,50.7273612328778],[-2.37652854754643,50.7273798561708]]]},"properties":{"OBJECTID":872263,"LAYER":"BANK","project":"Dorset Ridgeway","PERIOD":"BRONZE AGE","MONUMENT_TYPE":"BARROW","EVIDENCE_1":"EARTHWORK","HE_UID":"455027","HE_URL1":"https://www.heritagegateway.org.uk/Gateway/Results_Single.aspx?uid=455027&resourceID=19191","HER_NO":"MDO2196"}},{"type":"Feature","id":1082024,"geometry":{"type":"Polygon","coordinates":[[[-2.38804415241449,50.7240908436704],[-2.38803021408363,50.7240777281941],[-2.3880299965584,50.7240514061508],[-2.38805750920538,50.724033764337],[-2.3881334949461,50.724024738227],[-2.38819586872577,50.7240420792247],[-2.38821711945207,50.7241034301023],[-2.38814120615201,50.7241212329801],[-2.38804415241449,50.7240908436704]]]},"properties":{"OBJECTID":1082024,"LAYER":"DITCH","project":"Dorset Ridgeway","PERIOD":"POST MEDIEVAL\\UNCERTAIN","MONUMENT_TYPE":"CHALK PIT\\NATURAL FEATURE","EVIDENCE_1":"EARTHWORK","HE_UID":" NONE GIVEN","HE_URL1":"https://gisportal.historicengland.org.uk/portal/sharing/rest/content/items/b19ecdd0d5584fb8a772fc875f3b1333/data","HER_NO":"MDO20495"}},{"type":"Feature","id":1108630,"geometry":{"type":"MultiPolygon","coordinates":[[[[-2.3556999332837,50.7332057045573],[-2.35572294896564,50.73320563412],[-2.35573452978999,50.7332153262152],[-2.35573851291433,50.7332347726994],[-2.35573482459202,50.7332542399651],[-2.35570806671535,50.7332664837541],[-2.35567351835314,50.7332641578201],[-2.35564655780917,50.7332496458626],[-2.35564261016492,50.7332350661837],[-2.35563866391967,50.7332204838025],[-2.35566160592538,50.7332106851644],[-2.3556999332837,50.7332057045573]]],[[[-2.3591456024996,50.7344210473178],[-2.35918034866288,50.7344209399516],[-2.35919204494285,50.7344355890836],[-2.35919601435206,50.7344502629923],[-2.35919612668972,50.7344649479212],[-2.35917305806877,50.7344772584366],[-2.3591537543067,50.7344773180856],[-2.35911897773726,50.7344725289471],[-2.3591072800538,50.7344578798121],[-2.35909944793819,50.7344432178342],[-2.35911093830419,50.7344309458034],[-2.3591456024996,50.7344210473178]]],[[[-2.35974341697842,50.7355292093433],[-2.35975317805586,50.7355166782149],[-2.35979266611969,50.7355228059988],[-2.35980757966091,50.735538387555],[-2.35979785799075,50.7355571694744],[-2.35977326090857,50.7355634983181],[-2.35973865475636,50.7355511027114],[-2.35973925500151,50.735536784286],[-2.35974341697842,50.7355292093433]]],[[[-2.35772046670798,50.7361349221784],[-2.35776390637888,50.7361225222749],[-2.35780749332507,50.7361285212074],[-2.35782702724804,50.7361529943795],[-2.35781758393879,50.7361836916578],[-2.35775000619181,50.736202302577],[-2.35771118688451,50.7361870865999],[-2.35770618552719,50.7361656343369],[-2.35770604534679,50.7361472345635],[-2.35772046670798,50.7361349221784]]]]},"properties":{"OBJECTID":1108630,"LAYER":"DITCH","project":"Dorset Ridgeway","PERIOD":"UNCERTAIN","MONUMENT_TYPE":"PIT","EVIDENCE_1":"EARTHWORK","HE_UID":" NONE GIVEN","HE_URL1":"https://gisportal.historicengland.org.uk/portal/sharing/rest/content/items/b19ecdd0d5584fb8a772fc875f3b1333/data","HER_NO":"MDO20522"}},{"type":"Feature","id":1100773,"geometry":{"type":"MultiPolygon","coordinates":[[[[-2.39057493625092,50.7396270486758],[-2.39058388816757,50.739625122067],[-2.39059592920893,50.7396345645669],[-2.39059298778831,50.7396402632716],[-2.39056041148009,50.7396783077241],[-2.39047134002786,50.7397544741259],[-2.39042979153517,50.7397925459367],[-2.39038549509621,50.7398590792277],[-2.39035288689665,50.7398933278782],[-2.39034396081022,50.7398990493401],[-2.39033796748146,50.7398971728548],[-2.3903379201494,50.7398914814783],[-2.39034377153147,50.7398762901289],[-2.39040587286182,50.7397926261427],[-2.39052456228431,50.7396822211307],[-2.39057493625092,50.7396270486758]]],[[[-2.39002935993985,50.7401100780891],[-2.39009672639558,50.7400728875318],[-2.39010239782466,50.7400764440613],[-2.39010805794162,50.7400788099833],[-2.39010243746722,50.7400812137033],[-2.39003883073201,50.7401183916683],[-2.38997328387671,50.7401484214366],[-2.3899020272899,50.7401701231851],[-2.38987009716177,50.7401738083455],[-2.38986443280189,50.7401702490832],[-2.3898737889704,50.7401654479768],[-2.3899300773964,50.7401521425853],[-2.39002935993985,50.7401100780891]]],[[[-2.38977829144172,50.7402341255226],[-2.38978762358539,50.7402257462725],[-2.3897951600302,50.7402281059275],[-2.3897951996414,50.7402328755702],[-2.38967782221464,50.7403596630562],[-2.38945377372292,50.7405452361801],[-2.38944440186439,50.740548843964],[-2.38943874030647,50.7405464780152],[-2.38944059123002,50.7405428962903],[-2.38958808454852,50.7404195837832],[-2.38965530331812,50.7403645073044],[-2.38974662435382,50.7402688115106],[-2.38977829144172,50.7402341255226]]],[[[-2.39041335679429,50.7409383611798],[-2.390422837768,50.7409383293831],[-2.390418212711,50.7409518808352],[-2.39039239349438,50.740983548288],[-2.39013090934656,50.7411874469363],[-2.38988765648577,50.7413025566405],[-2.38987587374424,50.7413116185674],[-2.38986399815316,50.7413086502538],[-2.38986869155393,50.7413026201589],[-2.39007884951603,50.7411996510472],[-2.3901213144095,50.7411739449488],[-2.39018264407373,50.7411361405606],[-2.39029803194183,50.741041010252],[-2.39037104239953,50.740982116294],[-2.39040394946674,50.7409474169891],[-2.39041335679429,50.7409383611798]]]]},"properties":{"OBJECTID":1100773,"LAYER":"DITCH","project":"Dorset Ridgeway","PERIOD":"UNCERTAIN","MONUMENT_TYPE":"DITCH","EVIDENCE_1":"CROPMARK","HE_UID":" NONE GIVEN","HE_URL1":"https://gisportal.historicengland.org.uk/portal/sharing/rest/content/items/b19ecdd0d5584fb8a772fc875f3b1333/data","HER_NO":"MDO20490"}},{"type":"Feature","id":1082015,"geometry":{"type":"MultiPolygon","coordinates":[[[[-2.38566951974689,50.7289316343752],[-2.38571776248925,50.7289314747961],[-2.38576625667187,50.7289619222909],[-2.38576635725272,50.7289741656679],[-2.38576650811303,50.7289925293844],[-2.38575706070165,50.7290170471609],[-2.38572816529241,50.7290232650602],[-2.38567027388746,50.729023456561],[-2.38563157907154,50.7290113408342],[-2.38561213113439,50.7289930400373],[-2.385621478082,50.7289562797915],[-2.38566951974689,50.7289316343752]]],[[[-2.37862397274305,50.7297160062495],[-2.37867748014357,50.729715832014],[-2.37873106079178,50.7297249156223],[-2.37875064145456,50.7297402826248],[-2.37875086546178,50.7297680562161],[-2.37874625030142,50.7297989319045],[-2.37869773271945,50.7298145206995],[-2.37863449849963,50.7298147266174],[-2.37860029937111,50.7297963217561],[-2.37858555791107,50.7297778526379],[-2.3785804948203,50.7297531802367],[-2.37858525936542,50.7297408211814],[-2.37862397274305,50.7297160062495]]]]},"properties":{"OBJECTID":1082015,"LAYER":"DITCH","project":"Dorset Ridgeway","PERIOD":"POST MEDIEVAL\\UNCERTAIN","MONUMENT_TYPE":"CHALK PIT\\NATURAL FEATURE","EVIDENCE_1":"EARTHWORK","HE_UID":" NONE GIVEN","HE_URL1":"https://gisportal.historicengland.org.uk/portal/sharing/rest/content/items/b19ecdd0d5584fb8a772fc875f3b1333/data","HER_NO":"MDO20495"}},{"type":"Feature","id":1047385,"geometry":{"type":"Polygon","coordinates":[[[-2.35893861592527,50.7388824171895],[-2.35893843438138,50.7388586722253],[-2.35893835369223,50.7388481185082],[-2.35896734900447,50.7388321989146],[-2.35904209629434,50.738816137097],[-2.35912106335889,50.738807978568],[-2.35917941427912,50.7388236283199],[-2.35920059560401,50.738873692406],[-2.35919673912137,50.7389132807977],[-2.35915954637288,50.7389450558282],[-2.35908469801567,50.7389479255754],[-2.35897191769118,50.7389457802297],[-2.35893861592527,50.7388824171895]]]},"properties":{"OBJECTID":1047385,"LAYER":"DITCH","project":"Dorset Ridgeway","PERIOD":"POST MEDIEVAL","MONUMENT_TYPE":"CHALK PIT","EVIDENCE_1":"EARTHWORK","HE_UID":" NONE GIVEN","HE_URL1":"https://gisportal.historicengland.org.uk/portal/sharing/rest/content/items/b19ecdd0d5584fb8a772fc875f3b1333/data","HER_NO":"MDO20521"}},{"type":"Feature","id":1047279,"geometry":{"type":"MultiPolygon","coordinates":[[[[-2.37642528467523,50.7373572839201],[-2.37644223628208,50.7373500401783],[-2.37648761599697,50.7373534867635],[-2.3765104896598,50.7373785709865],[-2.37651630352505,50.7373965224985],[-2.37649377570125,50.7374145657933],[-2.37644841765464,50.737414712669],[-2.37640856356608,50.7373932778388],[-2.3763914461345,50.7373789564452],[-2.37642528467523,50.7373572839201]]],[[[-2.37709440317273,50.7373766785351],[-2.37716234648589,50.7373656766579],[-2.3772587469303,50.7373689574171],[-2.37730994089709,50.7373903560545],[-2.377327498958,50.7374585851031],[-2.37731083627958,50.7375017678152],[-2.37726574516555,50.7375342612931],[-2.37716373234777,50.7375381858039],[-2.37709567332603,50.7375348130448],[-2.37703875179943,50.7375062440334],[-2.37701578412168,50.7374703778363],[-2.37701552438188,50.7374380333261],[-2.37703230276371,50.7374092270916],[-2.37709440317273,50.7373766785351]]]]},"properties":{"OBJECTID":1047279,"LAYER":"DITCH","project":"Dorset Ridgeway","PERIOD":"POST MEDIEVAL","MONUMENT_TYPE":"CHALK PIT","EVIDENCE_1":"EARTHWORK","HE_UID":" NONE GIVEN","HE_URL1":"https://gisportal.historicengland.org.uk/portal/sharing/rest/content/items/b19ecdd0d5584fb8a772fc875f3b1333/data","HER_NO":"MDO20497"}},{"type":"Feature","id":871848,"geometry":{"type":"Polygon","coordinates":[[[-2.36669591123249,50.7239136146786],[-2.36669576656102,50.7238950826805],[-2.36672491743615,50.7238857235891],[-2.36676575589135,50.7238763285127],[-2.3668066261023,50.7238706392732],[-2.36684756867585,50.7238742169177],[-2.36687988676915,50.7238963542238],[-2.36689468656011,50.7239204002419],[-2.3668890729506,50.723950070967],[-2.36686296187517,50.7239742452102],[-2.36679291172224,50.7239855868256],[-2.36673440728222,50.7239783577199],[-2.36670505237661,50.7239617704023],[-2.36669320421472,50.7239414218999],[-2.36669591123249,50.7239136146786]]]},"properties":{"OBJECTID":871848,"LAYER":"BANK","project":"Dorset Ridgeway","PERIOD":"BRONZE AGE","MONUMENT_TYPE":"BARROW","EVIDENCE_1":"EARTHWORK","HE_UID":"1044796","HE_URL1":"https://www.heritagegateway.org.uk/Gateway/Results_Single.aspx?uid=1044796&resourceID=19191","HER_NO":"MDO2199"}},{"type":"Feature","id":969469,"geometry":{"type":"MultiPolygon","coordinates":[[[[-2.36412960205745,50.7359131601258],[-2.3641824854478,50.7359014126],[-2.36422452764729,50.7359047565959],[-2.36423737033908,50.7359116651044],[-2.36423191900932,50.735915156112],[-2.36422643033582,50.7359140159348],[-2.36420630407385,50.7359106032731],[-2.36416978459839,50.7359118768669],[-2.36414426846894,50.7359200629315],[-2.36412607134672,50.7359282260634],[-2.36411696405493,50.7359317303166],[-2.3641096445514,50.7359305940704],[-2.36412960205745,50.7359131601258]]],[[[-2.36428893315109,50.7359647769754],[-2.36430168034627,50.7359601048245],[-2.36432187708998,50.7359727798517],[-2.3643276083995,50.7360051881924],[-2.36432237132416,50.7360364744346],[-2.36431339122828,50.7360561896578],[-2.36428612320765,50.7360736483431],[-2.3642551107485,50.7360795360061],[-2.36423684030573,50.7360784358828],[-2.36423314081281,50.736072655201],[-2.36423859216768,50.7360691650927],[-2.36424402695395,50.7360633566875],[-2.36427321756119,50.7360586321125],[-2.3642986874062,50.7360446565886],[-2.36430398739257,50.7360214762768],[-2.36429835493763,50.7360018068516],[-2.36429997200368,50.7359751650558],[-2.36428893315109,50.7359647769754]]]]},"properties":{"OBJECTID":969469,"LAYER":"DITCH","project":"Dorset Ridgeway","PERIOD":"BRONZE AGE","MONUMENT_TYPE":"BARROW","EVIDENCE_1":"EARTHWORK","HE_UID":"455024","HE_URL1":"https://www.heritagegateway.org.uk/Gateway/Results_Single.aspx?uid=455024&resourceID=19191","HER_NO":"MDO2202"}},{"type":"Feature","id":1106572,"geometry":{"type":"MultiPolygon","coordinates":[[[[-2.3548606909656,50.7235259412403],[-2.35488154778326,50.7235163973102],[-2.35499269266011,50.7235843189198],[-2.35511575299298,50.7236465169485],[-2.35521179064405,50.7236936283198],[-2.35523276217875,50.7236992530938],[-2.35523878638902,50.7237049226508],[-2.35522689852964,50.7237144401322],[-2.35521791097541,50.7237125710113],[-2.355145879814,50.72367676403],[-2.35504687167203,50.723631558268],[-2.35492373841535,50.7235598792418],[-2.35487870044655,50.7235353674006],[-2.3548606909656,50.7235259412403]]],[[[-2.35430482945359,50.7229841909361],[-2.35432097757974,50.7229807226314],[-2.35439685528688,50.72303518932],[-2.35444018599274,50.723062406203],[-2.35466305771127,50.7232001233865],[-2.35489609250406,50.7233635043466],[-2.35510725286135,50.7234859290527],[-2.35527513431251,50.7235879739157],[-2.35546442728838,50.7236694412941],[-2.35568600900197,50.7237439723057],[-2.35585913052432,50.7238254876341],[-2.35593480413866,50.7238526040352],[-2.355940324131,50.7238696816148],[-2.35591339913999,50.7238731822445],[-2.35581066679056,50.7238324732604],[-2.35575575104345,50.7238070585384],[-2.35569621739535,50.7237764726532],[-2.35549625185918,50.7237087128012],[-2.35533404013704,50.723644255369],[-2.35514459807631,50.7235422764734],[-2.35499293857003,50.7234470200307],[-2.35479248060905,50.7233143070174],[-2.35451085559977,50.7231408177407],[-2.35434823741276,50.7230216621499],[-2.35430493258585,50.7229978642307],[-2.35430482945359,50.7229841909361]]],[[[-2.35695432960325,50.724727808722],[-2.35696525664221,50.7247277751641],[-2.35696996050418,50.724730237345],[-2.35698172460699,50.724737630197],[-2.35706423070973,50.7248082061477],[-2.35708070249714,50.7248185575595],[-2.35708789737946,50.7248214419405],[-2.35717635614777,50.7248807350974],[-2.35728832211717,50.7249449190776],[-2.35737478854668,50.7249992550623],[-2.35739247616487,50.7250103679824],[-2.35739253282652,50.7250178147759],[-2.35738275184128,50.7250178448498],[-2.35728851090433,50.7249697378264],[-2.35712152864903,50.724872217385],[-2.35706647902253,50.7248339178538],[-2.35699289814582,50.7247694700891],[-2.35694813032288,50.7247334491822],[-2.35694732534321,50.7247308032639],[-2.35695432960325,50.724727808722]]],[[[-2.35696415878798,50.7265438799584],[-2.35697694220349,50.726543840699],[-2.35698074574213,50.7265635278232],[-2.35698153834179,50.7266678099028],[-2.35697291067998,50.7267338815791],[-2.3569465199951,50.7268660574782],[-2.3569362949876,50.7269622618496],[-2.35692785528575,50.727053827628],[-2.35691693457771,50.7270584942707],[-2.35690960469363,50.7270550410476],[-2.35690774326494,50.727050413655],[-2.35690763759738,50.7270365083594],[-2.35692140205104,50.7269252283265],[-2.35693348112492,50.726832493993],[-2.35695095670395,50.7267293158923],[-2.35696667187984,50.726634252033],[-2.35696250729416,50.7265670595667],[-2.35696415878798,50.7265438799584]]],[[[-2.35707861554714,50.7262056163073],[-2.35708562708281,50.7262041100501],[-2.35709516243817,50.7262278308354],[-2.35709539943496,50.7262590028731],[-2.35709111489689,50.7263109703454],[-2.35707991330563,50.7263763170249],[-2.35707769654152,50.7263929695735],[-2.35707078050724,50.7264515818405],[-2.35707151481258,50.7265293478263],[-2.35706975268293,50.7266050576245],[-2.35704274728142,50.7267461572281],[-2.35703165275003,50.7268248642241],[-2.35702780671946,50.7269347199172],[-2.35702649159367,50.7270698035263],[-2.35702042068119,50.7271945096208],[-2.35699548758158,50.7272947852597],[-2.35697784370501,50.7274358578777],[-2.35698579747017,50.7275590361724],[-2.35700065725908,50.7276673514805],[-2.3569804386013,50.727777257442],[-2.35691320538085,50.727843573826],[-2.35686435563092,50.7278808345412],[-2.35684102627738,50.7278898126674],[-2.35682932074096,50.7278883647857],[-2.35683619294204,50.7278690450682],[-2.35686883229576,50.7278541012906],[-2.35692688062078,50.7277960316877],[-2.3569593281053,50.727755853684],[-2.35697047376818,50.7276830845182],[-2.35696012591101,50.7275524917917],[-2.35695475666388,50.7274619594372],[-2.35697420747083,50.7272515968826],[-2.35699692722926,50.7271624647716],[-2.35700067741321,50.7270407334408],[-2.35700876306704,50.726872972456],[-2.35702407603544,50.7267333934951],[-2.35703516494648,50.7266532026981],[-2.35703939694901,50.7265857389386],[-2.35704840201704,50.7265396958385],[-2.35706797115277,50.726343696229],[-2.35708136368985,50.7262590459927],[-2.35707875096061,50.7262234280011],[-2.35707861554714,50.7262056163073]]]]},"properties":{"OBJECTID":1106572,"LAYER":"DITCH","project":"Dorset Ridgeway","PERIOD":"UNCERTAIN","MONUMENT_TYPE":"FIELD SYSTEM\\PIT\\TRACKWAY","EVIDENCE_1":"EARTHWORK","HE_UID":" NONE GIVEN","HE_URL1":"https://gisportal.historicengland.org.uk/portal/sharing/rest/content/items/b19ecdd0d5584fb8a772fc875f3b1333/data","HER_NO":"MDO20575"}},{"type":"Feature","id":971135,"geometry":{"type":"Polygon","coordinates":[[[-2.37042868089526,50.7243065580307],[-2.37040978554119,50.7242973331042],[-2.37038280666761,50.7242700007603],[-2.37036406906006,50.7242439461286],[-2.37035975648217,50.7242216576255],[-2.37036362721797,50.7241916847647],[-2.37037767892575,50.724152603014],[-2.37040222066375,50.7241224087506],[-2.37043328275521,50.7241064878307],[-2.37048264112586,50.7240958773501],[-2.37054008902702,50.7240904865998],[-2.37061605401958,50.7240941492617],[-2.37067780273336,50.7241082843738],[-2.37071324924258,50.724122670553],[-2.37073620810717,50.7241540192432],[-2.3707550048656,50.724187904585],[-2.37074715508457,50.724236219335],[-2.3707268370588,50.7242702203615],[-2.37068993516095,50.7243017508505],[-2.37063233256912,50.7243202447335],[-2.37056040844729,50.7243296052302],[-2.37048021279028,50.7243207410694],[-2.37042868089526,50.7243065580307]]]},"properties":{"OBJECTID":971135,"LAYER":"DITCH","project":"Dorset Ridgeway","PERIOD":"BRONZE AGE","MONUMENT_TYPE":"POND BARROW","EVIDENCE_1":"EARTHWORK","HE_UID":" NONE GIVEN","HE_URL1":"https://gisportal.historicengland.org.uk/portal/sharing/rest/content/items/b19ecdd0d5584fb8a772fc875f3b1333/data","HER_NO":"MDO20570"}},{"type":"Feature","id":1047042,"geometry":{"type":"MultiPolygon","coordinates":[[[[-2.38957803924049,50.7397748388592],[-2.38958575137366,50.7397748130536],[-2.38958835484035,50.7397780678257],[-2.38959096618613,50.7397829547627],[-2.38959102033819,50.7397894788509],[-2.38959115576695,50.7398057949165],[-2.38959380772712,50.7398155746947],[-2.38959904961107,50.7398269770984],[-2.38958368171081,50.7398351876812],[-2.38956306402668,50.739830360994],[-2.38956299633209,50.7398222047596],[-2.38956799446823,50.7398042402249],[-2.38957290568902,50.7397764873285],[-2.38957803924049,50.7397748388592]]],[[[-2.3895174556457,50.7400116814449],[-2.38952963628754,50.7400051721782],[-2.38955005350625,50.7400076928898],[-2.38957249642745,50.7400089109586],[-2.38960921437938,50.7400100812535],[-2.38962967454266,50.7400177744601],[-2.3896339571565,50.7400423392208],[-2.3896218516824,50.7400579030868],[-2.38960757522098,50.740057950863],[-2.38959726996227,50.7400450483209],[-2.38956458619531,50.7400386891735],[-2.38952572948156,50.7400258839545],[-2.38951137930583,50.7400168771248],[-2.3895174556457,50.7400116814449]]],[[[-2.3903532193212,50.7399114867986],[-2.3904523390889,50.7398833532294],[-2.3904845263848,50.7398888046222],[-2.39049921718196,50.7398980233162],[-2.39050813649717,50.7399165293325],[-2.39051997655407,50.7399350228534],[-2.39053483701455,50.7399646294192],[-2.39053505291284,50.7399905764815],[-2.39052350158781,50.7400072977467],[-2.39043029047076,50.7400428261183],[-2.39029037194577,50.7400840730434],[-2.39019399035314,50.7400899554451],[-2.39013845345111,50.7400882881489],[-2.390112062786,50.7400772560995],[-2.39010010101763,50.7400439329363],[-2.39010558823413,50.7400012842384],[-2.39012586003318,50.7399789744494],[-2.39017533250099,50.7399547142875],[-2.3903532193212,50.7399114867986]]],[[[-2.389557055698,50.7401941340615],[-2.38956627009398,50.7401941032292],[-2.38958254152201,50.7402115820238],[-2.38958734922022,50.7402364049201],[-2.38961283651098,50.7402538546687],[-2.38964970768287,50.7402551917003],[-2.38965676476727,50.7402727031208],[-2.38965003518875,50.7402946419711],[-2.38965941943122,50.7403150673597],[-2.3896412817051,50.7403501963461],[-2.38961608546035,50.7403678157112],[-2.38959527949856,50.7403591164704],[-2.38958819818031,50.7403386842692],[-2.38961110224358,50.7403225348087],[-2.38962710689174,50.7403078688634],[-2.38962925353709,50.7402888680087],[-2.38959919539669,50.7402758166461],[-2.38955761353995,50.7402613461042],[-2.38954106318698,50.7402102603856],[-2.38955015631302,50.7401956175761],[-2.389557055698,50.7401941340615]]],[[[-2.39028901626762,50.7404006299891],[-2.39026332777376,50.7403583411932],[-2.39027479791334,50.7403524574311],[-2.39028631098652,50.7403524188356],[-2.39029097894957,50.7403597089268],[-2.39030257059659,50.7403684371341],[-2.39031645441218,50.7403756963275],[-2.3903256323932,50.7403712824724],[-2.39033945545581,50.7403712361268],[-2.39034426924429,50.7403960589629],[-2.39032376693151,50.7404238902342],[-2.39029156216044,50.7404298435149],[-2.39028456698608,50.74041963857],[-2.39028901626762,50.7404006299891]]],[[[-2.38987426871582,50.7403888677054],[-2.38987877883256,50.740377162876],[-2.38989725200867,50.7403829472216],[-2.38989968984114,50.7403990118676],[-2.38990443057662,50.7404150688008],[-2.38991377852925,50.740431109404],[-2.38991854355994,50.7404500898105],[-2.38990937765649,50.7404559640229],[-2.38986761205997,50.7404195751899],[-2.38986066553194,50.7404152153672],[-2.38986062911816,50.7404108315048],[-2.38986980714965,50.7404064176845],[-2.38987437796095,50.7404020192925],[-2.38987426871582,50.7403888677054]]],[[[-2.39006530459119,50.7405531339386],[-2.39007185442323,50.7405447145279],[-2.39008841149296,50.7405457094079],[-2.39009680566429,50.7405603754953],[-2.39010514893075,50.7405687459022],[-2.39012181939933,50.7405833824555],[-2.39012359538566,50.7405980716175],[-2.39012208112258,50.7406148698227],[-2.39009906142287,50.7406327895501],[-2.3900594888799,50.7406497179752],[-2.39001817521894,50.7406561531411],[-2.38999831772975,50.7406562196659],[-2.38998170688703,50.740648928204],[-2.38997665530462,50.7406384487444],[-2.38997648961756,50.7406185077928],[-2.38998136678147,50.7406079959726],[-2.38998957920029,50.7406006204551],[-2.39000276327759,50.7405942768409],[-2.39002254650628,50.7405847654399],[-2.39003738584988,50.740578418075],[-2.39005062368138,50.7405783737231],[-2.39006219894067,50.7405772845828],[-2.39006548777412,50.740575175546],[-2.39006876481774,50.7405709658336],[-2.3900670543936,50.7405646748148],[-2.39006530459119,50.7405531339386]]],[[[-2.39062610689901,50.7406584790646],[-2.39063194657462,50.7406556735051],[-2.39065103068636,50.7406602551404],[-2.39068185665512,50.7406675860313],[-2.39069661430136,50.7406805445687],[-2.39070264167438,50.7407009676385],[-2.39068668937328,50.740720535518],[-2.39066483834443,50.7407354766185],[-2.39062828519263,50.740743962567],[-2.39061070998717,50.7407449522919],[-2.39059457628548,50.740742218661],[-2.39058719043244,50.740734809106],[-2.39058274020501,50.7407283186561],[-2.39058270926796,50.7407246011424],[-2.39058263194781,50.7407153100561],[-2.39059426694304,50.740705048021],[-2.39060150586807,50.7406948034326],[-2.39060141306751,50.7406836526902],[-2.3906012970594,50.740669713363],[-2.39062610689901,50.7406584790646]]],[[[-2.38948656653409,50.740860661867],[-2.38949578106245,50.7408606310374],[-2.38951194500169,50.7408649618389],[-2.3895259672733,50.7408897548018],[-2.38952611277467,50.7409072866561],[-2.38950083839048,50.7409146778644],[-2.38948005506203,50.7409089038865],[-2.38945905489706,50.740876826722],[-2.38945666710982,50.7408666072112],[-2.38946355304716,50.7408636615179],[-2.38948656653409,50.740860661867]]],[[[-2.38974722260073,50.7408805079779],[-2.38978540635834,50.7408734511907],[-2.38983734680165,50.7408784741996],[-2.38991581610724,50.7408990018256],[-2.38995690347963,50.7409127229841],[-2.3899751512826,50.7409172823507],[-2.38997793978467,50.7409242037504],[-2.38997797337087,50.7409282458958],[-2.38997165983441,50.7409357751237],[-2.38996168579754,50.7409404281302],[-2.38993897911817,50.7409474349326],[-2.38989901403127,50.7409591173318],[-2.38985543359511,50.7409737021072],[-2.38982998919259,50.7409795615848],[-2.38981089249139,50.7409825140161],[-2.38977809179471,50.7409797353628],[-2.389756196486,50.740974034403],[-2.38974062401783,50.7409631135399],[-2.38973140013259,50.7409487073987],[-2.38972211871281,50.7409273716067],[-2.38971746600692,50.7409152586094],[-2.38972191252073,50.7409025396118],[-2.38974722260073,50.7408805079779]]],[[[-2.38940272032928,50.7409533621576],[-2.38946911525256,50.7409476427532],[-2.38952986490034,50.7409584331772],[-2.3895330420532,50.740993236329],[-2.38950154239838,50.7410263227808],[-2.38944958993166,50.7410319929904],[-2.38942357780451,50.7410302463806],[-2.38940615580022,50.7410193118749],[-2.38939159162446,50.7410047023462],[-2.38937987151345,50.740984587809],[-2.38937971950929,50.7409662655093],[-2.38940272032928,50.7409533621576]]],[[[-2.39081256298665,50.7410453298713],[-2.39081889923913,50.7410453085993],[-2.3908315779464,50.7410458406722],[-2.39085061540125,50.7410492227905],[-2.39085795569933,50.7410606810309],[-2.39085262596619,50.7410733301898],[-2.39083639134285,50.7410802767663],[-2.39081285464848,50.7410803557856],[-2.39080098873056,50.741068337197],[-2.39080263113456,50.7410482337104],[-2.39080713373518,50.741045348098],[-2.39081256298665,50.7410453298713]]]]},"properties":{"OBJECTID":1047042,"LAYER":"DITCH","project":"Dorset Ridgeway","PERIOD":"POST MEDIEVAL","MONUMENT_TYPE":"CHALK PIT","EVIDENCE_1":"CROPMARK","HE_UID":" NONE GIVEN","HE_URL1":"https://gisportal.historicengland.org.uk/portal/sharing/rest/content/items/b19ecdd0d5584fb8a772fc875f3b1333/data","HER_NO":"MDO20489"}},{"type":"Feature","id":1082021,"geometry":{"type":"MultiPolygon","coordinates":[[[[-2.39003223752464,50.7316096566147],[-2.3900847828093,50.7315969709009],[-2.39016607467257,50.7316163066675],[-2.39017032556703,50.7316628615727],[-2.3901319774196,50.7316973037108],[-2.39006260009456,50.7317171446863],[-2.39001619966942,50.7317123979998],[-2.38999313621666,50.7317008160293],[-2.38997475564112,50.7316813712807],[-2.38997458162389,50.7316604213704],[-2.38999597168046,50.7316307284623],[-2.39003223752464,50.7316096566147]]],[[[-2.39026110765438,50.7320540647752],[-2.39031365337712,50.7320413789471],[-2.39039494753612,50.7320607154234],[-2.39039919727805,50.7321072694148],[-2.39036084894351,50.7321417125303],[-2.39029147246488,50.7321615527518],[-2.39024507157364,50.7321568061695],[-2.39022200784336,50.7321452242528],[-2.39020362557901,50.7321257795539],[-2.39020345145602,50.7321048296485],[-2.39022484156905,50.732075136699],[-2.39026110765438,50.7320540647752]]],[[[-2.38922487181221,50.7321306181128],[-2.38927741933061,50.7321179336364],[-2.38935871177261,50.7321372699485],[-2.38936296191013,50.7321838248997],[-2.38932461273672,50.7322182667973],[-2.38925523428215,50.732238106422],[-2.38920883341796,50.7322333594266],[-2.38918576991382,50.7322217781983],[-2.38916738805105,50.7322023333252],[-2.38916721438652,50.7321813825066],[-2.389188605204,50.7321516906278],[-2.38922487181221,50.7321306181128]]],[[[-2.38960944599951,50.7327990123761],[-2.38964745110956,50.732789837662],[-2.38970624987194,50.732803822662],[-2.38970932366321,50.7328374948587],[-2.38968158620815,50.7328624059056],[-2.38963140679737,50.7328767553202],[-2.38959784548611,50.7328733216769],[-2.38958116473317,50.7328649458096],[-2.38956786870616,50.7328508814787],[-2.38956774297208,50.7328357290553],[-2.38958321528788,50.7328142538162],[-2.38960944599951,50.7327990123761]]],[[[-2.38949511032589,50.7330741862479],[-2.38953311568308,50.7330650115647],[-2.38959191334254,50.7330789966179],[-2.38959498706291,50.7331126679185],[-2.38956725080027,50.7331375789384],[-2.38951707105776,50.7331519283122],[-2.38948350956369,50.7331484955406],[-2.38946682872489,50.7331401187602],[-2.38945353266078,50.7331260553175],[-2.38945340695523,50.7331109019944],[-2.38946887941463,50.7330894267675],[-2.38949511032589,50.7330741862479]]]]},"properties":{"OBJECTID":1082021,"LAYER":"DITCH","project":"Dorset Ridgeway","PERIOD":"POST MEDIEVAL\\UNCERTAIN","MONUMENT_TYPE":"CHALK PIT\\NATURAL FEATURE","EVIDENCE_1":"EARTHWORK","HE_UID":" NONE GIVEN","HE_URL1":"https://gisportal.historicengland.org.uk/portal/sharing/rest/content/items/b19ecdd0d5584fb8a772fc875f3b1333/data","HER_NO":"MDO20495"}},{"type":"Feature","id":1070133,"geometry":{"type":"MultiPolygon","coordinates":[[[[-2.35300643671069,50.7425591178882],[-2.35303782510519,50.7425517689544],[-2.35306649323072,50.7425607457213],[-2.35308085004715,50.7425697659574],[-2.35309244517783,50.7425914870273],[-2.35307548087208,50.7426151051085],[-2.35304992520946,50.7426387492843],[-2.35304732940733,50.7426750161607],[-2.35302748292704,50.7426968327375],[-2.35299326679799,50.7427096255079],[-2.35296182516747,50.7427097209942],[-2.35294196446032,50.7427315375996],[-2.35290508475291,50.7427697188264],[-2.35289100188145,50.7427969531308],[-2.35286820498562,50.7428079000415],[-2.35283384028689,50.7428007552675],[-2.35277372665522,50.7427900591429],[-2.35275646327986,50.7427756088423],[-2.3527506178139,50.7427593100377],[-2.35275614992983,50.7427339119541],[-2.35275881353137,50.7427085225763],[-2.35277590119297,50.7426994068644],[-2.35282735349337,50.7426974404327],[-2.35285586043172,50.7426864761947],[-2.35286423318057,50.7426592556329],[-2.3528841478853,50.7426465063223],[-2.35292128647408,50.7426427685586],[-2.35293823775784,50.7426155219425],[-2.35297791624571,50.7425682683555],[-2.35300643671069,50.7425591178882]]],[[[-2.35472297143018,50.7416544437484],[-2.35468857598603,50.7416519713763],[-2.3546341634301,50.7416521374104],[-2.35461690117141,50.7416431082407],[-2.35462525908904,50.7416122077276],[-2.35467935360262,50.7415684536211],[-2.35472513278118,50.7415610495232],[-2.3547452781684,50.7415737029724],[-2.35476561569905,50.7416117794034],[-2.35475205089254,50.741641552833],[-2.35472297143018,50.7416544437484]]],[[[-2.35469156651935,50.74166830848],[-2.35473453366084,50.7416681773513],[-2.35476322765148,50.7416753541645],[-2.35476906016118,50.7416898642456],[-2.35476933468676,50.7417261889617],[-2.35473226906327,50.7417480943667],[-2.35468364915799,50.7417573245827],[-2.35466070387999,50.7417537624042],[-2.35464335828303,50.7417320194591],[-2.35464025658562,50.7417011539108],[-2.35465441858899,50.7416793184237],[-2.35469156651935,50.74166830848]]]]},"properties":{"OBJECTID":1070133,"LAYER":"DITCH","project":"Wild Purbeck","PERIOD":"POST MEDIEVAL","MONUMENT_TYPE":"QUARRY","EVIDENCE_1":"LEVELLED EARTHWORK","HE_UID":" NONE GIVEN","HE_URL1":"https://gisportal.historicengland.org.uk/portal/sharing/rest/content/items/b19ecdd0d5584fb8a772fc875f3b1333/data","HER_NO":"MDO30474"}},{"type":"Feature","id":945797,"geometry":{"type":"Polygon","coordinates":[[[-2.35880770277993,50.7400439410095],[-2.35877120637579,50.7400731508089],[-2.35873448758392,50.7400732641409],[-2.35873408736034,50.7400208894407],[-2.35889692356677,50.7397061311389],[-2.3590782919422,50.7394145941387],[-2.35922379174152,50.7392337397352],[-2.3592694660189,50.7392044996236],[-2.35929700672743,50.7392044144943],[-2.35929731849628,50.7392451509746],[-2.35910641146675,50.7394901620025],[-2.35880770277993,50.7400439410095]]]},"properties":{"OBJECTID":945797,"LAYER":"BANK","project":"Dorset Ridgeway","PERIOD":"POST MEDIEVAL","MONUMENT_TYPE":"TRACKWAY","EVIDENCE_1":"EARTHWORK","HE_UID":" NONE GIVEN","HE_URL1":"https://gisportal.historicengland.org.uk/portal/sharing/rest/content/items/b19ecdd0d5584fb8a772fc875f3b1333/data","HER_NO":"MDO20520"}},{"type":"Feature","id":969564,"geometry":{"type":"Polygon","coordinates":[[[-2.36210984603111,50.7222769195387],[-2.36222462203916,50.7222507470441],[-2.36231667299085,50.7222594394909],[-2.36243014426001,50.7222938817312],[-2.36252617442242,50.7223598055545],[-2.36257090570931,50.7224258893321],[-2.3625592014579,50.7225134765737],[-2.36244321711559,50.722612612104],[-2.36227367712224,50.722647935766],[-2.36217462718718,50.7226493676523],[-2.36213392254016,50.7226472489672],[-2.36204880559346,50.7226194546596],[-2.36194009444069,50.7225154061066],[-2.36191658357783,50.7224481337102],[-2.36195123472438,50.7223537403394],[-2.36200222680265,50.7223142953969],[-2.36210984603111,50.7222769195387]]]},"properties":{"OBJECTID":969564,"LAYER":"DITCH","project":"Dorset Ridgeway","PERIOD":"BRONZE AGE","MONUMENT_TYPE":"BARROW","EVIDENCE_1":"EARTHWORK","HE_UID":" NONE GIVEN","HE_URL1":"https://gisportal.historicengland.org.uk/portal/sharing/rest/content/items/b19ecdd0d5584fb8a772fc875f3b1333/data","HER_NO":"MDO2200"}},{"type":"Feature","id":1077968,"geometry":{"type":"MultiPolygon","coordinates":[[[[-2.36444470160548,50.7115365802749],[-2.36429259383903,50.7112378621597],[-2.36426616149966,50.7112379450125],[-2.3641390040598,50.7113166371109],[-2.36413915573527,50.7113362113854],[-2.36415697516365,50.7113613202592],[-2.3643433532013,50.7115341030737],[-2.36433901493612,50.7115425043109],[-2.36431694236321,50.71153698085],[-2.36413505578742,50.7113753710334],[-2.36409970140285,50.7113614997108],[-2.36408218953671,50.7113755366664],[-2.36405158644315,50.7114063899026],[-2.36404277988046,50.7114064174895],[-2.36400744716269,50.7113953428494],[-2.36402495907947,50.7113813086028],[-2.36416064314834,50.7112662371902],[-2.36428793046605,50.7112043217331],[-2.36430999721398,50.711209845218],[-2.36436796455173,50.7112991424075],[-2.36453863164671,50.7117180411827],[-2.3645298613195,50.7117236604502],[-2.36450332025717,50.7117097616059],[-2.36444470160548,50.7115365802749]]],[[[-2.36002521708925,50.7117367497489],[-2.3600163466124,50.71169516549],[-2.35994477438494,50.7116555821201],[-2.35991043194109,50.7116375957596],[-2.35990746864418,50.7116231309364],[-2.35994174177701,50.7116320698008],[-2.36001904092087,50.7116752541559],[-2.36003931695942,50.7117168039785],[-2.36005939329962,50.7117330251401],[-2.36007647036478,50.7117293526044],[-2.36012473820967,50.7117038746615],[-2.36022139428915,50.7116691990072],[-2.36034370666227,50.7116344437214],[-2.36046038194169,50.7116087526046],[-2.36049171124476,50.7116050366993],[-2.36050027820893,50.7116068194866],[-2.36049748551901,50.7116140638012],[-2.36029543902832,50.7116599244526],[-2.3601731681415,50.7117001058479],[-2.36006250913849,50.7117673915743],[-2.35999753972948,50.711845390043],[-2.35998338437627,50.7118581003286],[-2.35997197059114,50.7118563263218],[-2.35997191515215,50.7118490890438],[-2.3599973595608,50.7118218715874],[-2.36002269728872,50.711780178657],[-2.36002521708925,50.7117367497489]]],[[[-2.36100751229307,50.7115073927306],[-2.36100744280279,50.711498347033],[-2.36098749955827,50.7115002192459],[-2.36074852702279,50.711562475147],[-2.36067174119178,50.7115862351956],[-2.36042455594681,50.7116937472841],[-2.36031955635942,50.7117555876148],[-2.36021476452496,50.7118445667434],[-2.36020058147997,50.7118536566178],[-2.36018630137418,50.7118500839523],[-2.36018908023715,50.711841027628],[-2.36026837243588,50.7117720296647],[-2.36038467489441,50.7116974896914],[-2.36056651439825,50.7116191284538],[-2.36069719892661,50.7115608251076],[-2.36089635049271,50.7115095473593],[-2.36101871755465,50.7114820295436],[-2.36113261624439,50.7114653922921],[-2.36126636754118,50.711436028577],[-2.36132892840711,50.7114159319897],[-2.36139734288472,50.7114157192545],[-2.3615657779129,50.7114477620613],[-2.36168836579136,50.7114491899586],[-2.36171970881621,50.7114472830431],[-2.36172545120344,50.7114526914585],[-2.36171980629018,50.7114599464791],[-2.36170555402833,50.7114599908393],[-2.36158584639978,50.7114621727236],[-2.36149739122645,50.7114515935341],[-2.36142027199685,50.7114319313111],[-2.36135465568776,50.7114248970096],[-2.36132619291917,50.7114304135969],[-2.36124655514867,50.7114541810934],[-2.36110422292686,50.7114799536236],[-2.36104159237544,50.7114910034937],[-2.36102457107327,50.7115019134479],[-2.36082106651765,50.7117287023018],[-2.36064863818261,50.7119192098038],[-2.36063731731354,50.7119301020099],[-2.36062303713086,50.7119265267003],[-2.36062013337702,50.7119192982614],[-2.36097919806637,50.7115328117595],[-2.36100751229307,50.7115073927306]]],[[[-2.36004107571452,50.7125000150128],[-2.36004069927867,50.7124508837211],[-2.36012250499142,50.7122759377578],[-2.36030119284633,50.7120224436715],[-2.36043269244458,50.7119627460054],[-2.36048100234657,50.7119061866804],[-2.36070280059412,50.7116671158618],[-2.36071424193622,50.7116634409406],[-2.36070867489295,50.7116852928729],[-2.36062341926228,50.7117838223946],[-2.360447140083,50.7119772588282],[-2.36040715370383,50.7119974009397],[-2.36032146434278,50.712039520302],[-2.36029308531524,50.712077821627],[-2.36019335348912,50.7122154148032],[-2.36012261318896,50.7123375546615],[-2.36007754697324,50.7124432380401],[-2.36006923838088,50.7124814771185],[-2.3600750567858,50.7124923782139],[-2.36008940686048,50.7124941521051],[-2.36010942054737,50.7124868112735],[-2.36017494384229,50.7124320170947],[-2.36048500089834,50.7121107860038],[-2.36054754915559,50.7120414432069],[-2.36056512693145,50.7120295504765],[-2.36056528051027,50.712049566296],[-2.36049137597062,50.7121335019634],[-2.36012366430717,50.7124996628875],[-2.36009508962533,50.7125124889115],[-2.36007513028897,50.7125271092875],[-2.36007529760858,50.712548945217],[-2.3600553717804,50.7125672021957],[-2.36003254574133,50.7125818314461],[-2.36002983242795,50.7126018561462],[-2.36003306158756,50.7126491593444],[-2.36003935402543,50.7127219280075],[-2.36005698913928,50.7127782846415],[-2.36007150237783,50.7128018953756],[-2.36007154421803,50.7128073557066],[-2.36006582337259,50.712809191787],[-2.3600549097738,50.7128093236229],[-2.36000841127974,50.7127275796534],[-2.35998161721974,50.7125984632247],[-2.35999563277123,50.7125565670668],[-2.36003555011038,50.7125273290407],[-2.36004107571452,50.7125000150128]]],[[[-2.36268089998469,50.712617525735],[-2.36288325140696,50.7124353939838],[-2.36289045219414,50.7124421772909],[-2.3628833740379,50.7124512740822],[-2.36269174423186,50.7126333723726],[-2.36269195434992,50.7126605957836],[-2.36270656750462,50.7127013885246],[-2.36284147200633,50.7130435501649],[-2.3628416121518,50.7130617000032],[-2.36283451636772,50.7130685270494],[-2.36282729797379,50.7130594748975],[-2.36274359298288,50.71286689255],[-2.36266325199866,50.7126470746726],[-2.36266316444772,50.7126357304606],[-2.36268089998469,50.712617525735]]],[[[-2.36163781191269,50.7130963157354],[-2.36185964706872,50.7129564320249],[-2.36186679989287,50.7129518458795],[-2.36169287396826,50.7127766849504],[-2.36156600450739,50.712642449525],[-2.36151179653004,50.712606108978],[-2.36141446031046,50.7125721840268],[-2.36131351344482,50.7125359887329],[-2.3612195076486,50.7124678246627],[-2.3611434999987,50.7124018869726],[-2.36111095242676,50.7123768872586],[-2.36109292092563,50.7123700988258],[-2.36106412584237,50.7123656244202],[-2.3609636178614,50.7123864718312],[-2.36079581339936,50.7125398777376],[-2.36057085509468,50.7127413800635],[-2.36056022580764,50.7127619500223],[-2.3605531211642,50.7127733821977],[-2.36057837428873,50.71278471218],[-2.36064311162394,50.7127867936836],[-2.36079761792278,50.7127749039663],[-2.36099521761526,50.7127560357284],[-2.36105270872906,50.7127512941534],[-2.36107792830316,50.7127580593593],[-2.36107798091532,50.7127649063546],[-2.36103483486161,50.7127650404036],[-2.36079414730459,50.7127908887471],[-2.36068998541183,50.7128049028034],[-2.36061448576965,50.7128051371088],[-2.36057847934003,50.7127984025743],[-2.36054609077815,50.7127939391908],[-2.36053532142134,50.7127962558876],[-2.36052830428583,50.7128190952246],[-2.36051778000347,50.7128533564729],[-2.36049287553114,50.7128876614295],[-2.36046055693185,50.7128923255514],[-2.36039575512066,50.7128811164001],[-2.3603057295568,50.7128631409591],[-2.36020863854047,50.7128611595558],[-2.36015830443867,50.7128613155601],[-2.36011877471807,50.7128637204485],[-2.36006847699935,50.7128684401744],[-2.36006468998339,50.7128433510555],[-2.3600646025698,50.7128319429924],[-2.36007894917356,50.7128273355668],[-2.36010052152312,50.7128272687233],[-2.36015085558879,50.7128271127441],[-2.36020118823766,50.7128269567475],[-2.36022991355148,50.7128223038359],[-2.36024063044605,50.7128131410706],[-2.36035106912728,50.7126804517456],[-2.36040096551947,50.7126232499482],[-2.36041529311878,50.7126163619522],[-2.36042611495043,50.7126208913633],[-2.36042264278681,50.7126368743396],[-2.3602909120189,50.7128061407327],[-2.3602731121359,50.7128290143828],[-2.36038470572396,50.7128469220671],[-2.36044224527578,50.7128490269024],[-2.36053819829529,50.7127026889103],[-2.36057385306174,50.7126637885134],[-2.36054852854753,50.7126433301055],[-2.36055201817365,50.7126296285582],[-2.36061671884107,50.7126271445184],[-2.36067033070883,50.7125859059812],[-2.36081671983412,50.7124531019318],[-2.36089874655044,50.7123661381254],[-2.36093451917089,50.7123432067605],[-2.36094878216224,50.7123271911521],[-2.36093425628085,50.7123089798742],[-2.36089465697356,50.7123022583944],[-2.36085512774812,50.7123046617328],[-2.36072650791701,50.7124100265387],[-2.36064123782885,50.7125426408208],[-2.36064143046409,50.712567741077],[-2.36064505873669,50.7125722936906],[-2.36065228591617,50.7125768342361],[-2.36064516380662,50.7125859840853],[-2.36061996188114,50.7125814984194],[-2.36060191285776,50.7125724275789],[-2.3605981795124,50.7125541818712],[-2.36069099365713,50.7124136781569],[-2.36070165785357,50.7123976737485],[-2.36070518244836,50.712388535961],[-2.3607086748222,50.712374831702],[-2.36069776687076,50.7123588942495],[-2.36067235488745,50.7123270251061],[-2.3606542183969,50.7123065462098],[-2.36069278857244,50.7121786407405],[-2.36074250885971,50.7120986217682],[-2.36075683624923,50.7120917337302],[-2.36076049952534,50.7121008492064],[-2.36069675101216,50.7122265477664],[-2.36067558032982,50.7122790957721],[-2.36068655975071,50.7123041634501],[-2.36072998565115,50.7123405396497],[-2.3607516060699,50.7123473169979],[-2.36079802962392,50.7123060998147],[-2.36081586409614,50.7122877898485],[-2.3608373485831,50.7122763130078],[-2.36086968990658,50.7122739301974],[-2.36089126200029,50.7122738632083],[-2.36092356403182,50.7122669184299],[-2.36094497837422,50.7122463140399],[-2.36096288287857,50.7122371315807],[-2.36095555480462,50.7122188997467],[-2.36090839542959,50.7121642806296],[-2.36087584391238,50.7121392826599],[-2.36083620969902,50.7121279955962],[-2.36082537041014,50.7121211829912],[-2.36085408338341,50.7121142493755],[-2.36089736336649,50.7121323695729],[-2.36091541227725,50.7121414403686],[-2.36091893681149,50.7121323025745],[-2.36092601808863,50.7121185898601],[-2.36147584044871,50.7116171524931],[-2.36155448057729,50.7115575810917],[-2.36157236713287,50.7115461153075],[-2.36158318741224,50.7115506446168],[-2.36095473103153,50.7121116544211],[-2.36094424226321,50.7121504785764],[-2.36094794797061,50.7121688007993],[-2.36098370079255,50.7122231504747],[-2.36099892747687,50.7122343181647],[-2.36100399986675,50.7122375047633],[-2.36121217901184,50.7120686690227],[-2.36138771730714,50.7119223598956],[-2.36166873927554,50.7117084458199],[-2.36171886995767,50.7116634388294],[-2.3617389579825,50.7116505623829],[-2.3617490643472,50.7116521325517],[-2.36174659122284,50.7116585476595],[-2.36146820890623,50.7118868683618],[-2.36145068015084,50.7119045452807],[-2.36144818090482,50.7119077554096],[-2.36153398422105,50.7119074885098],[-2.36163742053059,50.7119023617945],[-2.36166259906803,50.7118942735038],[-2.36182087946015,50.7118008765297],[-2.36185857151414,50.7117799353165],[-2.36187371756632,50.7117798881545],[-2.36187374223977,50.711783092232],[-2.36167780255545,50.7119022361245],[-2.36166774544448,50.7119070723062],[-2.36153913056397,50.711920287318],[-2.36143059716829,50.7119190223894],[-2.36141545673581,50.7119190694764],[-2.3612875602434,50.7120251853615],[-2.3612825508329,50.7120300058172],[-2.36145164111167,50.712029480025],[-2.36160808874318,50.7120257909715],[-2.36162071765819,50.7120273542014],[-2.36161320904022,50.7120353848038],[-2.36133814734881,50.7120394454274],[-2.36126752785397,50.7120460723913],[-2.36124957628007,50.7120566687207],[-2.36105313672935,50.7122261371245],[-2.36100313637139,50.7122696479074],[-2.36101418607987,50.7123038421843],[-2.36102156677238,50.7123289183124],[-2.36105399578149,50.7123379444127],[-2.36110792254714,50.7123377768581],[-2.36115106820829,50.7123376427831],[-2.36117262280267,50.7123352952085],[-2.36117970545234,50.712321582475],[-2.36121141535833,50.7122370536058],[-2.36122549715716,50.7121982200573],[-2.3613185549958,50.7121431651816],[-2.36136511256523,50.7121202028492],[-2.36137589928439,50.7121201693072],[-2.36137593437348,50.7121247321726],[-2.36126139795639,50.7121912622005],[-2.3612471407988,50.7122072805273],[-2.36122597074087,50.7122598286313],[-2.36121183631417,50.7122918178815],[-2.36121202925241,50.7123169181369],[-2.36121213448654,50.7123306085313],[-2.3612157627959,50.7123351611273],[-2.36132001119898,50.7123325537665],[-2.36135590644201,50.7123255985958],[-2.36144552769832,50.7122910912874],[-2.36161037994569,50.7122221221404],[-2.36163542232674,50.7122060729056],[-2.36179282404902,50.7121028980804],[-2.36185008585527,50.712068491196],[-2.36186795355452,50.7120547448382],[-2.36187858211028,50.7120341747597],[-2.36188203474281,50.7120159094123],[-2.36190325668215,50.7119702072855],[-2.36206067319566,50.7118693144346],[-2.36211442359458,50.7118463293923],[-2.36212876827253,50.7118417208202],[-2.36212880344129,50.7118462845846],[-2.36194273283433,50.711960956597],[-2.36190713104145,50.7120067035132],[-2.36190734191933,50.7120340852003],[-2.36189313775235,50.712056949702],[-2.36167137576128,50.7122059610189],[-2.3614671657528,50.7123001508345],[-2.36142774187702,50.7123162474588],[-2.36140985498009,50.7123277114216],[-2.36140989007274,50.7123322742868],[-2.36147812662067,50.7123229352101],[-2.36157867076771,50.7123066511163],[-2.36167554852216,50.7122812488004],[-2.36182600853563,50.7122100426513],[-2.36207314622996,50.7120883343261],[-2.36239550220565,50.7119298808487],[-2.36251373518765,50.7118770297939],[-2.36263222148758,50.7118561222482],[-2.36271492926074,50.7118581474244],[-2.36279071063126,50.7118944200719],[-2.36286296232688,50.7119398323381],[-2.36287380185428,50.7119466429546],[-2.36288444756975,50.7119283551168],[-2.36290580804815,50.7119009069705],[-2.36303503997874,50.7118754024845],[-2.36308541251255,50.7118798080924],[-2.36309991579229,50.7118957367878],[-2.36306757483126,50.7118981184175],[-2.3629777130238,50.7119006824081],[-2.36292748711436,50.7119145299931],[-2.36290975508549,50.7119465306865],[-2.36288831074845,50.7119625716586],[-2.36289917985628,50.7119739451549],[-2.36287403091897,50.7119763069702],[-2.36276201569888,50.7119036364954],[-2.36270424968663,50.7118718714785],[-2.36261798249684,50.7118744212751],[-2.36249602616176,50.7119113127393],[-2.36210558861813,50.7120996433784],[-2.36208768580647,50.7121088260082],[-2.3620769869905,50.7121202676776],[-2.3620914372451,50.7121293495034],[-2.36210224155918,50.7121315991252],[-2.36219208486568,50.7121267552794],[-2.36224241816965,50.7121265983992],[-2.36225679810189,50.7121265535755],[-2.36226384947053,50.7121082769992],[-2.36227093743291,50.7120945641821],[-2.3623031673334,50.7120784896998],[-2.36248629555794,50.7120482539117],[-2.36257970374603,50.7120388356731],[-2.36261203914314,50.7120364514984],[-2.36260495697516,50.7120501670161],[-2.36232840433615,50.7120875387667],[-2.36228545808553,50.712112773512],[-2.36228558121333,50.7121287444381],[-2.36228565157509,50.712137871067],[-2.36269559399895,50.7121480034194],[-2.36270999155329,50.7121502408713],[-2.36270285228632,50.7121571076148],[-2.36212753130209,50.7121474934322],[-2.36211318511453,50.7121521020086],[-2.36211721932861,50.7122091356114],[-2.36212090045836,50.7122205324764],[-2.36258139390772,50.7122578882468],[-2.36261018906746,50.7122623622774],[-2.36261024189497,50.7122692083728],[-2.36260308499815,50.7122737945771],[-2.36215336477377,50.7122341220348],[-2.36213898480847,50.7122341668459],[-2.36212823464956,50.7122387642182],[-2.36212826983263,50.7122433297808],[-2.36214270254628,50.7122501292683],[-2.36218954686276,50.7122636740049],[-2.36265403337216,50.7123535002412],[-2.36268644510809,50.7123602453536],[-2.3626936914764,50.7123670672],[-2.36267576541232,50.7123739694044],[-2.36218604016384,50.7122750950676],[-2.36214280805124,50.7122638196612],[-2.36211753582793,50.7122502076897],[-2.36210305036429,50.7122365621034],[-2.36210289211055,50.7122160247153],[-2.36210250529809,50.7121658260076],[-2.36209880517424,50.7121521468146],[-2.36206637609433,50.7121431210048],[-2.36202325385043,50.7121455359335],[-2.36198378947509,50.7121570689988],[-2.36165778604458,50.7123086855222],[-2.36143158646759,50.7123481808183],[-2.3612159381927,50.7123579790506],[-2.36117278065061,50.7123558325986],[-2.36116565866891,50.7123649815804],[-2.36132474485807,50.7124808599919],[-2.3613356369515,50.712494519545],[-2.3613464398767,50.7124967665432],[-2.3613643794859,50.7124921468877],[-2.36140710410071,50.712437248445],[-2.36140701636947,50.7124258412823],[-2.36143213052759,50.7124189169178],[-2.36147167736105,50.7124187939169],[-2.36149326707716,50.712421009148],[-2.36150040229827,50.712414140693],[-2.36151825835158,50.7123981138381],[-2.36153612625218,50.7123843648336],[-2.3615972114973,50.7123796109089],[-2.36171585614449,50.7123792416849],[-2.36173742403554,50.7123791745524],[-2.36173751186759,50.7123905844125],[-2.36171234507292,50.7123906627467],[-2.3615901057474,50.7123910431517],[-2.36153631936423,50.7124094650876],[-2.36152928523389,50.7124300248509],[-2.36178111433135,50.712449778139],[-2.36209405701258,50.7124693386849],[-2.3621588058936,50.7124737007979],[-2.36218767573858,50.7124873015477],[-2.36221308882795,50.7125191694576],[-2.3622095602748,50.7125283082022],[-2.36219875728069,50.7125260585863],[-2.36216973197764,50.7124919231414],[-2.36212290501311,50.712480658931],[-2.36195387936342,50.712474339235],[-2.36147541100667,50.712437035999],[-2.36143227092116,50.7124371701766],[-2.36137171201046,50.7125103786815],[-2.36136459005121,50.7125195285743],[-2.36137542951015,50.7125263411282],[-2.36151969780691,50.712585219179],[-2.36155217410365,50.7126010921523],[-2.36155942035885,50.7126079158679],[-2.36158088301259,50.7125941583709],[-2.36163108057711,50.7125757457843],[-2.36170296337608,50.7125732414898],[-2.36185403925718,50.7125818980291],[-2.36210950963358,50.7126084846301],[-2.36217794555573,50.7126242444778],[-2.36225726824234,50.71265366197],[-2.36230775901869,50.7126740397528],[-2.362325790825,50.7126808297951],[-2.36230699888735,50.7126880610824],[-2.36216273353505,50.7126291830981],[-2.36193240668697,50.7126002368229],[-2.36177410909403,50.7125870380941],[-2.36166984824624,50.7125873626138],[-2.36162677260019,50.7125966244095],[-2.36159459477252,50.712619542103],[-2.36158389573452,50.7126309855254],[-2.36164548914234,50.7126924039097],[-2.36166716255223,50.7127060280817],[-2.36168882407997,50.7127173707996],[-2.36183617708311,50.7127100649424],[-2.361868501091,50.7127054013214],[-2.36187932308255,50.712709930597],[-2.36188652859724,50.712712191445],[-2.36170692605103,50.7127332857679],[-2.36169613919155,50.7127333193409],[-2.36173254831418,50.7127925354702],[-2.36177598878378,50.7128311918199],[-2.36179042162765,50.7128379913499],[-2.36181560623488,50.7128401953297],[-2.36184796547006,50.7128400945787],[-2.36189470485615,50.7128399490391],[-2.36193416416065,50.7128284160213],[-2.36204885940329,50.7127824227244],[-2.36209908791599,50.7127685755124],[-2.36211343287646,50.7127639669421],[-2.36211708454603,50.7127708000246],[-2.36194507407765,50.7128443560489],[-2.36193076280359,50.7128535274674],[-2.36192362333703,50.7128603968608],[-2.36195966513764,50.7128716920448],[-2.36201371556983,50.712887497692],[-2.36203176499282,50.7128965692116],[-2.36202464168084,50.7129057182491],[-2.36193097370155,50.7128809091503],[-2.36187688393076,50.712860542412],[-2.36183010936924,50.7128561223823],[-2.36181576436658,50.7128607327163],[-2.36183400699476,50.7128949018199],[-2.36192821976186,50.7129904461856],[-2.36194639224521,50.7130154913404],[-2.36194653284145,50.7130337445961],[-2.36193215121481,50.7130337893868],[-2.36191036789449,50.7130064757864],[-2.36188136148109,50.7129746208012],[-2.36187052184535,50.7129678082954],[-2.36172021898014,50.7130595509817],[-2.36166304791924,50.713105364948],[-2.36164865013512,50.7131031291664],[-2.36163781191269,50.7130963157354]]],[[[-2.36096007674652,50.7134997818895],[-2.36075937084175,50.7134323427113],[-2.36074142950798,50.7134233237178],[-2.36074850822488,50.7134142270565],[-2.36077686354909,50.7133823753771],[-2.36093596535938,50.7131527380564],[-2.36098909488235,50.7130890484182],[-2.36100334066465,50.7130821965761],[-2.3610105412945,50.7130889817976],[-2.36081618599457,50.7133822532955],[-2.36081280273263,50.7134072216638],[-2.36080933375689,50.7134208431165],[-2.36085599485831,50.7134456561005],[-2.36098142301806,50.7134861022052],[-2.36109230486998,50.7134948324171],[-2.36120306895075,50.7134876833105],[-2.36123871194028,50.7134739609409],[-2.36133465153178,50.7133987917868],[-2.36134882617272,50.7133828672349],[-2.36134875639086,50.7133737927642],[-2.36130214603406,50.7133557883082],[-2.36121619727522,50.7133356363169],[-2.36120184822335,50.7133288751252],[-2.36120177847001,50.7133198006542],[-2.3613342677503,50.7133488826474],[-2.36134865170777,50.7133601797092],[-2.36136295270264,50.7133601352413],[-2.36137719852601,50.7133532851522],[-2.36142678909738,50.7132941432155],[-2.36144452536135,50.7132759386781],[-2.36144087642471,50.7132668753391],[-2.36138718756515,50.7132579667204],[-2.36121536016941,50.7132267381685],[-2.36120104601709,50.7132245128631],[-2.36120808974838,50.7132108802874],[-2.36144075427761,50.71325099524],[-2.36145505665547,50.7132509507565],[-2.36148694995508,50.7132145492062],[-2.3615010197625,50.7131850115805],[-2.36150094995175,50.7131759371096],[-2.36147217639775,50.7131533403408],[-2.36142908872389,50.7131285164888],[-2.3614254280165,50.7131171842888],[-2.36144325146556,50.7131103230648],[-2.36152232517114,50.7131667959283],[-2.36153317483515,50.7131826444538],[-2.36146255403623,50.7132963017758],[-2.36134202671311,50.7134282636135],[-2.36123174972145,50.713498937748],[-2.36109246177711,50.7135152511004],[-2.36096007674652,50.7134997818895]]],[[[-2.35902867995504,50.7136716784984],[-2.3591538041443,50.7135851996935],[-2.35924483334944,50.7135551762684],[-2.35930392900507,50.7135424728216],[-2.35935329270982,50.7135470153554],[-2.35937061523504,50.7135547873687],[-2.35936327599415,50.7135626374429],[-2.35933854239363,50.7135533226892],[-2.35930159618441,50.7135596986486],[-2.35924005430706,50.7135755418666],[-2.35915889287833,50.7136055320932],[-2.35912453071225,50.7136275529687],[-2.35913445979492,50.7136353496631],[-2.35916654324362,50.7136383809208],[-2.35927281357829,50.7136662279334],[-2.35929261827629,50.7136755606377],[-2.35928279686143,50.7136818500275],[-2.35926057698824,50.7136787892088],[-2.35917902056936,50.7136571266267],[-2.35911233422309,50.7136448092728],[-2.35909267456313,50.7136542639564],[-2.35908041257665,50.7136636930809],[-2.35905831091402,50.7136762848168],[-2.35904603836152,50.7136841474155],[-2.35902877563287,50.7136842007493],[-2.35902875172199,50.7136810713107],[-2.35902867995504,50.7136716784984]]],[[[-2.36517299511248,50.7135579021543],[-2.3646123914495,50.7134995747741],[-2.36454659343297,50.7134931048938],[-2.36453079208585,50.71348981811],[-2.36453599924037,50.7134831236843],[-2.36512812457617,50.7135363442822],[-2.36516758190946,50.7135378893825],[-2.36517806375344,50.7135328483271],[-2.36515338080699,50.7134436205601],[-2.36512659180585,50.7133802808343],[-2.365108011938,50.7133586403516],[-2.36509743063869,50.7133503300244],[-2.36508689694984,50.7133486940422],[-2.36504223270435,50.7133538424632],[-2.36501593089869,50.7133539250756],[-2.36316800959221,50.7131227086818],[-2.36312585659686,50.7131128259599],[-2.36312055899932,50.7131078370906],[-2.36312316478087,50.7131044899022],[-2.36492366980979,50.713325840565],[-2.36502107739956,50.7133388863502],[-2.36504999216828,50.7133371273549],[-2.365070978905,50.7133303851371],[-2.36507878597438,50.7133203461714],[-2.36502503985447,50.7131719710463],[-2.36502493611918,50.713158616985],[-2.3650117492096,50.7131536511823],[-2.36497232543523,50.7131571140439],[-2.36334028469869,50.7129552673369],[-2.36330342942966,50.7129503753366],[-2.36329286866172,50.7129454002304],[-2.36329544862864,50.7129387167701],[-2.36483005106436,50.7131225102176],[-2.36494851840393,50.7131388289969],[-2.36499322135472,50.71313868861],[-2.36500892316206,50.7131286248539],[-2.36497371256982,50.7129968822194],[-2.36495498303902,50.7129552132974],[-2.36494965508478,50.7129468855598],[-2.36491808731838,50.7129453165121],[-2.36466008514259,50.712909405831],[-2.36341232733626,50.7127497478174],[-2.3633675989423,50.7127465504297],[-2.36335439517499,50.7127399163176],[-2.36336487703675,50.7127348754245],[-2.3647653002961,50.7129124146887],[-2.36489162291514,50.7129237007504],[-2.36492843519206,50.7129235851629],[-2.36494154425565,50.7129185367777],[-2.36489841905434,50.7127834799224],[-2.36488506378329,50.7127568166758],[-2.36487714884556,50.712753504278],[-2.36478762281027,50.7127387627605],[-2.36445059216528,50.7126847425356],[-2.36389245769234,50.712604708685],[-2.36355287493444,50.7125607064991],[-2.36352653908226,50.7125557816608],[-2.36354488123294,50.7125473798148],[-2.36434779639398,50.7126550224283],[-2.36483225189558,50.7127286100235],[-2.3648585865497,50.7127335327719],[-2.36487168260842,50.7127268153615],[-2.36483893500712,50.7126174121873],[-2.36483084292597,50.7125907324109],[-2.36482028207807,50.712585757443],[-2.36461229198456,50.7125546995675],[-2.36398827178361,50.7124565130521],[-2.36379867510696,50.7124237252425],[-2.36375921309347,50.7124221805929],[-2.36375914848714,50.7124138345269],[-2.36377754646491,50.7124121078651],[-2.3647806830506,50.7125658546573],[-2.36481226350803,50.7125690918768],[-2.36482274518173,50.7125640517523],[-2.36477160212345,50.7124123292734],[-2.36476887988909,50.7124006543013],[-2.36476096361027,50.7123973427989],[-2.36473466800436,50.7123974253285],[-2.36471097236218,50.7123941606461],[-2.36434482305931,50.7123151962823],[-2.36421047520962,50.7122855749663],[-2.36385252806999,50.7122466384242],[-2.3637788171303,50.7122368547361],[-2.36376037179079,50.7122319052512],[-2.36376296455854,50.7122268890149],[-2.36397087652013,50.7122479369063],[-2.36424196913741,50.7122771299941],[-2.36453174199576,50.7123413135098],[-2.36469509506431,50.7123808587803],[-2.36473190691686,50.712380743256],[-2.36475029189709,50.7123773483069],[-2.36475022711488,50.712369002242],[-2.36471505667459,50.7122422648096],[-2.36469913489532,50.7122239549629],[-2.36468856262141,50.7122173127434],[-2.36454108003318,50.7121894011988],[-2.36419866544802,50.7121187063914],[-2.36416181074745,50.7121138146601],[-2.36416174608427,50.7121054703927],[-2.36418278272293,50.7121054044724],[-2.36465946720987,50.7121957060819],[-2.3646936702596,50.7121972687286],[-2.36468563743938,50.7121789350228],[-2.36466672150053,50.7121138995997],[-2.36462927529006,50.7120322342723],[-2.36462132164162,50.7120239147565],[-2.3646028720488,50.7120189654181],[-2.36451861783709,50.7120058780258],[-2.36448966502963,50.7120026297876],[-2.36448697445282,50.7119942937559],[-2.36450012214338,50.71199425252],[-2.36463436574108,50.7120105221387],[-2.36464235824271,50.7120238487534],[-2.36470648121804,50.712153832606],[-2.36478206157834,50.7123849078059],[-2.36481689541363,50.7124682503539],[-2.36486534375102,50.7126116368024],[-2.36505849945642,50.7131010805015],[-2.36510692183304,50.7132411278698],[-2.36523280616114,50.7135344838654],[-2.36529462559632,50.7137061996387],[-2.36529471642126,50.7137178828671],[-2.36528686474284,50.7137229147666],[-2.36526582738276,50.7137229808882],[-2.36526043865902,50.7137063070904],[-2.36525286251991,50.7136828280814],[-2.36520468427926,50.713574490614],[-2.36519408569365,50.7135645112768],[-2.36517299511248,50.7135579021543]]],[[[-2.36105175145314,50.7136490590357],[-2.36123475146455,50.7136064046949],[-2.36139062486326,50.7135861160163],[-2.36146478917283,50.7135933116596],[-2.3615335928633,50.7136101372917],[-2.36153565684783,50.7136092540676],[-2.36154079123381,50.7136000402052],[-2.361554773601,50.7135825065064],[-2.3615752398043,50.7135533194789],[-2.36159838154221,50.7135198965827],[-2.36162317767125,50.7134837221166],[-2.3616486070326,50.7134462776822],[-2.3616736456616,50.7134090475886],[-2.36169727383523,50.7133735143341],[-2.36171846901049,50.7133411613259],[-2.36173620864908,50.7133134719718],[-2.36174971941295,50.7132915503052],[-2.36175922335702,50.7132749855622],[-2.3617651860573,50.7132629867222],[-2.36176807734268,50.7132547636499],[-2.36176836845624,50.7132495262054],[-2.36176652498112,50.7132464851655],[-2.3617630167281,50.7132448485958],[-2.36175831211902,50.7132438281634],[-2.36175281964863,50.7132427625212],[-2.36174670396467,50.7132415126666],[-2.36174007122481,50.7132400692762],[-2.36173302333768,50.7132384230399],[-2.36172566788423,50.7132365655292],[-2.36171810818942,50.7132344874295],[-2.36171044899459,50.713232179422],[-2.36170279503412,50.7132296312885],[-2.36169520682385,50.7132267924808],[-2.3616875650828,50.7132234394479],[-2.36167970772108,50.7132193074053],[-2.36167147264217,50.7132141306688],[-2.36166269634035,50.7132076444581],[-2.36165321671283,50.7131995821897],[-2.36164287167802,50.7131896799781],[-2.36163149771776,50.713177671244],[-2.36161894462924,50.7131633631082],[-2.36160510972736,50.7131468476168],[-2.36158990646786,50.713128289608],[-2.36157324121108,50.7131078521432],[-2.36155502883657,50.7130857009549],[-2.36153517712159,50.7130619991001],[-2.36151359669018,50.713036911425],[-2.36149019957602,50.7130106018724],[-2.36146503718933,50.7129833085918],[-2.36143873261537,50.7129555674167],[-2.36141205396456,50.7129279865724],[-2.36138576369258,50.712901176101],[-2.36136063131991,50.7128757442247],[-2.36133741787311,50.712852300092],[-2.36131689288134,50.712831453725],[-2.3612998216023,50.7128138124613],[-2.36128675125099,50.7127998098555],[-2.36127737370587,50.7127891626926],[-2.36127115996614,50.7127814130832],[-2.36126758385176,50.7127761013302],[-2.36126611635137,50.7127727677449],[-2.361266231294,50.712770953529],[-2.36126740250226,50.7127701989848],[-2.36126910098006,50.712770046222],[-2.36127088895803,50.7127701126065],[-2.36127267804911,50.7127703237725],[-2.36127446828096,50.712770683317],[-2.36127626109762,50.7127711948327],[-2.36127805369403,50.7127718619254],[-2.36127984892367,50.7127726872841],[-2.36128164540478,50.7127736754096],[-2.36128344457445,50.7127748289952],[-2.36128530209185,50.7127762027242],[-2.36128750748663,50.7127780573887],[-2.3612904016572,50.7127807030815],[-2.36129433259082,50.7127844507728],[-2.36129964261657,50.7127896123494],[-2.36130667547356,50.7127964987946],[-2.3613157763248,50.712805421986],[-2.36132729032048,50.712816692003],[-2.36134144718977,50.7128305284553],[-2.36135802343007,50.7128467836548],[-2.36137668294929,50.7128652194357],[-2.36139708821793,50.7128855949389],[-2.36141890172675,50.7129076720032],[-2.36144178879153,50.7129312115595],[-2.36146541047121,50.7129559736529],[-2.36148943066328,50.7129817192193],[-2.36151351290434,50.713008162433],[-2.36153732496978,50.7130348322028],[-2.3615605342804,50.7130612115751],[-2.36158280966467,50.7130867826932],[-2.36160381713057,50.7131110295077],[-2.36162322548967,50.7131334323637],[-2.36164070216366,50.7131534752079],[-2.36165591739925,50.7131706410791],[-2.36166865308811,50.7131845646479],[-2.36167916751,50.7131954951125],[-2.36168783202175,50.7132038350969],[-2.36169502080724,50.7132099863167],[-2.36170110663495,50.713214350492],[-2.36170646228086,50.7132173302416],[-2.36171146193092,50.7132193272809],[-2.36171647835497,50.7132207433295],[-2.36172180593202,50.7132219165016],[-2.36172743246857,50.713222918778],[-2.36173326740778,50.7132237621313],[-2.36173922015815,50.7132244540376],[-2.36174520014201,50.7132250037717],[-2.36175111536538,50.7132254206129],[-2.36175687667386,50.7132257147309],[-2.36176239347599,50.7132258936019],[-2.36176759499541,50.713225962842],[-2.36177250233206,50.7132259035005],[-2.36177715781735,50.7132256947623],[-2.36178160235251,50.7132253140177],[-2.36178587825508,50.7132247386531],[-2.36179002642629,50.7132239460589],[-2.36179408919753,50.7132229154199],[-2.36179810746306,50.7132216232272],[-2.36180221924336,50.713219967432],[-2.36180693967744,50.7132175246657],[-2.36181287820435,50.7132137939274],[-2.36182064565818,50.713208271514],[-2.36183085430223,50.7132004555163],[-2.36184411213543,50.7131898422391],[-2.36186103141756,50.7131759297726],[-2.36188222298224,50.713158215311],[-2.3619081174812,50.7131363413938],[-2.36193843618082,50.7131105319088],[-2.36197272159185,50.7130811569843],[-2.36201051478819,50.7130485840555],[-2.36205135828869,50.7130131841505],[-2.36209479459284,50.7129753255997],[-2.36214036479269,50.7129353776382],[-2.36218761140588,50.712893710396],[-2.36223621634596,50.7128505865546],[-2.36228642206499,50.712805856075],[-2.36233861466183,50.7127592623544],[-2.36239317596937,50.7127105470036],[-2.36245049067758,50.7126594552212],[-2.36251094062616,50.7126057304146],[-2.36257491047653,50.7125491150827],[-2.36264278349011,50.712489354425],[-2.36271465995506,50.7124264166466],[-2.36278949284605,50.7123611800133],[-2.3628659578673,50.7122947484804],[-2.36294272507195,50.7122282260242],[-2.363018465951,50.7121627175194],[-2.36309185341931,50.7120993269405],[-2.36316155898202,50.7120391573703],[-2.3632262555866,50.7119833136886],[-2.36328486521027,50.7119326841709],[-2.36333732573419,50.7118872897041],[-2.36338382549871,50.71184693816],[-2.36342455423427,50.7118114347068],[-2.36345969743141,50.7117805863235],[-2.36348944622753,50.7117541981716],[-2.3635139889303,50.7117320763201],[-2.36353351385762,50.7117140286353],[-2.36354825426343,50.7116998133815],[-2.36355862189943,50.7116890111048],[-2.36356507630039,50.7116811545388],[-2.36356807133361,50.7116757764344],[-2.36356806654405,50.7116724113229],[-2.3635655186221,50.7116705910463],[-2.36356088427854,50.7116698501444],[-2.36355462020998,50.7116697213584],[-2.36354706905989,50.7116698241175],[-2.36353811019838,50.711670127324],[-2.36352750466549,50.7116706829843],[-2.36351501636163,50.7116715466927],[-2.3635004091662,50.7116727713459],[-2.36348344413276,50.7116744107483],[-2.36346388657048,50.7116765195899],[-2.36344149752546,50.7116791507752],[-2.36341609320305,50.7116823471439],[-2.36338769059047,50.7116861077416],[-2.36335635896693,50.7116904170615],[-2.36332217047201,50.7116952631851],[-2.36328519298223,50.7117006324085],[-2.36324549578341,50.7117065101237],[-2.36320314959145,50.7117128835171],[-2.36315822370589,50.7117197397792],[-2.36311086369852,50.7117270388835],[-2.36306150755348,50.711734640969],[-2.36301067237467,50.7117423807477],[-2.36295887526007,50.7117500920336],[-2.36290662765732,50.7117576104576],[-2.3628544480759,50.7117647689315],[-2.36280285079823,50.7117714030793],[-2.36275235151016,50.7117773467228],[-2.36270334295682,50.7117824700399],[-2.36265572319449,50.7117867769477],[-2.36260927160038,50.7117903095034],[-2.36256376328846,50.7117931079787],[-2.36251897479572,50.7117952135395],[-2.3624746854776,50.7117966655441],[-2.36243067045424,50.7117975051623],[-2.36238670625496,50.7117977726599],[-2.36234272103768,50.7117975186207],[-2.36229924238661,50.7117968340266],[-2.36225694666086,50.7117958174896],[-2.36221651447498,50.711794568509],[-2.362178622208,50.7117931883967],[-2.36214394905029,50.7117917757586],[-2.36211317136617,50.7117904301093],[-2.3620869683661,50.7117892527535],[-2.36206577248232,50.7117883016999],[-2.36204903904626,50.711787474331],[-2.36203597804177,50.7117866265263],[-2.36202579803669,50.7117856141689],[-2.36201771186176,50.7117842949267],[-2.36201092666178,50.7117825237871],[-2.36200465383757,50.7117801566234],[-2.36199810338765,50.7117770511114],[-2.36199066130774,50.7117731129402],[-2.36198242616218,50.711768450616],[-2.36197366827701,50.7117632224703],[-2.3619646636503,50.711757587716],[-2.36195568543335,50.7117517037768],[-2.36194700680496,50.711745731673],[-2.361938900909,50.7117398279292],[-2.36193164233315,50.7117341526623],[-2.3619254530951,50.7117288445703],[-2.36192035638168,50.7117239719268],[-2.36191632424712,50.7117195842799],[-2.36191333014811,50.7117157293743],[-2.36191134613208,50.7117124558586],[-2.36191034283019,50.7117098123858],[-2.36191029655278,50.7117078493895],[-2.36191117508471,50.7117066137332],[-2.36191294467689,50.7117061369966],[-2.36191552993246,50.7117063762491],[-2.36191884679749,50.7117072679029],[-2.36192280982946,50.711708751972],[-2.36192733498141,50.7117107657681],[-2.36193233963658,50.711713248397],[-2.36193773832477,50.7117161362755],[-2.36194344560344,50.7117193694177],[-2.36194941567291,50.7117228859152],[-2.36195574298291,50.7117266279199],[-2.3619625602167,50.7117305365645],[-2.36197000006444,50.7117345538817],[-2.36197819380003,50.711738621908],[-2.36198727411369,50.7117426826758],[-2.36199737369561,50.7117466782172],[-2.36200862381971,50.7117505505688],[-2.36202116854821,50.7117542471228],[-2.36203519033619,50.7117577349363],[-2.36205088725965,50.711760986413],[-2.36206845316646,50.7117639766676],[-2.36208808327918,50.7117666754146],[-2.36210997286186,50.7117690577637],[-2.36213431715072,50.7117710952275],[-2.36216131281896,50.7117727620116],[-2.36219106025811,50.7117740362184],[-2.36222329896307,50.7117749312477],[-2.36225767073778,50.7117754653004],[-2.36229382022564,50.7117756574683],[-2.36233139063978,50.7117755250491],[-2.36237002805379,50.7117750889294],[-2.36240937426456,50.7117743664123],[-2.36244907533185,50.7117733765867],[-2.36248885655964,50.7117721293018],[-2.36252876581748,50.7117705875377],[-2.36256894016778,50.7117687094993],[-2.36260950814019,50.7117664489218],[-2.36265060252005,50.7117637604262],[-2.36269235894592,50.7117606013221],[-2.36273490453051,50.7117569253486],[-2.36277837631434,50.711752688012],[-2.36282287183365,50.711747864726],[-2.36286836176748,50.7117425104375],[-2.36291478297025,50.7117367017817],[-2.36296207511537,50.7117305135866],[-2.36301017363451,50.7117240215928],[-2.36305901820867,50.7117173015278],[-2.36310854567954,50.7117104282287],[-2.36315869290304,50.7117034783311],[-2.36320927918171,50.7116965288383],[-2.36325963526801,50.7116896681731],[-2.36330897296595,50.711682987829],[-2.36335650408736,50.7116765802004],[-2.36340144183329,50.711670534081],[-2.36344299660064,50.7116649418719],[-2.36348038018928,50.7116598941718],[-2.36351280582266,50.7116554824751],[-2.36353972860025,50.7116517570518],[-2.36356158668282,50.7116486005273],[-2.36357906437592,50.7116458569856],[-2.3635928431379,50.7116433687203],[-2.36360360584292,50.7116409780199],[-2.363612036795,50.7116385289662],[-2.36361881886075,50.7116358629475],[-2.36362463492046,50.7116328231503],[-2.36363009559467,50.7116292493898],[-2.36363552949135,50.7116249607809],[-2.36364119582617,50.7116197775546],[-2.36364734811452,50.7116135154633],[-2.36365424414135,50.7116059929439],[-2.36366214309357,50.7115970266302],[-2.36367129850636,50.7115864349722],[-2.3636819695725,50.7115740355029],[-2.36369429168428,50.7115597540567],[-2.363707913595,50.7115439577415],[-2.36372236592415,50.7115271219494],[-2.36373717788295,50.7115097229764],[-2.3637518758304,50.7114922344298],[-2.3637659904105,50.7114751344],[-2.36377905081736,50.711458896486],[-2.36379058627404,50.711443997884],[-2.36380026668787,50.7114307930468],[-2.36380834041164,50.7114191624919],[-2.36381519649471,50.7114088657917],[-2.3638212225555,50.7113996607244],[-2.36382680765599,50.7113913086607],[-2.36383234224616,50.7113835673698],[-2.36383821397084,50.7113761982266],[-2.36384481469558,50.7113689589958],[-2.36385249103358,50.7113616165763],[-2.36386143542984,50.7113539653283],[-2.36387179928421,50.7113458033374],[-2.36388373685663,50.7113369322775],[-2.3638973981438,50.7113271520369],[-2.36391293739072,50.7113162624907],[-2.36393050318357,50.7113040644306],[-2.36395025117529,50.7112903568277],[-2.36397218919123,50.7112750533247],[-2.36399576629674,50.7112585225548],[-2.36402028795292,50.7112412442128],[-2.36404505679715,50.7112236989028],[-2.36406938255028,50.711206367207],[-2.36409256786763,50.7111897315289],[-2.36411391821111,50.7111742706666],[-2.36413274048135,50.711160466112],[-2.36414851628779,50.7111486810037],[-2.36416143031899,50.7111388050511],[-2.36417184482349,50.7111306122988],[-2.36418011920925,50.7111238759004],[-2.36418661570206,50.7111183672021],[-2.36419169654796,50.7111138602475],[-2.36419572114609,50.7111101272906],[-2.36419905174175,50.7111069423748],[-2.36420199703267,50.7111041147835],[-2.36420465162486,50.7111016073495],[-2.36420705800717,50.7110994199398],[-2.36420925582891,50.7110975515307],[-2.36421128900913,50.7110960037833],[-2.36421320002272,50.7110947747658],[-2.36421502853287,50.7110938652532],[-2.36421681843771,50.7110932742087],[-2.36421859947941,50.7110930015391],[-2.36422035459977,50.7110930392043],[-2.36422205681262,50.7110933773966],[-2.36422367632008,50.7110940090153],[-2.36422518755924,50.7110949251474],[-2.36422656070435,50.7110961150953],[-2.36422776879708,50.7110975726482],[-2.36422878201166,50.7110992871083],[-2.36422957618748,50.7111012477598],[-2.36423012705937,50.7111034303981],[-2.36423041459709,50.7111058090068],[-2.36423041734712,50.7111083566744],[-2.36423011386289,50.7111110473889],[-2.36422948269087,50.7111138542389],[-2.36422850238449,50.7111167512125],[-2.36422715432275,50.7111197113893],[-2.36422538050033,50.7111227430448],[-2.36422299514431,50.7111259987403],[-2.36421977449969,50.7111296644301],[-2.36421549765083,50.7111339269583],[-2.36420994085628,50.7111389740776],[-2.36420288460923,50.7111449917285],[-2.36419410657687,50.7111521667596],[-2.36418338300955,50.7111606860238],[-2.36417057323756,50.7111706740627],[-2.36415585474988,50.7111820062182],[-2.36413948245085,50.7111944955386],[-2.36412171550095,50.7112079559583],[-2.36410280879825,50.7112221996269],[-2.36408302008083,50.7112370395841],[-2.36406260708731,50.7112522888699],[-2.36404182473132,50.7112677614326],[-2.3640209196035,50.711283293729],[-2.36400009228165,50.7112988158858],[-2.36397952796669,50.7113142841572],[-2.36395941751804,50.7113296538807],[-2.3639399489629,50.7113448804027],[-2.36392130889852,50.7113599172757],[-2.36390368677593,50.7113747207409],[-2.3638872706232,50.7113892461454],[-2.36387215952713,50.7114034859849],[-2.36385810254328,50.7114175903271],[-2.36384475694554,50.7114317454982],[-2.36383178284676,50.7114461387147],[-2.3638188417685,50.7114609562891],[-2.36380558958737,50.7114763872494],[-2.36379168782363,50.7114926179079],[-2.36377679517116,50.7115098354848],[-2.36376064634406,50.7115281676094],[-2.36374326744904,50.7115475107815],[-2.36372476625141,50.7115676982955],[-2.3637052420468,50.7115885670694],[-2.36368480120573,50.7116099530999],[-2.36366354725959,50.7116316914931],[-2.36364158091455,50.7116536182637],[-2.36361900854246,50.7116755694083],[-2.36359599016849,50.7116973591732],[-2.36357291888364,50.7117187201397],[-2.36355024708436,50.7117393613228],[-2.36352842718231,50.711758993536],[-2.36350790876474,50.7117773285016],[-2.36348914564794,50.7117940752309],[-2.36347258742791,50.7118089463458],[-2.36345868649903,50.7118216499631],[-2.363447786063,50.7118320600099],[-2.36343979663182,50.7118406920574],[-2.36343452234211,50.7118482256793],[-2.36343176590639,50.7118553395543],[-2.36343132862033,50.7118627123652],[-2.36343301318881,50.7118710218911],[-2.36343662374712,50.7118809477048],[-2.36344196300071,50.7118931675854],[-2.36344880207679,50.7119081219987],[-2.36345678857863,50.7119252967562],[-2.36346554136969,50.7119439412469],[-2.36347467645895,50.711963302171],[-2.36348381127755,50.7119826271238],[-2.36349256326236,50.7120011645998],[-2.36350054843275,50.7120181630982],[-2.36350738562594,50.712032869311],[-2.36351278293027,50.7120447158029],[-2.36351681956307,50.7120538731906],[-2.36351966538261,50.7120606943622],[-2.36352149025478,50.7120655331049],[-2.36352246405275,50.7120687441052],[-2.36352275947574,50.7120706811413],[-2.3635225435578,50.7120716980094],[-2.36352198899838,50.7120721484875],[-2.36352123401132,50.7120723226126],[-2.36352030431302,50.7120722490815],[-2.36351918971099,50.7120718919545],[-2.36351788569195,50.7120712170729],[-2.36351638205645,50.7120701875979],[-2.36351467429127,50.7120687693708],[-2.36351275219697,50.7120669255527],[-2.3635106112673,50.7120646228843],[-2.36350822978451,50.7120618002819],[-2.36350554424106,50.7120583041665],[-2.36350247396673,50.7120539594295],[-2.36349894251949,50.7120485882516],[-2.36349487204109,50.7120420128178],[-2.36349018186175,50.7120340580196],[-2.36348479694239,50.7120245442344],[-2.36347863661369,50.7120132963539],[-2.36347167777759,50.7120002577952],[-2.36346411633093,50.711985851509],[-2.36345619868029,50.7119706216914],[-2.36344817407118,50.7119551134292],[-2.36344029032518,50.7119398709144],[-2.36343279808884,50.7119254374309],[-2.36342594518939,50.7119123580702],[-2.36341997803022,50.7119011770287],[-2.36341508388148,50.7118923010974],[-2.36341118228758,50.7118855830453],[-2.36340813369521,50.7118807427316],[-2.36340579425372,50.7118774937343],[-2.36340402582673,50.7118755559082],[-2.36340268316163,50.711874644634],[-2.36340162526187,50.7118744761785],[-2.36340070972853,50.7118747686113],[-2.36339970322878,50.7118753859707],[-2.36339798894203,50.711876786123],[-2.36339486193919,50.7118795719953],[-2.36338961449277,50.7118843510197],[-2.36338153742325,50.711891726136],[-2.36336992439595,50.7119023020735],[-2.36335406908759,50.7119166853592],[-2.36333326231091,50.7119354789315],[-2.36330715794109,50.711958981533],[-2.36327685062178,50.7119862535823],[-2.36324379948354,50.7120160512998],[-2.36320945940692,50.7120471300216],[-2.36317528668199,50.7120782432823],[-2.3631427376131,50.7121081455173],[-2.36311326994185,50.7121355929582],[-2.36308833997844,50.7121593391439],[-2.36306908549096,50.7121785217053],[-2.3630553728194,50.7121938047355],[-2.36304674833029,50.7122062355227],[-2.36304275981002,50.7122168622488],[-2.36304295502898,50.7122267312969],[-2.36304688034721,50.712236889953],[-2.36305408354103,50.7122483854986],[-2.3630641123873,50.7122622652148],[-2.36307647961505,50.7122792563464],[-2.36309057051845,50.7122988077528],[-2.36310573675773,50.7123200482528],[-2.36312132716547,50.7123421075738],[-2.36313669480703,50.7123641136315],[-2.36315118851734,50.7123851970533],[-2.36316416135723,50.7124044857558],[-2.36317496356706,50.712421109463],[-2.36318311131389,50.7124344087129],[-2.36318879161375,50.7124445744694],[-2.36319235599559,50.7124520085142],[-2.36319415741278,50.7124571135235],[-2.36319454738929,50.7124602903794],[-2.36319387887984,50.7124619417581],[-2.36319250341615,50.7124624694408],[-2.363190772537,50.7124622761081],[-2.36318893197163,50.7124616352739],[-2.3631867929223,50.7124603092178],[-2.36318405794222,50.7124579301621],[-2.3631804338408,50.7124541312155],[-2.36317562176937,50.7124485464031],[-2.3631693271149,50.7124408079386],[-2.36316125385576,50.7124305489391],[-2.36315110597129,50.7124174025213],[-2.36313873488798,50.7124012036804],[-2.36312458599548,50.7123825859197],[-2.36310925071877,50.7123623855244],[-2.36309332330669,50.7123414378724],[-2.36307739801305,50.7123205792407],[-2.36306206483348,50.712300645021],[-2.3630479194269,50.7122824705875],[-2.36303555320152,50.7122668913279],[-2.36302540726604,50.7122545380624],[-2.36301732574343,50.7122452179324],[-2.36301099396155,50.7122385335377],[-2.36300610432407,50.7122340865566],[-2.36300234640964,50.7122314795755],[-2.36299940979052,50.7122303142813],[-2.36299698404622,50.7122301932604],[-2.3629947587495,50.7122307181995],[-2.36299235118573,50.7122316672714],[-2.36298909223265,50.7122335128922],[-2.36298423908469,50.7122369066661],[-2.36297705031718,50.7122424956963],[-2.36296678453192,50.7122509306828],[-2.36295269748905,50.7122628614345],[-2.3629340491738,50.7122789350489],[-2.36291009676236,50.7122998022281],[-2.36288048291624,50.7123257779352],[-2.36284638947368,50.7123558404849],[-2.3628093865938,50.7123886315466],[-2.36277103881231,50.7124227973055],[-2.36273291347138,50.7124569794438],[-2.36269657935914,50.7124898223387],[-2.36266360525828,50.7125199685713],[-2.36263555573018,50.7125460634348],[-2.36261361001262,50.7125671095431],[-2.36259739758708,50.7125835460078],[-2.36258615414526,50.7125961746805],[-2.36257911818637,50.7126057947054],[-2.36257552820667,50.7126132052261],[-2.36257462272131,50.7126192080833],[-2.36257564022351,50.7126246024198],[-2.36257781778967,50.7126301873826],[-2.36258055911735,50.7126366959511],[-2.36258393289728,50.7126445865465],[-2.36258817302563,50.7126542514268],[-2.36259351053868,50.7126660792615],[-2.36260018218031,50.7126804640981],[-2.36260841898841,50.712697794606],[-2.36261845627176,50.7127184621392],[-2.36263052651493,50.7127428589593],[-2.36264471713414,50.7127711160885],[-2.36266052967662,50.7128023295013],[-2.36267731923568,50.7128353384334],[-2.3626944422901,50.7128689785198],[-2.36271125532903,50.712902087194],[-2.36272711060303,50.7129335037022],[-2.36274136741344,50.7129620636714],[-2.36275337799822,50.712986605449],[-2.3627626668535,50.7130062645082],[-2.3627694206672,50.7130213730025],[-2.3627739927238,50.7130325602286],[-2.36277673772594,50.7130404554786],[-2.36277801039837,50.7130456907421],[-2.3627781640156,50.713048893517],[-2.36277755188034,50.7130506948978],[-2.36277652870496,50.7130517250756],[-2.36277538736847,50.7130524939302],[-2.36277417485347,50.71305303279],[-2.36277287488585,50.7130532517771],[-2.36277147546837,50.7130530645978],[-2.3627699589106,50.7130523813785],[-2.36276831319452,50.7130511131277],[-2.36276652347631,50.7130491717616],[-2.36276457207953,50.7130464692055],[-2.36276239542137,50.7130428419879],[-2.36275971095426,50.7130378341539],[-2.3627561888152,50.7130309152553],[-2.36275149629505,50.7130215530544],[-2.36274529929694,50.7130092189149],[-2.36273726793947,50.7129933796906],[-2.36272706812844,50.7129735067449],[-2.36271436858358,50.7129490687341],[-2.36269901471589,50.7129198548078],[-2.36268155867829,50.7128869342906],[-2.362662729303,50.7128516961015],[-2.36264325825108,50.7128155291512],[-2.36262387435345,50.7127798232588],[-2.36260530783902,50.7127459664412],[-2.36258828753005,50.7127153485187],[-2.36257354507801,50.7126893593032],[-2.36256161256193,50.7126690394072],[-2.36255223522199,50.7126540469989],[-2.36254495873777,50.7126436919457],[-2.3625393330401,50.7126372841015],[-2.36253490665197,50.7126341342239],[-2.36253122384143,50.7126335521842],[-2.36252783737507,50.7126348478271],[-2.36252429010548,50.7126373310282],[-2.3625200700979,50.7126405537419],[-2.36251440798523,50.7126450309605],[-2.36250647109325,50.7126515170839],[-2.36249542819049,50.7126607701041],[-2.36248044518271,50.7126735444244],[-2.36246069224208,50.7126905971318],[-2.36243533809887,50.712712682619],[-2.36240354866497,50.7127405579837],[-2.3623649034056,50.7127746103252],[-2.36232062899459,50.7128137530726],[-2.36227236004216,50.7128565341737],[-2.36222173396597,50.7129014970733],[-2.36217038822981,50.7129471897151],[-2.36211995745645,50.7129921573568],[-2.36207208053009,50.7130349452456],[-2.36202839068785,50.7130740995481],[-2.3619901527102,50.7131085075108],[-2.36195712205227,50.713138413607],[-2.36192868289293,50.7131644069924],[-2.36190421937806,50.7131870732245],[-2.36188311424676,50.7132069996628],[-2.36186474880443,50.7132247718716],[-2.3618485100469,50.7132409789943],[-2.36183377785138,50.7132562056994],[-2.36181997442478,50.7132710158397],[-2.36180667984992,50.7132858747541],[-2.36179351227719,50.7133012251807],[-2.36178008700941,50.7133175080675],[-2.36176602361128,50.7133351661478],[-2.36175094020917,50.7133546394613],[-2.36173445212303,50.7133763716532],[-2.36171617749006,50.7134008045614],[-2.36169591390549,50.7134281411541],[-2.36167416980576,50.713457639736],[-2.36165163024343,50.7134883179536],[-2.36162898595379,50.7135191952346],[-2.361606920594,50.7135492910293],[-2.36158612349017,50.713577624771],[-2.36156728112508,50.7136032141037],[-2.36155914761068,50.7136132691369],[-2.36155839439832,50.713614966633],[-2.36166790449533,50.7136298121075],[-2.36183193707098,50.7136565336614],[-2.3618670608577,50.7136589000301],[-2.36186711805329,50.7136663270487],[-2.36184371820556,50.7136663999091],[-2.3616211330388,50.7136349109188],[-2.36144151839661,50.713610712365],[-2.36135568728027,50.7136085053483],[-2.36111415811112,50.713648865133],[-2.36099360256394,50.7136962749943],[-2.36094694646296,50.713716224872],[-2.36085733137239,50.7137288809364],[-2.3606351322123,50.7137469008114],[-2.36057662186181,50.7137470823686],[-2.36056478964784,50.7137297889549],[-2.36062327530476,50.7137271308489],[-2.36068178421374,50.7137269492728],[-2.36079864996514,50.7137067815463],[-2.36090004598296,50.7137039927699],[-2.36096616747269,50.7136790300877],[-2.36105175145314,50.7136490590357]]],[[[-2.36475272371834,50.713686203737],[-2.36476583302717,50.7136811571701],[-2.36488160957824,50.7136891381954],[-2.36524491834556,50.7137397382361],[-2.36525812407661,50.7137463721269],[-2.36524240913695,50.7137547659841],[-2.36498176195919,50.7137171979552],[-2.36475276258555,50.7136912108352],[-2.36475272371834,50.713686203737]]],[[[-2.36330063224665,50.7137647192841],[-2.36330685625864,50.713760730382],[-2.36329845811175,50.7137528177456],[-2.36320519589921,50.7135572494249],[-2.36318221692086,50.713552026247],[-2.36319049795893,50.7135440614775],[-2.36320719155924,50.7135453321546],[-2.36322397157722,50.7135585153912],[-2.36325151786812,50.7136153315677],[-2.36332354995292,50.7137620028408],[-2.36333399348855,50.7137646149885],[-2.36346322030511,50.7137575939623],[-2.36350281718522,50.7137548235199],[-2.36353409635202,50.7137547256794],[-2.36354037152755,50.7137573526462],[-2.36354040225787,50.713761324693],[-2.36353626458259,50.7137653070812],[-2.36352166886234,50.7137653527376],[-2.36331530100604,50.7137739369641],[-2.36310269743035,50.713785190502],[-2.36296100194225,50.7137975414654],[-2.36296928164457,50.7137895767161],[-2.36300053613537,50.7137868316002],[-2.36318805816204,50.713767718644],[-2.36330063224665,50.7137647192841]]],[[[-2.35944633960918,50.7139291018642],[-2.35939139575776,50.7138400483165],[-2.35935907131454,50.7138057101514],[-2.35930456921402,50.7137745727591],[-2.35931442653334,50.713772976626],[-2.35932927127028,50.7137791924493],[-2.35935898752165,50.7137947535197],[-2.35939121617544,50.7138165685356],[-2.35940862687389,50.7138352989595],[-2.35942095500543,50.7138352608314],[-2.3594257938663,50.71382272242],[-2.35943051300157,50.7137945323198],[-2.35946717199255,50.7137505895691],[-2.35950379499445,50.7137019517498],[-2.35951070310183,50.7136377510911],[-2.35948776473199,50.7135407729879],[-2.35941827309799,50.7134846360218],[-2.35929475240849,50.7134584072324],[-2.35903051003561,50.7134138297829],[-2.35890956181306,50.713401679941],[-2.35889222746266,50.71339234224],[-2.35885251233664,50.7133595933113],[-2.35874709927302,50.7132953060276],[-2.35857885207082,50.7132253842786],[-2.35844771856019,50.7131710025737],[-2.35836624837819,50.7131602969467],[-2.35830956968041,50.7131667334413],[-2.35827760453482,50.7131793545426],[-2.35824583799425,50.7132185857735],[-2.35822894535253,50.7132671623821],[-2.35819863440764,50.7134973577305],[-2.35819621766296,50.7135036269028],[-2.35817163942717,50.7135146604488],[-2.35793859813023,50.7136813019935],[-2.35793130633308,50.7136954144534],[-2.35794616276914,50.7137031933744],[-2.35804739197524,50.7137169706277],[-2.35810413103035,50.7137183623531],[-2.35812876761312,50.7137151542217],[-2.35814836927204,50.713697875199],[-2.35821175567839,50.7136006307692],[-2.35828967601501,50.7134689033662],[-2.35829391838456,50.7133781011459],[-2.35827094541287,50.713276424141],[-2.35829070826318,50.7132810592787],[-2.35829326193597,50.7132920082971],[-2.35831095421624,50.7133483065592],[-2.35831411096564,50.7134390859668],[-2.35830462935268,50.7134892062885],[-2.35827297427501,50.7135425235848],[-2.35828531426876,50.7135440511957],[-2.35831242232812,50.7135408381035],[-2.35834673706836,50.7135125567895],[-2.35842488514222,50.7134105688542],[-2.35850100319027,50.7133665046949],[-2.3585281111117,50.7133632888549],[-2.35852323623555,50.7133711321728],[-2.35849616979428,50.713379043052],[-2.35843734450367,50.7134277490399],[-2.35836651761055,50.7135187548175],[-2.35832483819088,50.7135517576112],[-2.35829283271888,50.7135596809741],[-2.35826083292894,50.7135676079078],[-2.35824861852906,50.7135832976219],[-2.35822426699696,50.7136240725399],[-2.3581632271816,50.7137056567857],[-2.35816089251859,50.7137228825949],[-2.35817817911735,50.7137259588285],[-2.35821271027397,50.7137258523926],[-2.35832353920935,50.7137051625875],[-2.35840971811568,50.7136861116617],[-2.35844166394005,50.7136703601732],[-2.35879270500872,50.7134532622772],[-2.35880010409419,50.7134532394328],[-2.35880510474885,50.7134626152289],[-2.35878546129233,50.713473633668],[-2.358719201239,50.7135176666836],[-2.35847867149046,50.713671812575],[-2.35847383237147,50.7136843482503],[-2.35849359967618,50.7136889851383],[-2.35856019036489,50.7136887796954],[-2.35865149634349,50.7136947569651],[-2.35865390110785,50.7136869248629],[-2.35865381747284,50.7136759673307],[-2.35866100154057,50.7136477696537],[-2.35869039346279,50.7136210681887],[-2.35879354163719,50.7135628322044],[-2.35895318356599,50.7134746813808],[-2.35899752884394,50.7134682826747],[-2.35907901308889,50.7134805543716],[-2.35908894071648,50.7134883510746],[-2.35907913270043,50.7134962069609],[-2.35906184612107,50.7134931299614],[-2.35901000606375,50.7134870292989],[-2.35896319062212,50.7134934347405],[-2.35887473766798,50.7135375372933],[-2.3586832333114,50.7136523962056],[-2.3586785313646,50.7136821527778],[-2.35868855029996,50.71370247088],[-2.3586861216525,50.7137071735441],[-2.35867382373272,50.7137119075687],[-2.35865096000108,50.713710778487],[-2.35840491355715,50.7137115375816],[-2.35828597282313,50.7137270177346],[-2.35822259062888,50.7137423238197],[-2.35818288609308,50.7137399291048],[-2.35807170698734,50.7137327150354],[-2.35791275459594,50.7137054995214],[-2.35790869141812,50.7136929184456],[-2.35796165090367,50.71363380808],[-2.35808223813347,50.7135477985395],[-2.35817372330138,50.7134916646984],[-2.35817745556757,50.7134680730369],[-2.35818472801768,50.7133960637374],[-2.35821255939966,50.7131986387932],[-2.35825530398712,50.7131625140325],[-2.35833331683366,50.7131349694058],[-2.35843118668336,50.7131470768205],[-2.35854497913633,50.7131951325184],[-2.35874510782905,50.7132813921386],[-2.3588098674134,50.7133109792315],[-2.35891604380182,50.7133863621801],[-2.35903741189929,50.7134021204491],[-2.35920184671237,50.7134239523493],[-2.3593389142873,50.713447111456],[-2.35939375208247,50.7134581110005],[-2.35947032284874,50.7134975893071],[-2.359514584449,50.71353913066],[-2.35953998412477,50.7136349383674],[-2.35953749959576,50.7137132216377],[-2.35951916363613,50.7137348036553],[-2.3594517886958,50.7137946958318],[-2.35944901959252,50.713835798133],[-2.35947072207829,50.7138513857603],[-2.35949847919991,50.7138522783195],[-2.35953238076501,50.7138502165957],[-2.35958788003556,50.7138500448798],[-2.35971701523382,50.7138468655401],[-2.35991402796293,50.7138071222525],[-2.36045519666918,50.7137508385701],[-2.36047249544402,50.7137554809805],[-2.36046020970254,50.7137617808113],[-2.36038623178516,50.7137635741052],[-2.35989193844832,50.7138212797641],[-2.359793438077,50.7138419337903],[-2.35969243717758,50.7138578994056],[-2.35958640573306,50.7138613588522],[-2.35943101587349,50.7138602739076],[-2.35943106376975,50.7138665354822],[-2.3594485286984,50.7138930913119],[-2.3595234409982,50.7140133889723],[-2.35953092401175,50.7140243236115],[-2.35952354879483,50.7140274777394],[-2.35950619013475,50.7140150088949],[-2.35944633960918,50.7139291018642]]],[[[-2.36386667095704,50.7138137418405],[-2.36389788866848,50.7138057034064],[-2.36389999123356,50.7138083434192],[-2.3638979501618,50.7138136439023],[-2.36366928923708,50.7139056730887],[-2.36361932031116,50.7139150911825],[-2.36348795557738,50.7139155021276],[-2.36331503028229,50.713934570833],[-2.36326918875517,50.7139386853785],[-2.36325466457787,50.713947992516],[-2.36318434480782,50.7140223223867],[-2.3631449638617,50.7140528817568],[-2.36313244871578,50.714052920863],[-2.36313239758795,50.7140463049817],[-2.36315316773702,50.714035653695],[-2.36320289562222,50.7139944729025],[-2.36323381265787,50.7139480576913],[-2.36323788301617,50.7139348119874],[-2.36324615843943,50.7139268463327],[-2.36343368092257,50.7139077329807],[-2.36356920379771,50.7139059862399],[-2.36362753421835,50.7138991850047],[-2.36369617050392,50.7138764728097],[-2.36386667095704,50.7138137418405]]],[[[-2.36534616250137,50.7139079937179],[-2.36533036093827,50.7139047043455],[-2.36529091060133,50.7139048283516],[-2.36526987315985,50.7139048944741],[-2.36526193063018,50.7138982431437],[-2.36526715071342,50.7138932195172],[-2.36530132906746,50.7138914439164],[-2.36532236650285,50.7138913777882],[-2.36533287153589,50.7138896756923],[-2.36533279367733,50.7138796614968],[-2.36530562648635,50.7137679207763],[-2.36530287808855,50.7137529077547],[-2.36531597578317,50.7137461902905],[-2.36532915417117,50.713749487911],[-2.36534283437629,50.713817874218],[-2.36545774510457,50.7140528477723],[-2.36546313393863,50.7140695215597],[-2.36546056721399,50.714077875897],[-2.36542902461727,50.7140796432566],[-2.36542095366243,50.7140563025071],[-2.36541295917534,50.7140429759565],[-2.36536751140122,50.7139479834638],[-2.36535674821974,50.7139163040079],[-2.36534616250137,50.7139079937179]]],[[[-2.3644334901437,50.7138196978277],[-2.36443756615607,50.7138077740131],[-2.36443336698307,50.7138038177361],[-2.36431646493307,50.7137869818345],[-2.36415161624722,50.7137716180111],[-2.36409532109559,50.7137717943931],[-2.36407878117307,50.7137903714859],[-2.36379069180728,50.7140162469322],[-2.36373268481117,50.714065394576],[-2.36310469078451,50.7142896832614],[-2.36305473755634,50.7143017503573],[-2.36304638622165,50.7143004535981],[-2.3630442632276,50.7142951661385],[-2.36367647123772,50.7140761568854],[-2.36371804660369,50.714060146298],[-2.36373870393856,50.7140349376314],[-2.36401853268355,50.7138296593387],[-2.36405993908089,50.7137911517393],[-2.36406817757845,50.7137778929488],[-2.36406605024434,50.7137726055209],[-2.36400972891679,50.7137701344479],[-2.3636426750577,50.7137620218137],[-2.36359680441639,50.7137621653357],[-2.36358632445321,50.7137555793841],[-2.36358629373989,50.7137516100352],[-2.36392412817793,50.7137558467034],[-2.36416813966872,50.7137616992778],[-2.36421193423618,50.7137628839864],[-2.36423488265607,50.7137641367127],[-2.36424656257022,50.7136569071037],[-2.36423587138463,50.7136225321595],[-2.36421912786619,50.7136146457444],[-2.36341978138864,50.713520540628],[-2.36335299219957,50.7135128105771],[-2.3633466761249,50.7135048887363],[-2.3633612410705,50.7135008737529],[-2.36420437692974,50.7135948420492],[-2.36421689195221,50.7135948028283],[-2.36422309532229,50.7135881637481],[-2.36422078335828,50.7135590575328],[-2.36418040723449,50.713461256395],[-2.36415727437573,50.7134361848667],[-2.36405702731082,50.7134153243722],[-2.36369181101376,50.7133754424813],[-2.36319933888222,50.7133266945823],[-2.3630970967945,50.7133177505309],[-2.36306372564831,50.7133165319411],[-2.36306575657229,50.7133099086551],[-2.36311161198952,50.7133071187927],[-2.36410281558448,50.7134045945406],[-2.36414459072333,50.7134137271897],[-2.36418714784924,50.7134287234113],[-2.3642460562918,50.7134960301544],[-2.36426121755652,50.7135687680864],[-2.36427430139587,50.7136428353759],[-2.36427513236994,50.7137500266729],[-2.36427112388315,50.7137712138074],[-2.36427530676505,50.7137725226457],[-2.36466353103353,50.7138215940523],[-2.36509546996057,50.7138612624082],[-2.3651915500257,50.7138821333042],[-2.36520236596396,50.7138876299206],[-2.36519616267221,50.7138942663544],[-2.36518992711341,50.7138969334443],[-2.3651711115378,50.7138903756265],[-2.36510007087178,50.713872070852],[-2.36491019995264,50.7138567867069],[-2.36466396948203,50.7138337402214],[-2.3645168859133,50.7138181143341],[-2.36447724939466,50.7138155911532],[-2.36446264196986,50.7138143123169],[-2.36440667093353,50.7138568369725],[-2.36396226889987,50.7140924655059],[-2.36387503672509,50.7141377326004],[-2.36324933480483,50.7143884853433],[-2.36320567720248,50.7144058251186],[-2.36319523351039,50.7144032102622],[-2.36319933035048,50.7143939339226],[-2.36368158193878,50.7141978906151],[-2.36390818868792,50.7141098399847],[-2.3643525808866,50.713872887042],[-2.36441484775687,50.7138356367632],[-2.3644334901437,50.7138196978277]]],[[[-2.36469074998449,50.7138693865869],[-2.36470324915393,50.7138680254142],[-2.36471160044985,50.7138693211556],[-2.3647060121645,50.7138772802805],[-2.36458971561923,50.7139385195944],[-2.36390002340312,50.7142728466],[-2.36362983580733,50.7143875031398],[-2.36336099113984,50.7144849488298],[-2.36335680221878,50.7144823144315],[-2.3633588374071,50.7144756920277],[-2.36337962249509,50.7144676872509],[-2.36355220161748,50.7144036265017],[-2.36379124884135,50.7143062727489],[-2.3640239466095,50.7141970255619],[-2.3642025794893,50.7141078026689],[-2.36443734113189,50.7139959033867],[-2.3646014368599,50.7139146616564],[-2.36469074998449,50.7138693865869]]],[[[-2.36431256724588,50.7144392150179],[-2.36508114458016,50.7142924364214],[-2.365252861263,50.7142650379185],[-2.36527661146199,50.7142582492098],[-2.36528451115713,50.7142531874842],[-2.36528706138393,50.7142414303078],[-2.36527321303229,50.7141608942857],[-2.3652598433112,50.714142472183],[-2.36505109712067,50.7141699870169],[-2.36456500209604,50.7142470546382],[-2.36447257167205,50.7142658086739],[-2.36443821348284,50.7142692734529],[-2.36443026728102,50.7142676203047],[-2.36447512634491,50.7142540506021],[-2.36498495875406,50.7141685166804],[-2.36500874068565,50.7141650849581],[-2.3650192632361,50.7141583351478],[-2.36501646520149,50.714138199948],[-2.3649576370679,50.714056130683],[-2.3649151838032,50.7140394752367],[-2.36484115156957,50.7140430647027],[-2.36468262254942,50.714065386121],[-2.36464559267082,50.7140655023134],[-2.36463763346768,50.7140621702546],[-2.36486748235249,50.7140278758463],[-2.36492039859983,50.7140293868682],[-2.36496016552105,50.7140410138523],[-2.36500283478929,50.7140862038221],[-2.36504299299457,50.7141481886199],[-2.36505627135529,50.7141548618736],[-2.3651328945422,50.7141445491685],[-2.36535219485071,50.7141136439778],[-2.36537593559726,50.7141176736792],[-2.36537598780322,50.7141243875782],[-2.36536543352999,50.7141277786903],[-2.36531790151826,50.7141379992072],[-2.36529412529579,50.714141431874],[-2.36528621681078,50.7141448137633],[-2.36530271239871,50.7142253405638],[-2.36530561920972,50.71425890444],[-2.36529510405773,50.7142673323188],[-2.3651789049578,50.714291197619],[-2.36516570906859,50.7142945970133],[-2.36518737445552,50.7143599968956],[-2.36519578299826,50.7144204033341],[-2.36518539824578,50.7144456168494],[-2.36516435475001,50.7144607918613],[-2.36477615023535,50.7145409079693],[-2.36472331158654,50.7145494677323],[-2.36471533925721,50.7145444558557],[-2.36472851344837,50.7145377004485],[-2.36506127848637,50.7144711876838],[-2.36513259890486,50.714459211772],[-2.36515631573604,50.7144473853976],[-2.36517472646217,50.7144338985243],[-2.36517972685294,50.7143969527686],[-2.36515532432042,50.7143198096271],[-2.36513928126951,50.7142980370806],[-2.36439973447793,50.7144363311103],[-2.36361520681004,50.7145730840218],[-2.36359145479407,50.7145798723972],[-2.363580874307,50.7145799054988],[-2.36358080935863,50.7145715117748],[-2.36375258966287,50.7145400118467],[-2.36431256724588,50.7144392150179]]],[[[-2.36502930094554,50.7144410703484],[-2.36506365779243,50.7144376045002],[-2.36506638328081,50.7144476679324],[-2.36475999567886,50.7145040286307],[-2.3646122091878,50.7145481364878],[-2.36457020411371,50.7145885580364],[-2.36456257777154,50.7146288690334],[-2.36454677498688,50.7146373134309],[-2.36453352685401,50.7146339970561],[-2.36453598610551,50.7146104865261],[-2.36455159921123,50.7145768645406],[-2.3646015245099,50.7145347409843],[-2.3647229206939,50.7144991080931],[-2.36502930094554,50.7144410703484]]],[[[-2.36074833761055,50.7143423321698],[-2.36071600843649,50.7141021929936],[-2.3607046329635,50.7139442176027],[-2.3607170008706,50.7139006466169],[-2.36074984229314,50.713876361097],[-2.36082587037236,50.7138519387886],[-2.36101883497627,50.7138368295307],[-2.36161815330109,50.713805942657],[-2.36187982275938,50.7138051281332],[-2.36192808995626,50.7138049778231],[-2.36193577214584,50.7138130159898],[-2.36193325882775,50.7138162468555],[-2.36178440420798,50.7138158776118],[-2.36138237347298,50.7138302157782],[-2.36091855486037,50.7138545619639],[-2.36080012521879,50.7138745638011],[-2.36075903388775,50.7138943227641],[-2.36073343449442,50.7139173070233],[-2.36073371079807,50.7139532982565],[-2.36080593828362,50.7139596172327],[-2.36195693064319,50.7141261846112],[-2.36201377011679,50.7141423691606],[-2.3620190503851,50.714158713407],[-2.36079574842206,50.7139760104633],[-2.36074417132964,50.713972897181],[-2.36072868077537,50.7139696745652],[-2.36072880635076,50.7139860321728],[-2.36072908267225,50.7140220261033],[-2.360765370185,50.7140480889529],[-2.36203014314423,50.7142601110218],[-2.36206117506717,50.7142731025428],[-2.36205096601397,50.7142862216449],[-2.36094624023409,50.7141031535103],[-2.36081199837882,50.714077392185],[-2.36076557116119,50.7140742656208],[-2.36074502539869,50.7140841441987],[-2.36075033176631,50.7141037618195],[-2.36076665137962,50.7142149608249],[-2.3608442610644,50.7142507119592],[-2.36090615541612,50.7142537904588],[-2.36093185545265,50.7142438958449],[-2.36097793094311,50.7142012147496],[-2.36099850183463,50.7141946067529],[-2.36206728876926,50.7143974204562],[-2.36214987888996,50.7144102513112],[-2.36215003020407,50.7144298840323],[-2.36213456460996,50.7144299322257],[-2.36102453004329,50.7142272472863],[-2.3609935975682,50.7142273433764],[-2.36098343849939,50.7142470063277],[-2.36097324863112,50.7142633986738],[-2.36113847814414,50.7142956049211],[-2.36223317531843,50.7145146972746],[-2.36223845712187,50.7145310415053],[-2.36223858324602,50.714547401806],[-2.36078757401296,50.7142541586606],[-2.36075669176078,50.7142607986298],[-2.36075679225753,50.7142738883122],[-2.36076743014115,50.7143163914752],[-2.36077784052383,50.7143294464534],[-2.36228602013913,50.7146814083861],[-2.36235837653786,50.714704087591],[-2.36235847746148,50.714717174572],[-2.36233269470443,50.7147172549602],[-2.36096401955887,50.7144041258933],[-2.36090620785893,50.7143886003303],[-2.36077889685543,50.7143519109135],[-2.36074833761055,50.7143423321698]]],[[[-2.3632760336152,50.7148678368511],[-2.36320525668953,50.7148317062704],[-2.36314720072252,50.7147312235251],[-2.36315117777729,50.7146752872563],[-2.36319070022467,50.7146583866866],[-2.36320387342088,50.7146527528636],[-2.36322579601629,50.7146387022629],[-2.36320808388851,50.7146275723121],[-2.36315957575778,50.7146221321501],[-2.36310653440457,50.7145999281697],[-2.36307524145862,50.7145413062183],[-2.36304416036808,50.7145106441689],[-2.36297766381059,50.714457724812],[-2.36294617246503,50.7143739342522],[-2.36280825415137,50.7142010007082],[-2.36268324352249,50.7139734194204],[-2.36259392087259,50.7138171101095],[-2.36255813361575,50.7137473158254],[-2.36255778842651,50.7137025774623],[-2.36274916192394,50.7133804147477],[-2.36306286745881,50.712877499029],[-2.36335478475581,50.7124543578103],[-2.36359504136753,50.7121879655522],[-2.36380823052079,50.7118405680485],[-2.36394289864589,50.7115940775893],[-2.36395110454972,50.7115157573914],[-2.36398177275131,50.7114932925142],[-2.36399498970137,50.7114932511184],[-2.36398641428059,50.7115240371409],[-2.36398244413267,50.7115799734472],[-2.36386543990211,50.7118319986079],[-2.36373955856888,50.712075664688],[-2.36372740883334,50.7120968611036],[-2.36371819553173,50.7121047424997],[-2.3637151478587,50.7121106405593],[-2.36372443712777,50.7121125737275],[-2.36380803043922,50.7121240882142],[-2.36384514093848,50.7121239720349],[-2.36389151599907,50.7121218654934],[-2.3639285519041,50.7121119347194],[-2.36399925535063,50.7120567543562],[-2.3640793143748,50.7120113567449],[-2.36416548367922,50.7119561269281],[-2.36421167599541,50.711930464947],[-2.364214550593,50.7119029764706],[-2.36420817202566,50.711877479234],[-2.36418615572796,50.7118304391567],[-2.36418289517651,50.7118088584279],[-2.36420728969853,50.7117636351487],[-2.36426266452355,50.7117261673256],[-2.36428428523577,50.7117221732754],[-2.36428740889464,50.7117260897648],[-2.3642566454311,50.7117477771382],[-2.3642137138871,50.7117950207646],[-2.36420459199187,50.7118146780572],[-2.36423601924655,50.7118793533018],[-2.36424845162957,50.7118871668974],[-2.36426081890042,50.7118871281346],[-2.36430385840629,50.7118536234374],[-2.36440873164679,50.711817962612],[-2.36445509115421,50.7118138927545],[-2.36446130663257,50.7118177977445],[-2.36432865805772,50.7118613982559],[-2.36423322462126,50.7119312283528],[-2.36421792719072,50.7119528672417],[-2.36421800325915,50.7119626818054],[-2.36432024010293,50.7119859172358],[-2.36439146603306,50.7119974700739],[-2.36439458547031,50.7120013865735],[-2.36439152690852,50.7120053206455],[-2.36420573821445,50.7119764613258],[-2.36418718444014,50.7119765194698],[-2.36412257657633,50.7120199047058],[-2.36411649655291,50.7120336639386],[-2.36422182672583,50.7120568870654],[-2.36457502543152,50.7121382206957],[-2.36458745367647,50.7121460324693],[-2.36458439655179,50.7121499683403],[-2.36413827906256,50.7120512612536],[-2.36408557119723,50.7120337608273],[-2.36407013679881,50.7120377336619],[-2.36395340669456,50.7121401690886],[-2.36394728241087,50.7121480390302],[-2.36435931514081,50.7122390038511],[-2.36450493154503,50.7122719143115],[-2.36451117330823,50.712279747295],[-2.3645018991942,50.7122797763829],[-2.36408686382356,50.7122005985158],[-2.36394744962577,50.7121696294516],[-2.36390096814182,50.7121579988636],[-2.36378957295553,50.7121504968565],[-2.3637059700591,50.7121370174478],[-2.36368741197142,50.7121370755257],[-2.36359572349968,50.7122786887314],[-2.3635804465169,50.7123022906113],[-2.36358667719739,50.7123081614381],[-2.36441649218597,50.7124331475721],[-2.36445057054311,50.7124408914699],[-2.36444446152868,50.7124507245294],[-2.36365488187838,50.7123295389792],[-2.36357128821734,50.7123180216862],[-2.36354654919798,50.7123180990781],[-2.36347003785448,50.7124223704357],[-2.36346397277225,50.7124380927267],[-2.36358469397669,50.7124514561878],[-2.36401509878695,50.7125188088594],[-2.36435267387985,50.7125786002512],[-2.36478014142834,50.7126655862104],[-2.36479255886372,50.7126714357547],[-2.36478334137998,50.7126793172473],[-2.36417623740546,50.7125595245681],[-2.36378915404099,50.7124959604726],[-2.36356005550905,50.7124652716515],[-2.36347026559519,50.712451814127],[-2.36343313822276,50.712449965301],[-2.36332309448587,50.712617153807],[-2.36331698380316,50.7126269877116],[-2.36456464661292,50.7127938503217],[-2.3647540401478,50.7128217373158],[-2.36476339055316,50.7128315227691],[-2.36475727055788,50.7128393918396],[-2.363367233964,50.7126592372545],[-2.36330531746578,50.7126515782715],[-2.36328985670781,50.7126516266032],[-2.36321634652518,50.7127441122642],[-2.36320119866341,50.7127853801501],[-2.36320744592979,50.7127932113869],[-2.36480821341439,50.7130276672947],[-2.36482066143079,50.7130374430195],[-2.36480832008961,50.71304140804],[-2.36318910564238,50.7128207499664],[-2.36316434551349,50.7128188633038],[-2.36306979399167,50.7129899285266],[-2.36308223738835,50.7129997044514],[-2.36495829223561,50.7132372223853],[-2.36498309837726,50.713244995244],[-2.36498008128515,50.7132548195193],[-2.36312268598951,50.7130309838152],[-2.3630546170052,50.7130272702029],[-2.36303614005462,50.7130371427237],[-2.36302692077399,50.7130450222839],[-2.36296917359581,50.713176714144],[-2.36296926455646,50.7131884900011],[-2.36391037266924,50.7133052822112],[-2.3642571211045,50.7133513049684],[-2.36487624167146,50.7134239513265],[-2.36500320638809,50.7134451462741],[-2.36501564070915,50.7134529570821],[-2.36501259311257,50.713458855174],[-2.36429750851716,50.7133747342535],[-2.3642572732653,50.7133709340908],[-2.3642511931086,50.7133846933278],[-2.3643226133201,50.7134217637164],[-2.36447202278423,50.7135449550597],[-2.36450005372232,50.7135703843663],[-2.36455272344284,50.7135819953018],[-2.36502635256952,50.7136374324946],[-2.36504493749882,50.713641300399],[-2.36504499848697,50.7136491509677],[-2.36503573369493,50.7136511441077],[-2.36457760019654,50.7135995846228],[-2.36452808893988,50.7135958136527],[-2.36451577788429,50.7136037048262],[-2.36454390024481,50.7136409108751],[-2.36458453311108,50.7136957423307],[-2.36462798387141,50.7137152356106],[-2.36486959836369,50.7137635485942],[-2.3651606791139,50.7138097425216],[-2.36518237698133,50.7138155628632],[-2.36518245325617,50.7138253774225],[-2.36517317458872,50.7138254065781],[-2.36473343995412,50.7137541611938],[-2.36460638174712,50.7137211919049],[-2.36457227197349,50.7137095218732],[-2.36449419243376,50.713611623288],[-2.36438822890505,50.7135079235609],[-2.36422900343456,50.7133901208157],[-2.364173109423,50.7133608524785],[-2.3637954153653,50.7133129650052],[-2.36300920428121,50.713229057912],[-2.36296276744067,50.7132233126347],[-2.36293802794315,50.7132233898988],[-2.36282806667415,50.7133879616356],[-2.36279431987001,50.7134233990094],[-2.36279131887455,50.7134351854177],[-2.36294609099075,50.7134523695151],[-2.36312245307577,50.7134616333903],[-2.36315647271226,50.7134615270882],[-2.3631903557988,50.7134437538445],[-2.36321809771765,50.7134318901032],[-2.36326442857668,50.7134238954302],[-2.36374416106461,50.7134695030558],[-2.36405370628434,50.7135038640156],[-2.36407541909126,50.7135116485557],[-2.36407238657567,50.7135195088162],[-2.36375976308987,50.7134871197817],[-2.36338527225659,50.7134529593352],[-2.36326461065454,50.7134474480418],[-2.36321832530866,50.7134613337903],[-2.36320602922729,50.7134711861201],[-2.36320298140221,50.7134770841653],[-2.36325581761267,50.7135102870057],[-2.3633396850809,50.7135571338874],[-2.3634480812837,50.7135764236417],[-2.3637885989911,50.7136165787567],[-2.36400391175766,50.7136377580965],[-2.36406123161502,50.7136431703043],[-2.36405693218615,50.7136571640612],[-2.36369099566386,50.7136247556867],[-2.36338669352259,50.7135865599043],[-2.36331604958411,50.7135672069328],[-2.36320983806749,50.7135060215204],[-2.36317886564063,50.7134893412494],[-2.36306865725651,50.7134812979719],[-2.36279094549356,50.7134625914027],[-2.36275567770072,50.7134599056163],[-2.36274261128728,50.7134795193453],[-2.36271217863027,50.7135327432055],[-2.36272116392928,50.7135550848822],[-2.36300762403831,50.7135653748594],[-2.36305613106739,50.713570815988],[-2.36318052971226,50.7137046456217],[-2.36318949366466,50.71372419235],[-2.363176299104,50.7137270285628],[-2.36306522456699,50.7136071393872],[-2.36301658787811,50.7135849198032],[-2.36276100937486,50.7135801252115],[-2.36272135817504,50.7135802489751],[-2.36270820680816,50.7135886794537],[-2.36263456086865,50.713751089978],[-2.36263935279068,50.7138014062204],[-2.36265703865201,50.7138097413626],[-2.36267013101989,50.713792923441],[-2.3628322158786,50.713672178579],[-2.36286298832274,50.7136636957665],[-2.36287191034316,50.7136776472975],[-2.36275359982492,50.7137619028792],[-2.36266611029836,50.7138432671832],[-2.36269280310038,50.7138767389098],[-2.36271934625193,50.713890635457],[-2.36332279226126,50.7138691784247],[-2.36354297018259,50.7138545077889],[-2.36363538529828,50.7138402383728],[-2.3637056199842,50.7138064644587],[-2.36373637069456,50.7137951829082],[-2.36373209705991,50.7138119742484],[-2.36369270536815,50.7138456516602],[-2.36362678899546,50.7138682276446],[-2.36321718098724,50.7138862856138],[-2.36275031878151,50.7139073158486],[-2.36271954051985,50.7139158022463],[-2.36279588924719,50.7141029111109],[-2.36281808672273,50.7141252115319],[-2.36303356428044,50.7140714097507],[-2.36309511523722,50.7140544394971],[-2.36311275805756,50.7140571820498],[-2.36311284448446,50.7140683661895],[-2.36287106827612,50.7141390255012],[-2.36283147714187,50.7141475394452],[-2.36286283855315,50.7142145506831],[-2.36289830127045,50.714242401424],[-2.36296866668088,50.7142254046123],[-2.36336415187708,50.7140899504291],[-2.36346522458759,50.7140560802378],[-2.36350483292204,50.7140503637008],[-2.36350928538096,50.7140559424286],[-2.36350055917492,50.7140671541327],[-2.36301716872159,50.7142308457723],[-2.3629337222572,50.7142646605293],[-2.36292061251564,50.7142786835552],[-2.36298309400214,50.7143819475764],[-2.36299639674978,50.7143930904352],[-2.36319407547442,50.7143169769334],[-2.36380464803135,50.7140773879103],[-2.36400666264402,50.7139928691214],[-2.36406806290736,50.7139563249841],[-2.36422580483486,50.7138439821229],[-2.36426958362671,50.7138074931035],[-2.36428722642189,50.7138102354786],[-2.3642741171901,50.7138242559585],[-2.36408140912265,50.7139730602385],[-2.36369944766766,50.7141476213195],[-2.36302738707423,50.7144125683724],[-2.36300980894353,50.7144182159351],[-2.36300996014449,50.7144377875042],[-2.36306328214117,50.7144963424545],[-2.3630985723406,50.7145018248544],[-2.36353775279921,50.7143186973487],[-2.36389794707297,50.7141777590916],[-2.3640955150806,50.714087661419],[-2.36436756851172,50.7139442010323],[-2.36448605009855,50.7138823129977],[-2.36452120985456,50.7138710183115],[-2.36453006592239,50.7138765822889],[-2.36452134000031,50.7138877949683],[-2.36399914954554,50.7141606650956],[-2.36316023330066,50.7144988345106],[-2.36312073259586,50.7145185326785],[-2.36311196300107,50.7145241527334],[-2.36312107833093,50.7145632710322],[-2.36320070659324,50.7146049666574],[-2.36327122232982,50.7146075412353],[-2.36331512664653,50.714587831948],[-2.36341614123599,50.7145455716541],[-2.3635085534854,50.7145313005511],[-2.36358777518352,50.7145198674197],[-2.36367552407828,50.714472058446],[-2.36381160616348,50.7144073183483],[-2.36409234651649,50.7142470570521],[-2.36430313070176,50.7141569149252],[-2.36439953912576,50.7140895035171],[-2.36454894524533,50.7140387037605],[-2.36471165549891,50.7139990464715],[-2.36492300765673,50.7139816050488],[-2.36512573684767,50.7139893586294],[-2.36516096311861,50.7139864502753],[-2.36516105003968,50.7139976353116],[-2.36497600573301,50.7139982165857],[-2.36478659705628,50.7140044030206],[-2.36459751803221,50.7140525334728],[-2.36447879758081,50.7140836632176],[-2.36446568976773,50.7140976864117],[-2.36457147461132,50.7141029472667],[-2.36476081432901,50.7140883701679],[-2.36484010011627,50.7140853263139],[-2.36486659918328,50.7140936307551],[-2.36488445925236,50.7141243347311],[-2.36487569418463,50.7141299540056],[-2.36484023038382,50.7141021038687],[-2.36479176602009,50.7141022560033],[-2.3645628354295,50.7141253440864],[-2.36448351042486,50.7141227952203],[-2.36443500266354,50.7141173546881],[-2.36438682017444,50.7141538575752],[-2.36419808264441,50.7142467257441],[-2.36395226612923,50.7143649361702],[-2.36384700606411,50.7144267822635],[-2.36382510540118,50.7144436287904],[-2.36386041728451,50.7144519049707],[-2.3639572601136,50.7144404173159],[-2.36421225823337,50.7143697143195],[-2.36447185574025,50.7143241610363],[-2.36495152637978,50.7142499539217],[-2.36521561295745,50.714215567495],[-2.36525085972204,50.7142154567257],[-2.36524213390969,50.714226669458],[-2.36438677298601,50.7143554468799],[-2.36419328855574,50.7144035877878],[-2.3639778555524,50.7144629842241],[-2.36378857900633,50.7144859465849],[-2.36370493220325,50.7144945978242],[-2.36366115232069,50.7145310848317],[-2.36345881035747,50.7145736622791],[-2.36339286980012,50.7145934405276],[-2.36334892228594,50.7146075600232],[-2.36332270425549,50.714635604362],[-2.36324369845014,50.7146749981094],[-2.36320851616655,50.7146834957022],[-2.36319983725034,50.7147002998886],[-2.36320434891616,50.714714267873],[-2.3642472636618,50.7145460263659],[-2.36439693160417,50.7145287801144],[-2.36441898249384,50.7145315077484],[-2.36439712676781,50.7145539459964],[-2.36328819219145,50.7147307828721],[-2.36323100078313,50.7147421469458],[-2.36321791260279,50.7147589649145],[-2.36321810714364,50.7147841316984],[-2.36324044050093,50.714823208674],[-2.36327142977348,50.7148426838505],[-2.36335516520134,50.714845219752],[-2.36341233507428,50.7148310589085],[-2.36343881268683,50.7148365678631],[-2.36343015121423,50.7148561696875],[-2.36332890238248,50.7148676715773],[-2.3632760336152,50.7148678368511]]],[[[-2.36102373916542,50.7146937745741],[-2.36103784085404,50.7146937307654],[-2.36104917892079,50.7147008556487],[-2.36105796776742,50.71474378809],[-2.36108104281411,50.7148099442446],[-2.3611008534372,50.714818832375],[-2.36116300101978,50.7148311689902],[-2.36136067302607,50.7148627758883],[-2.36217675032108,50.7149873242349],[-2.36243365651229,50.7150187419996],[-2.36243933950757,50.7150240957056],[-2.3624337531574,50.7150312714365],[-2.36240836965615,50.7150313505962],[-2.36111231535587,50.7148420675588],[-2.36107837547997,50.7148296432776],[-2.36105568552094,50.7148136030823],[-2.36102373916542,50.7146937745741]]],[[[-2.3566556607444,50.7159023752966],[-2.35677019906484,50.7158592348391],[-2.35677747543267,50.7158306889826],[-2.35680461661608,50.7157878167791],[-2.3568560102359,50.7156488633417],[-2.35692670099187,50.7154220318405],[-2.35692892268163,50.7153855752],[-2.35693886172244,50.7153792056129],[-2.3569488836182,50.7153839293494],[-2.35694663007502,50.7154156315688],[-2.35688836083183,50.7156345022355],[-2.35687635645749,50.715697928794],[-2.35687640460389,50.7157042677053],[-2.35690385858964,50.7157025970527],[-2.35704822974974,50.7156419338542],[-2.35718003464744,50.715570216421],[-2.35721222988582,50.7155352539841],[-2.35723440029331,50.7154955678362],[-2.3572610589094,50.7153893091102],[-2.35729324615092,50.7153527603358],[-2.35737042176034,50.715322414969],[-2.35740535631674,50.7153191366534],[-2.35742267824025,50.7152984825585],[-2.35747455029309,50.7152238415274],[-2.35767244355598,50.7149775983188],[-2.35769229572699,50.7149616909146],[-2.35771715985119,50.7149473499217],[-2.35807164176016,50.7148631777692],[-2.35808415153475,50.7148663083033],[-2.35808169987766,50.7148726540185],[-2.358056801091,50.7148822406763],[-2.35784489606835,50.7149272668084],[-2.3577128221676,50.7149625360105],[-2.35767809295234,50.7149927518688],[-2.35762376337348,50.7150721568747],[-2.35763624480445,50.7150721184636],[-2.35774096341141,50.7150511935251],[-2.35804273888637,50.7150027225462],[-2.35809018298234,50.7150025763615],[-2.35828271950705,50.7150368481993],[-2.35829774780141,50.7150431391267],[-2.35829779613842,50.7150494780376],[-2.35828027995681,50.7150447793207],[-2.35814026632438,50.7150214392037],[-2.35808029248507,50.7150152849576],[-2.35803784264205,50.7150154157513],[-2.35797297896015,50.7150235382761],[-2.35761391673093,50.7150912043559],[-2.35760396718617,50.7150959876945],[-2.35758659575902,50.7151103029096],[-2.35754203740424,50.7151611524892],[-2.35754953662789,50.7151627130569],[-2.35756450883852,50.7151610833492],[-2.35793116891064,50.7151076584796],[-2.35794864745913,50.7151076046437],[-2.35795118364928,50.7151123513514],[-2.35793623987153,50.7151171519002],[-2.35787387034426,50.7151252675867],[-2.3575396459507,50.7151754216073],[-2.35753467721142,50.7151786077732],[-2.35746052671617,50.7152786727016],[-2.35748553436615,50.7152833511942],[-2.35808950806296,50.7152418736784],[-2.35808956844097,50.7152497961929],[-2.35807961750861,50.7152545813748],[-2.35802971505931,50.7152594878501],[-2.35745820899504,50.7153024515293],[-2.35744075306425,50.7153056743022],[-2.35742588149218,50.7153199818037],[-2.3574134319112,50.7153247746137],[-2.3573810214304,50.7153312133503],[-2.35736858389318,50.7153375906586],[-2.35736612007756,50.7153423536541],[-2.35738361217582,50.7153438835021],[-2.35751859733534,50.7153624854774],[-2.35772837226252,50.7153650080976],[-2.358160317746,50.7153589249203],[-2.35829259923948,50.7153505917552],[-2.3583720310248,50.7152885434707],[-2.35851854692597,50.7151819156721],[-2.35852593094097,50.7151676302318],[-2.35852578584396,50.7151486143993],[-2.35852817132415,50.71513434438],[-2.35854805311152,50.7151216049201],[-2.35855550824614,50.7151168273986],[-2.35855296132002,50.715110496197],[-2.35849785502349,50.7150884808467],[-2.35836505598504,50.7150286689238],[-2.35833737281885,50.7150002298678],[-2.35825661098709,50.7148879639275],[-2.35820388423437,50.7148500930018],[-2.3581586745117,50.7148153688646],[-2.35812078145372,50.714758435002],[-2.35805498972563,50.7146445355457],[-2.35801954858989,50.7145812568321],[-2.35794348063569,50.7144293555041],[-2.35794343235438,50.7144230174915],[-2.35795341152237,50.7144214022134],[-2.35796697846738,50.7144292651392],[-2.35805329917786,50.714615998346],[-2.35817966048168,50.7148136989604],[-2.35828009836798,50.714886287193],[-2.35830791436375,50.7149321584935],[-2.35837850656435,50.7150206858588],[-2.35851623939955,50.7150725571469],[-2.35861896563453,50.7151181972455],[-2.35867140412049,50.7151180354118],[-2.35880862145195,50.7151017637258],[-2.35893063091032,50.7150570162283],[-2.35908486771078,50.7149804719281],[-2.3592865801036,50.7149085351735],[-2.35971483795961,50.7147471538071],[-2.35972734356263,50.7147502841778],[-2.35972741634629,50.7147597911941],[-2.35970750289844,50.7147677782326],[-2.35953821655492,50.7148348599823],[-2.35909246526089,50.7149947102129],[-2.35903526414284,50.7150249977101],[-2.35894072054657,50.7150696631848],[-2.35894076894973,50.7150759993974],[-2.35899074233315,50.715080600453],[-2.35911313267313,50.7150849768292],[-2.35923534129532,50.7150655819391],[-2.35932238534265,50.7150193557731],[-2.3593373047186,50.715011386941],[-2.35947187746381,50.7149761045718],[-2.35994814691044,50.7148890553126],[-2.35995818680667,50.7148953632754],[-2.35993826909168,50.7149033503663],[-2.35976620780759,50.714933992119],[-2.35942958526569,50.7149968389035],[-2.35935734378501,50.7150192476774],[-2.3593051370773,50.7150495198628],[-2.35926781333599,50.7150670660964],[-2.3592154960658,50.7150830759232],[-2.35913069741555,50.7150960161294],[-2.3591407073454,50.7150991533761],[-2.35920577687106,50.7151179694459],[-2.35928325801196,50.7151272371691],[-2.35929825014029,50.7151287771567],[-2.35930818880483,50.7151224073684],[-2.35933054043817,50.7151064901589],[-2.35993684304389,50.7150428105078],[-2.35993687946417,50.7150475649149],[-2.3599269245004,50.7150523484686],[-2.35989200245135,50.7150572111423],[-2.35934558528908,50.7151143690373],[-2.35933810456996,50.7151159758096],[-2.35931078430705,50.7151350774632],[-2.35931581492872,50.7151398146302],[-2.35936084402721,50.715150768975],[-2.35950329800167,50.715166177376],[-2.35971046298879,50.7151544427427],[-2.35996985998679,50.7151156051831],[-2.35997736495554,50.7151171664762],[-2.35997740138002,50.7151219208832],[-2.359949980005,50.71512834488],[-2.3597404771918,50.7151606879965],[-2.3595782685966,50.7151738681293],[-2.35948335582179,50.715170991787],[-2.35934591250009,50.7151571542067],[-2.3592508301457,50.7151320919395],[-2.35909828591362,50.715102455347],[-2.35893083669701,50.7150839554733],[-2.35890090092569,50.7150872161105],[-2.35884367677904,50.7151143336048],[-2.35884871804996,50.7151206570978],[-2.35888643716934,50.7151554058973],[-2.35901436541113,50.7152310758756],[-2.35906195505381,50.7152499460251],[-2.35918955676444,50.7152828306391],[-2.35948468946842,50.715345307758],[-2.35949223083362,50.7153516234892],[-2.35947725722087,50.7153532543482],[-2.3594447379003,50.7153454313358],[-2.35927966509155,50.7153110792123],[-2.35911956824047,50.7152735397001],[-2.35902193092268,50.7152405624416],[-2.35890161508044,50.7151807125649],[-2.3588088150761,50.7151271193675],[-2.35880132224375,50.7151271425019],[-2.3587713822003,50.7151304049176],[-2.35867898020303,50.7151291038098],[-2.35857414232138,50.7151341818595],[-2.35855175414457,50.7151453454161],[-2.35855189925208,50.7151643612486],[-2.35855942837852,50.7151690934372],[-2.35858941683128,50.7151721690872],[-2.35872447030017,50.7152002766968],[-2.35887959147697,50.7152394157585],[-2.35905229485571,50.7152927647501],[-2.35941247173365,50.7153708873698],[-2.35940751096509,50.7153756572316],[-2.3593925308878,50.7153757035595],[-2.35933254005485,50.7153679636717],[-2.35905486181926,50.7153022640597],[-2.35899231630365,50.7152866109879],[-2.35879710384157,50.7152285786845],[-2.35855203226171,50.7151817916789],[-2.35854209348185,50.715188161403],[-2.35852224935857,50.7152056552651],[-2.35837322699798,50.7153107071567],[-2.35832355414163,50.7153457238077],[-2.35832860746509,50.7153536336244],[-2.35837605191384,50.7153534873224],[-2.35844854822793,50.7153643546132],[-2.35851114205443,50.7153863495849],[-2.35863881631868,50.7154287418174],[-2.35867137752243,50.7154413194446],[-2.35869879500686,50.715434895761],[-2.35878343708696,50.7154013555338],[-2.35882832675144,50.7153932933356],[-2.35889823994673,50.7153930774415],[-2.35904816173811,50.7154052924562],[-2.35913314408255,50.7154161243406],[-2.3591306925389,50.715422470077],[-2.35910819675657,50.7154193696147],[-2.35898824357959,50.715407062105],[-2.35884838587015,50.7154043258751],[-2.3587959847669,50.7154092394945],[-2.35874370326154,50.7154300044167],[-2.3587337658581,50.7154363723541],[-2.35875128082816,50.7154410728049],[-2.35879125669302,50.7154441202685],[-2.35882625174807,50.7154487649399],[-2.35885880734304,50.7154613416328],[-2.35889142916226,50.7154818444094],[-2.35893400832615,50.7154991437454],[-2.35898901846698,50.7155084837642],[-2.35930627392003,50.7155249332365],[-2.35978827303407,50.7155329519189],[-2.36005348560922,50.7155248517164],[-2.36006352139963,50.7155311587829],[-2.36005856493662,50.7155359295582],[-2.35997618575988,50.7155393529439],[-2.35970155152239,50.7155449578403],[-2.35933939538208,50.7155349846519],[-2.3590471598758,50.7155247961309],[-2.35891970285057,50.7155109253958],[-2.35885959091855,50.7154873420369],[-2.35881447547503,50.7154652932875],[-2.3587669597409,50.7154559327476],[-2.35870452299715,50.7154545418452],[-2.35867956210871,50.7154562025293],[-2.35865955281705,50.7154515097658],[-2.35862446101268,50.7154341872239],[-2.35845925690516,50.7153824008067],[-2.35839174276467,50.715369931819],[-2.3583442741172,50.7153669073233],[-2.3583068210937,50.7153670228067],[-2.35824940151537,50.7153687834727],[-2.35820446346943,50.7153705092354],[-2.35816451187431,50.7153706323746],[-2.35762417454893,50.7153751840662],[-2.35733188933309,50.7153586505405],[-2.35732193830711,50.7153634365572],[-2.35729954971588,50.7153745989747],[-2.35728232411156,50.7154079308739],[-2.35728738929485,50.7154174225413],[-2.35730238145167,50.7154189627854],[-2.35790394722355,50.7153885854165],[-2.35791893155664,50.7153885392667],[-2.35791400544084,50.715398064377],[-2.35788405732896,50.7153997402507],[-2.35727999281571,50.7154301234006],[-2.35727007933675,50.7154396638168],[-2.35726289972393,50.7154808875274],[-2.35725822009844,50.715522104451],[-2.35728322785133,50.7155267820872],[-2.35737809939818,50.7155249067275],[-2.35777253432703,50.7155110149395],[-2.35811941572391,50.7154830066102],[-2.35832166206859,50.7154807968438],[-2.35843153133478,50.7154804580228],[-2.35847400719664,50.715483496985],[-2.35847405555817,50.7154898358953],[-2.35846409251237,50.7154930348086],[-2.35842910954674,50.7154899745312],[-2.35830176156815,50.7154903672418],[-2.35807956064259,50.7154958066424],[-2.35788992069579,50.7155138216668],[-2.35758787504412,50.7155274295985],[-2.35731827104742,50.7155377688205],[-2.3572384703293,50.715552275922],[-2.35721856956349,50.7155618443371],[-2.35720123399823,50.7155809148019],[-2.35715399408583,50.715607999875],[-2.35702710335591,50.7156686113001],[-2.35687525260118,50.7157308810827],[-2.35686781206561,50.7157372429913],[-2.35686058533451,50.7157721286598],[-2.35685816958204,50.7157832296564],[-2.35687811227891,50.715778413895],[-2.35698768125703,50.7157384593619],[-2.35719928958398,50.7156538177119],[-2.35737384173073,50.7156215884522],[-2.35762839367881,50.7156017881847],[-2.35829509038651,50.7155981482227],[-2.35832506844956,50.7155996421304],[-2.35832012246275,50.7156059964402],[-2.35829015790847,50.7156060888281],[-2.35802798047956,50.7156084813961],[-2.35772336752801,50.71561258765],[-2.35759853767144,50.7156161427194],[-2.35743382050277,50.7156277430461],[-2.35732654160665,50.7156407483823],[-2.35720188454795,50.715666487854],[-2.35715210203025,50.715687241682],[-2.35685086284761,50.7158070237901],[-2.35684595415085,50.7158181306431],[-2.35683114879123,50.7158419478014],[-2.35678172315191,50.7159394057755],[-2.35679176922963,50.7159473003293],[-2.35681923540715,50.7159472159978],[-2.35709824469646,50.7158591975817],[-2.35730502916087,50.7157967586204],[-2.35766180230601,50.7157560431225],[-2.35787640436674,50.715736365262],[-2.35787644056577,50.7157411178711],[-2.35786650157614,50.7157474875376],[-2.35779413752087,50.7157540485185],[-2.35733510230038,50.7158109279106],[-2.35722787683886,50.7158302747481],[-2.35693891676147,50.7159230767599],[-2.35677450695535,50.7159758777436],[-2.35675973123129,50.7160028629817],[-2.35673560159632,50.7161138683368],[-2.35675054580708,50.7161090670424],[-2.35726425771861,50.7160171593006],[-2.35787546705722,50.7159407971823],[-2.35789795234935,50.7159423124753],[-2.35789798856452,50.7159470668828],[-2.35788300263687,50.7159471130347],[-2.35779821270666,50.7159616367823],[-2.35740401650426,50.7160072223156],[-2.35725436253616,50.7160298678387],[-2.35673320985081,50.7161281374368],[-2.3567282770397,50.7161360761778],[-2.35670370637423,50.7161884477098],[-2.35670873686062,50.7161931867873],[-2.35672375329954,50.7161978952116],[-2.35679617056963,50.7161976728918],[-2.35813596911512,50.7160461714246],[-2.35849520715569,50.7160006903638],[-2.35850522934692,50.7160054148645],[-2.35850027266876,50.7160101846745],[-2.35847033061158,50.7160134452198],[-2.35725531442336,50.7161550579502],[-2.35684865699752,50.7162038507898],[-2.35679873712775,50.7162071722506],[-2.35672383750929,50.7162089867318],[-2.3566988655423,50.7162090633849],[-2.35668644397213,50.7162170269088],[-2.35668150547807,50.7162249656651],[-2.35663010584125,50.7163614100253],[-2.35664261166372,50.7163645398262],[-2.35665512175769,50.7163676723105],[-2.35706177301254,50.7163172956271],[-2.35738863355336,50.7162830119336],[-2.35740366780744,50.7162893047552],[-2.35740370397305,50.7162940591627],[-2.35736626863753,50.7162973424695],[-2.3571466842705,50.7163186192401],[-2.35662027054775,50.7163820410239],[-2.35660541041245,50.7163979329225],[-2.3565603475846,50.7165048648593],[-2.35653791016718,50.7165096882197],[-2.35652041764122,50.7165081555485],[-2.3565278385547,50.716498625543],[-2.35656711763841,50.7164097591113],[-2.35673346754723,50.7159544325863],[-2.35675062295109,50.7159115910498],[-2.35675045450713,50.7158894062095],[-2.35673796719216,50.7158894445437],[-2.3566682067931,50.7159102603898],[-2.35634676967937,50.7160015760661],[-2.35632940955158,50.7160174755967],[-2.35632968597428,50.7160539245618],[-2.35636757650129,50.7161108590013],[-2.35643856496322,50.7162516815174],[-2.35644620223793,50.7162706743681],[-2.3564391059422,50.7163229922427],[-2.35638310349374,50.7165117476153],[-2.3563681308113,50.7165133771722],[-2.3563779301807,50.7164879917871],[-2.35643382443328,50.7162849749906],[-2.35643369220409,50.7162675445591],[-2.35640074636397,50.7162042559191],[-2.35632486125756,50.7160761247123],[-2.35631472970118,50.7160571386016],[-2.35631447733585,50.716023860441],[-2.35631429708786,50.7160000919963],[-2.35634416716598,50.7159873222883],[-2.3566556607444,50.7159023752966]]],[[[-2.36168399141743,50.7164144178951],[-2.36166548901627,50.7164027919689],[-2.3616544421037,50.716402826347],[-2.36161039549413,50.7164216577428],[-2.3615625638514,50.7164264810477],[-2.36152938571276,50.7164219097836],[-2.361492565016,50.716422024323],[-2.36148160799826,50.7164337437118],[-2.36147817692067,50.7164664712644],[-2.36147106305446,50.7164992102716],[-2.36145636928135,50.7165039286579],[-2.36145265055103,50.7164992675403],[-2.36145234493458,50.7164595407864],[-2.36146301574446,50.7164104327263],[-2.36147399074235,50.7164010505244],[-2.36151085162372,50.7164056085498],[-2.36156241998275,50.7164077853642],[-2.3616176531353,50.7164076135111],[-2.36162494532559,50.7163982427545],[-2.36161386245219,50.7163936045568],[-2.3615769338688,50.7163796969105],[-2.36156175463204,50.7163213229979],[-2.36154695303751,50.7163120209815],[-2.36149171999687,50.7163121928008],[-2.36146222470782,50.7163076091625],[-2.3614510505638,50.7162912859261],[-2.36144329096263,50.7162398988456],[-2.36140618279708,50.7162026219884],[-2.36136554945463,50.7161863903532],[-2.36131764614748,50.7161818666141],[-2.36125146994534,50.7161960930922],[-2.36120360255985,50.7161962418786],[-2.36118152538046,50.7161986477358],[-2.36117798633452,50.7162173548666],[-2.36116711909253,50.7162407574558],[-2.36115618423602,50.7162548121882],[-2.36111571257344,50.7162596115379],[-2.3611010906952,50.7162736795205],[-2.36110121641735,50.7162900380201],[-2.36110496959089,50.7162993717259],[-2.361105113277,50.7163180674109],[-2.3610794265196,50.7163298325302],[-2.36105735350653,50.7163322365524],[-2.36105729963996,50.7163252267946],[-2.36107926488243,50.7163087996598],[-2.36107913917476,50.7162924420595],[-2.36108756623343,50.7162548941161],[-2.36111596217142,50.7162498822991],[-2.36113399143145,50.7162416256961],[-2.36115193381913,50.7162218836945],[-2.36116720432805,50.7161906670256],[-2.36116452128077,50.7161775529996],[-2.36113849319944,50.7161546661509],[-2.3611042590957,50.7160727505573],[-2.36104171060756,50.7160056873794],[-2.36097685865659,50.7159763608191],[-2.36092257927092,50.7159765294067],[-2.36088395542116,50.7159963338005],[-2.36083229740253,50.7160014168911],[-2.36075988658037,50.7159967190128],[-2.36072108775704,50.7159935588581],[-2.36070300674823,50.7159952561744],[-2.36070054483841,50.7160116676708],[-2.36070587855928,50.7160329767572],[-2.36072412330975,50.7160526054727],[-2.36079660144066,50.7160655046421],[-2.36090262864718,50.7160717375024],[-2.36096467859316,50.7160731841849],[-2.36099058050263,50.716079665811],[-2.36102165937358,50.7160877716446],[-2.36103207645264,50.7160975819557],[-2.36103484770484,50.7161221804778],[-2.3610356039908,50.7162206039547],[-2.3610331226511,50.7162337358262],[-2.36101504156144,50.716235433191],[-2.36096328104051,50.7162273906964],[-2.36069943605681,50.7162036027794],[-2.36070196787738,50.7161970346383],[-2.36071229534351,50.716195362288],[-2.36074848271431,50.7161952499609],[-2.36094512009772,50.7162192465251],[-2.36100198761227,50.7162190698875],[-2.36100713242447,50.7162157715161],[-2.36101478946605,50.716202623567],[-2.3610114075663,50.71609928646],[-2.3609906435202,50.7160878679924],[-2.36092338573081,50.7160815157118],[-2.36071130044545,50.7160657694371],[-2.36070347268961,50.7160559501613],[-2.36068253936998,50.716023206523],[-2.36067197269119,50.7159937112991],[-2.36065386649293,50.7159921271954],[-2.36060471932119,50.7159873579216],[-2.36057873081102,50.71596939351],[-2.36051374499371,50.7159220220571],[-2.36051370723746,50.7159171012873],[-2.36052921298398,50.7159170531846],[-2.36054739892497,50.7159284797332],[-2.36059678522826,50.7159644166036],[-2.36060977177899,50.7159725795835],[-2.36062530696472,50.7159758110686],[-2.36066149416681,50.715975698769],[-2.36075979841521,50.715985236318],[-2.36086580024039,50.7159881886995],[-2.36089930305937,50.7159749604982],[-2.36091987801832,50.7159617724377],[-2.36094570425709,50.7159584125352],[-2.36099741264593,50.7159598931181],[-2.36104932412734,50.715987618676],[-2.36108832467609,50.7160170255221],[-2.36110934227674,50.7160612517941],[-2.36114606194818,50.7161300372978],[-2.36117733143953,50.7161627487294],[-2.36120851127569,50.7161839765636],[-2.36123177498331,50.7161839042544],[-2.36128345982722,50.7161821050919],[-2.3613195505118,50.7161688687252],[-2.36135056641753,50.7161687722897],[-2.36136091908428,50.7161703803946],[-2.3613868658929,50.7161834220758],[-2.36142315845321,50.7161964333752],[-2.36142303227354,50.7161800299128],[-2.36133662091254,50.7160359382199],[-2.36132600337233,50.7159998829302],[-2.3613130797706,50.7159999231109],[-2.36128988063341,50.7160081967137],[-2.36124856123386,50.7160132460486],[-2.36118135395224,50.7160134549421],[-2.36110634264144,50.7160071259647],[-2.3610621973008,50.7159810165995],[-2.36098154973918,50.7159140078203],[-2.36095028197358,50.7158812972289],[-2.36091406963277,50.7158781273064],[-2.36081322120864,50.7158735195726],[-2.36063207848727,50.715847836206],[-2.36057262925701,50.7158480206736],[-2.36054419572297,50.7158481088906],[-2.36054932795409,50.7158431720811],[-2.36056219974217,50.715836570064],[-2.36061130204871,50.7158347765139],[-2.36072512430713,50.7158459062342],[-2.36083378781413,50.7158586930559],[-2.36093463195904,50.7158633007852],[-2.36094755552375,50.7158632606465],[-2.36096831110105,50.7158730379536],[-2.36097355814039,50.7158828661274],[-2.36102039894701,50.7159237316121],[-2.36107763168605,50.715971126872],[-2.36110361613801,50.7159890911851],[-2.36113728279092,50.7159971871484],[-2.36120196669085,50.7160051893998],[-2.36128463352769,50.7159983703531],[-2.36131040505081,50.7159884484582],[-2.36130765746557,50.7159671295605],[-2.36130494490987,50.7159507341384],[-2.36129716609105,50.7159474768317],[-2.36127399080511,50.7159590336463],[-2.3612379059204,50.7159722681828],[-2.36115518726784,50.7159725252758],[-2.36109830745365,50.7159710626301],[-2.36109049223853,50.7159628836367],[-2.36109562442462,50.7159579468034],[-2.3611137054046,50.7159562494263],[-2.36118869000762,50.7159592987901],[-2.36124036196785,50.7159558557938],[-2.36126611248922,50.7159426515841],[-2.36128150473288,50.7159278410736],[-2.36128142904577,50.7159179977366],[-2.36126271744698,50.7158376742249],[-2.36120503070215,50.7157312244262],[-2.36117141464772,50.7157296877089],[-2.36109904204266,50.715729912608],[-2.36092314529388,50.7157140551667],[-2.36091278439948,50.715710807652],[-2.36092306969622,50.7157042136275],[-2.36098515697661,50.7157105828687],[-2.36112738724931,50.7157183415611],[-2.36117648376457,50.7157165504888],[-2.3611816032993,50.7157099724958],[-2.36117074635491,50.7156427469202],[-2.36114461078192,50.7156050995423],[-2.36111618998911,50.7156068263563],[-2.36085514899927,50.7156109196009],[-2.36083702608285,50.7156076934832],[-2.36083958871152,50.7156044058342],[-2.36086023077551,50.715599420852],[-2.36111351817308,50.7155953516893],[-2.36111349296759,50.7155920720755],[-2.36111593784945,50.715574019427],[-2.36108696240818,50.7155035704491],[-2.36107397590485,50.7154954075215],[-2.36101968021618,50.7154939350102],[-2.36076620442469,50.7154733974202],[-2.36077905656482,50.7154635157475],[-2.36083336054467,50.7154666268423],[-2.36106612990568,50.7154839489293],[-2.36106869251158,50.7154806612752],[-2.36106329566138,50.7154511500215],[-2.36102932688768,50.7154036815815],[-2.36100348142767,50.7154037618705],[-2.36095953692163,50.7154038983709],[-2.36051998313415,50.7153872177497],[-2.36051737015363,50.715383944365],[-2.36051992020028,50.7153790155669],[-2.36054316951547,50.7153773040431],[-2.36063884266029,50.7153819280708],[-2.36100853793363,50.7153889817024],[-2.36101627741532,50.7153873182635],[-2.36102137172418,50.7153774588647],[-2.36101598751855,50.7153495878648],[-2.36094147222824,50.7151571007526],[-2.36084366625053,50.7148752484135],[-2.36081198358778,50.7147884039065],[-2.36074892778338,50.7146557222007],[-2.36073082210518,50.7146541390065],[-2.36070504001418,50.7146624205125],[-2.3600897270408,50.7149842160985],[-2.36008720778986,50.7149924271824],[-2.3601032663766,50.7150645549374],[-2.36011648314355,50.715102245283],[-2.36012683129114,50.715103854411],[-2.36014489939936,50.7151005160286],[-2.36052717449696,50.7150632406153],[-2.36072613035404,50.7150527814484],[-2.36078040867398,50.7150526129552],[-2.36078562896234,50.7150591588315],[-2.3607804716595,50.7150608160375],[-2.36074945648304,50.7150609123193],[-2.36061252403512,50.7150695378864],[-2.3604523409844,50.7150798793034],[-2.36012691929892,50.7151153371084],[-2.36023731793416,50.7153544997147],[-2.36024768296656,50.7153577490753],[-2.36028129871223,50.7153592842613],[-2.36046489566959,50.7153685585036],[-2.36046493342,50.7153734792738],[-2.36044942360344,50.7153735273807],[-2.36037443857129,50.7153704784421],[-2.36024261363497,50.7153708871558],[-2.3602426513759,50.7153758097247],[-2.36024528948847,50.7153823636292],[-2.36026103260723,50.7154134822442],[-2.36035572143327,50.7156264468966],[-2.36036864918294,50.7156264068092],[-2.36039700709614,50.7156164770953],[-2.36046934178089,50.7156113318625],[-2.36054952234162,50.7156176452125],[-2.36099181733482,50.7156540007558],[-2.36099959609083,50.7156572589825],[-2.36099188035858,50.7156622038371],[-2.36097895826566,50.7156622439761],[-2.3609142874816,50.715655882755],[-2.36050567140103,50.7156292642207],[-2.36044104681371,50.7156294646758],[-2.36039976539816,50.7156394344795],[-2.36038691879586,50.715649316093],[-2.36038187322405,50.7156657355958],[-2.36038197388349,50.7156788594477],[-2.36038987841834,50.715698521181],[-2.36040034418812,50.7157148925808],[-2.36043136121378,50.7157147963863],[-2.36047264693799,50.7157048265582],[-2.36049846738169,50.7157014640747],[-2.36053722820456,50.7156997053329],[-2.36055542238681,50.7157127703522],[-2.36056844520589,50.7157258541115],[-2.36058920206026,50.7157356314823],[-2.36060997012313,50.7157470527074],[-2.36063841192242,50.7157486029459],[-2.36064875188243,50.7157485708579],[-2.36064878965259,50.7157534916276],[-2.36063589131067,50.7157568140448],[-2.36061779921031,50.7157568701874],[-2.36056598892843,50.7157422655884],[-2.36053479141702,50.7157193964408],[-2.36051664756582,50.7157128906463],[-2.36049082711715,50.7157162531338],[-2.36043659411715,50.7157229834334],[-2.36040563998699,50.7157312800133],[-2.36040829907029,50.7157411162386],[-2.36041358228618,50.7157558625146],[-2.36043724846412,50.7158082830729],[-2.36050593026056,50.7160023209633],[-2.36056106709465,50.7161136999006],[-2.36059247747938,50.7161644552021],[-2.36062649247487,50.7162184848019],[-2.36064789172389,50.7163119233329],[-2.3606558832021,50.7163430677441],[-2.3606481939322,50.7163512948828],[-2.36064046545235,50.7163545985582],[-2.36063313513135,50.71635201338],[-2.36061102942309,50.7162375814363],[-2.36055739934158,50.7161636584595],[-2.36053083923514,50.7161603739382],[-2.36045147602311,50.7161909296181],[-2.36035091305482,50.7162249161054],[-2.36026070235977,50.7162251957944],[-2.36016567932115,50.7161928804617],[-2.35994172976521,50.7161344751095],[-2.35993059023156,50.7161392371516],[-2.35989724690649,50.7161629826155],[-2.35987498592225,50.7161748708538],[-2.35986012111929,50.7161796444251],[-2.35967402024097,50.7161991334112],[-2.35967398403167,50.7161944032851],[-2.35969998417917,50.7161848677316],[-2.35985258150988,50.7161678484713],[-2.35987852728218,50.7161512203868],[-2.35990813151323,50.716125124087],[-2.35990066006709,50.7161227821066],[-2.35984091833891,50.7161040551466],[-2.35981484161005,50.716104135888],[-2.35970689459179,50.7161139269416],[-2.35928658591045,50.7161956016303],[-2.3587246592459,50.7162682587575],[-2.35872095061201,50.7162706335258],[-2.35872087842627,50.7162611786681],[-2.35875060548067,50.7162516318223],[-2.35932371191449,50.7161789400028],[-2.35957290128643,50.7161285242301],[-2.35983336064772,50.7160898959268],[-2.35985946932648,50.7160945426228],[-2.35991172717496,50.7161085652108],[-2.36010212016106,50.7161623479647],[-2.36024771846377,50.7162044481758],[-2.36028876451771,50.7162137760106],[-2.3603408942903,50.7162112492645],[-2.3604040561972,50.71618977902],[-2.36038906877059,50.7161780052988],[-2.36033304778056,50.7161592670527],[-2.35994857980555,50.7160564418319],[-2.35988636628498,50.7160406596154],[-2.35957535728576,50.715990609501],[-2.35943430177403,50.7159761393146],[-2.35926969478731,50.7159527947845],[-2.35914763647472,50.7159650983812],[-2.35908672617211,50.7159861563102],[-2.35892740417521,50.716040317817],[-2.35836885179375,50.7161076345472],[-2.35774438607463,50.7161572611558],[-2.35768794627464,50.7161484897019],[-2.35784760504709,50.7161390556836],[-2.3585565211478,50.7160742587464],[-2.35880060591807,50.7160466725319],[-2.35896478587576,50.7160133685942],[-2.35906314480166,50.7159743046557],[-2.35911461711494,50.7159473127466],[-2.35915682944692,50.7159382371086],[-2.3592554616168,50.7159349511104],[-2.35947649550461,50.7159640815899],[-2.3595094237815,50.7159699437858],[-2.35952817288504,50.7159639217254],[-2.35947642707553,50.7159551375143],[-2.35923169927017,50.715899245619],[-2.35914702117746,50.7158846016973],[-2.3590200866734,50.7158730666991],[-2.35896369253647,50.7158702588793],[-2.35743368539774,50.716074736601],[-2.35719906435793,50.7161112360505],[-2.35716617735317,50.7161113371323],[-2.35716610935658,50.7161023921551],[-2.35788412306693,50.7159988112688],[-2.35839569725463,50.7159316417505],[-2.35868664799874,50.715889004683],[-2.35890726996917,50.7158644699907],[-2.35895422614192,50.7158613429329],[-2.35863447004783,50.7158235727799],[-2.35856870070027,50.7158237757298],[-2.35853132458109,50.71585072391],[-2.35844682874125,50.7158599297509],[-2.35701954599022,50.7159806009348],[-2.35693035128151,50.715989820112],[-2.35693026068419,50.7159778940747],[-2.35834336049866,50.7158453405035],[-2.3584655282023,50.7158479457558],[-2.35852179001838,50.7158328629522],[-2.35855916612888,50.715805914775],[-2.35862024138621,50.7158057263162],[-2.35919391322119,50.7158725295546],[-2.35967239160279,50.7159863784493],[-2.35985876604019,50.7160232459006],[-2.36013745103561,50.7160883802173],[-2.36039802407543,50.7161651204518],[-2.36041372321554,50.7161782705683],[-2.360457954157,50.7161622007559],[-2.36052785792704,50.7161397481973],[-2.36053359699542,50.7161267609068],[-2.36053352589445,50.7161174948963],[-2.36050679168331,50.7160582852842],[-2.36048346439952,50.7160620635989],[-2.3604047346274,50.7160752790707],[-2.36033753843422,50.7160699271652],[-2.36025857988168,50.716053496524],[-2.36003345549131,50.7160134296085],[-2.35993989647066,50.7159970439836],[-2.35993985387636,50.7159914838372],[-2.3599778116436,50.7159913662659],[-2.3601795375758,50.7160259482302],[-2.36029652065949,50.7160515263748],[-2.36038419445293,50.7160623714844],[-2.36043091297162,50.7160622265976],[-2.36049504487745,50.7160490581904],[-2.36049791867103,50.7160434889975],[-2.36049780495143,50.7160286673373],[-2.3604561915363,50.715932443439],[-2.36044745929377,50.7159361764763],[-2.36043000331006,50.715943643422],[-2.36031054873712,50.7159773656229],[-2.36027841959233,50.7159756127062],[-2.36025214605085,50.7159756941555],[-2.36021998708149,50.7159702353622],[-2.3594628865937,50.7158539918645],[-2.35945991345572,50.7158465900541],[-2.35948032142783,50.715842819176],[-2.36028417715021,50.7159644760985],[-2.36030461212197,50.715964412744],[-2.36034543089543,50.7159568751761],[-2.36044735980169,50.7159232072985],[-2.36040547655591,50.7157917799117],[-2.36027192149888,50.715508697152],[-2.36019444492553,50.7153373474491],[-2.36017986151631,50.7153392478736],[-2.36012438881917,50.7153394197883],[-2.35969850988968,50.7153907650676],[-2.35950307919217,50.7154154580466],[-2.35948261611152,50.7154118162938],[-2.35949133274419,50.7154062308497],[-2.35959052474932,50.7153966595316],[-2.36017392359534,50.7153262940914],[-2.36016181772293,50.7152707450077],[-2.3600816124321,50.7150912597548],[-2.36006119061862,50.7150931755568],[-2.35953019463172,50.7151429960326],[-2.35954177088573,50.7151299889313],[-2.36007570296896,50.7150820118324],[-2.36007563198155,50.7150727485175],[-2.36003115503793,50.7149839470305],[-2.36001658590465,50.7149876972198],[-2.3597656137917,50.7150032964585],[-2.35975977676381,50.7150033145285],[-2.35976847910395,50.7149958765803],[-2.36001648652102,50.7149747262406],[-2.36002227242816,50.7149672973083],[-2.35995678774371,50.7148044435967],[-2.35993913196142,50.7147859685143],[-2.35993040129969,50.7147897006095],[-2.35987791799672,50.714799127583],[-2.3592632355692,50.7149770573231],[-2.35925155585366,50.7149770934299],[-2.35925441982916,50.7149696735685],[-2.35928351568286,50.7149566123312],[-2.35993028775033,50.7147748771465],[-2.3599331473572,50.7147674572817],[-2.35990332941299,50.7146860213466],[-2.35987693880315,50.71467127836],[-2.35976297507165,50.7146586626295],[-2.35976293251407,50.7146531042802],[-2.35976873258514,50.7146475251457],[-2.35979500538552,50.7146474438073],[-2.35988851911537,50.7146582739084],[-2.35991491111724,50.7146730141902],[-2.35993855002513,50.7147100005141],[-2.35996247427142,50.7147840436875],[-2.35998913042907,50.7148339901434],[-2.36000667691773,50.7148376408428],[-2.36004171312462,50.7148375323009],[-2.36011467493803,50.7148336011775],[-2.36020197710903,50.7147962710789],[-2.3604748119086,50.7145860445615],[-2.36048650573745,50.7145878608156],[-2.36050989057195,50.7145914942282],[-2.36053033916001,50.7145932833188],[-2.36051004694926,50.7146118760394],[-2.36046364259422,50.7146527854756],[-2.36021670241244,50.7148129017785],[-2.36013520882055,50.7148465070348],[-2.36007686291331,50.7148522454125],[-2.36001554953217,50.7148524353725],[-2.36000096626597,50.7148543357744],[-2.36000398767754,50.7148672959034],[-2.36004850281474,50.7149616575635],[-2.36006018252544,50.7149616213769],[-2.36011256232038,50.7149392242545],[-2.36070863193497,50.7146186708356],[-2.36071441343979,50.7146112418821],[-2.36069642464497,50.7145501526258],[-2.36069636773615,50.7145427390962],[-2.36073714253986,50.7145296430442],[-2.36074602956829,50.7145462926995],[-2.36075500195259,50.7145740590514],[-2.36076394730416,50.7145981186332],[-2.36078735920328,50.71460545786],[-2.3609043290887,50.7146291820142],[-2.36119367848853,50.7146690467608],[-2.36221781447652,50.7148531964869],[-2.36221460391097,50.714861530276],[-2.36217196114299,50.7148595831301],[-2.36080296986143,50.7146370219633],[-2.36078665635776,50.7146474791372],[-2.36079001095629,50.7146578725517],[-2.36088013835243,50.7148656818768],[-2.36090639790597,50.714869761321],[-2.36101149691114,50.714892326183],[-2.3615076486595,50.7150281217611],[-2.3619640427424,50.7151099371776],[-2.36234801858088,50.7151545196049],[-2.36234806672928,50.7151607631906],[-2.36233496251772,50.715162884094],[-2.36225624009517,50.7151589694167],[-2.36178690811728,50.7151000840244],[-2.36151108774437,50.7150489196191],[-2.36089011630284,50.7148843794017],[-2.36087703374224,50.7148885801204],[-2.36087711365162,50.7148989846001],[-2.36102716953073,50.7152252206845],[-2.3610665495701,50.7152292593317],[-2.36176524107739,50.7152666244151],[-2.36194557093847,50.7152660629225],[-2.36193909590089,50.7152764878158],[-2.3618899136029,50.7152766409796],[-2.36169974384076,50.7152772330119],[-2.36104698746283,50.7152438867264],[-2.36104046000461,50.7152480679971],[-2.36104057193674,50.7152626351667],[-2.36106742902721,50.7153437059004],[-2.36108057564099,50.7153478260455],[-2.3611363117965,50.7153476528571],[-2.36170693975866,50.7153604457349],[-2.36187745603886,50.7153619949375],[-2.36189060274217,50.7153661167895],[-2.36188737179396,50.7153723678883],[-2.36184474884266,50.7153725006072],[-2.36109050580653,50.7153602817633],[-2.36109055378821,50.7153665253497],[-2.36113733537068,50.7154808274835],[-2.36121273691485,50.7154785130999],[-2.36235090703637,50.7155290726838],[-2.36243967300158,50.7155600082645],[-2.36263021327669,50.7156072765119],[-2.36287945511922,50.7156127395634],[-2.36298109943932,50.7156124221368],[-2.36295817837267,50.7156166565151],[-2.36261714673105,50.7156135583207],[-2.36257450751392,50.715611611311],[-2.36234111527308,50.715535346949],[-2.36231815027603,50.7155333358045],[-2.36119971254534,50.7154910383543],[-2.36115055168577,50.715493272984],[-2.36119395854566,50.7155951017067],[-2.36120380879625,50.7155971511375],[-2.36125955091242,50.7155969778718],[-2.36233537840582,50.7156414885519],[-2.36239767580279,50.7156412943037],[-2.36239775606482,50.7156517005786],[-2.36237808185646,50.715651761928],[-2.36120067231789,50.7156158893939],[-2.36124414907485,50.7157260434583],[-2.36125398336294,50.7157260128885],[-2.36127367359781,50.715728031725],[-2.36200836056594,50.7157548778204],[-2.36304260871591,50.715807582569],[-2.36313389715607,50.7158139817442],[-2.36312293927992,50.7158257021907],[-2.36308243207688,50.7158258287511],[-2.36127379652649,50.7157473353927],[-2.3613003109422,50.7158430681731],[-2.36131137568226,50.7158453692159],[-2.36135189663517,50.7158475804696],[-2.36303503452814,50.7158867370061],[-2.3630387714317,50.7158937361577],[-2.36302037721225,50.7158961290598],[-2.36131153742065,50.7158664020874],[-2.36131159133119,50.7158734127448],[-2.36135274131366,50.7159574120024],[-2.36138958387269,50.7159596346805],[-2.36251339387929,50.7160496125209],[-2.36251713071832,50.7160566116892],[-2.36250611852186,50.716061318724],[-2.36236980453465,50.7160523957786],[-2.36136393190923,50.7159760733386],[-2.3613866919909,50.7160624697036],[-2.36139407545334,50.716064782186],[-2.36272400663653,50.7161424306246],[-2.36273140824103,50.7161470829049],[-2.36272409685107,50.7161541165498],[-2.36270568448538,50.7161541740159],[-2.36141263159391,50.7160834206121],[-2.36140526609108,50.7160834435178],[-2.36140532000909,50.7160904532755],[-2.36146522431871,50.7162187972544],[-2.36147630715696,50.7162234381643],[-2.36265518053219,50.7162898718386],[-2.36265891740466,50.7162968701027],[-2.36264420579653,50.7162992541511],[-2.36261474507028,50.7162993460783],[-2.3614727322582,50.7162374700336],[-2.36147284012188,50.7162514904479],[-2.3614842479866,50.7162981925953],[-2.36152106716991,50.7162980780632],[-2.36159105350237,50.7163001975685],[-2.36159847157674,50.7163071853119],[-2.36179747330537,50.7163275993238],[-2.36265611846126,50.7164113883706],[-2.36265617257341,50.7164183990262],[-2.36264144288121,50.7164184449901],[-2.36258989249934,50.7164186058381],[-2.36160224427478,50.7163188588802],[-2.3615912333483,50.7163235667236],[-2.3615913412615,50.716337588936],[-2.36160621480187,50.7163562369899],[-2.36162839429168,50.7163678532821],[-2.36164319591991,50.7163771552879],[-2.36168013017277,50.716391061097],[-2.36170967383341,50.7164026544547],[-2.36172451287802,50.7164166290176],[-2.36172471078444,50.7164423353571],[-2.36173223684306,50.7164633435051],[-2.36175445805634,50.7164796323271],[-2.36177667929195,50.7164959220439],[-2.36177308648062,50.7165076185349],[-2.36177319443494,50.7165216389481],[-2.36175478192333,50.7165216962644],[-2.36174729182044,50.7165053606899],[-2.36171024950851,50.7164774326908],[-2.36170261552439,50.716442404128],[-2.36168399141743,50.7164144178951]]],[[[-2.35580342116115,50.7160140575437],[-2.35599788393513,50.7154015076128],[-2.35603305585616,50.7154063549199],[-2.35602149646151,50.7154262105742],[-2.35584249723468,50.7160188929542],[-2.35584679497005,50.7160709070183],[-2.35580850683379,50.7161701263417],[-2.3556283812554,50.7166141608987],[-2.35562066889767,50.7166265712483],[-2.35560118332933,50.7166315859354],[-2.35558155341837,50.7166167799261],[-2.35580009902628,50.7160908702364],[-2.35580743744139,50.7160289104249],[-2.35580342116115,50.7160140575437]]],[[[-2.36441069570651,50.7166017803286],[-2.36439274263522,50.7165933212932],[-2.36438603004192,50.71659334234],[-2.36413119745278,50.7166083326754],[-2.36395224630597,50.7166032169436],[-2.36373954861152,50.7165726587818],[-2.36371938922234,50.716568465561],[-2.36371710053046,50.7165613755682],[-2.36392530973809,50.7165905278558],[-2.36409311373497,50.716599937565],[-2.36434572352772,50.7165863715543],[-2.36438820342988,50.7165848210971],[-2.36439712775734,50.7165819540732],[-2.36439034911264,50.7165734582011],[-2.36432958603791,50.7165239749089],[-2.36419270373808,50.7164647948485],[-2.36403112471065,50.7163929185467],[-2.36400420349233,50.7163816493994],[-2.36398631087777,50.7163817054398],[-2.36373808733361,50.7163839025742],[-2.36338241103787,50.7163722417991],[-2.36315627760354,50.7163388846409],[-2.36306891427358,50.7163207069784],[-2.36306440151379,50.7163150447908],[-2.36309796922142,50.7163177780614],[-2.36339570975548,50.7163565886315],[-2.36372007385442,50.7163683455689],[-2.36389452221579,50.716369219441],[-2.363959374428,50.7163690163591],[-2.36397723262902,50.7163647014176],[-2.36397495491501,50.7163590322652],[-2.36390755695046,50.7163195048299],[-2.36379985824874,50.7162744245347],[-2.36378192738599,50.7162688034783],[-2.36375068273773,50.7162774184033],[-2.36363668239626,50.7162848705199],[-2.36336606634765,50.7162828779128],[-2.36299017262988,50.716259925681],[-2.36296552932991,50.7162543263639],[-2.36296770824279,50.7162472224028],[-2.36318925293868,50.7162649808841],[-2.36356283052373,50.7162780062193],[-2.36369917848921,50.7162690624707],[-2.36377291518046,50.7162603172592],[-2.36379527522561,50.716260247267],[-2.36386032937142,50.7162855904918],[-2.36432500283036,50.7165097976632],[-2.3644869197499,50.716625668207],[-2.36449591015829,50.7166313189938],[-2.36449599822679,50.7166426712888],[-2.36448484013754,50.7166455453259],[-2.36447588277952,50.7166441552459],[-2.36441069570651,50.7166017803286]]],[[[-2.360720064104,50.7167703714447],[-2.36057200470895,50.7165300519203],[-2.36057193258492,50.7165206537188],[-2.36061032238599,50.716458285209],[-2.36061952817842,50.7164523843133],[-2.36063435523486,50.7164546872346],[-2.36062702212666,50.7164641057181],[-2.36059778831955,50.7165135266984],[-2.36059787847587,50.7165252737758],[-2.3605979505844,50.7165346692794],[-2.36060727022474,50.7165428616226],[-2.36061478221246,50.7165569319038],[-2.36062776134047,50.716560415026],[-2.36096459347162,50.7165593692965],[-2.36097570893604,50.7165605092367],[-2.36097763245098,50.7165699016872],[-2.36096471078801,50.7165746396869],[-2.36063713368273,50.7165756566966],[-2.36062790559041,50.7165792087309],[-2.36062794164774,50.7165839064827],[-2.3606410256113,50.7166003084031],[-2.36068042996512,50.7166706594641],[-2.36072114895968,50.7166705330812],[-2.36101167851261,50.7166649330643],[-2.36101910517434,50.7166684333912],[-2.36101174168028,50.7166731541294],[-2.36097287399887,50.7166732748634],[-2.36069718388661,50.7166835265902],[-2.36069348692327,50.7166835380646],[-2.36069355003531,50.7166917591299],[-2.36070103078869,50.7167023079031],[-2.36073850708163,50.7167620929361],[-2.36075147725799,50.7167644016063],[-2.36078850271635,50.7167654611313],[-2.36104936753253,50.7167529063169],[-2.36105861367025,50.7167517022257],[-2.36107712879246,50.7167528200657],[-2.36107719197177,50.7167610411306],[-2.36106612583358,50.7167657733762],[-2.36074236159379,50.7167820468911],[-2.36073307936686,50.7167785523064],[-2.360720064104,50.7167703714447]]],[[[-2.36258405768471,50.7167676841299],[-2.36258395911293,50.7167549109967],[-2.36256377782626,50.7167478768039],[-2.36245410843893,50.7167368654246],[-2.36242725835655,50.7167355291915],[-2.36243168775957,50.7167298390925],[-2.36255919512889,50.7167336994879],[-2.36257710978159,50.7167364817405],[-2.36258151726494,50.7167279535615],[-2.36260147946925,50.7167066007125],[-2.36269172902943,50.7165070034102],[-2.36269385321785,50.7164928033689],[-2.36268933623717,50.7164871411801],[-2.36268037896178,50.7164857509619],[-2.36226187701615,50.7164473150626],[-2.36196864280999,50.7164127483733],[-2.3619484903212,50.7164099729969],[-2.36193948406387,50.7164014839199],[-2.36208498683657,50.7164194813003],[-2.36267580720182,50.7164729917878],[-2.3626959611764,50.7164757670339],[-2.36270042195501,50.7164743322422],[-2.36279272376512,50.7162639927861],[-2.36279267993718,50.716258316637],[-2.36278370220544,50.7162540883476],[-2.36183269165335,50.7161832497856],[-2.36181030553608,50.7161804813396],[-2.361801304616,50.7161734122058],[-2.36181915344533,50.7161676803511],[-2.36276568238462,50.7162371121429],[-2.36280148376403,50.7162398394257],[-2.36280594595432,50.7162384073234],[-2.36285887123101,50.7161417299376],[-2.36286088046983,50.7161119204646],[-2.36286080374305,50.716101985405],[-2.3628360399799,50.7160807739521],[-2.36268319147251,50.7159804825935],[-2.36267194012999,50.7159720032768],[-2.36181516543022,50.7159406116485],[-2.36147882836953,50.7159275485176],[-2.36146512351489,50.7159160695073],[-2.36265167134513,50.7159559765226],[-2.36321647533865,50.7159920186076],[-2.36329023219221,50.715991788067],[-2.3633186535068,50.7159989015912],[-2.36330734816785,50.7160043380389],[-2.36271706679745,50.7159755746894],[-2.36270570580383,50.7159738097791],[-2.36290242936764,50.7161010172958],[-2.36297927530031,50.7161331848344],[-2.36331725445349,50.7161843385047],[-2.36341091879164,50.716191247124],[-2.36352694739696,50.716154875976],[-2.3635372976778,50.7161574479285],[-2.36353733062305,50.7161617059393],[-2.36353512557127,50.7161659691521],[-2.36342804660115,50.7162003689668],[-2.36338781173735,50.7162033329245],[-2.36332067785223,50.7161978638379],[-2.3630632171163,50.7161617680872],[-2.36297141392102,50.7161478632346],[-2.3629423318446,50.7161465340911],[-2.36292893437136,50.7161494140739],[-2.36292007051243,50.7161593770536],[-2.36291354433102,50.7161835243468],[-2.36289593680035,50.7162204814834],[-2.36279726408303,50.716474835723],[-2.36279737368292,50.7164890296922],[-2.36279967884871,50.7164975378238],[-2.36287581280903,50.7165100735662],[-2.36300111449935,50.7165181966804],[-2.36352227248078,50.7165279238391],[-2.36402326023599,50.716532031966],[-2.36418651386587,50.7165315204952],[-2.3642267557028,50.7165299744124],[-2.36423353289521,50.7165384702987],[-2.36422683271951,50.7165399094696],[-2.36397639517128,50.7165449521926],[-2.36313097574993,50.7165376615814],[-2.36290726180896,50.7165284250913],[-2.36280653918947,50.7165173861048],[-2.3627908640233,50.7165145968963],[-2.36272913425595,50.7166297496536],[-2.36272919998722,50.7166382638768],[-2.36272924381503,50.7166439409248],[-2.36325481046652,50.7166451374937],[-2.3636864818393,50.7166508845791],[-2.36395258711125,50.7166472133847],[-2.36411137896762,50.7166481359626],[-2.36413151643051,50.7166494910416],[-2.36413157143228,50.7166565880248],[-2.36412488649031,50.7166594471127],[-2.36379316187873,50.7166645579463],[-2.36274424422806,50.7166593195366],[-2.36271291146325,50.7166565782896],[-2.36267327340991,50.7167361816822],[-2.36267112161791,50.7167475418674],[-2.36296872056593,50.7167679015439],[-2.36300679468772,50.7167748797786],[-2.36301352781923,50.7167776968897],[-2.36300908894198,50.7167819688684],[-2.36266676893672,50.7167631679334],[-2.362639957364,50.7167660897424],[-2.36262659255907,50.7167732277015],[-2.36261565338822,50.7168044859004],[-2.3626047318566,50.7168385821859],[-2.3625913341654,50.7168414621301],[-2.36257786549028,50.7168344096941],[-2.36258661473968,50.716808835516],[-2.36258405768471,50.7167676841299]]],[[[-2.36203505290937,50.7169549900815],[-2.36198798371326,50.7169352894892],[-2.36183124611383,50.7168894653291],[-2.36152058881595,50.7168242699629],[-2.36148927367074,50.7168194051211],[-2.36147884990463,50.7168194375442],[-2.36148966815973,50.716870678412],[-2.36150281419715,50.7168855251787],[-2.36149246676606,50.7168954809726],[-2.36146894785508,50.7168872834058],[-2.36144739480228,50.7167963787975],[-2.36138317858572,50.7165798985384],[-2.36137825283665,50.7165746629317],[-2.36138467505569,50.7165746429611],[-2.36139497856104,50.7165786873783],[-2.36140944344308,50.7166226560902],[-2.36141726464951,50.7166373009002],[-2.36142243208866,50.7166413612876],[-2.36143271477092,50.7166421440603],[-2.36144812928705,50.7166429108712],[-2.36145970640878,50.7166453200189],[-2.3614701082339,50.7166615890007],[-2.36147148417927,50.7166738095981],[-2.36147665586268,50.7166778681713],[-2.36150235937215,50.7166802351731],[-2.36152291423827,50.7166809859841],[-2.36153191705348,50.7166825874815],[-2.36153972778945,50.7166964175638],[-2.36155006066893,50.7167037217831],[-2.36157706288311,50.7167077142321],[-2.36169017079638,50.7167195871418],[-2.36185340962509,50.7167361950712],[-2.3619613815813,50.7167480837094],[-2.3620334169455,50.7167625311569],[-2.36203730253839,50.7167665937116],[-2.36203089284918,50.7167682431832],[-2.36192288315305,50.7167514635172],[-2.36179049016843,50.7167380213679],[-2.36157327141027,50.7167158762462],[-2.36155014219947,50.7167143169025],[-2.36153726010115,50.7167094675676],[-2.36152694401679,50.7167037936982],[-2.36151913529595,50.7166907774616],[-2.36151139979917,50.716686725067],[-2.36149341924297,50.7166867809984],[-2.36147285183855,50.7166844007172],[-2.36146383022112,50.7166803550177],[-2.36145472080084,50.7166648958684],[-2.3614533636703,50.7166551203676],[-2.36144948440475,50.7166518725257],[-2.3614250502751,50.7166478720604],[-2.36142398601241,50.7166505723253],[-2.36145410798565,50.7167262784559],[-2.36145416440269,50.7167336119476],[-2.3614567805941,50.7167393097724],[-2.3614722139468,50.7167425207774],[-2.36159314949911,50.7167698569159],[-2.36198171304884,50.7168599327732],[-2.36209620809229,50.7168848432948],[-2.36213477509297,50.7168896125344],[-2.36216688844527,50.7168903290127],[-2.36226593501336,50.7168773583771],[-2.3622933997916,50.7168795947137],[-2.36229345351076,50.716886561305],[-2.36223128375116,50.7168913990055],[-2.3621563359677,50.7168997603222],[-2.36213436894285,50.7168986677987],[-2.36207942103302,50.7168907112722],[-2.3614929113032,50.7167555284018],[-2.36146542877848,50.7167509708778],[-2.3614599667718,50.716754469897],[-2.36146940438687,50.7167915962909],[-2.36147683655904,50.7168066685675],[-2.36148417045602,50.7168089668096],[-2.36177370461215,50.7168684420329],[-2.3619258713441,50.7169086060189],[-2.36202490725887,50.7169396466161],[-2.36204509648903,50.7169477114575],[-2.36206706353482,50.7169488039978],[-2.3621164675834,50.7169498110456],[-2.36234774549151,50.7169457466314],[-2.36238943356745,50.7169439619604],[-2.36240508414404,50.7169455678406],[-2.36239992115969,50.7169522008778],[-2.36217580177518,50.7169562062161],[-2.36207156523709,50.7169581856995],[-2.36205071197875,50.7169582506667],[-2.36203505290937,50.7169549900815]]],[[[-2.35918092073718,50.7171094585859],[-2.35995228120313,50.7170728280961],[-2.36000085525565,50.7170743889735],[-2.36000897806096,50.717077789186],[-2.36000900429319,50.7170812126816],[-2.36000633074118,50.7170846463392],[-2.35844207028765,50.7171631051828],[-2.35842049766696,50.7171648830582],[-2.35840427101058,50.7171597981882],[-2.35840151015894,50.717151246412],[-2.35918092073718,50.7171094585859]]],[[[-2.35752325867715,50.717263064594],[-2.35728699601089,50.7166595708215],[-2.35725816132237,50.7165825628897],[-2.35726083437779,50.7165628342566],[-2.35726360426297,50.7165556539453],[-2.35731152442592,50.7165411621233],[-2.35775788601997,50.7165379956619],[-2.3577720396618,50.7165415393354],[-2.35776363324654,50.7165505283868],[-2.35747830577663,50.7165532005168],[-2.35731729880062,50.716557280235],[-2.35728353081522,50.7165753148973],[-2.35728076233472,50.7165824934062],[-2.35730662265754,50.716639788264],[-2.35731231525058,50.7166451511817],[-2.35732644161027,50.7166451077463],[-2.35773317985803,50.7166330973396],[-2.35776141892881,50.7166312190318],[-2.35777557257847,50.716634760007],[-2.35783226775479,50.7166596871813],[-2.35784648970328,50.7166721938064],[-2.35784091994345,50.716682967302],[-2.35780123297391,50.7166651604616],[-2.35778136077837,50.7166526712267],[-2.35775870512581,50.7166455691796],[-2.35771916837167,50.7166474840623],[-2.35735194747312,50.7166557865611],[-2.3573237083844,50.7166576665683],[-2.35731810327533,50.7166630624249],[-2.35734142703004,50.7167580163265],[-2.3573529156529,50.716783081834],[-2.35737553040737,50.716784806363],[-2.35747453655956,50.7168006368179],[-2.35759613027514,50.7168146072097],[-2.35765543020853,50.716810837473],[-2.35767233868856,50.7168054068114],[-2.35768366938928,50.7168089591839],[-2.35767807227475,50.7168161464082],[-2.35764138711141,50.7168216397344],[-2.35757640674783,50.7168218396959],[-2.35738131846682,50.7168027167033],[-2.35736723296931,50.7168081386416],[-2.3573872974707,50.7168457290895],[-2.35739866338651,50.7168546573053],[-2.35770991252678,50.7169164544414],[-2.35771560518572,50.7169218155404],[-2.35770717139525,50.7169272192233],[-2.35741856285471,50.7168707337678],[-2.35740446511057,50.7168743616752],[-2.35743054823537,50.7169603438987],[-2.3574418869175,50.7169656876451],[-2.35767382639329,50.7170008320867],[-2.35768517077178,50.7170061748927],[-2.35768522537579,50.7170133474193],[-2.35767961459336,50.7170187424111],[-2.35745897846702,50.7169835641121],[-2.35744767503169,50.7169835988807],[-2.35744770232239,50.7169871860434],[-2.35753137873581,50.7172164224865],[-2.35754007182971,50.7172450838249],[-2.35754016733503,50.7172576339503],[-2.35753456076314,50.7172630298224],[-2.35752325867715,50.717263064594]]],[[[-2.36388737953041,50.7171288676516],[-2.36387905463973,50.7171184332377],[-2.36387081076302,50.7171184590493],[-2.36288289544615,50.7172662609142],[-2.36284997935566,50.7172733376467],[-2.36283624518018,50.7172733805269],[-2.36282793395532,50.7172646888041],[-2.36319293781471,50.717212985478],[-2.36386520824501,50.7171045286845],[-2.36387615673176,50.717099263266],[-2.36387607572039,50.7170888030398],[-2.36381121285016,50.7168728117633],[-2.36379729119307,50.7168484433597],[-2.36380822613334,50.7168414351759],[-2.36381920156933,50.7168396571043],[-2.36389782840381,50.7170590954047],[-2.36396003569056,50.717287301875],[-2.36395739859927,50.7173012580486],[-2.36394915469056,50.7173012838658],[-2.36394073946516,50.7172786446323],[-2.36393236051063,50.7172612355279],[-2.36388744704672,50.7171375851062],[-2.36388737953041,50.7171288676516]]],[[[-2.36043424267025,50.7173487924438],[-2.36075164604568,50.7173114261142],[-2.36076596777142,50.7173098663603],[-2.36077312493411,50.7173083279473],[-2.36077305509501,50.7172992327949],[-2.36074139782893,50.7172205069347],[-2.36073174916787,50.7172084100311],[-2.36072455709733,50.7172053999674],[-2.36042386148111,50.7172411991059],[-2.36040950488042,50.7172382112415],[-2.36040230686853,50.7172336858798],[-2.36070061711374,50.7171978951029],[-2.36071254637088,50.7171963418826],[-2.36072445235304,50.7171917572446],[-2.36072679823292,50.7171856869857],[-2.36069507129745,50.717097865995],[-2.36068544594525,50.7170888005037],[-2.36040641024212,50.7171457536851],[-2.36039445631818,50.7171442754619],[-2.36039440980554,50.7171382117295],[-2.36040153945165,50.7171336419365],[-2.36067104424981,50.7170797498352],[-2.36068056486627,50.7170751726046],[-2.36068051831684,50.7170691088724],[-2.36066347247737,50.7170267191339],[-2.36060503838602,50.7168828926097],[-2.36059538982977,50.7168707956938],[-2.36058581674621,50.7168677939087],[-2.36029937958289,50.7168944522156],[-2.36027789489858,50.7168960350175],[-2.36027068532608,50.7168899934911],[-2.36028018269805,50.7168823848763],[-2.36059288674234,50.7168556442179],[-2.36060005122863,50.7168556219873],[-2.36060484060586,50.7168571233202],[-2.36068487575433,50.7170145258534],[-2.36074589060589,50.7171841115275],[-2.36079457486808,50.7173021974771],[-2.36080192426066,50.7173264292776],[-2.36080437348164,50.7173340008481],[-2.36079721631606,50.7173355392631],[-2.36078760395447,50.7173279899307],[-2.36078038119123,50.7173204322799],[-2.36045817672932,50.7173547820893],[-2.36043431244391,50.7173578875963],[-2.3604271362568,50.7173563945576],[-2.36042710137066,50.7173518469814],[-2.36043424267025,50.7173487924438]]],[[[-2.36121668073708,50.717523718304],[-2.36103501997042,50.7175076082535],[-2.36091775593219,50.7174791728862],[-2.36087226696464,50.7174656710953],[-2.36086270113091,50.7174641846044],[-2.36084129769594,50.7174763779221],[-2.36081035028349,50.717490117062],[-2.36072675670922,50.7174918927594],[-2.3605810890864,50.7174968925022],[-2.36057149999086,50.7174923745698],[-2.36056906101125,50.7174863182582],[-2.3605881489648,50.717483227544],[-2.36068130269472,50.7174829384701],[-2.36078638119673,50.7174795808121],[-2.36080784285035,50.7174749664981],[-2.36082687115404,50.7174642958563],[-2.3608434967861,50.7174521173763],[-2.36083861420669,50.7174384894831],[-2.36081681638648,50.7173991432969],[-2.36079500557119,50.7173582845493],[-2.36080215707437,50.7173567461521],[-2.36081174758073,50.7173612640612],[-2.36082868750541,50.7173900137681],[-2.36088651886491,50.7174550152754],[-2.36094635885737,50.7174715039791],[-2.36106359820155,50.7174969106024],[-2.36128584767399,50.7175098602464],[-2.36134793900261,50.7175081510073],[-2.36136465778452,50.7175080990222],[-2.36137663940394,50.71751260945],[-2.36138622433124,50.7175171273294],[-2.36138391917202,50.7175277460614],[-2.36121668073708,50.717523718304]]],[[[-2.35614133624593,50.7175179439621],[-2.35614675178406,50.7175127357947],[-2.3561604000013,50.71751442419],[-2.35618550479357,50.7175887648533],[-2.35617736392583,50.7175939813754],[-2.35616915747513,50.7175905469793],[-2.35614133624593,50.7175179439621]]],[[[-2.35952429964298,50.7176132121575],[-2.35952910175509,50.7176085974589],[-2.35956062833069,50.7176238336283],[-2.35961900531377,50.7176742557602],[-2.35967720918179,50.7177016782875],[-2.35973769016622,50.7177106907703],[-2.36033035078998,50.7177962606975],[-2.360342442402,50.7177977546884],[-2.36034491023667,50.7178038810592],[-2.36032075376681,50.7178054901383],[-2.3596749231777,50.7177185514513],[-2.35966038874977,50.7177139965912],[-2.35962402900438,50.7176987745058],[-2.35952429964298,50.7176132121575]]],[[[-2.35611270153677,50.7172060626517],[-2.35603049434397,50.7172008271054],[-2.3559980688267,50.7172022987519],[-2.35599376370697,50.7172050574564],[-2.35604869846341,50.7173201540752],[-2.35606623570583,50.7173516607395],[-2.35606413231086,50.7173599019344],[-2.3560619929615,50.7173626513078],[-2.35605117056678,50.7173613139569],[-2.3559764760606,50.7172064800246],[-2.35595917332649,50.7172051634155],[-2.35593535239192,50.7172011185547],[-2.35591361834826,50.7171860897298],[-2.35582392752799,50.7170491443452],[-2.35581078354028,50.7170272294547],[-2.35579558901007,50.717019041227],[-2.35576963924451,50.7170191206747],[-2.35574371592545,50.7170219446524],[-2.35569845209858,50.7170412937271],[-2.3556812060847,50.717048208955],[-2.35566174799765,50.7170482685091],[-2.35560327318404,50.7170360975836],[-2.35555776147682,50.7170225137589],[-2.3555447257087,50.7170143206921],[-2.3555490100749,50.7170088183501],[-2.35557936456806,50.7170197030419],[-2.35566599080758,50.7170372779558],[-2.35567680746458,50.7170386171583],[-2.3556961984838,50.7170289507487],[-2.35573714536906,50.7170109871984],[-2.35577603174765,50.7170067503282],[-2.35579551627374,50.7170094361901],[-2.35581934182585,50.7170148533738],[-2.35587443350103,50.7171047480347],[-2.35591496305375,50.7171691313978],[-2.35593969576141,50.7171807841161],[-2.35596132999897,50.7171904912753],[-2.35596439321226,50.7171885295453],[-2.35581464645678,50.7169387720794],[-2.35577710639573,50.7168626483577],[-2.35571427589336,50.7167005926511],[-2.35572170001022,50.7166953891463],[-2.35573467197077,50.7166953494374],[-2.35573904978999,50.7167021966792],[-2.35577654473074,50.7167995112982],[-2.35578540430366,50.716826926746],[-2.35579840748293,50.7168310047591],[-2.35581783429554,50.7168268274532],[-2.35587399290103,50.7168184234356],[-2.35596911942585,50.7168167588756],[-2.3560491450514,50.7168192592303],[-2.35609450068767,50.7168122578156],[-2.35615500024277,50.7168065840783],[-2.35622623883195,50.7167912712314],[-2.35628451437526,50.7167773694943],[-2.35641612127019,50.716738544886],[-2.35646792254246,50.7167260361214],[-2.35648517873389,50.7167204930539],[-2.35649169596022,50.7167245908861],[-2.35648959264698,50.7167328293908],[-2.3563709634962,50.7167716169825],[-2.35628249995098,50.7167965879889],[-2.35627388505827,50.716800730427],[-2.35627391627557,50.7168048472567],[-2.35631548711539,50.7168692138022],[-2.35633306600376,50.7169062104307],[-2.35637032293948,50.7169719624918],[-2.3564290671094,50.7170198104272],[-2.35649421554144,50.7170566593198],[-2.35652460152281,50.7170716605941],[-2.35654639201995,50.7170935497749],[-2.35659016527627,50.7171633986958],[-2.35664093177093,50.7172990933528],[-2.35664981753499,50.7173306264815],[-2.35664767822129,50.7173333758656],[-2.35663686621982,50.7173334090471],[-2.35658618303342,50.7172086943941],[-2.35654012323503,50.7171223847868],[-2.35653130621511,50.7171004558028],[-2.35649869762257,50.7170772283976],[-2.35644658508828,50.7170485724747],[-2.35639445038229,50.7170171719794],[-2.35635088003571,50.7169747667313],[-2.35631805307031,50.7169227214676],[-2.35630478969398,50.7168843419948],[-2.35626102185602,50.7168158643562],[-2.35625446302985,50.7168062792034],[-2.35624360952966,50.716800823242],[-2.35619179771149,50.7168119596306],[-2.35618539493412,50.7168229568241],[-2.35630613206961,50.7170613530764],[-2.35631931225373,50.7170887561343],[-2.35631938511097,50.717098362969],[-2.35631291987588,50.7171011256108],[-2.35628885491934,50.7170641515644],[-2.35617479676628,50.7168504345774],[-2.35615952375405,50.7168326413776],[-2.35615298575069,50.7168258007722],[-2.35614217244896,50.716825833912],[-2.35609247011789,50.7168301040478],[-2.35608599451955,50.716831496199],[-2.35608170548446,50.7168356244682],[-2.35608617129737,50.7168548213039],[-2.35615197453961,50.7169781193173],[-2.35615861044939,50.7169973121969],[-2.35615647727499,50.7170014338613],[-2.35614134369529,50.7170014802418],[-2.35612375453387,50.7169631131066],[-2.35607548420529,50.7168713217523],[-2.35605797218576,50.7168425596299],[-2.35605142993276,50.7168357172334],[-2.35603196011927,50.7168344045768],[-2.35596924417476,50.7168332243964],[-2.35595194628843,50.716833277382],[-2.35594549147783,50.7168374140786],[-2.35594556424438,50.7168470191156],[-2.35596749992352,50.716888120279],[-2.35597197136077,50.7169073171017],[-2.35597201293512,50.7169128044095],[-2.35596120102962,50.7169128375283],[-2.35593715580844,50.7168786061661],[-2.35592171657599,50.7168388601062],[-2.35591735476498,50.7168333833323],[-2.35590437710071,50.7168334230789],[-2.35582873971644,50.7168391448376],[-2.35581364916067,50.7168446784789],[-2.35580505974169,50.7168529395283],[-2.35590597785012,50.7170447419845],[-2.35591472319628,50.7170570623787],[-2.35602268710847,50.7170375220449],[-2.35603782494941,50.7170374756669],[-2.35604003848829,50.7170443313264],[-2.35603575416283,50.7170498318877],[-2.35592131318202,50.7170707652793],[-2.35597196913227,50.7171741897272],[-2.3559872005883,50.7171864929451],[-2.3559936970339,50.7171878453524],[-2.35600883067387,50.717187798991],[-2.35604990235591,50.7171863008509],[-2.35610397401467,50.7171875074775],[-2.35620576418495,50.7172091506479],[-2.35630108921504,50.7172335590689],[-2.3563141502392,50.7172444965916],[-2.35638032790547,50.717417191946],[-2.35649230252885,50.7176405203942],[-2.35651198994591,50.7176706507846],[-2.3565488714312,50.7176870026369],[-2.35656847698938,50.7177061530028],[-2.35663215238177,50.7178335751018],[-2.35664537605902,50.7178664672242],[-2.3566454281372,50.7178733277073],[-2.3566346306777,50.717874733152],[-2.35657093298986,50.717744568305],[-2.35655994386154,50.7177212745775],[-2.35653600333548,50.7177007652017],[-2.35650780974134,50.7176898732291],[-2.35649038659179,50.7176734589767],[-2.35645531132014,50.717610445776],[-2.35639599068933,50.7174947350974],[-2.35632759501112,50.7173151841127],[-2.35629907295981,50.7172603828214],[-2.35629253061333,50.7172535404383],[-2.35626866186008,50.7172426360476],[-2.35618199907831,50.7172195733578],[-2.35611270153677,50.7172060626517]]],[[[-2.35925941243226,50.7177321047361],[-2.35926416201248,50.7177213561888],[-2.36027535360556,50.717871567363],[-2.36032614240102,50.7178775439254],[-2.36033346117904,50.7178867218174],[-2.36030203858463,50.7178852850612],[-2.35936100120102,50.7177455910689],[-2.35927150826439,50.7177336015228],[-2.35925941243226,50.7177321047361]]],[[[-2.35621482942381,50.717687945207],[-2.35622021120248,50.7176827668163],[-2.35624193086311,50.7176861409],[-2.35639610810902,50.717993674966],[-2.3563907090153,50.7179971330861],[-2.35637719083524,50.718002336436],[-2.3563662649547,50.7179920452541],[-2.35621488160927,50.717694828172],[-2.35621482942381,50.717687945207]]],[[[-2.35517476043204,50.7175764896479],[-2.35514880304599,50.7175358745521],[-2.35508184405142,50.7174438368461],[-2.35498910102577,50.7173342455945],[-2.35488990502961,50.7172192449944],[-2.35479936038382,50.7171177836061],[-2.35474339439949,50.7170664101671],[-2.35473906086204,50.7170582839704],[-2.35474757854736,50.7170541878063],[-2.35476257006869,50.7170582122029],[-2.35478622833098,50.7170771292704],[-2.35482926719914,50.7171149818481],[-2.35494140632932,50.7172462191194],[-2.35507563489955,50.7173967180155],[-2.35516203619803,50.7175158268247],[-2.35518354428743,50.7175333942617],[-2.35523711886267,50.7175508654742],[-2.35529942237743,50.7175927264514],[-2.35544010328502,50.7178229007007],[-2.3554638751069,50.7178567400119],[-2.35545967054839,50.7178662493181],[-2.35545110145982,50.7178635623871],[-2.35538412088176,50.7177688117803],[-2.35530186618273,50.7176334134075],[-2.35524154484753,50.7175712009569],[-2.35519868382081,50.7175564092428],[-2.3551922816376,50.7175577858318],[-2.35519230214857,50.7175604989108],[-2.35536082112758,50.7177973714686],[-2.35544723555197,50.7179178343461],[-2.35547302920895,50.7179367474405],[-2.3555008782488,50.7179447989773],[-2.35560783955304,50.7179553242875],[-2.35568482775388,50.7179605149588],[-2.35577687517123,50.7179778690638],[-2.35586901369248,50.7180074288074],[-2.35599526129142,50.718024677106],[-2.35599048302613,50.7180324903395],[-2.35598623141194,50.7180352165051],[-2.35597767856974,50.7180352427045],[-2.3558985293415,50.7180273475012],[-2.3558386059531,50.7180180354564],[-2.35573366153427,50.7179912253336],[-2.35562450810823,50.7179725692205],[-2.35553254288734,50.7179660682097],[-2.35547475714757,50.7179567494384],[-2.35544902364057,50.7179459755852],[-2.35530216580116,50.7177470209152],[-2.35517476043204,50.7175764896479]]],[[[-2.35446407818156,50.7168912841756],[-2.35445616034474,50.7168838271776],[-2.35439727187177,50.7168914879347],[-2.35477610220397,50.717618577192],[-2.3547840955515,50.7176360106002],[-2.35476444457646,50.7176360705929],[-2.35447737272035,50.7170907634161],[-2.35436987410023,50.7169065373824],[-2.35434627765463,50.7168820723542],[-2.35433889926128,50.7168758951841],[-2.35435594926394,50.7168696426259],[-2.35444858367363,50.7168461118059],[-2.35463883861735,50.7168129808353],[-2.35476081171507,50.716794010429],[-2.35478765157226,50.716790828654],[-2.35479749257207,50.7168000981116],[-2.35480008953893,50.7168202386563],[-2.35463419891089,50.7168455455035],[-2.35460005858313,50.7168495058188],[-2.35475416905861,50.7169989677957],[-2.35478149516354,50.7170271488893],[-2.35480479091036,50.7170344518992],[-2.35486881148823,50.717050233105],[-2.35491542018111,50.7170672958783],[-2.35496580445804,50.7170720583753],[-2.35499097944399,50.7170719814734],[-2.35507828019283,50.7170926051368],[-2.3551112347958,50.7170974208269],[-2.35512091781466,50.7170973912368],[-2.35521361096431,50.7170626977091],[-2.35522518101139,50.7170565184294],[-2.355238765939,50.7170601621706],[-2.35523690537904,50.7170700006367],[-2.35515194318701,50.717102212811],[-2.35514231590587,50.7171096163675],[-2.35514236233894,50.7171157592391],[-2.35515595091743,50.7171206340994],[-2.35519876933787,50.7171487686451],[-2.35524948964656,50.7171977703005],[-2.35526119911589,50.7172100259264],[-2.35527283990005,50.7172124480835],[-2.35528253223821,50.7172136477736],[-2.35529218739964,50.7172099311874],[-2.35529604650426,50.7172086900665],[-2.35531925877064,50.7172049320275],[-2.35532894039496,50.7172049024244],[-2.35533474936955,50.7172048846621],[-2.35533664204835,50.7171987331635],[-2.35533658629259,50.7171913609985],[-2.35532675596824,50.7171717281981],[-2.3553111152608,50.7171521122632],[-2.35531102233003,50.7171398238226],[-2.35534760008149,50.7171114447641],[-2.35534949782335,50.7171065252697],[-2.35532967636111,50.7170463661814],[-2.35532381165266,50.7170390117781],[-2.35532185958092,50.7170365600019],[-2.3552967868376,50.7170501547098],[-2.35527941288467,50.7170575801637],[-2.35526971130383,50.7170551538773],[-2.35527157609898,50.7170453144985],[-2.35530249356866,50.7170366192146],[-2.35531595767505,50.7170242866248],[-2.35532159005783,50.7170009212752],[-2.35531337727077,50.7169394982645],[-2.35531135873276,50.716928444134],[-2.35530552191035,50.716924774913],[-2.35527448372147,50.7169174956737],[-2.35517765815369,50.7169177916521],[-2.35504213276702,50.716921892861],[-2.35502860501795,50.716925621258],[-2.35502868858514,50.7169366804057],[-2.35503469113552,50.7169624715374],[-2.35505427070616,50.716990676234],[-2.35508531820013,50.7169991848255],[-2.35510857541255,50.7170015724025],[-2.35513181546032,50.7170015013829],[-2.3551415356002,50.7170063853691],[-2.35512609514327,50.7170138075892],[-2.35507962070134,50.717013949604],[-2.35504273640066,50.7170017735755],[-2.35500162095971,50.7169429088091],[-2.35496815583042,50.7168705035111],[-2.35494645294614,50.7168177251363],[-2.3549367370946,50.7168128384227],[-2.35494250889445,50.7168079062026],[-2.35494832710708,50.7168091177536],[-2.35497184418693,50.7168459147938],[-2.3549796251347,50.7168508047172],[-2.35501254665992,50.7168507041469],[-2.35516352517548,50.7168416411533],[-2.35537251492179,50.7168213393739],[-2.355523413817,50.7168012140564],[-2.35555436826306,50.7167974322838],[-2.35556986014373,50.7167973848833],[-2.35558342501984,50.7167985726992],[-2.35568270762337,50.7168670893232],[-2.35569438920339,50.7168756570251],[-2.35569639488207,50.7168842525441],[-2.35568672121393,50.7168855114756],[-2.35558937345787,50.7168169889348],[-2.35557577136994,50.7168108848438],[-2.355552517082,50.7168085000489],[-2.35529712330572,50.7168387750177],[-2.35511521393095,50.7168553068437],[-2.35499132515887,50.7168618310775],[-2.35498166642301,50.7168643183277],[-2.35501106252583,50.7169109283809],[-2.3550168849956,50.7169121390162],[-2.3550246381195,50.7169133446521],[-2.35505753182585,50.7169095570869],[-2.35512333354929,50.71690443963],[-2.35523178625942,50.7169053374769],[-2.35542938293174,50.716914566061],[-2.35560754859253,50.7169152494166],[-2.35571596411345,50.7169112305374],[-2.35574108176248,50.7169037795146],[-2.35576037328113,50.7168938894768],[-2.35577973356776,50.7168938302056],[-2.35577400837439,50.7169049071366],[-2.35576825528049,50.7169122997835],[-2.35570252803719,50.7169272474573],[-2.35560573966343,50.7169324600667],[-2.35536945521913,50.7169282664865],[-2.355342350462,50.7169295786932],[-2.35533075117473,50.7169320728055],[-2.3553288306015,50.7169345346245],[-2.35534460560736,50.7169713543623],[-2.35534472643827,50.7169873306844],[-2.35534674499352,50.7169983857135],[-2.35537196499222,50.7170044525045],[-2.35545154700219,50.7170287883586],[-2.35562820750701,50.717086008918],[-2.35569413966351,50.7170980958542],[-2.35571738764816,50.7170992540158],[-2.35573869648049,50.7171004181089],[-2.35574070581205,50.7171102420386],[-2.35573106932164,50.7171164172491],[-2.35568846095018,50.7171153183498],[-2.35562832842801,50.71710198434],[-2.35537015235506,50.7170204356385],[-2.35534684723053,50.7170119034481],[-2.35533909912995,50.7170119271404],[-2.35536684529231,50.7170954101214],[-2.35536896468483,50.7171199828885],[-2.35535159496703,50.7171274083401],[-2.35533810295584,50.7171360539521],[-2.35533243340446,50.7171545057243],[-2.35535819264457,50.7171882202751],[-2.35536021121865,50.7171992762028],[-2.35536221542706,50.7172078708323],[-2.35537001509193,50.7172152220141],[-2.3553797896673,50.7172274808473],[-2.35541275006129,50.7172322964347],[-2.35556197939034,50.7172478157261],[-2.35574025008983,50.7172620175053],[-2.3557616148327,50.7172705555579],[-2.3557597264357,50.7172767043529],[-2.35575198759986,50.7172779573664],[-2.35555241865325,50.7172638207713],[-2.35540512277012,50.7172482955544],[-2.35538963074052,50.7172483429334],[-2.35538774231612,50.7172544944202],[-2.35538786315604,50.717270469843],[-2.35555521706589,50.7173781058974],[-2.35564858950667,50.7174331198878],[-2.3557320837031,50.7174623608677],[-2.35584459369006,50.7174878231773],[-2.35587756220866,50.7174938679311],[-2.35589881535885,50.7174876571323],[-2.35591425586901,50.7174802375078],[-2.35592588319819,50.7174814312184],[-2.35592592973427,50.7174875740896],[-2.35589900154366,50.7175122358112],[-2.35614440135002,50.7179514464329],[-2.35617390601102,50.7180115730062],[-2.35617592905592,50.7180226280067],[-2.35616043252285,50.718022675501],[-2.35592477683126,50.7175908083078],[-2.35588361323758,50.7175258009852],[-2.35586220041209,50.7175111200884],[-2.3556818091563,50.7174723457343],[-2.35566240717902,50.7174674905258],[-2.35565275198058,50.7174712053441],[-2.35586538382728,50.717931408107],[-2.35587724398057,50.7179633242693],[-2.35587732777093,50.7179743861127],[-2.35587152799253,50.7179756304977],[-2.35586181688046,50.7179719749673],[-2.35569448779201,50.7176124055866],[-2.35563491466605,50.7174915352052],[-2.3556230841286,50.7174633068925],[-2.35562298181055,50.7174497891585],[-2.35561513132226,50.7174362951351],[-2.35541670503298,50.7173176930023],[-2.35537193282685,50.7172871067654],[-2.35535228928851,50.7172502988608],[-2.35535407042928,50.7172294003331],[-2.35534624794748,50.7172195941728],[-2.35531332616502,50.717219694838],[-2.35528434774267,50.7172283850955],[-2.35526108901312,50.717226000256],[-2.35521233142354,50.7171806769756],[-2.35515388304597,50.7171341566676],[-2.35513644827264,50.7171329806283],[-2.35513649472538,50.7171391261977],[-2.35523530493322,50.717337560701],[-2.3552901119029,50.7174148170622],[-2.35532141064599,50.7174565048296],[-2.35537201987844,50.7174907603029],[-2.3554051091858,50.7175127806126],[-2.35543456756132,50.7175667636018],[-2.3555348824175,50.7177716896782],[-2.3555781066625,50.717853898626],[-2.35558251093592,50.7179239349239],[-2.35558066900177,50.7179362292839],[-2.35557294865292,50.7179399399732],[-2.35556843085812,50.7179353854306],[-2.35557211344796,50.7179029531547],[-2.35556397443139,50.7178655678182],[-2.35552805436086,50.7177933518521],[-2.35545629994638,50.7176588962869],[-2.35539249610958,50.7175368867418],[-2.355376603313,50.7175144883004],[-2.35534896593348,50.7174971150018],[-2.355289712859,50.7174573931155],[-2.35516237651869,50.7172482868025],[-2.35511843069913,50.7171536499916],[-2.35511036333015,50.7171262410668],[-2.35511028792651,50.7171162646332],[-2.35500397392259,50.7170891558841],[-2.35496467243069,50.7170892759401],[-2.35495290337865,50.7170918065047],[-2.35511591230646,50.7173407070973],[-2.35514372482546,50.717380524262],[-2.35513984923701,50.7173880199529],[-2.3551161950599,50.7173781164747],[-2.35500495381768,50.7172188414276],[-2.35494521575143,50.7171142743325],[-2.35492535917642,50.7170869014032],[-2.35488594608228,50.7170720585761],[-2.35477961347019,50.7170424550634],[-2.35463332639972,50.7169256861225],[-2.35457781429223,50.7168610107967],[-2.35456596857921,50.7168535657911],[-2.354503223323,50.7168712150337],[-2.35448752499858,50.7168737548401],[-2.35537767437874,50.7181753917558],[-2.35539360512061,50.7182027766121],[-2.35538581896809,50.7182127770859],[-2.35537009714622,50.7182128251639],[-2.35536216431659,50.7182028727594],[-2.35513162267204,50.7178594087197],[-2.35448399087461,50.7169261417594],[-2.35446407818156,50.7168912841756]]],[[[-2.35601169464171,50.7180757277123],[-2.35603048162159,50.7180498597895],[-2.35607381127532,50.7180428439101],[-2.35610637726111,50.7180461856848],[-2.3561362147683,50.7180478145812],[-2.35620687946402,50.7180699677087],[-2.35625302751342,50.7180767093727],[-2.35628009003195,50.7180697432833],[-2.35637196566466,50.7180281637273],[-2.35663947994034,50.7179068928774],[-2.35670975840147,50.7178774252474],[-2.35676394699811,50.7178720988077],[-2.35685077988217,50.7178804338602],[-2.35685777237419,50.7178836695973],[-2.35685568778966,50.7178904557059],[-2.35684499889559,50.7178904885282],[-2.35679366670493,50.7178865795748],[-2.35675948738093,50.7178893976495],[-2.35673811384254,50.7178894632625],[-2.35672746471127,50.717894919538],[-2.35652076724192,50.717979658541],[-2.35631200955648,50.7180752533593],[-2.35627362563202,50.71808757793],[-2.35624584977801,50.7180890201006],[-2.35622019830526,50.7180890987323],[-2.35619451739166,50.7180851072864],[-2.35615379170502,50.7180703120747],[-2.35608959320498,50.7180610132605],[-2.35606819760858,50.7180583656763],[-2.35604896007858,50.7180584246181],[-2.35604043807608,50.7180625208897],[-2.35603411666529,50.7180747489445],[-2.35602144581785,50.7180951340774],[-2.35600877497306,50.7181155210074],[-2.35597467764695,50.7181291893678],[-2.3558957954232,50.7181565623864],[-2.35575502945881,50.718197687821],[-2.35563763813766,50.7182211065839],[-2.35548187413876,50.7182582101196],[-2.35532182742098,50.7182939677218],[-2.3553047361531,50.7182953769984],[-2.35528976470761,50.7182940657509],[-2.35530560990102,50.7182895361718],[-2.35537601991912,50.7182772749617],[-2.35556813860316,50.7182250656698],[-2.35579012476034,50.7181779283135],[-2.35592538718876,50.7181362162722],[-2.35596594197934,50.7181206054763],[-2.35599293796074,50.7181050362019],[-2.35601169464171,50.7180757277123]]],[[[-2.35609236792404,50.7181770385514],[-2.3561677743338,50.7181665421351],[-2.35618397395893,50.7181699160615],[-2.35618133021479,50.7181767659217],[-2.35608446261586,50.7182010143202],[-2.35578050219303,50.7182909097131],[-2.35562983119534,50.7183307181891],[-2.35538486933086,50.7183793706499],[-2.35519361539217,50.7184004860294],[-2.35517470579927,50.7183954116074],[-2.35517193257177,50.7183851547506],[-2.35517729795314,50.7183817165749],[-2.3552850796894,50.7183745453545],[-2.35539278797091,50.7183571062284],[-2.35554895547199,50.7183309656563],[-2.35566198581193,50.7183049587009],[-2.35582073057115,50.7182634114262],[-2.35596597107596,50.7182184871187],[-2.35609236792404,50.7181770385514]]],[[[-2.35894364493168,50.718155252428],[-2.35896780910201,50.7181551777912],[-2.36051378259063,50.7184034051831],[-2.36056946256684,50.7184170346704],[-2.36056467790106,50.7184231817386],[-2.36053569080949,50.7184248058479],[-2.36016552472292,50.7183646169913],[-2.35922194432664,50.7182095951299],[-2.35894615520318,50.7181675109193],[-2.35893887179324,50.718162932674],[-2.35894364493168,50.718155252428]]],[[[-2.35891599759681,50.7183316794704],[-2.35892322246362,50.7183285914952],[-2.36045959252498,50.7185845174798],[-2.36063628157721,50.7186223058404],[-2.36065083567074,50.7186299270798],[-2.36064605100791,50.7186360759497],[-2.36063880409205,50.718636098438],[-2.36044034365356,50.7185953119437],[-2.35893541073292,50.7183423542759],[-2.35891844931126,50.7183362726394],[-2.35891599759681,50.7183316794704]]],[[[-2.35706729631798,50.7182663982645],[-2.35709581734055,50.7182511630787],[-2.35711492482091,50.7182526205581],[-2.35711500541056,50.7182632228765],[-2.35662958031279,50.7184585885164],[-2.35605602606192,50.7186784551786],[-2.35601554445722,50.7186906979581],[-2.35600358446681,50.7186877049071],[-2.35680315884383,50.7183717198977],[-2.35706729631798,50.7182663982645]]],[[[-2.35899232043456,50.7185169886605],[-2.35900196615142,50.7185138932026],[-2.35987053494155,50.7186553487328],[-2.36069798261263,50.7187907905191],[-2.36072704198232,50.7187983667292],[-2.36072466823793,50.7188045081188],[-2.36070049337636,50.7188030489717],[-2.359035874592,50.7185245223138],[-2.35899961987027,50.7185231001335],[-2.35899232043456,50.7185169886605]]],[[[-2.35699568180751,50.7183786511602],[-2.35700772216556,50.7183786141728],[-2.35714227591174,50.7186551902994],[-2.35715447466721,50.7186761663934],[-2.35715451823484,50.7186818974002],[-2.35724207426467,50.7187160133322],[-2.35727229583199,50.7187312019706],[-2.35727534952645,50.7187369237235],[-2.35735531388072,50.7189601815573],[-2.35735544464475,50.7189773727781],[-2.3573464142615,50.7189774005457],[-2.35725737176999,50.7187484421714],[-2.3572572991271,50.7187388892944],[-2.35714256634816,50.7186933964121],[-2.35713349245418,50.7186876931564],[-2.35699278783314,50.7183939415939],[-2.35699268623154,50.7183805704429],[-2.35699568180751,50.7183786511602]]],[[[-2.35912921981197,50.7187235783455],[-2.35913886412495,50.718720480183],[-2.35917031068038,50.7187249828421],[-2.36078885991325,50.7189821846993],[-2.3607937034798,50.7189837038427],[-2.36079857626255,50.7189882894565],[-2.36076991308686,50.7189952453759],[-2.36056666019629,50.7189590729122],[-2.36012395953473,50.7188945090871],[-2.35944651092532,50.7187831327804],[-2.35915619385031,50.7187380283283],[-2.35912445837367,50.7187327927419],[-2.35912443494023,50.7187297271527],[-2.35912921981197,50.7187235783455]]],[[[-2.35715488128299,50.7187296536919],[-2.35716388256381,50.718725804069],[-2.35717596658089,50.718731498071],[-2.35726544445279,50.7190177656735],[-2.35729660487069,50.7191571210315],[-2.35729376905915,50.7191800525125],[-2.35728178801545,50.7191877296677],[-2.35727572417028,50.7191820198672],[-2.35727869072762,50.719176279607],[-2.35727549172227,50.7191514539007],[-2.35725674391204,50.7190617287651],[-2.35715488128299,50.7187296536919]]],[[[-2.35924456753024,50.7189186993635],[-2.35924693722431,50.7189125580174],[-2.35927836472455,50.7189139950451],[-2.36085355587666,50.7191881979372],[-2.36086566389711,50.7191912260038],[-2.36086569923549,50.719195826635],[-2.36085123489539,50.719200471388],[-2.3603479324189,50.7191115613679],[-2.3592446027027,50.7189232990961],[-2.35924456753024,50.7189186993635]]],[[[-2.35926486042854,50.719044378217],[-2.35928902505523,50.719044303514],[-2.36056687972258,50.7193025585452],[-2.36060808461067,50.7193192994845],[-2.36062997259551,50.7193376336318],[-2.36067422230308,50.7194356334614],[-2.36066941402699,50.7194387167426],[-2.36065732337806,50.7194372200835],[-2.36065235639302,50.7194203676135],[-2.36061068203942,50.7193422942296],[-2.36057670812812,50.7193239966772],[-2.36052824022555,50.719305746776],[-2.3602910712467,50.7192589460735],[-2.35986029566735,50.7191744098275],[-2.35927217917563,50.7190535552746],[-2.3592673239189,50.7190505019246],[-2.35926486042854,50.719044378217]]],[[[-2.3585025166835,50.7194490129483],[-2.35816526001121,50.7187382087961],[-2.35796932943422,50.7182803625382],[-2.3577384173493,50.7177793671222],[-2.35765788864639,50.7175614017362],[-2.35761919917192,50.7174514132699],[-2.35762520341457,50.7174113532368],[-2.35765005568755,50.717361229755],[-2.35783473010375,50.7171704733112],[-2.35801923381054,50.7169576963395],[-2.35805373474126,50.7169315647454],[-2.35806633880064,50.7169295232036],[-2.35806952095508,50.7169335170143],[-2.35806955146631,50.7169375205358],[-2.35783814520646,50.7172044953241],[-2.35783197344151,50.7172225323956],[-2.35798004070822,50.7171960510792],[-2.35801781552964,50.7171859247724],[-2.35803979443776,50.7171718426063],[-2.3581151374676,50.7171235643715],[-2.3581402069378,50.7171014654316],[-2.35817487578189,50.7170973549681],[-2.35818123196139,50.7171033416998],[-2.35806513434692,50.7171857789846],[-2.35803682018512,50.7171958761596],[-2.35782580167178,50.7172405694701],[-2.35780060860148,50.7172466533634],[-2.35778022401898,50.7172565695879],[-2.35776945532176,50.7172714022722],[-2.35769846823438,50.7173396876635],[-2.3576660807489,50.7173733279747],[-2.35766614834391,50.717382207305],[-2.35767703726622,50.7173831594075],[-2.35781373825126,50.7173709003993],[-2.35782771097986,50.7173688834462],[-2.35784015663675,50.7173698334379],[-2.3578386342328,50.7173737850869],[-2.35783398476953,50.7173757706359],[-2.35766626848704,50.717397989384],[-2.35765695454888,50.7173999910804],[-2.35765230509585,50.7174019793199],[-2.35764310803871,50.7174187774879],[-2.35763877361884,50.7174556390227],[-2.35764551321284,50.7174682667223],[-2.35764997465353,50.7174724688392],[-2.35766548170945,50.7174738275952],[-2.3578116681804,50.7174775925301],[-2.35787145803001,50.7174774084232],[-2.35791570445643,50.7174716507289],[-2.35795552294649,50.7174659075561],[-2.3581587761255,50.7174034464893],[-2.35820074420192,50.7173892640132],[-2.35820959074525,50.7173878302635],[-2.35821846015111,50.7173892094057],[-2.35821850300318,50.717394829804],[-2.35797333386342,50.7174784993361],[-2.35789591367739,50.7174899815509],[-2.35781619244017,50.717490227041],[-2.35767443525989,50.7174864457814],[-2.35765895605617,50.7174893045866],[-2.35764788763608,50.717489338651],[-2.35766821986768,50.7175426783052],[-2.35767491668116,50.7175496838061],[-2.35768157071539,50.7175510698076],[-2.35769928672658,50.7175510152789],[-2.3578232652864,50.7175464186582],[-2.35814423965369,50.7175299703079],[-2.35819517227494,50.7175298133314],[-2.35821731621527,50.7175297450758],[-2.35822176700312,50.7175325425208],[-2.35821959587947,50.7175381688443],[-2.35821295255453,50.7175381893219],[-2.35803808426515,50.717548565484],[-2.35773924299499,50.7175635407272],[-2.35771045570871,50.717563629341],[-2.35770161838092,50.7175664659086],[-2.3576950392499,50.7175749187527],[-2.35773365896071,50.7177026835697],[-2.35774033442287,50.7177068806662],[-2.35776251195932,50.7177110273417],[-2.35778908535803,50.7177109455315],[-2.35821844123595,50.717677299861],[-2.35824501603076,50.7176772179425],[-2.35825608732737,50.7176771838127],[-2.35827158940896,50.7176771360223],[-2.35836281101519,50.7177330681545],[-2.35837619419783,50.7177456753253],[-2.3583806771662,50.7177526876129],[-2.35837627994765,50.7177569170204],[-2.35836518719047,50.7177541400634],[-2.35828726154437,50.7176995734233],[-2.35825617306881,50.7176884282059],[-2.35824065096552,50.7176856648916],[-2.35779141706379,50.7177263979575],[-2.3577537495257,50.7177237027574],[-2.35774049492268,50.7177279594074],[-2.35774052701582,50.7177321742564],[-2.35780582750043,50.7178739118332],[-2.35781475048178,50.7178823151546],[-2.35781918916489,50.7178837079693],[-2.35792309928226,50.7178609022664],[-2.35802262275759,50.7178437323131],[-2.35812663415282,50.7178349810379],[-2.35821300863214,50.7178361195129],[-2.35823072474974,50.7178360649036],[-2.35822633964326,50.7178416998501],[-2.35813777116786,50.717843377512],[-2.35801383894868,50.7178535966498],[-2.35784581759816,50.7178906529882],[-2.35783033684862,50.717893510921],[-2.35781710361403,50.7179005786778],[-2.3578553278954,50.7179763489223],[-2.35786641137188,50.7179777185758],[-2.3578708514889,50.7179791122834],[-2.35788413826391,50.7179790713668],[-2.35796376254558,50.7179661776919],[-2.35800140886945,50.717966061726],[-2.35805017585286,50.7179729375978],[-2.3581011853496,50.7179826177034],[-2.35815211846166,50.717982460746],[-2.35830483204796,50.7179707462469],[-2.35837563099625,50.7179620971455],[-2.35839557186555,50.7179634403335],[-2.35839121750917,50.7179732910384],[-2.35829826368159,50.7179806037744],[-2.35813670197236,50.7179937502153],[-2.3580768793371,50.7179897187097],[-2.35802366151326,50.7179800453969],[-2.35799042173931,50.7179773366316],[-2.35793951004855,50.7179803046165],[-2.35787760191373,50.7179931437192],[-2.35786876452916,50.7179959820978],[-2.35786879663411,50.7180001969465],[-2.35791192798297,50.7181007003767],[-2.35792528973419,50.7181104965004],[-2.35792752654955,50.7181132989767],[-2.35794081336241,50.7181132580536],[-2.35846075847683,50.7180526335872],[-2.35848510733463,50.7180511511],[-2.35848957963752,50.7180567596326],[-2.35848742997153,50.7180651970586],[-2.35795200396114,50.7181286831896],[-2.35794097396815,50.7181343385917],[-2.35793434126012,50.7181357637033],[-2.35796584755255,50.7182017173253],[-2.35797032908711,50.7182087296325],[-2.35798143404105,50.7182129103732],[-2.35856109724898,50.7181422642184],[-2.35856776209967,50.7181450530204],[-2.3585611723241,50.7181521012629],[-2.35798594913863,50.7182241411211],[-2.35797932713576,50.7182269726834],[-2.35797713453231,50.7182297879036],[-2.35800866095296,50.7182985526154],[-2.35801092991402,50.7183055717371],[-2.35801316109148,50.7183083760277],[-2.3586105781173,50.7182418898855],[-2.35862167240006,50.7182446641169],[-2.35862391859627,50.718248874831],[-2.35861952135346,50.7182531042472],[-2.35805972939439,50.7183166651511],[-2.35802432892222,50.7183209900626],[-2.35801992232426,50.7183238139028],[-2.35806045767162,50.7184122235981],[-2.35806940082305,50.7184234398002],[-2.358073830262,50.7184234261525],[-2.35862922763007,50.7183640936958],[-2.35864029908802,50.7183640595297],[-2.35864476071667,50.7183682634064],[-2.35864260034194,50.7183752961852],[-2.35809606172506,50.71843459961],[-2.35807618491901,50.7184416869668],[-2.35812368530661,50.718572235443],[-2.35812813618794,50.7185750328911],[-2.35813699367786,50.7185750055955],[-2.35864804749337,50.7185087853885],[-2.35866575312661,50.7185073242651],[-2.3586702469486,50.718515742989],[-2.35867026840936,50.7185185540868],[-2.35816143926033,50.7185861740159],[-2.35813047875001,50.7185918890586],[-2.35819124501527,50.7187195881579],[-2.35820016821987,50.7187279905495],[-2.35821788467373,50.7187279359424],[-2.35875767575629,50.7186546005686],[-2.35876874728254,50.7186545663903],[-2.35876217892562,50.718664424842],[-2.35820928648367,50.7187428393109],[-2.3582004611046,50.7187470823594],[-2.35823209676562,50.7188298988925],[-2.35824325406879,50.7188411082558],[-2.35826098127661,50.7188424582918],[-2.35881173923498,50.7187550339448],[-2.35882723094289,50.7187535814312],[-2.35883609919436,50.7187549587321],[-2.35883834543438,50.7187591694417],[-2.3588317448579,50.718764809452],[-2.35826551791842,50.7188564974277],[-2.35825446635677,50.7188593417609],[-2.35825006902378,50.7188635711628],[-2.35829287432333,50.7189590016844],[-2.35829962502315,50.7189730339929],[-2.35830626855085,50.7189730135104],[-2.35883936511864,50.7188926714007],[-2.35886592843917,50.7188911828975],[-2.35887922763079,50.7188925483113],[-2.35888593554795,50.7189009583909],[-2.35888153826805,50.7189051878165],[-2.35835509590261,50.7189869178802],[-2.35832189967404,50.7189898287025],[-2.35831306212936,50.7189926671141],[-2.35837830177861,50.7191259710491],[-2.35838276345654,50.7191301749354],[-2.35839164389823,50.7191329569152],[-2.35889397465126,50.7190836259439],[-2.358931589665,50.7190792948305],[-2.35895157397312,50.7190862592192],[-2.35895159545115,50.7190890703167],[-2.35893832984108,50.7190919224523],[-2.35840727368887,50.7191497720997],[-2.35839401875756,50.7191540306214],[-2.35838961069436,50.7191568553787],[-2.3584277833061,50.7192255967774],[-2.35843227716171,50.7192340164087],[-2.35844336095155,50.7192353860073],[-2.358492069242,50.7192338319851],[-2.35865589854744,50.7192277041829],[-2.35881755953364,50.7192272051725],[-2.35894827184628,50.7192338276405],[-2.35901254287895,50.7192406552271],[-2.35901701394206,50.7192462637429],[-2.35900819928955,50.7192519133001],[-2.35899268735908,50.7192505547358],[-2.35883759896907,50.7192411955213],[-2.35864050322517,50.7192418039145],[-2.35849658453338,50.7192450591144],[-2.35843461986689,50.7192508725682],[-2.35843024537035,50.7192579121704],[-2.35850225696763,50.7194149785262],[-2.35851508517977,50.7194429678554],[-2.35851514628351,50.7194509748967],[-2.3585025166835,50.7194490129483]]],[[[-2.36017413381683,50.7171932213173],[-2.36015124049385,50.717188457713],[-2.36009605207131,50.7171958796648],[-2.35986020360067,50.7172425474901],[-2.35962256195014,50.7173037276624],[-2.35960923145771,50.7173037689132],[-2.35960728001859,50.7172977290588],[-2.35961483949513,50.7172904520339],[-2.35971753480716,50.7172683742032],[-2.36014926119643,50.7171787920403],[-2.36017785146547,50.7171811207114],[-2.36019888597655,50.7171919359627],[-2.36021049302467,50.717214867717],[-2.36025898202458,50.7173283501647],[-2.36036026312227,50.7176181616825],[-2.36044429570818,50.7178484327853],[-2.36047171532021,50.7179462636835],[-2.36054371602497,50.7181442948908],[-2.36062162921049,50.7183676909183],[-2.36071709275323,50.7186294552612],[-2.36082978808172,50.718916812723],[-2.36094640106383,50.7192186642626],[-2.36100161426741,50.7194200953319],[-2.36100941176559,50.7194430397431],[-2.36100372388528,50.7194466851256],[-2.36099799884201,50.7194454942699],[-2.36098833891821,50.7194273910969],[-2.36093145778791,50.719214809574],[-2.36089250428872,50.7191037150923],[-2.36069996782223,50.7186342242622],[-2.3605889101234,50.7183118047624],[-2.36044463690495,50.7179087854381],[-2.36036285573159,50.7176769390033],[-2.36029272321794,50.7174740700238],[-2.360187646015,50.7172161471693],[-2.36017413381683,50.7171932213173]]],[[[-2.35925492363375,50.7192628388861],[-2.35918387793457,50.7190988185269],[-2.35914210873844,50.7189605432029],[-2.35905935521119,50.7187873322812],[-2.35893283541102,50.7185939569241],[-2.35891498074047,50.7185404965315],[-2.35886935692987,50.7183769909819],[-2.35880147428202,50.7182461783885],[-2.35869756790639,50.7179678458581],[-2.35855556509399,50.7176508751934],[-2.35845196282589,50.7174112943714],[-2.35834755114725,50.7171596115905],[-2.3582465438216,50.7168794235273],[-2.35815225537745,50.7167173204201],[-2.35810854119966,50.716704536011],[-2.35799507733122,50.7166975033716],[-2.35796020110748,50.7166994570368],[-2.35793992807751,50.7167105932737],[-2.35791974503292,50.7167327994251],[-2.35787128032211,50.7168602811045],[-2.35773933305037,50.7170987424098],[-2.35751791359853,50.7174260575277],[-2.35732170787511,50.7176278103043],[-2.35713398335315,50.7177981624283],[-2.35708796489877,50.7178647375996],[-2.35708802099892,50.7178721187562],[-2.35709681675687,50.7178813192893],[-2.35710158259535,50.7178998523918],[-2.35724818636305,50.7182085165339],[-2.35725185228458,50.7182085052645],[-2.35725971406857,50.7182079442233],[-2.35728273978271,50.7182062475291],[-2.35740055544051,50.7182156317067],[-2.35757741043998,50.7182459520242],[-2.35764150438367,50.7182587494594],[-2.3576517909612,50.7182652160337],[-2.35781105815752,50.7186232157178],[-2.35808983697064,50.7192639921383],[-2.35809771413783,50.7192899589894],[-2.35809776366831,50.719296457067],[-2.35809007221805,50.7192948557591],[-2.35783187737467,50.7187113903247],[-2.35774052068011,50.7184793845575],[-2.35764694864525,50.7182928668539],[-2.3576391460948,50.7182766470866],[-2.35762884572375,50.7182685546469],[-2.35740839039999,50.7182269997492],[-2.35729825501751,50.7182175919665],[-2.35725757223275,50.7182194904286],[-2.35725359919963,50.7182199109175],[-2.35782970715197,50.7194328183862],[-2.3578215972855,50.719442123073],[-2.35780254101649,50.7194377842426],[-2.35765004860799,50.7191103879742],[-2.35749762013282,50.7187909265867],[-2.35722639993077,50.7181915582478],[-2.35707830684691,50.7178932341335],[-2.35705753327808,50.717901230552],[-2.35704096863407,50.7179145009304],[-2.3570076786126,50.7179198927962],[-2.35698249943053,50.7178961732733],[-2.35699906408467,50.7178829029032],[-2.35701560863234,50.7178669877961],[-2.3570238816068,50.7178590297898],[-2.35700695532453,50.7178247075305],[-2.35683722085021,50.7174611687037],[-2.35647693972046,50.7166531933765],[-2.35646415720626,50.7166162162284],[-2.35646413714106,50.7166135714935],[-2.356485010541,50.7166187943587],[-2.35650207642768,50.7166716235455],[-2.35652311037886,50.7166980006852],[-2.35653979512529,50.7167005942925],[-2.35679013234211,50.7167474170135],[-2.35697787803098,50.7167812137984],[-2.35699033957786,50.7167758886228],[-2.35698047976417,50.7165749692408],[-2.35700128868876,50.7165722605201],[-2.35700972074833,50.7165854550013],[-2.35701130789538,50.7167943314867],[-2.35700301643981,50.7167996465516],[-2.35697385567235,50.7167997361317],[-2.35664002402512,50.7167320153018],[-2.35653993555742,50.716719100242],[-2.35653586724045,50.7167323349073],[-2.35659940650948,50.7168696306884],[-2.35662023991034,50.7168695667572],[-2.35664940072225,50.7168694772654],[-2.35676199551927,50.7168823520387],[-2.35702882070869,50.7169053294531],[-2.35710812211244,50.7169235921696],[-2.35712915085086,50.716949969215],[-2.35729401232028,50.7172614611854],[-2.35728157221442,50.717269432024],[-2.35726905593732,50.7172668275058],[-2.35724769965889,50.7171981482366],[-2.35709151764506,50.7169315757836],[-2.35706643518613,50.7169210781661],[-2.35697471947201,50.716913427346],[-2.35664116799469,50.716882722916],[-2.3566245433808,50.7168880608299],[-2.35663299688321,50.716903900068],[-2.35670102511173,50.7170834879619],[-2.35672187442414,50.7170860669613],[-2.35693856710433,50.7170906911818],[-2.3569635636192,50.7170906144021],[-2.35696362387966,50.7170985459078],[-2.35695114782413,50.7171012272278],[-2.35690116920717,50.7171040255284],[-2.35670528990588,50.7170966943558],[-2.35674345072963,50.7171838321075],[-2.35676021596247,50.7171970010236],[-2.35677275651863,50.7172022494182],[-2.35682277117012,50.7172047406544],[-2.35689359928691,50.7172045231541],[-2.35691034447155,50.7172150464147],[-2.35690205293054,50.7172203614722],[-2.35688122362424,50.7172204254412],[-2.35676872837117,50.7172207708615],[-2.35676043679943,50.7172260841105],[-2.35679434880527,50.7173026575137],[-2.35704424646683,50.7178386343959],[-2.357048469833,50.7178465540106],[-2.35706095175341,50.717843873562],[-2.35710642075628,50.7177961401046],[-2.3571765663323,50.7177060248363],[-2.35734217661669,50.7175680240656],[-2.3574992515888,50.717403611236],[-2.35755283154916,50.7173267679756],[-2.35775468814672,50.7170247235793],[-2.35789804968144,50.7167017060271],[-2.3579145129363,50.7166752136542],[-2.35794782214071,50.7166724689624],[-2.35802700262006,50.7166748671449],[-2.35808955734432,50.7166826069972],[-2.35811455505547,50.716682529967],[-2.35810608095736,50.7166640488005],[-2.35806351326488,50.7165451956004],[-2.35807593291125,50.7165345826433],[-2.35809676191087,50.7165345184617],[-2.35810944351521,50.7165582762567],[-2.35814378045474,50.7166903715938],[-2.358177311366,50.716716709921],[-2.35819828578761,50.7167351525529],[-2.35821934088202,50.7167641741179],[-2.35828722957185,50.7169252524449],[-2.35831710182697,50.7170177030331],[-2.3583379296237,50.7170176388122],[-2.35837116401317,50.717004314146],[-2.35849585224183,50.716964271111],[-2.35914371245686,50.716710185952],[-2.35970808643385,50.7164768296384],[-2.35973138682639,50.7164648788624],[-2.35975946237312,50.716464791952],[-2.35975491882978,50.7164826235469],[-2.3596989325009,50.7165035820178],[-2.35928375746727,50.7166681818331],[-2.35921846321604,50.7166951077252],[-2.35921853132968,50.7167040167287],[-2.35924192136491,50.7167039444262],[-2.35979391757684,50.7166873895596],[-2.35979866435147,50.7166962813796],[-2.35978002110727,50.7167052474132],[-2.3595928427049,50.7167028591059],[-2.35919995039497,50.7167218889929],[-2.35916719470103,50.7167219902332],[-2.35912524497313,50.7167429050448],[-2.35853283436135,50.7169822839018],[-2.35833211589659,50.7170452611816],[-2.35832287474313,50.7170601368661],[-2.3583276226942,50.7170690287418],[-2.35833708889994,50.7170838467432],[-2.35837452346093,50.7170837313076],[-2.35856629272514,50.7170742314529],[-2.35860372161165,50.7170741159611],[-2.35860797032308,50.7170600910957],[-2.35862420339472,50.7170350264992],[-2.35866337805979,50.71700364017],[-2.35881720383918,50.7169322944866],[-2.35883686624941,50.7169259810482],[-2.35889917182122,50.7169132813932],[-2.35916827601418,50.7168832682119],[-2.35986732779322,50.7168102365696],[-2.35987723002513,50.7168164577331],[-2.35986743953318,50.7168248253198],[-2.35982477353364,50.7168291274162],[-2.35915198380492,50.7168999957991],[-2.35889271936572,50.716927893114],[-2.35885991779683,50.7169342471361],[-2.35880753023195,50.7169552534168],[-2.35872238448779,50.7169888662498],[-2.35867009086071,50.71702237943],[-2.35864075042985,50.7170516517697],[-2.35863424447553,50.7170600100153],[-2.35863760882586,50.7170704214429],[-2.35864422615598,50.7170766537475],[-2.35865409647226,50.7170787078278],[-2.35870661721809,50.7170743766414],[-2.35957355732005,50.7170508520374],[-2.3595965349746,50.7170486981964],[-2.35962607796171,50.7170465222356],[-2.35984565789394,50.716983308965],[-2.35988495942461,50.7169685972683],[-2.35988492748439,50.716964427384],[-2.35988153093947,50.7169498479072],[-2.35987152257539,50.7169290343798],[-2.35986165225166,50.716926982201],[-2.35981240059318,50.7169292174459],[-2.35888350184806,50.717011298761],[-2.35887689898729,50.7170071491686],[-2.35888670703272,50.7170008661531],[-2.35891297973481,50.7170007850143],[-2.35982874472569,50.7169187441308],[-2.35997314528639,50.7169037069386],[-2.36002563377331,50.716895207073],[-2.36003880485926,50.7168993335538],[-2.36003558397779,50.7169076834988],[-2.35999290192666,50.7169098984666],[-2.35989449449058,50.7169268804977],[-2.35989793892573,50.7169477116533],[-2.35990465221048,50.7169664508411],[-2.35990466818491,50.7169685362329],[-2.35988502328442,50.7169769343391],[-2.35962622155197,50.7170652817693],[-2.35960978583876,50.7170632471883],[-2.35956380288654,50.7170633894698],[-2.35836847141776,50.7170962644165],[-2.35835536965629,50.7171004721038],[-2.3583554491508,50.7171108945681],[-2.35838234199266,50.7171921051723],[-2.35840208405472,50.7171962115734],[-2.35845466290998,50.7172002193881],[-2.35897342360429,50.7171736036081],[-2.36002408990584,50.71712241164],[-2.36002416976361,50.7171328332028],[-2.36001105077298,50.7171349592856],[-2.35994196871094,50.7171373153679],[-2.35843334434922,50.7172139488747],[-2.3584071594296,50.7172121834032],[-2.35840136028975,50.7172140475196],[-2.35840143067811,50.7172232748625],[-2.35841615241111,50.7172472196816],[-2.35844862924934,50.7173117088522],[-2.35844898121135,50.7173578419809],[-2.35845774896758,50.7173633500354],[-2.3584693952027,50.7173651603435],[-2.3585855420293,50.7173426580246],[-2.3592627050025,50.7172925861369],[-2.35939347468367,50.717281108002],[-2.35941359549832,50.7172836024426],[-2.35941072697426,50.7172891464132],[-2.35940204807056,50.717294711051],[-2.35931777440195,50.7173023529791],[-2.35866963253356,50.7173449542901],[-2.35857375891554,50.7173563212464],[-2.35846632351558,50.7173769531484],[-2.35849894130858,50.7174598942958],[-2.3585076809423,50.7174617135666],[-2.35855705851654,50.7174541798986],[-2.35870518970655,50.7174315760755],[-2.35871974259309,50.7174333773869],[-2.35871107482261,50.7174407854724],[-2.35865296050387,50.7174465026354],[-2.35851067204654,50.7174727754353],[-2.35850197466544,50.7174764938306],[-2.35850792031925,50.7174930843811],[-2.35853157755527,50.7175446816082],[-2.35855490811307,50.7175538371897],[-2.35868013169871,50.717577440987],[-2.35868879666619,50.7175700329127],[-2.35872644490475,50.7175496162487],[-2.35881634915906,50.7175179662434],[-2.35947828519104,50.7173775170251],[-2.35948417328454,50.7173867263744],[-2.35947257077726,50.7173904520304],[-2.35939417090501,50.7174054571747],[-2.35892097678835,50.7175102618186],[-2.35879034726199,50.7175401914141],[-2.35872944032934,50.7175606798971],[-2.35871498177494,50.7175717956236],[-2.358715024055,50.7175773332893],[-2.35872667035297,50.7175791435718],[-2.35876163598265,50.7175882604983],[-2.35931462846063,50.7176511413748],[-2.35932916731836,50.7176510964219],[-2.35934657047354,50.7176455066125],[-2.35959851044754,50.7175081672941],[-2.35959268166276,50.7175063417958],[-2.35957805810757,50.7174953141483],[-2.35946414173184,50.7174292309896],[-2.35946409937748,50.7174236951225],[-2.35947863816462,50.7174236501508],[-2.35949321930949,50.7174291410446],[-2.35961007200485,50.7174989039557],[-2.35962170276968,50.7174988679649],[-2.35967092623637,50.7174710365407],[-2.35988806686273,50.7173467234102],[-2.35993442579041,50.7173244349436],[-2.36002437263309,50.7172983198674],[-2.36006503984099,50.7172926587752],[-2.36006509640759,50.7173000399314],[-2.36004187456669,50.7173056478763],[-2.35995479757145,50.7173262153807],[-2.35991420948337,50.7173429499847],[-2.35983606423502,50.7173911724274],[-2.35971159362994,50.7174653746728],[-2.35972325405258,50.7174690283462],[-2.35979299903584,50.7174632764402],[-2.36012722451679,50.7174382509821],[-2.36013597269438,50.7174419163367],[-2.36013017357456,50.7174437778418],[-2.36011276493558,50.7174493695846],[-2.35995582964212,50.7174609268745],[-2.35970006034884,50.7174783277001],[-2.35969133621674,50.7174783547025],[-2.35967976479649,50.7174857718475],[-2.3594885921194,50.7175841704994],[-2.35949731627135,50.7175841435122],[-2.35952640805161,50.7175858970493],[-2.36014553281198,50.7175507649427],[-2.36015140265641,50.7175581280831],[-2.36013690625566,50.7175637081062],[-2.3599421475646,50.7175735390472],[-2.35952067526303,50.71759698768],[-2.35947127228453,50.7176008302699],[-2.35946548300805,50.7176045397418],[-2.35938146712731,50.7176453987023],[-2.35933506528091,50.7176621510804],[-2.35931472724031,50.7176640574985],[-2.35928270900313,50.7176604676232],[-2.35885777782072,50.7176119538804],[-2.35854627128484,50.717564934933],[-2.35854631354501,50.7175704725988],[-2.35859668839548,50.7176939580445],[-2.35860542806968,50.7176957764087],[-2.35866365398735,50.7177048224858],[-2.35997376170896,50.7179037646722],[-2.36034077054709,50.7179587606547],[-2.36034664047334,50.7179661237848],[-2.3603379756951,50.7179735319819],[-2.36026228510255,50.7179626937488],[-2.3586260998527,50.7177130912983],[-2.35862031331478,50.7177167989208],[-2.35862035558391,50.7177223365864],[-2.35862624069947,50.7177315432894],[-2.35867381074124,50.7178679564811],[-2.35868549511666,50.7178753017484],[-2.35869712739233,50.7178752658455],[-2.36035360449884,50.7181155795325],[-2.36035656919612,50.7181229516703],[-2.36033621119359,50.7181230147937],[-2.35869722600994,50.7178881828684],[-2.35869437570922,50.7178955729957],[-2.35874191793009,50.7180282946789],[-2.35874777353843,50.7180338143988],[-2.36043056663896,50.7182924981955],[-2.36043060910157,50.7182980331623],[-2.36042191597023,50.7183017516871],[-2.36040154515152,50.7182999695288],[-2.35875662601368,50.7180503959624],[-2.35875668237629,50.718057777118],[-2.35881895842928,50.7182162870368],[-2.35882769679273,50.7182181053886],[-2.35884515660128,50.7182198977095],[-2.36045538876494,50.7184954140871],[-2.36044961643314,50.7185009670886],[-2.36043798400482,50.7185010031662],[-2.35883363840709,50.7182346959336],[-2.35883077259693,50.7182402407794],[-2.35890166635593,50.718383963182],[-2.35891914031236,50.7183875989821],[-2.35893665657888,50.7183967724445],[-2.36025612214364,50.7186409040454],[-2.36025907129273,50.7186464309008],[-2.36025325789349,50.7186464489215],[-2.3602358077801,50.7186465030125],[-2.3589079406524,50.7184088647846],[-2.35890803932982,50.7184217818061],[-2.35891112928257,50.7184457624829],[-2.35893816081475,50.7185582487645],[-2.35894115209134,50.7185693106202],[-2.35897906892503,50.7185839561632],[-2.36053410522393,50.7188651797624],[-2.36053124948772,50.7188725699512],[-2.360516710254,50.7188726150538],[-2.35897341064018,50.7186042740946],[-2.35897345293849,50.7186098099608],[-2.35897349522995,50.7186153449277],[-2.35907949336765,50.7187866387633],[-2.35908244240148,50.7187921674468],[-2.3590969957101,50.7187939669124],[-2.35912902317312,50.7187994057417],[-2.36063152541496,50.7190549512378],[-2.36062578279506,50.7190641966184],[-2.36061415022755,50.7190642327135],[-2.35910000116447,50.71880687675],[-2.35915337442447,50.7189414255671],[-2.35915923018161,50.7189469434671],[-2.35916798420413,50.718950605279],[-2.35918545841251,50.7189542437368],[-2.36077257012861,50.7192445899139],[-2.36077264098755,50.719253817255],[-2.36076391511033,50.7192538443418],[-2.35918265044144,50.7189671688413],[-2.35917392886551,50.718967195796],[-2.35917397120174,50.7189727334603],[-2.35917402763861,50.7189801155139],[-2.359201172962,50.7191073613355],[-2.35921284363339,50.7191128630586],[-2.35924782603323,50.7191238260212],[-2.3600106354852,50.7192414166495],[-2.36003105902013,50.7192505809423],[-2.36004566908778,50.7192597632417],[-2.36007788649709,50.7192891896428],[-2.36016266809352,50.71931908265],[-2.36029077136953,50.7193389842429],[-2.3604042277803,50.7193441675598],[-2.36042167390282,50.7193441134569],[-2.36041590290052,50.7193496691493],[-2.36040136210246,50.7193497142418],[-2.36028504279938,50.7193500748945],[-2.36015110617874,50.7193283433423],[-2.36006358140794,50.7192917078952],[-2.36001096876054,50.7192568095728],[-2.35997307932721,50.7192458531448],[-2.35922484310295,50.7191319087901],[-2.35922197303522,50.7191374536578],[-2.3592308400042,50.7191558813702],[-2.35926944887194,50.7192609477532],[-2.35928404467563,50.7192682839602],[-2.35930443140905,50.7192719124971],[-2.35954033087048,50.7193173180451],[-2.35980830252172,50.7193736967199],[-2.35989294312002,50.7194140337522],[-2.35997172793315,50.7194488510658],[-2.36001253840008,50.7194616410804],[-2.36000967408541,50.7194671877482],[-2.3599951346669,50.7194672327856],[-2.35995723092883,50.7194544310644],[-2.35983756504716,50.7193975963382],[-2.35979383379888,50.7193829690735],[-2.35973265075815,50.7193683931144],[-2.35926957588137,50.7192775562489],[-2.359263748306,50.7192757307302],[-2.35925492363375,50.7192628388861]]],[[[-2.36116854869173,50.7193407687616],[-2.36110857905459,50.719333350757],[-2.36107563173073,50.7193334531232],[-2.36105773312054,50.7193430132705],[-2.36105479557609,50.7193506267484],[-2.36106740485363,50.7194323235675],[-2.36107349767952,50.7194456104558],[-2.36107057613783,50.7194551222744],[-2.3610615603655,50.7194513490074],[-2.36102151086528,50.719307010519],[-2.36085512600514,50.7187705463096],[-2.36081209780688,50.7186281180741],[-2.36075093231188,50.7184648350503],[-2.36058247727407,50.7180007656648],[-2.360441936707,50.7176419417897],[-2.36038072115064,50.7174710561535],[-2.3602859356258,50.7172101500194],[-2.36021548878557,50.717006978979],[-2.36016011374536,50.7168170660981],[-2.36012658400808,50.7167411381798],[-2.36008107535873,50.7166652455692],[-2.36005070187463,50.7166102144199],[-2.36004158477101,50.7165931355721],[-2.36005353604701,50.7165892972682],[-2.36009599190061,50.716657594998],[-2.36012024413352,50.71669553801],[-2.36051248400666,50.7166772120844],[-2.3605304546459,50.7166771563351],[-2.36053051299573,50.716684760506],[-2.36016227762358,50.7167087117675],[-2.36014731736732,50.7167106601181],[-2.3601443506871,50.7167144705885],[-2.36016584170105,50.7167828332598],[-2.36018387067532,50.7167903817349],[-2.36059408201009,50.716772002532],[-2.3606210081256,50.7167681159056],[-2.36061481366276,50.7167415243925],[-2.36060276027514,50.7167320572536],[-2.36030039354296,50.7167520032693],[-2.3602734382487,50.716752086837],[-2.36025841826091,50.7167464310351],[-2.36025539471226,50.7167426391314],[-2.36054881912514,50.7167284233407],[-2.36058172226549,50.7167226170915],[-2.36059067771258,50.716718788028],[-2.36056613335864,50.7166428305555],[-2.36055408002003,50.7166333652097],[-2.36017373492134,50.7166402469839],[-2.3601587149813,50.716634591169],[-2.36015867126412,50.7166288880405],[-2.36052107623885,50.7166258632481],[-2.3605419975036,50.716620096878],[-2.36052960868662,50.7165669102442],[-2.36052053660195,50.7165555354574],[-2.36051453182453,50.7165536538967],[-2.36050253682977,50.7165517882202],[-2.36012812288706,50.716551047994],[-2.36010416209796,50.716551122243],[-2.36009213800818,50.7165454580355],[-2.36009209431301,50.7165397567054],[-2.36049945352688,50.7165403939545],[-2.36050843952859,50.7165403660791],[-2.36051438595714,50.716534643469],[-2.36049311331868,50.7164947938043],[-2.36049305497529,50.7164871896331],[-2.36050201180133,50.7164833605719],[-2.36060835660343,50.7166807177074],[-2.36068452472583,50.7168477554907],[-2.36070585465678,50.7168952101913],[-2.36071185948554,50.7168970917418],[-2.36077477232124,50.7168987975392],[-2.36105935895661,50.7169036151819],[-2.36108631433548,50.7169035314323],[-2.36109234841486,50.7169092168468],[-2.36108941242195,50.7169168276231],[-2.36102350514514,50.7169151321972],[-2.36073894762837,50.7169141156531],[-2.36072394212836,50.7169103609543],[-2.36074233607568,50.7169654264146],[-2.36074537570454,50.7169711211421],[-2.3607543603719,50.7169710932519],[-2.36102408937126,50.7169911640061],[-2.36111701630287,50.717000380726],[-2.36119787080957,50.7169982265683],[-2.36124571977584,50.7169885751002],[-2.36126072391882,50.7169923288368],[-2.36125777334487,50.7169980403732],[-2.36119798770583,50.7170134322101],[-2.36115306008118,50.7170135718385],[-2.36112310880337,50.7170136649131],[-2.36108111292942,50.7170061937499],[-2.36097623896064,50.7170008180855],[-2.3607724332772,50.7169843411659],[-2.36074547785106,50.7169844248431],[-2.36079426106348,50.7170964240966],[-2.3608002805201,50.717100206685],[-2.36113007794543,50.7171410017549],[-2.36120802453313,50.7171502622542],[-2.36121701065076,50.7171502343238],[-2.36121706911266,50.7171578384934],[-2.36121109344709,50.7171597572554],[-2.36082137711995,50.7171172482786],[-2.36080339172117,50.71711540393],[-2.3608034209117,50.7171192051157],[-2.36086124892766,50.7172387788159],[-2.36087033725909,50.7172520564169],[-2.36087934224088,50.7172539286434],[-2.3609093374749,50.7172595378618],[-2.36125704284651,50.7172926717225],[-2.36131998547648,50.7172981802109],[-2.36132900510491,50.7173019534459],[-2.36132608375987,50.7173114670731],[-2.36089146881628,50.7172728991747],[-2.36088251187194,50.7172767282674],[-2.36088562452792,50.7172919255122],[-2.3608978095193,50.7173184993167],[-2.36094590711685,50.7173411612067],[-2.36097299418434,50.7173581850738],[-2.36099420921793,50.7173904331862],[-2.36102733185669,50.7174131388604],[-2.36106935165324,50.7174244139481],[-2.36116225021003,50.7174298267497],[-2.36129101332834,50.7174256261399],[-2.36132697545516,50.7174274145237],[-2.36133300963112,50.7174330999278],[-2.36133004300185,50.7174369104296],[-2.36130309626401,50.7174388943976],[-2.3611024347826,50.7174414182565],[-2.36102142918928,50.7174245628298],[-2.3609823454385,50.717405676049],[-2.36095210184749,50.717367752711],[-2.3609370231644,50.7173544928221],[-2.36088888178516,50.7173261322949],[-2.36081901037649,50.7171989907128],[-2.36076711441323,50.7170717969282],[-2.36067781563003,50.7168980580203],[-2.3606300897735,50.7167953072746],[-2.36063002742468,50.716787184229],[-2.36060442625097,50.7167872636711],[-2.3601793530068,50.7168082456394],[-2.36022585882049,50.7169801643382],[-2.36024715245815,50.7170068655416],[-2.36025923167389,50.7170106491574],[-2.36028936001147,50.7170105557559],[-2.36048195336016,50.7169831939977],[-2.3605632354689,50.7169752943229],[-2.36058129353539,50.7169733264153],[-2.36058434755153,50.7169790525773],[-2.36027742313152,50.7170258886962],[-2.36025940759367,50.7170335920627],[-2.36029660108555,50.7171692147886],[-2.36029665973646,50.717176863023],[-2.36030872435912,50.7171787374975],[-2.36033886180113,50.7171805559342],[-2.36054654935247,50.7171569683277],[-2.36063382668349,50.7171452280442],[-2.3606458619609,50.7171432788164],[-2.3606459646735,50.7171566598537],[-2.36038716712116,50.7171937875012],[-2.36031486591189,50.7171940116912],[-2.36030290533044,50.7172055200493],[-2.36032455098562,50.7172781025709],[-2.3603367168576,50.7172933598893],[-2.36067082631781,50.7172559986322],[-2.36067986486589,50.7172559705805],[-2.36068290990168,50.71725978489],[-2.36068293924137,50.7172636067605],[-2.36035186483345,50.7173047824011],[-2.36034588453393,50.7173105365845],[-2.3603767741645,50.7174098549613],[-2.36037988684235,50.7174232284686],[-2.36038592722745,50.7174251216171],[-2.36073525148849,50.7174068308973],[-2.36074730150803,50.7174067934927],[-2.36075335516892,50.717410598461],[-2.36075039961148,50.7174182551557],[-2.36040412313652,50.7174403611279],[-2.36039509780135,50.717442300997],[-2.36044129845599,50.7175740720328],[-2.36045042507708,50.7175855159047],[-2.36045947410712,50.7175873997178],[-2.36060115147351,50.7175984296748],[-2.3610623105057,50.7176275861161],[-2.361348649323,50.7176458158528],[-2.36139209549574,50.7176491268177],[-2.36139516446603,50.7176586200194],[-2.36139519371879,50.7176624230049],[-2.3613802317807,50.7176643697205],[-2.36049913200281,50.71760247642],[-2.3604601809741,50.7176006961518],[-2.36044822949537,50.7176045371965],[-2.36051536288948,50.7177658989948],[-2.36051847545998,50.7177810962481],[-2.36052453874571,50.7177905819815],[-2.36142684159136,50.7178828211836],[-2.36145083229964,50.7178865478489],[-2.36145984638572,50.7178903210911],[-2.3614598902627,50.7178960242203],[-2.36113617095831,50.717866617695],[-2.3605336110781,50.7178019576695],[-2.36052464085325,50.7178038883844],[-2.36058265723248,50.7179481713255],[-2.36058870594861,50.7179557542136],[-2.36059473118582,50.7179595394939],[-2.36063362414092,50.7179537146455],[-2.36070546629394,50.7179477902202],[-2.36072643189787,50.717947725146],[-2.36073245145149,50.7179515068398],[-2.3607175054057,50.7179553545088],[-2.36060080908038,50.7179709235684],[-2.36059484789075,50.7179747451411],[-2.36060706207932,50.7180051210591],[-2.36062206650353,50.7180088757781],[-2.36153666310649,50.7181409943564],[-2.36154871703065,50.718150459602],[-2.36155475131975,50.7181561440947],[-2.36154579426172,50.7181599732377],[-2.36062815901704,50.7180221626927],[-2.36061620742441,50.7180260010565],[-2.36061324211624,50.7180298115352],[-2.36066530700745,50.7181695148548],[-2.36067740455326,50.7181846842187],[-2.36068339495841,50.7181846656274],[-2.36160416537203,50.7183395730893],[-2.36160721981982,50.7183471679392],[-2.36160724907662,50.7183509691258],[-2.36159528285654,50.718352907446],[-2.36070451367555,50.7182036073685],[-2.3606865367869,50.7182036631626],[-2.36067757966948,50.7182074949366],[-2.36072660316091,50.7183499046203],[-2.36074171128546,50.7183669648218],[-2.36075373592723,50.7183726298618],[-2.36170444220179,50.7185255434238],[-2.3617134871269,50.7185331196266],[-2.36171351639248,50.718536920813],[-2.36170755520131,50.7185407397444],[-2.36080180532466,50.7183914879233],[-2.36077481849236,50.7183877713243],[-2.36074786226123,50.718387855002],[-2.36080589466173,50.7185340397605],[-2.36081204568135,50.7185549290375],[-2.36083010463431,50.7185662785998],[-2.36167889065465,50.7187081031446],[-2.36170291108307,50.7187156327426],[-2.3617029549839,50.7187213349716],[-2.36170000293277,50.7187270456254],[-2.36087219982342,50.7185870562693],[-2.36084822198728,50.7185852305324],[-2.36082725609921,50.7185852956283],[-2.36082129483656,50.7185891154135],[-2.36087344086807,50.7187486251284],[-2.36087647919196,50.7187543171599],[-2.36089148529356,50.7187580718396],[-2.36183017916091,50.7189053202323],[-2.36183321902731,50.7189110122344],[-2.361830267001,50.7189167255891],[-2.36182429113731,50.7189186443828],[-2.36090659219331,50.718775132023],[-2.36089462583606,50.7187770702711],[-2.36088567003624,50.718780901157],[-2.36088569923512,50.7187847023434],[-2.36092870284918,50.7189233293487],[-2.36093174261459,50.7189290222735],[-2.36093476637306,50.7189328159583],[-2.36094676197225,50.7189346788924],[-2.36187359278014,50.7190971679973],[-2.36188558846497,50.7190990317341],[-2.36188564703901,50.7191066359045],[-2.36187369527438,50.7191104743963],[-2.36096188497173,50.7189536401065],[-2.36094394266655,50.7189574971087],[-2.36097794127362,50.7190942518709],[-2.36099904025299,50.7191112934303],[-2.36099912789199,50.7191226987872],[-2.36101112354911,50.7191245626139],[-2.36186890530665,50.7192663578581],[-2.36190785776038,50.7192681367567],[-2.36191092696297,50.7192776326401],[-2.36190798956089,50.7192852461397],[-2.36104721276579,50.7191434577884],[-2.36101423495556,50.7191397598549],[-2.36100228310399,50.7191435973581],[-2.36105150884434,50.7193126196953],[-2.36105156728385,50.7193202238658],[-2.36106354838313,50.7193201866445],[-2.361081520032,50.7193201308102],[-2.36110844755873,50.719316243172],[-2.36112941518881,50.7193161780214],[-2.36120740029883,50.7193292423901],[-2.36166944494002,50.7194266503503],[-2.36196344215163,50.7194846589257],[-2.36198747767074,50.7194940895069],[-2.36198455632506,50.719503603147],[-2.36133057135942,50.7193763804211],[-2.36116854869173,50.7193407687616]]],[[[-2.35710404744194,50.7195665141131],[-2.35707957408564,50.7195150099516],[-2.35696559573405,50.7191734197654],[-2.35689829595516,50.7190322661322],[-2.35688313063247,50.7190170311623],[-2.35687085794772,50.7189865048665],[-2.35681347547702,50.7189618464203],[-2.35677121339798,50.7189466937285],[-2.3567440656658,50.7189391367457],[-2.35673500626896,50.7189353425958],[-2.35672588463258,50.7189239110127],[-2.35672281646938,50.7189162765121],[-2.35671375851566,50.718912485054],[-2.3565540886347,50.7188957816216],[-2.35634327154845,50.7188830585711],[-2.35610523171914,50.7188532215422],[-2.35607511746391,50.7188514046343],[-2.35606602919236,50.7188437912599],[-2.35607503059143,50.7188399426204],[-2.35623170447801,50.7188585659716],[-2.35643354762958,50.7188789597663],[-2.35646065180084,50.7188807867138],[-2.35647268204517,50.7188788397328],[-2.35638080774826,50.718672809453],[-2.35637470060656,50.7186613685982],[-2.35636862384736,50.718653746012],[-2.35638063386896,50.7186498872233],[-2.35648764568056,50.7188673315522],[-2.35649677751254,50.7188806759007],[-2.35650282675079,50.7188844784039],[-2.35667452680288,50.718899233106],[-2.35672268593706,50.7188990852905],[-2.35674982481847,50.7189047340235],[-2.35675901474937,50.7189257184946],[-2.35679523638251,50.7189389796557],[-2.35684348826944,50.7189502919877],[-2.35684932660985,50.7189537390039],[-2.3568549334859,50.7189392082342],[-2.35682716786635,50.7188890936282],[-2.3566224084029,50.7185073049868],[-2.3566053149189,50.718506001319],[-2.3565861633727,50.7185155466379],[-2.35675541840027,50.7188660638047],[-2.35675331314239,50.7188701350335],[-2.35674692677622,50.7188728659809],[-2.35673611237043,50.7188552794959],[-2.35657552540069,50.7185210010654],[-2.35648822794314,50.7185565073524],[-2.35649257216436,50.718565983277],[-2.35663968490489,50.7188135608802],[-2.35663972605482,50.7188189816411],[-2.35663546409281,50.7188203490427],[-2.35662470259945,50.7188095393932],[-2.35647119191776,50.7185633384169],[-2.35641155951122,50.718585205766],[-2.35650919991405,50.7187868550074],[-2.35650709605485,50.7187909262275],[-2.35650065685122,50.7187868812146],[-2.3563945028763,50.7185893228416],[-2.35638811652728,50.7185920537695],[-2.35629230660745,50.7186316534769],[-2.35630091132177,50.7186397602252],[-2.35637054210254,50.718808964733],[-2.35636843681382,50.7188130359549],[-2.35636202986716,50.7188130556016],[-2.35635552898357,50.7188008776407],[-2.35627956187647,50.7186411800016],[-2.35627311383898,50.7186357779829],[-2.35625820782633,50.7186412454656],[-2.35619859012523,50.7186658258012],[-2.35620075705713,50.7186698839254],[-2.35624178834833,50.7187293951073],[-2.35624181916944,50.7187334597789],[-2.35622899217534,50.7187321420778],[-2.35621392313398,50.7187159256067],[-2.35618369011226,50.7186726475783],[-2.35617943843113,50.7186753710528],[-2.35616240796328,50.7186821993568],[-2.35597705037541,50.7187424033328],[-2.35598354690326,50.7187545813278],[-2.35605276586357,50.7188695748142],[-2.3560763014694,50.7188749226916],[-2.35633079128553,50.7189188703757],[-2.35633295824061,50.7189229284973],[-2.35632231412513,50.7189270285974],[-2.35626029415289,50.718916375167],[-2.35604858605708,50.7188817855149],[-2.35603139576624,50.7188682841645],[-2.35596208869159,50.7187410930405],[-2.35590125032976,50.7186043893866],[-2.35582553709851,50.7184772177972],[-2.35579317875443,50.7184353022962],[-2.35577604569261,50.7184285786403],[-2.35570546156054,50.7184152397922],[-2.35559013040496,50.7184155927448],[-2.3554472113083,50.7184390714352],[-2.35521689127666,50.7184845015826],[-2.3551559941107,50.7184845375268],[-2.3551343847971,50.7184815576889],[-2.35511744811163,50.7184618233879],[-2.35504714245958,50.718363102524],[-2.35489847525829,50.718051523798],[-2.35452077401264,50.7173484469282],[-2.35439179617821,50.7171022591903],[-2.35428207154258,50.7169282323573],[-2.35428442654446,50.7169221361209],[-2.35429638252843,50.7169175340013],[-2.35431552551731,50.7169113865791],[-2.35434175153812,50.7169212742842],[-2.35446304803894,50.7171413298221],[-2.35467051249343,50.7175276661813],[-2.35489376605525,50.7179604892174],[-2.35506614748378,50.7183003985018],[-2.3551367190892,50.7184603580173],[-2.35516379182927,50.7184676224354],[-2.35529870407004,50.7184451676785],[-2.35565704729792,50.7183681476546],[-2.35601125665061,50.7182544025137],[-2.35654243307948,50.718066635631],[-2.35677936690286,50.7179970187655],[-2.35681024238036,50.7179969239712],[-2.35681035398176,50.7180116188393],[-2.35675257455094,50.7180264905393],[-2.35667943666144,50.7180512061569],[-2.35667179109285,50.7180610264296],[-2.35668735972838,50.7180781244073],[-2.35680878181511,50.718312872333],[-2.35680885620973,50.718322668012],[-2.35679729624471,50.7183251522561],[-2.35677786893253,50.7183080688376],[-2.35664481274093,50.7180660094292],[-2.35661779718911,50.7180660923347],[-2.35644845270011,50.7181278396714],[-2.35645238133068,50.7181376235287],[-2.35646804282111,50.7181669668092],[-2.35658957982186,50.7184164089142],[-2.35658579559318,50.7184262173321],[-2.35656647982887,50.7184238269475],[-2.35654308104038,50.7183920604661],[-2.35641383005984,50.7181426419712],[-2.35640611152035,50.7181426656432],[-2.35639460731748,50.7181524977311],[-2.35625986216442,50.718196994716],[-2.35625997358768,50.7182116886848],[-2.35627164500091,50.7182239011606],[-2.35643164543225,50.7184560815401],[-2.35641236682294,50.7184585894191],[-2.35640065818356,50.7184414822658],[-2.35621753801899,50.7182142702177],[-2.35620983804004,50.718216743471],[-2.35618287809992,50.71822417326],[-2.35602891532841,50.7182785247821],[-2.35601739245083,50.7182859072382],[-2.35602910093908,50.7183030180274],[-2.35618544042318,50.7185621498209],[-2.3561816417768,50.7185695086182],[-2.35615455167529,50.7185597957372],[-2.35599050669167,50.7183031362591],[-2.35597120956786,50.7183031953701],[-2.35594810811568,50.7183106132853],[-2.35576328762863,50.718367510414],[-2.3557209816732,50.7183872326313],[-2.35572879297064,50.7183994542784],[-2.35576742439053,50.7184042344227],[-2.35579453429012,50.7184163969837],[-2.3558177642333,50.7184261217671],[-2.35583331413409,50.7184407711626],[-2.3558450582578,50.7184627775655],[-2.35586073801283,50.7184945678222],[-2.35588394945947,50.7185018438974],[-2.35598447541028,50.7185260289211],[-2.35599612825534,50.718535790031],[-2.35602754232012,50.7186067201869],[-2.35601984226012,50.7186091925282],[-2.35600048933883,50.71860190466],[-2.3559703204312,50.7185384482337],[-2.35595399792279,50.7185299010699],[-2.35586716380715,50.7185112550532],[-2.35586721590234,50.7185181326217],[-2.35590280962759,50.7185678826526],[-2.35596895090374,50.7187155341401],[-2.35598526922314,50.7187240804153],[-2.35599881685176,50.7187240389153],[-2.35612311395163,50.7186806785816],[-2.35678766428481,50.718427628331],[-2.35687415026183,50.7183998554592],[-2.35698481977768,50.7183462185531],[-2.35705240797142,50.7183270980599],[-2.35709851244712,50.7183338350278],[-2.35712569895073,50.7183457857134],[-2.35715859572599,50.7183972612882],[-2.35720002259292,50.7185002891053],[-2.35718647503056,50.7185003307449],[-2.35717820470061,50.7184814442081],[-2.35711497882355,50.7183612908483],[-2.35707960186832,50.7183407690649],[-2.3570281533938,50.7183443668993],[-2.35695791327744,50.7183703705549],[-2.35687154493518,50.7184136162193],[-2.35687701817623,50.7184204771405],[-2.35689903921049,50.7184668287875],[-2.35711620475684,50.7188882058057],[-2.35711624877128,50.7188939961637],[-2.35711016478253,50.718894014859],[-2.35710094863583,50.7188824603934],[-2.35686016055597,50.7184256053687],[-2.35685407096165,50.7184256240681],[-2.35682366314411,50.7184276473018],[-2.35664164316466,50.718497713543],[-2.35664167249098,50.7185015767796],[-2.35664785902537,50.7185150731418],[-2.35686404694397,50.718937250385],[-2.35686713080025,50.7189430314083],[-2.35685805992103,50.7189507814187],[-2.35685009215244,50.7189541907919],[-2.35694327801983,50.7190092052202],[-2.35735140047679,50.7192371849207],[-2.35775362436485,50.7194804637973],[-2.35775673634076,50.7194938247798],[-2.35775073057798,50.7194957551463],[-2.35774168553725,50.7194938711104],[-2.35768729620482,50.719467295597],[-2.35766920757719,50.719463530208],[-2.35765418162239,50.7194673975107],[-2.35752171582423,50.7194658932155],[-2.35747053001112,50.7194641414878],[-2.35744343574795,50.7194642248236],[-2.35723885547225,50.7194801354043],[-2.3572268003155,50.7194782632791],[-2.35721172045644,50.7194744876715],[-2.35713853131861,50.7193505457019],[-2.35712939496988,50.7193372023169],[-2.35713236154797,50.7193314611613],[-2.35713840061854,50.7193333526833],[-2.35721153165077,50.7194496563096],[-2.35722067831853,50.7194649097365],[-2.35723274800914,50.7194686936965],[-2.35740727165787,50.7194586049063],[-2.35744333400744,50.7194508527761],[-2.35723738840224,50.7192872029227],[-2.35721916774751,50.7192662462481],[-2.35722815460205,50.7192604865849],[-2.35745528602578,50.7194393555335],[-2.35746741385523,50.7194507787122],[-2.35765407982874,50.7194540263626],[-2.35766308120692,50.7194501767016],[-2.35766302303477,50.7194425356601],[-2.35726989272314,50.7192068697379],[-2.35696457973667,50.7190397037753],[-2.35692528554627,50.7190188108826],[-2.35691324502408,50.7190188478615],[-2.35697734600901,50.7191351793691],[-2.35698045633127,50.7191485412765],[-2.3569986665624,50.7191675870408],[-2.35727736572699,50.7193978763762],[-2.35728949208598,50.7194092995778],[-2.3572895356712,50.7194150305839],[-2.35727751099017,50.7194169776315],[-2.35699882623215,50.7191885992321],[-2.35698977705134,50.7191867178486],[-2.35710068879072,50.7195206771132],[-2.35711594147566,50.7195473740656],[-2.35712498648816,50.7195492563515],[-2.35715510689619,50.7195510729709],[-2.35729650030306,50.7195391778768],[-2.35758529407475,50.7195134550132],[-2.35766651169903,50.7195055647676],[-2.35768158129132,50.7195074275699],[-2.35768162492451,50.7195131585758],[-2.35719134365929,50.719566245842],[-2.3571130765221,50.7195664863688],[-2.35710404744194,50.7195665141131]]],[[[-2.36206086037743,50.7193979090309],[-2.36114345671572,50.7192449200271],[-2.36113870951405,50.7192419365631],[-2.36114339911177,50.7192374264659],[-2.36115756449134,50.7192373824474],[-2.36205362471587,50.7193784521629],[-2.36205831422527,50.7193739402305],[-2.36205824493624,50.7193649493965],[-2.36200260407101,50.7191927954605],[-2.36198841419559,50.7191898423417],[-2.36196950160377,50.7191869057287],[-2.36106639433909,50.7190503527952],[-2.36105687839521,50.7190413922083],[-2.3610615550573,50.7190353848453],[-2.3610780888174,50.7190353334782],[-2.36198826411551,50.719170364299],[-2.36199293640071,50.7191643542141],[-2.3619929017627,50.7191598587969],[-2.36193984775072,50.7190161690282],[-2.36192328078428,50.7190117250958],[-2.36190437837172,50.7190102839515],[-2.3612329563026,50.7189074784165],[-2.36099377192789,50.7188697735821],[-2.36099136875983,50.7188637855147],[-2.36099839098721,50.7188562708612],[-2.36100548797864,50.7188577488234],[-2.36192514251144,50.7189972453079],[-2.36193222374789,50.7189972232557],[-2.36193688873784,50.7189897158862],[-2.36188843952648,50.718831026067],[-2.36187657648908,50.7188235701641],[-2.36185532577544,50.7188236363313],[-2.36135653381338,50.7187532607774],[-2.3609191008326,50.718678197033],[-2.36091907780026,50.7186751988888],[-2.36092376170364,50.7186706897169],[-2.3609379325788,50.7186706457073],[-2.36180085180057,50.7188028265086],[-2.36183394669413,50.7188072190019],[-2.36185757171699,50.7188086454532],[-2.36186459521394,50.7188011307429],[-2.36186452596337,50.718792139908],[-2.36182091385712,50.7186484188815],[-2.36180910999512,50.7186484556295],[-2.36179493912799,50.718648499745],[-2.36081600814818,50.7184762185168],[-2.36081123804057,50.7184702395925],[-2.36082773708349,50.7184656937421],[-2.36178776562766,50.7186365337088],[-2.36180429358003,50.7186364822563],[-2.36181372456286,50.7186349546873],[-2.36181367839795,50.7186289601976],[-2.36174141325076,50.7184433712994],[-2.36172724244538,50.7184434154067],[-2.36169418667611,50.7184435182876],[-2.36082886698535,50.7183053486351],[-2.3608264826441,50.7183023587213],[-2.36082879794105,50.7182963586982],[-2.36084295294728,50.7182948165403],[-2.36161130667032,50.7184138066272],[-2.36171063379919,50.7184329769407],[-2.36172243760719,50.7184329402025],[-2.36172947686833,50.718426925458],[-2.36173176897197,50.7184179272728],[-2.36167382678782,50.7182532713676],[-2.36166201149903,50.7182518108271],[-2.36163128985648,50.7182489082109],[-2.360688054879,50.718110979945],[-2.36067619947937,50.7181050239039],[-2.36067853777484,50.7181020184311],[-2.36070687493342,50.7181019304827],[-2.36159809583412,50.7182310302921],[-2.36166660866398,50.7182353126272],[-2.36166892385032,50.7182293125872],[-2.36166640103709,50.7182083410186],[-2.36161578548092,50.7180751318595],[-2.36160607369224,50.7180593022875],[-2.36158715003519,50.7180548656407],[-2.36077162804553,50.7179435146873],[-2.36075739402561,50.7179345687217],[-2.36076443331552,50.7179285513372],[-2.36079517204708,50.7179344514448],[-2.36144048372245,50.718020856776],[-2.36158468494007,50.7180413876324],[-2.36158934564199,50.7180338802887],[-2.36158926492252,50.7180233921788],[-2.3615359136248,50.7178407398101],[-2.36153118961131,50.7178407545059],[-2.36148630329524,50.7178378968149],[-2.36090744267373,50.7177947406482],[-2.36091918292118,50.7177857131368],[-2.36094752574595,50.7177871251191],[-2.36152872454377,50.7178272764959],[-2.36153094745903,50.7178092856785],[-2.36149021884139,50.7177329902297],[-2.36147368695673,50.7177330416511],[-2.36145241225318,50.717730109605],[-2.36062101837407,50.7177027228583],[-2.36061382957619,50.7176892594876],[-2.3606279484709,50.7176832201428],[-2.36072245762951,50.7176904196741],[-2.3614924547246,50.7177164993799],[-2.36149471952885,50.7177045039661],[-2.36149460424289,50.7176895204371],[-2.36142955972816,50.7175218891713],[-2.3613709013808,50.7173813370656],[-2.36135224052767,50.7173754858879],[-2.36103935335475,50.7173551947498],[-2.36103930796792,50.7173492883864],[-2.36104672434187,50.7173457212635],[-2.36106162630327,50.7173468566266],[-2.36136703347284,50.7173624452208],[-2.36137255222723,50.7173541591337],[-2.36137247953992,50.7173447087726],[-2.36133248184027,50.7172267003501],[-2.36132317700072,50.7172267292803],[-2.36131013774582,50.717225589059],[-2.36096743868796,50.7172018463411],[-2.36095995313878,50.7171971447498],[-2.36096549576117,50.7171912210324],[-2.3609748096656,50.7171923728634],[-2.36131937757942,50.7172172914093],[-2.36132309524327,50.7172160981906],[-2.36132492015877,50.717211367675],[-2.36130360015446,50.7171015701477],[-2.36128867242954,50.7170968908152],[-2.36128308444191,50.7170969081871],[-2.36103350673619,50.7170787835341],[-2.36090309509022,50.7170650131776],[-2.3609030406443,50.7170579251846],[-2.36092724248999,50.7170578500229],[-2.36120850946163,50.7170817838145],[-2.36129603424636,50.7170862365847],[-2.36129972806829,50.71708268102],[-2.36129962815027,50.7170696875659],[-2.36127103732134,50.7169823596801],[-2.36125206016457,50.7169351639581],[-2.36124833343582,50.7169351755426],[-2.36123346451422,50.7169375841823],[-2.36122047841187,50.716943531049],[-2.36115171441518,50.7169579210879],[-2.36107352189711,50.7169569823964],[-2.3608146994807,50.7169471549205],[-2.36081093305916,50.7169412601123],[-2.36083510196142,50.7169376409909],[-2.36086861759691,50.7169387176831],[-2.36113487869585,50.716947341163],[-2.36116465853861,50.7169472486182],[-2.36119625846482,50.7169412439069],[-2.36124636320815,50.7169210062419],[-2.36124817903482,50.7169150940954],[-2.36124619063767,50.7168985615308],[-2.36122538865621,50.7168560999153],[-2.36120860886501,50.7168526079893],[-2.36118254247163,50.7168515073442],[-2.36108940435611,50.716843527849],[-2.36102043027523,50.7168307474745],[-2.36095528760853,50.7168321314836],[-2.36091252314205,50.7168381708028],[-2.36087537583653,50.7168489184049],[-2.36084187074953,50.7168490224427],[-2.36080464177314,50.7168491380324],[-2.36079161170217,50.7168491784858],[-2.36079528739611,50.7168432596729],[-2.36080643950443,50.7168408626286],[-2.36085484213274,50.7168418940037],[-2.36088273911819,50.7168382632962],[-2.36091618065921,50.716829887823],[-2.36098127795223,50.7168225983737],[-2.361040850803,50.716823594075],[-2.36109117339055,50.716831709348],[-2.36117314123456,50.7168397235577],[-2.36120850896608,50.7168396136353],[-2.36121595815905,50.716839590482],[-2.36121663631767,50.7168262798593],[-2.36118447009981,50.7167215717938],[-2.36116773574926,50.7167202991554],[-2.36075179893055,50.7167295506259],[-2.36074550929257,50.7167269163608],[-2.36074964570284,50.7167215977406],[-2.36088341442127,50.7167185286296],[-2.36118643842456,50.7167056465376],[-2.36131386639247,50.7166933097254],[-2.3613264411888,50.7166972517628],[-2.36132019687996,50.7167012523108],[-2.36127421004116,50.7167013952792],[-2.36121159535529,50.7167148552621],[-2.36120959644685,50.7167268012788],[-2.3612181210186,50.7167480023995],[-2.361280285974,50.716948134728],[-2.36132737038133,50.7170899422351],[-2.36136221542825,50.7172715865431],[-2.3614011378702,50.7174037440533],[-2.3614885232041,50.7176210462048],[-2.36151626735616,50.7176952525402],[-2.36151632860074,50.7177032119217],[-2.36150817119917,50.7177297698032],[-2.36151034502826,50.7177403773026],[-2.36154641427701,50.717809251951],[-2.36155722533979,50.7178556529005],[-2.36160860249331,50.7180120396895],[-2.36162586363146,50.7180632874924],[-2.36169614863348,50.7182315561092],[-2.36181801692486,50.7185827432292],[-2.36188012777226,50.7187612224745],[-2.36191642460722,50.7188592834838],[-2.36201714275769,50.7191786952515],[-2.3621026158799,50.7194185569199],[-2.36215831088492,50.7195493219508],[-2.36218818017605,50.7196275017225],[-2.36219257804968,50.7196553505583],[-2.36220232474303,50.719676189886],[-2.36220031418705,50.7197211513989],[-2.36218877009228,50.7197556524645],[-2.36217701215186,50.7197616819395],[-2.36216756515589,50.7197617113782],[-2.36216751895787,50.7197557186883],[-2.3621745005967,50.7197422112575],[-2.36217402696196,50.7196807735962],[-2.36216649085497,50.7196223552586],[-2.36207742323656,50.7194023520575],[-2.36207267598755,50.7193993722286],[-2.36206086037743,50.7193979090309]]],[[[-2.36477869932024,50.720244322095],[-2.36491547691833,50.7199616971241],[-2.36491536732196,50.7199475876873],[-2.36490687877779,50.7199282149634],[-2.36483595845673,50.719743246054],[-2.36475934013484,50.7195623354679],[-2.36474822307249,50.7195623703572],[-2.36471488557538,50.7195642384737],[-2.36442341554178,50.7196110099878],[-2.36441785700464,50.7196110274165],[-2.36441780227486,50.7196039717982],[-2.36444280200131,50.7196021290125],[-2.36472868606273,50.7195518497821],[-2.36475365835888,50.7195464791206],[-2.36475358990124,50.7195376618459],[-2.36474790813724,50.7195218063975],[-2.3646853131449,50.719335049561],[-2.36467141830058,50.7193350931592],[-2.36466312160118,50.7193404087858],[-2.36375559334472,50.7195108065843],[-2.36373890410723,50.71950909442],[-2.36373886313998,50.7195038031557],[-2.3637638218844,50.7194966710496],[-2.36467965879208,50.7193227192201],[-2.36467963142177,50.7193191932094],[-2.36467096653017,50.7192768919497],[-2.36464268123272,50.7192134857763],[-2.36463435719162,50.7192152762894],[-2.36461494352742,50.7192206267901],[-2.3640460930953,50.7193388152445],[-2.36402940392945,50.7193371058195],[-2.36402933558731,50.7193282858464],[-2.36407098337621,50.7193228657971],[-2.36463148212506,50.719202939025],[-2.36463699954586,50.7191976303216],[-2.36463687634212,50.7191817565284],[-2.36460563398721,50.7190954332493],[-2.36458620103195,50.7190990221066],[-2.36455011339534,50.719104424901],[-2.36421462937805,50.7192095356815],[-2.36397601999154,50.719263196212],[-2.36389276691614,50.7192793310853],[-2.36388993301017,50.7192722832689],[-2.36390377462258,50.7192651868383],[-2.3640896727023,50.7192240369807],[-2.36421453367313,50.7191971905967],[-2.36434484639682,50.7191562172056],[-2.36446963861619,50.7191205505747],[-2.36451951441293,50.7191009947785],[-2.36456114823807,50.7190938084008],[-2.36459722783896,50.7190866412308],[-2.36459715939783,50.7190778221568],[-2.3645517704287,50.7189597948797],[-2.36454621196868,50.7189598123146],[-2.36453508136555,50.7189580837286],[-2.36382746469259,50.7191013997603],[-2.36382189255205,50.7190996528063],[-2.36382461715083,50.719092588487],[-2.36383570679641,50.7190890276747],[-2.36453776479951,50.7189457290269],[-2.36453773742626,50.7189422012174],[-2.36453764163736,50.7189298561322],[-2.36450657752733,50.7188664613372],[-2.36448994321721,50.718871803101],[-2.36367939624855,50.719003095614],[-2.36366548642693,50.7190013747424],[-2.36366543181129,50.7189943191231],[-2.36367649413721,50.7189872305161],[-2.3645009506488,50.7188576587964],[-2.36450092329933,50.7188541336846],[-2.36450082749947,50.7188417859014],[-2.36448364590643,50.7187765831624],[-2.3644725427172,50.71877838238],[-2.36443366099109,50.7187820295045],[-2.36416436095541,50.7188199133843],[-2.3641588025117,50.7188199308008],[-2.36415873416743,50.7188111135248],[-2.36417261659777,50.7188093056286],[-2.36444191657292,50.7187714226289],[-2.36447521247688,50.7187642642243],[-2.3644751851085,50.7187607364146],[-2.36447226906341,50.7187431078805],[-2.36443825841485,50.7186732807271],[-2.3644132412473,50.7186733591713],[-2.36437991805096,50.7186769915472],[-2.36372186686462,50.7187601827269],[-2.36370237138721,50.718754954143],[-2.3637023304182,50.7187496619787],[-2.36373009528417,50.7187460471926],[-2.36442705381626,50.7186627339731],[-2.36443814896676,50.7186591712868],[-2.36443808054953,50.7186503513128],[-2.36439558105852,50.7185464273903],[-2.36436777532574,50.71854475107],[-2.36434555535723,50.7185465842285],[-2.36352647122632,50.7186514446027],[-2.36351532708172,50.7186479515647],[-2.36350971406635,50.7186409133304],[-2.36353470535887,50.7186373099636],[-2.36436490037804,50.718532414697],[-2.36437319694818,50.7185270963931],[-2.36437592143126,50.7185200320601],[-2.36437586672384,50.718512978239],[-2.36434730875337,50.7184143001823],[-2.36429722848309,50.71840740138],[-2.36408058492506,50.7184257179346],[-2.36359724721123,50.7184589785336],[-2.36356667600357,50.7184590741724],[-2.36356663505027,50.7184537820078],[-2.36357773819799,50.7184519828763],[-2.36368327955348,50.718442835167],[-2.36428047125222,50.7183968720166],[-2.36432771759772,50.7183967239185],[-2.36433882070944,50.7183949256138],[-2.3643387659869,50.7183878690947],[-2.36427930888715,50.7182469594277],[-2.36426263375949,50.718247011693],[-2.36425153067975,50.7182488099905],[-2.36329955622395,50.7184193445362],[-2.36329121862864,50.718419370599],[-2.36329117770641,50.7184140784343],[-2.36330781197106,50.7184087341433],[-2.36427084825434,50.7182311126638],[-2.36427360008164,50.7182275752436],[-2.36427349069168,50.7182134667014],[-2.36425045047267,50.7181094817271],[-2.36423933375337,50.7181095165682],[-2.36421158295957,50.718114893133],[-2.36386737156762,50.7181688843618],[-2.36385903543378,50.7181689104608],[-2.36386174489286,50.7181600817892],[-2.36387283430199,50.7181565191741],[-2.36424200352526,50.7180953957184],[-2.3642447143456,50.718086569731],[-2.36424464598698,50.718077752454],[-2.36416568209974,50.717929847168],[-2.36415715320013,50.7179051804198],[-2.36414051921064,50.7179105248326],[-2.36408502584917,50.7179230440802],[-2.3638326296604,50.7179890929298],[-2.36368857261244,50.7180495108559],[-2.36360571598818,50.7181167902382],[-2.36360563409467,50.7181062086061],[-2.36363324842378,50.7180831922352],[-2.36367742859189,50.7180460169339],[-2.36382423183839,50.7179820634281],[-2.36415151284878,50.7178946162038],[-2.36415982300633,50.7178910622692],[-2.36415972732027,50.7178787171815],[-2.36413377688685,50.7177914068527],[-2.36412821856475,50.7177914242678],[-2.36411711559431,50.717793223452],[-2.36345465980791,50.7180245815127],[-2.36344632228278,50.7180246075866],[-2.36344628134366,50.7180193154216],[-2.36346568098301,50.7180121989608],[-2.36412253722573,50.7177755687844],[-2.36408298237941,50.7176927983918],[-2.36407464491372,50.7176928245107],[-2.36406074913754,50.7176928680409],[-2.36382508231107,50.7177659184677],[-2.36360341409153,50.7178530335041],[-2.36359785576182,50.7178530508939],[-2.36359504929553,50.7178495317783],[-2.3636199389438,50.7178335824227],[-2.36388041962643,50.717733997753],[-2.36408006654972,50.7176751698448],[-2.36408001188833,50.7176681160226],[-2.36404866224916,50.7175676831298],[-2.36403197369164,50.7175659710074],[-2.36402089808291,50.7175712952951],[-2.3638909352306,50.7176563628076],[-2.36355828014713,50.717766753396],[-2.3634610325964,50.7177705854656],[-2.36305829686805,50.7178035917544],[-2.36304995938175,50.7178036178001],[-2.36304989122714,50.7177947978242],[-2.36307489004664,50.7177929553306],[-2.36355263994703,50.7177561891509],[-2.36356095012567,50.7177526352589],[-2.36387977763065,50.7176511054492],[-2.36388529495525,50.7176457967799],[-2.36402355424844,50.7175554136913],[-2.36402898957232,50.7175395251807],[-2.36402882558413,50.7175183601164],[-2.36401757235422,50.7175007576824],[-2.36398422262742,50.7175008621359],[-2.36363160975988,50.7175460588131],[-2.36357329004832,50.7175515335682],[-2.36356771810123,50.7175497866017],[-2.36356766350307,50.7175427309806],[-2.36358989525864,50.7175426614299],[-2.36398693346248,50.7174920361537],[-2.36400912560779,50.7174866743532],[-2.36400909827564,50.7174831465427],[-2.36400902996268,50.7174743292646],[-2.36397465553284,50.7173421583552],[-2.36395238146146,50.7173369358182],[-2.36392457647374,50.7173352611909],[-2.36389102336738,50.7173089083826],[-2.36387430760645,50.7173036711247],[-2.36384101264378,50.7173108293601],[-2.36374659981812,50.7173217085894],[-2.36299167814759,50.7174545840343],[-2.36297779605018,50.7174563890927],[-2.36297774155465,50.7174493352698],[-2.36298880360827,50.7174422449275],[-2.36389084579854,50.7172859816601],[-2.36389366591819,50.7172912651238],[-2.36390764353503,50.7173018032468],[-2.36394004243793,50.7173228853566],[-2.36396725640324,50.7173301859614],[-2.3639886200308,50.7173338115185],[-2.36399641622919,50.7173387097885],[-2.36400818226721,50.7173546766172],[-2.36405226252817,50.7175367211511],[-2.36408190370391,50.7176067941296],[-2.36413339389521,50.7177432702133],[-2.3641690260106,50.7178354800875],[-2.36417341959796,50.7179019378868],[-2.364187244824,50.7179339019238],[-2.3642364433925,50.718024838141],[-2.36427403703693,50.7180849733227],[-2.3642780681251,50.7181046559328],[-2.3642983657513,50.7182203033354],[-2.36435402346867,50.7183936962931],[-2.36440556306044,50.718536326797],[-2.36449065397725,50.7187527103445],[-2.36450057114547,50.7187809914353],[-2.36452643472838,50.7188646166744],[-2.36466724028313,50.7191999752012],[-2.36474096432151,50.7194508629107],[-2.36480838635729,50.719640220584],[-2.36486566186553,50.7197717527701],[-2.36493315957616,50.7199377197252],[-2.36495689829282,50.7199967309059],[-2.36500254716698,50.7201295333465],[-2.36503462379651,50.720263607717],[-2.36501912583836,50.7202661186326],[-2.36501713873634,50.7202599701673],[-2.36500697228296,50.720199685257],[-2.36497118368209,50.7200877782174],[-2.36495117611553,50.7200090600847],[-2.36493936128604,50.719986939701],[-2.36493547175817,50.7199857198933],[-2.36493239926014,50.7199933914483],[-2.36479560797221,50.7202742520835],[-2.36478449074149,50.7202742869762],[-2.36477333243985,50.7202690324029],[-2.36477869932024,50.720244322095]]],[[[-2.36440832807203,50.7204013039098],[-2.36440573971828,50.7203886752744],[-2.36387826271529,50.7204187614692],[-2.36386327601476,50.7204124900132],[-2.36385824781781,50.7204061864802],[-2.36438821503312,50.7203760934676],[-2.36440315278251,50.7203760466344],[-2.36441308112445,50.7203728581167],[-2.36441519162007,50.7203238836404],[-2.36440980004737,50.7202701952527],[-2.36440976328643,50.7202654561367],[-2.36440721311719,50.7202575666126],[-2.36438729616823,50.720257629057],[-2.36400415355139,50.7202825239966],[-2.36398674340381,50.7202841576657],[-2.36397672515363,50.7202762915202],[-2.3640836956329,50.72026805806],[-2.36447677206419,50.7202399743179],[-2.3644867168667,50.720238363987],[-2.36448668009805,50.720233624871],[-2.36443654102492,50.7198673234974],[-2.36443393384675,50.7198515348333],[-2.36443884612575,50.7198436237086],[-2.36444886576308,50.719851488012],[-2.36450647022973,50.7202177668683],[-2.36451155976914,50.7202319677012],[-2.36451158428092,50.7202351268121],[-2.36453896369767,50.7202350409409],[-2.3646235705866,50.7202316163563],[-2.36466346811135,50.720240968747],[-2.36469352176971,50.7202645661095],[-2.36470601821269,50.7202708461726],[-2.36470357835119,50.7202771722043],[-2.36469609651858,50.7202756156375],[-2.36466859305023,50.7202599059957],[-2.36464610705123,50.7202489216357],[-2.36462117833773,50.7202442606125],[-2.36454900797075,50.7202460670439],[-2.36444454677204,50.7202574495533],[-2.36443211588676,50.7202590676758],[-2.3644271611555,50.7202622423992],[-2.36443032540401,50.7203491096908],[-2.3644236522525,50.720451801966],[-2.36441623308521,50.7204581436035],[-2.36440377764813,50.7204566035113],[-2.36440832807203,50.7204013039098]]],[[[-2.36248323076881,50.7203677993592],[-2.36251548060613,50.7203603767973],[-2.36253858197934,50.7203632319114],[-2.3625616791195,50.7203660888328],[-2.3625685453978,50.7203587454371],[-2.36255404295432,50.7202738568317],[-2.36253387585462,50.7201530243952],[-2.36235862570107,50.7196075827494],[-2.36224719698226,50.7192724447046],[-2.36208525715867,50.7188241513218],[-2.36192300082127,50.7182819598347],[-2.36179576212843,50.7179123343975],[-2.36159094667841,50.7172702833609],[-2.36156948249953,50.7171749674906],[-2.36157719282983,50.7171667195432],[-2.36159022594381,50.7171816035213],[-2.36163280805417,50.7173176578423],[-2.36165126478875,50.7173176004078],[-2.36254682212648,50.7173484900896],[-2.36255610983181,50.7173557830952],[-2.36254230187655,50.717360219179],[-2.36163983324718,50.7173308150048],[-2.36163755819681,50.7173352150922],[-2.36163760329196,50.7173410737945],[-2.36168040125972,50.71750494773],[-2.36170858534114,50.7175692928912],[-2.36172703656888,50.7175677714261],[-2.36183997796716,50.7175513118403],[-2.36221797621851,50.7174944883549],[-2.36243013635583,50.7174777189113],[-2.36259624052694,50.7174728077736],[-2.36260781311357,50.7174771646744],[-2.36260094726017,50.7174845080763],[-2.36256633545164,50.7174846160621],[-2.36237719199201,50.7174939920069],[-2.3622111780346,50.7175106175385],[-2.36196453696468,50.7175450678116],[-2.36172022552503,50.7175824374833],[-2.36171795188661,50.7175868375677],[-2.36171800825646,50.7175941593714],[-2.36172507718427,50.7176131725368],[-2.36174356927417,50.7176175079857],[-2.36178511485273,50.7176188444944],[-2.36270824745755,50.7176335391144],[-2.36271517688698,50.7176349806247],[-2.36271522211695,50.7176408393263],[-2.3627036989372,50.7176423384268],[-2.36265295597946,50.7176454266518],[-2.36174138441609,50.717633622781],[-2.36173679205068,50.7176365669462],[-2.36173683715175,50.7176424247488],[-2.36173920097304,50.7176497375717],[-2.36176525256266,50.7177360561923],[-2.36178142452748,50.7177389321236],[-2.36188764978635,50.717748853245],[-2.36265632592099,50.7177830661148],[-2.36266790990448,50.7177888888089],[-2.36266330626756,50.7177903672112],[-2.36262867868487,50.7177890112276],[-2.36177229899221,50.7177521422516],[-2.36177694350344,50.7177565208011],[-2.36180774546897,50.7178603948547],[-2.36184699504594,50.7178631998282],[-2.36264360996254,50.7179295426847],[-2.36277075112656,50.7179371027603],[-2.36278233516224,50.7179429254429],[-2.36278006160611,50.7179473255478],[-2.36274543814016,50.717945967787],[-2.36259075244884,50.7179362013464],[-2.36182648722,50.7178756144597],[-2.36182189482943,50.7178785577289],[-2.36182193992765,50.7178844137327],[-2.36185998593614,50.7180307339534],[-2.36187386749018,50.7180350837376],[-2.3619131510701,50.7180422833894],[-2.36232869394503,50.7180658826104],[-2.36272813006329,50.7180953876675],[-2.3628342729032,50.7180950563368],[-2.36284351556836,50.7180964924161],[-2.36283893311001,50.7181008997306],[-2.3628227835543,50.7181009501492],[-2.36273740522523,50.7181012166614],[-2.36261966702148,50.7180942621048],[-2.3621648725533,50.7180678572733],[-2.36187626520255,50.7180467912577],[-2.36187634415062,50.7180570410626],[-2.36192125936234,50.7181960169929],[-2.36195822288546,50.7182017580203],[-2.36200440793531,50.7182060071758],[-2.36286554113634,50.7182589685275],[-2.36288631703088,50.7182603667946],[-2.36288635096143,50.7182647596962],[-2.36287715350608,50.718269181422],[-2.36286563161495,50.7182706832316],[-2.3619306134048,50.7182120958555],[-2.36192837359689,50.7182208888453],[-2.3619755401931,50.7183525339637],[-2.36199173497077,50.7183583414644],[-2.36203563525707,50.7183655275949],[-2.36273311697494,50.7184424268902],[-2.36294804195478,50.7184615833234],[-2.36294118733516,50.7184703925433],[-2.36292734090533,50.7184704357834],[-2.36198045820217,50.7183694180093],[-2.36198049204817,50.7183738109111],[-2.36198052589417,50.7183782038128],[-2.36202084786159,50.7185201220775],[-2.36203239243171,50.7185215519501],[-2.36205549428111,50.7185244062566],[-2.36301172346026,50.7186400390943],[-2.36301640778416,50.7186488104774],[-2.36300489144321,50.7186517754198],[-2.36203250525928,50.7185361937565],[-2.36203023160445,50.7185405938462],[-2.36203258424973,50.7185464444598],[-2.36207519287149,50.7186854257092],[-2.36208674314996,50.7186868555587],[-2.36213754371467,50.7186910902829],[-2.36306614566325,50.7188141289469],[-2.36306617960432,50.7188185209488],[-2.36305467453834,50.7188229498966],[-2.36305006939601,50.7188244283182],[-2.36208454848133,50.7187015045538],[-2.36208461619359,50.7187102903568],[-2.36213894334478,50.7188726677375],[-2.36215281950745,50.7188770175056],[-2.36311854226893,50.7190248331918],[-2.3631185762221,50.7190292260928],[-2.36310937863943,50.7190336478362],[-2.36215290981035,50.7188887322089],[-2.36215071940284,50.7189033811915],[-2.36219803971987,50.7190555294261],[-2.36220742195558,50.7190781702591],[-2.36222360996045,50.7190825119147],[-2.36253067137951,50.7191020554926],[-2.36256765267456,50.7191092630072],[-2.36259545468135,50.7191238202272],[-2.36264644933412,50.7191529481308],[-2.36274813778172,50.719173131785],[-2.36299523796676,50.7191972542836],[-2.36318231834365,50.7192186366584],[-2.36322626488946,50.7192316783422],[-2.36325182047967,50.7192535626066],[-2.36329450131097,50.7194013309961],[-2.36329930890858,50.7194262099734],[-2.3632901226003,50.7194320975297],[-2.36328547353234,50.7194277190549],[-2.363256957814,50.7193209083874],[-2.3632241384921,50.7192551149577],[-2.36319864374647,50.7192405497774],[-2.36311544639335,50.7192247017512],[-2.362725154277,50.7191849185031],[-2.36264884729734,50.719164655633],[-2.3625932714646,50.7191399350299],[-2.36254228957286,50.7191122710992],[-2.36248691722323,50.7191139078516],[-2.36222597536836,50.7190898274193],[-2.36222371159002,50.7190956933159],[-2.36222616729971,50.7191147208255],[-2.36229236903982,50.7193209893843],[-2.36229942719394,50.7193385412067],[-2.36232250547706,50.719338469262],[-2.36238923226922,50.7193133681163],[-2.36250885166747,50.7192646701985],[-2.3625480572675,50.7192616189339],[-2.36260580514098,50.719268760755],[-2.3629870600175,50.719333466635],[-2.36316965459411,50.7193709692346],[-2.36317676968396,50.7193958428049],[-2.36320266072024,50.719461657898],[-2.36319345174318,50.7194646156472],[-2.36318881399874,50.719461701169],[-2.36315835173724,50.7194017565],[-2.3631443578859,50.7193827632632],[-2.36312818526546,50.7193798866221],[-2.36306578813561,50.7193683665762],[-2.36254587402835,50.7192777337354],[-2.36252280144179,50.7192778057066],[-2.36249282174545,50.7192808281876],[-2.36237094978262,50.7193368523915],[-2.36229958528887,50.7193590417108],[-2.36231140676473,50.7193956147454],[-2.36232296850877,50.7193985076728],[-2.3623738107837,50.7194085983095],[-2.36280146065869,50.7195039129764],[-2.36334458639082,50.7196120432493],[-2.36334463170242,50.7196179019487],[-2.36333545100782,50.7196237867929],[-2.36332388914646,50.7196208939659],[-2.36233693519434,50.7194145721209],[-2.36232772615778,50.7194175280032],[-2.3623277713423,50.7194233867031],[-2.36236549972227,50.7195272398941],[-2.36237938738501,50.7195330527361],[-2.36241410095022,50.7195461235137],[-2.3633692480565,50.719765203393],[-2.36335316163209,50.7197740396987],[-2.36237527783123,50.7195471870194],[-2.36238000589551,50.7195618162317],[-2.36242974251983,50.7197271349459],[-2.36245059955958,50.7197387848865],[-2.36248988463857,50.7197459825444],[-2.36343067067988,50.7199495221131],[-2.36343302356384,50.7199553717979],[-2.36342612207993,50.7199583223494],[-2.3624391775287,50.7197534626618],[-2.36244165031209,50.7197754217804],[-2.36248181107057,50.7198953735347],[-2.36250263288487,50.7199026305697],[-2.36253039013859,50.7199113300034],[-2.36350600727261,50.7201425832931],[-2.36349911141821,50.7201455320325],[-2.36348297957963,50.7201485123544],[-2.36346681232841,50.7201470988792],[-2.36250738363241,50.7199201895753],[-2.36250049480832,50.7199246040679],[-2.36250053999437,50.7199304600695],[-2.3625221471804,50.7200387564905],[-2.36253377122894,50.7200504352152],[-2.36255694026846,50.720062077925],[-2.36260780592551,50.7200750982582],[-2.3635143137948,50.7203212101333],[-2.36351205151458,50.7203270733516],[-2.36350284239474,50.7203300320239],[-2.36347278844147,50.7203228031396],[-2.36255246071349,50.7200796639231],[-2.36255252851653,50.7200884497238],[-2.36258575999755,50.7202084248516],[-2.36259503698382,50.7202142547499],[-2.36263206011107,50.7202273173585],[-2.36299984217175,50.7203389260809],[-2.36364069900481,50.7205384434924],[-2.36363155785071,50.720550187075],[-2.36361537911143,50.7205473078217],[-2.36259295554287,50.7202327334515],[-2.3625906818593,50.7202371335508],[-2.36259079488849,50.7202517780503],[-2.36261016264642,50.7203688665493],[-2.36262636244101,50.7203746730478],[-2.36266570461571,50.7203891942444],[-2.36316124097176,50.7206087675597],[-2.36332801298229,50.7206887862835],[-2.36344601835003,50.720729419323],[-2.36352004893872,50.7207526186663],[-2.36368210479543,50.7208194708199],[-2.36377941877396,50.7208704201121],[-2.36378179442163,50.7208791977891],[-2.36377033995297,50.7208894854859],[-2.36375651549757,50.7208924586227],[-2.36374264425359,50.720889572165],[-2.36355034112988,50.7207905960365],[-2.36343929234586,50.7207543343551],[-2.36332590921856,50.7207151508953],[-2.36314062106212,50.7206278671469],[-2.36293914503233,50.7205362433486],[-2.36270757063006,50.7204315296224],[-2.36261730019475,50.72039666815],[-2.36249250775314,50.7203736265677],[-2.36248323076881,50.7203677993592]]],[[[-2.363738997718,50.7204877723557],[-2.36274417070194,50.720196590568],[-2.36271299929454,50.7201877156879],[-2.36271293002406,50.72017874374],[-2.36272986710173,50.7201751009367],[-2.36369915579649,50.7204555965262],[-2.36371329745754,50.7204555522728],[-2.36372455038882,50.7204483380672],[-2.36371598742411,50.7204375986268],[-2.36364668869401,50.7202529854627],[-2.36363812154016,50.7202422469288],[-2.36362678387595,50.7202386924557],[-2.362604030321,50.7199924594717],[-2.36258701019296,50.7199853344801],[-2.36258409823039,50.7199745773272],[-2.36360970228868,50.7202243906129],[-2.36362667276523,50.7202243375198],[-2.36363224153632,50.7202135538591],[-2.3636086077929,50.7201120814555],[-2.36360848278884,50.7200959306909],[-2.36359992812718,50.7200869843896],[-2.36255737489318,50.7198390197693],[-2.36254034098332,50.7198301007408],[-2.3625402994219,50.7198247150537],[-2.36254592805215,50.7198211111481],[-2.36354881025558,50.7200584337286],[-2.36357148689646,50.7200655417852],[-2.36358846694376,50.7200672818414],[-2.36358842528275,50.7200618988527],[-2.3635883697301,50.7200547209348],[-2.36353634366629,50.719909533166],[-2.36353064994632,50.719904167856],[-2.36246261944506,50.7196526921387],[-2.36244559803822,50.7196455662313],[-2.36244271382479,50.7196383989329],[-2.36245681510684,50.71963296914],[-2.36349370552998,50.7198809550576],[-2.36351918458722,50.7198844653137],[-2.36353049721216,50.7198844299302],[-2.36349271978227,50.7197535528553],[-2.36347836044784,50.719724886295],[-2.36347549136885,50.7197195130477],[-2.3624047930102,50.7194877808583],[-2.36239061437198,50.7194824428496],[-2.36239054515783,50.7194734700012],[-2.36239616950109,50.7194698652167],[-2.36340740366831,50.7196910126967],[-2.36344423116624,50.7196998697041],[-2.36347252367858,50.7197015770987],[-2.36347811055367,50.7196925874611],[-2.36341194951493,50.7195474438357],[-2.36340622383472,50.719538488674],[-2.36339771095883,50.7195349262457],[-2.36329291972488,50.7195137195758],[-2.36247727619556,50.7193529732409],[-2.36246027975167,50.7193494363038],[-2.36246021053149,50.7193404643545],[-2.3624686941947,50.7193404378961],[-2.36322201749097,50.7194870255853],[-2.36323614497643,50.719485185561],[-2.3632445981033,50.7194815727935],[-2.36324448710536,50.7194672169562],[-2.36318674139488,50.7193130729351],[-2.36318096031129,50.7192969416417],[-2.36315261258221,50.7192880580559],[-2.36238257740745,50.7191738216513],[-2.36228632358839,50.719159766451],[-2.36227211737393,50.7191508376695],[-2.36226641823115,50.7191454732141],[-2.36226920554302,50.7191400814065],[-2.36313833681529,50.7192701574309],[-2.36318082158907,50.7192789968443],[-2.36320068425537,50.7192879078391],[-2.36320647922128,50.7193058340609],[-2.36326721891024,50.7194815020919],[-2.36326728826398,50.7194904713428],[-2.36327015874943,50.719495848188],[-2.3633579423067,50.7195117222347],[-2.36339755828251,50.7195151883185],[-2.3633539768648,50.7193645909352],[-2.36330141311903,50.7191967571387],[-2.36328132847712,50.7191591371826],[-2.36327274629773,50.7191466018965],[-2.36326418367483,50.7191358624207],[-2.3632585274523,50.7191358800997],[-2.36291311491081,50.7190813312294],[-2.3628593083079,50.7190707302967],[-2.36281686536753,50.7190672755544],[-2.36270659932337,50.7190694138022],[-2.3625539414756,50.7190752732419],[-2.36244079121467,50.7190702430428],[-2.3623756861608,50.7190614738928],[-2.36236715002372,50.7190543233153],[-2.36237560311958,50.7190507079127],[-2.36243507003442,50.7190612887188],[-2.36256802733512,50.7190680521069],[-2.36277156730767,50.7190602388639],[-2.36285074013406,50.7190599917074],[-2.36319049481056,50.7191145584427],[-2.36325560150431,50.7191233271332],[-2.36326973851551,50.7191232829466],[-2.36327251040824,50.7191160952907],[-2.36322897280244,50.7189708808363],[-2.36322891732075,50.7189637047155],[-2.36321188218555,50.7189547857883],[-2.36224088877192,50.7188160547959],[-2.36222948379906,50.7188035282317],[-2.36223511231049,50.7187999216426],[-2.36318913536067,50.7189387057156],[-2.36320611500757,50.7189404485253],[-2.36321739965181,50.7189368233131],[-2.36316519708767,50.7187683084583],[-2.36314816202858,50.7187593886223],[-2.3621263283754,50.7186279927276],[-2.36211496498982,50.7186208518402],[-2.36211773703006,50.7186136642112],[-2.36313108112665,50.7187450867062],[-2.36314522369036,50.7187450425168],[-2.3631508464582,50.7187414359012],[-2.36309297858284,50.7185711446386],[-2.36308727941024,50.7185657793236],[-2.36308441044041,50.7185604051664],[-2.363064603567,50.7185586711715],[-2.36206001949817,50.7184631103845],[-2.36205152642421,50.7184613436688],[-2.36204298618241,50.7184541912816],[-2.36204861465957,50.718450583802],[-2.36306734773713,50.7185478963583],[-2.36307581879492,50.7185460740224],[-2.36308142090477,50.7185388802264],[-2.36303226706146,50.7183990663544],[-2.36302935651367,50.7183883092053],[-2.36302084387503,50.7183847467488],[-2.36285673207522,50.7183709030643],[-2.36207544290648,50.7183094518676],[-2.36206127848027,50.7183059069493],[-2.36204992333478,50.7183005592041],[-2.36205552555204,50.7182933627594],[-2.36299773065639,50.7183675859431],[-2.363014696214,50.7183675329518],[-2.36302032461294,50.7183639263245],[-2.36301728786048,50.7183370184094],[-2.36297395831374,50.7182187205974],[-2.36297096460169,50.7181971956667],[-2.36296245201603,50.7181936350044],[-2.36288896446678,50.7181974517385],[-2.3628239422793,50.7181994506226],[-2.36202316074804,50.7181301678112],[-2.36198354747663,50.7181267039538],[-2.36197217039838,50.7181177672228],[-2.36258613983397,50.7181643023117],[-2.36284082461045,50.7181886289774],[-2.36294260371739,50.7181865179981],[-2.36295671697054,50.7181828848758],[-2.36291025403076,50.718025119107],[-2.36290168601632,50.7180143778218],[-2.36289598834987,50.7180090124925],[-2.36289033651224,50.7180090301405],[-2.36282809750315,50.7180056354182],[-2.36191722598251,50.7179600256869],[-2.36190873300488,50.7179582589607],[-2.36190017905739,50.7179493125319],[-2.36279407108457,50.7179931822267],[-2.36287325596248,50.7179947281851],[-2.36289304872017,50.7179946663834],[-2.36289300714186,50.7179892833926],[-2.36286386210872,50.7178763243633],[-2.36284967964932,50.7178709855233],[-2.36282992851452,50.7178764303086],[-2.36277057667153,50.7178802028377],[-2.36269417351232,50.7178732650084],[-2.36192466026929,50.7178236250568],[-2.36189352638251,50.7178201320648],[-2.36187930825379,50.7178094100978],[-2.36262901323912,50.7178573162842],[-2.36277332228676,50.7178694280258],[-2.36284394466936,50.7178602353886],[-2.3628524238155,50.7178602089154],[-2.3628232871429,50.7177490430226],[-2.3628090396932,50.7177347322127],[-2.36279490451548,50.7177347763394],[-2.36264499523417,50.7177298610942],[-2.36187570552211,50.7177089307054],[-2.36186154129205,50.7177053857626],[-2.3618558161539,50.7176964332201],[-2.36235928175184,50.7177146029268],[-2.36277217229179,50.7177204920116],[-2.36279195108109,50.7177186361965],[-2.36280040248789,50.7177150207665],[-2.36276250984258,50.7175679944173],[-2.36275679838075,50.7175608332516],[-2.3627397915607,50.7175555041135],[-2.36271719797038,50.7175591636785],[-2.36267761282098,50.717559287219],[-2.36196799532291,50.7175758548574],[-2.36195385310922,50.7175758989041],[-2.3619565988944,50.717565124111],[-2.36196225492869,50.717565106495],[-2.36270861765212,50.7175466283433],[-2.3627368395733,50.7175393639643],[-2.362742495604,50.7175393463104],[-2.36270750943152,50.7174030753118],[-2.36270462956006,50.7173959071047],[-2.36269613096842,50.7173941377556],[-2.36245306856732,50.7174092540582],[-2.36174062453133,50.7174258291366],[-2.36172363309644,50.7174222929774],[-2.36171513453661,50.7174205235568],[-2.36172640512682,50.7174151053563],[-2.3623540463908,50.7174023838526],[-2.36267908407918,50.7173834256126],[-2.36269037800459,50.7173815962928],[-2.36269882117528,50.7173761868216],[-2.36270159447019,50.7173689991727],[-2.36267554895201,50.7172919208867],[-2.36266422308814,50.7172901603584],[-2.36171949194626,50.7172518310829],[-2.3616968431839,50.7172483152262],[-2.36169113192331,50.717241154008],[-2.36198534085077,50.7172581823143],[-2.36263870961913,50.7172812669056],[-2.36266126011496,50.7172722243684],[-2.36264638534773,50.7171771651076],[-2.36257436535939,50.7170051228425],[-2.36257142730158,50.7169907758275],[-2.36257985657821,50.7169835732372],[-2.36259122388654,50.7169907140639],[-2.36267195984162,50.7171932373528],[-2.36268972715418,50.7172712272528],[-2.36273623670989,50.7174016493133],[-2.3628464570042,50.7177601964618],[-2.36297961800628,50.7181599445325],[-2.36314784911753,50.7186578801055],[-2.36324044379924,50.7189303465849],[-2.36337078410254,50.7193301029696],[-2.36350083366325,50.7196921773641],[-2.36357651706249,50.7199553276842],[-2.36373561448131,50.7204160029308],[-2.36389471363896,50.7208766797287],[-2.36389762595837,50.7208874368475],[-2.36389202513301,50.7208946333731],[-2.36388351197428,50.7208910709808],[-2.3637562697041,50.720527195104],[-2.363738997718,50.7204877723557]]],[[[-2.36475412375635,50.7203008374439],[-2.36477075854129,50.720295495644],[-2.36478466877906,50.7202972154844],[-2.36478475094442,50.7203077971118],[-2.36465861395891,50.720528658013],[-2.36459616923326,50.7207193350312],[-2.36458802285437,50.7207440522485],[-2.36457424935908,50.7207599687291],[-2.36447732410621,50.7208061299458],[-2.36427220144146,50.7208773209975],[-2.36405006837975,50.7209062356335],[-2.36403617165329,50.7209062791602],[-2.36403057196057,50.7209010053074],[-2.364036103327,50.7208974618873],[-2.36423604262324,50.7208739064238],[-2.36426934004698,50.7208667480815],[-2.36447166964287,50.7207938013964],[-2.36453817273485,50.7207671376743],[-2.36455194624448,50.720751221198],[-2.3645656239355,50.7207229587394],[-2.36460624625882,50.7205852605202],[-2.36462804282493,50.7205287539248],[-2.36474321193378,50.7203273295486],[-2.36475412375635,50.7203008374439]]],[[[-2.36393811629293,50.7208991986133],[-2.36364662010263,50.7199800437357],[-2.36363000608783,50.7199152302996],[-2.36348646230601,50.7194810621208],[-2.36333921006879,50.7190850278254],[-2.36323271120493,50.7187557925541],[-2.3631505272317,50.7184866370739],[-2.36306834561702,50.7182174806203],[-2.36290890811809,50.7177986113723],[-2.36282274575859,50.7175320103327],[-2.36271563460333,50.7171460172005],[-2.36267851052573,50.7170063428498],[-2.36266223380575,50.7169733539234],[-2.36266209647281,50.7169555620036],[-2.362678118153,50.7169555120051],[-2.36268618572724,50.7169631118633],[-2.36271080333229,50.7170392844862],[-2.36273092467869,50.7170519294777],[-2.36274694639161,50.7170518794697],[-2.36363558493287,50.7169906443446],[-2.36365961534379,50.7169905691521],[-2.36365969402371,50.7170007344205],[-2.36275107132963,50.7170671166646],[-2.36273512808471,50.7170773310433],[-2.36279284483338,50.7172906483014],[-2.362821685905,50.7173947656353],[-2.36283776095301,50.7174023404878],[-2.36290576706303,50.7173919608278],[-2.36341763511483,50.7172912384866],[-2.36370157442709,50.7172369758601],[-2.36372558528317,50.7172343584357],[-2.3637296852216,50.7172470552029],[-2.36371772968566,50.7172547176602],[-2.36290588485373,50.7174072105385],[-2.3628458931677,50.7174175633778],[-2.36283793759216,50.7174252132553],[-2.36287476802591,50.7175267633514],[-2.36287883414945,50.717534374795],[-2.36298687196355,50.7175213305039],[-2.36356692282729,50.7174331023336],[-2.36362293246958,50.7174253020628],[-2.3637668322761,50.7173892688168],[-2.36381081179966,50.7173789638303],[-2.36382680828395,50.7173763732723],[-2.36383089422786,50.7173865260015],[-2.36363908634715,50.7174430438777],[-2.36291099003067,50.717549524464],[-2.36288700002638,50.7175546848331],[-2.36287504285811,50.7175623472078],[-2.36290806395122,50.7176893238839],[-2.36291621447337,50.7177070907891],[-2.36292822915474,50.7177070532697],[-2.36320415987435,50.7176528159802],[-2.36379220108001,50.7175620194443],[-2.36383223258534,50.7175593545465],[-2.36385231509422,50.7175669167138],[-2.36384438499006,50.7175771061621],[-2.36346030101028,50.7176291409833],[-2.36295237774095,50.7177222279326],[-2.36293236816814,50.7177248309024],[-2.36292445889187,50.7177375625011],[-2.36303495058335,50.7180422153542],[-2.36304315586397,50.7180676044194],[-2.36305122368889,50.7180752042553],[-2.36309518437869,50.7180623591215],[-2.36344255815771,50.7179240262199],[-2.3634944628043,50.7179035292537],[-2.36350241268733,50.7178958793498],[-2.36351427010058,50.7178755094243],[-2.36348205481233,50.7178527350678],[-2.36343784451568,50.7178325413924],[-2.36340183828789,50.7178377385442],[-2.36337374120537,50.7178302013586],[-2.36338966488198,50.7178174419722],[-2.36341766366526,50.7178122716625],[-2.36348187786397,50.717829863202],[-2.36350596769806,50.7178374128955],[-2.36374948495682,50.7177349831801],[-2.36383733633678,50.7177016684428],[-2.36387328337252,50.7176888481003],[-2.36388934466628,50.7176938805721],[-2.36353408303929,50.7178474895736],[-2.36351810038229,50.7178526223266],[-2.36356237117244,50.7178804435193],[-2.36357042362562,50.7178855010886],[-2.36361441766556,50.7178777384129],[-2.36369033337451,50.7178546257518],[-2.36388198541726,50.7177777781485],[-2.36389798343579,50.717775185778],[-2.36391808997458,50.7177852883395],[-2.36365454496858,50.7178877801772],[-2.36362256422415,50.717895503483],[-2.36359454717052,50.7178981334183],[-2.36355848755988,50.7178957039477],[-2.36307537108797,50.7180903788963],[-2.3630594136093,50.7180980537861],[-2.36305147900134,50.7181082440919],[-2.36308012474825,50.7181869463662],[-2.36308018367352,50.7181945712205],[-2.36336392800046,50.7181148917618],[-2.36339585421702,50.7180995445591],[-2.36344375745746,50.7180790601286],[-2.3634955639723,50.7180458574702],[-2.36349544599456,50.718030608661],[-2.36366724823557,50.7179766959183],[-2.36392694536745,50.7178945507416],[-2.36396691382309,50.7178842600576],[-2.36397096046714,50.7178893301445],[-2.36397103923072,50.7178994972164],[-2.36352746755787,50.7180420598209],[-2.36349161848643,50.7180675893452],[-2.36344383180938,50.7181033208105],[-2.36324807784325,50.7181674727045],[-2.36310424958324,50.7182136723888],[-2.36309627993446,50.7182187800475],[-2.36310066045224,50.7182670588702],[-2.36310476029263,50.7182797529593],[-2.36358076875941,50.7182020153006],[-2.3635967712025,50.7181994247569],[-2.36360475903776,50.7181968574873],[-2.363604641017,50.7181816077792],[-2.36360448366774,50.7181612763339],[-2.36361646054397,50.7181561561027],[-2.36394432168329,50.7180839622281],[-2.36400431964738,50.7180736097067],[-2.36402830979244,50.7180684491083],[-2.36403631869628,50.7180684240221],[-2.3640363974745,50.7180785910936],[-2.3636566105821,50.7181687382761],[-2.36364060814583,50.7181713279288],[-2.36364885313764,50.7182018022853],[-2.36365698435186,50.7182170269198],[-2.3636650129594,50.7182195440766],[-2.36403720489457,50.7181827959318],[-2.36406926310678,50.7181852359914],[-2.36408131872646,50.7181902827837],[-2.36406938127833,50.718200485699],[-2.36366917764184,50.7182398638816],[-2.36364514659212,50.7182399390761],[-2.3636290654613,50.7182323643535],[-2.36362898678471,50.7182221990806],[-2.36361290566257,50.7182146243557],[-2.3631368971081,50.7182923603468],[-2.36312490192626,50.7182949401052],[-2.36311294460917,50.7183026025033],[-2.3631743379175,50.7184726983927],[-2.36318242973513,50.7184828404232],[-2.3640024193022,50.7183455675843],[-2.36407439301995,50.7183300920622],[-2.36409441680744,50.7183300293334],[-2.36409447589758,50.718337654187],[-2.36408253985247,50.7183478597968],[-2.36320259112049,50.7185005679742],[-2.36319061554179,50.7185056899566],[-2.36320318057269,50.7185768156122],[-2.3632112288575,50.718581873219],[-2.36357146813413,50.7185527889675],[-2.36416372278546,50.7184873948253],[-2.36419978853271,50.7184898222925],[-2.36419185837022,50.7185000144605],[-2.36372367981746,50.7185548558831],[-2.36323539764087,50.7185995900387],[-2.36321941894521,50.7186047227367],[-2.36325648271047,50.71873677212],[-2.36370862169558,50.7186794423002],[-2.363784621612,50.7186664948406],[-2.3638325857376,50.7186536369001],[-2.36385251125583,50.7186408676228],[-2.36386448681034,50.718635747371],[-2.36403662420683,50.7186250409983],[-2.36421269005107,50.7186041565413],[-2.36423271395502,50.7186040937889],[-2.36424875589043,50.7186065839933],[-2.36424877560033,50.7186091262106],[-2.36395271384745,50.7186507184948],[-2.36388062715252,50.7186509442162],[-2.36382478756904,50.7186816191859],[-2.36329266512296,50.7187544513776],[-2.36327664849662,50.7187545014427],[-2.36326467284061,50.7187596207346],[-2.36328548292758,50.718861220758],[-2.36329352985357,50.7188662783633],[-2.36382577167961,50.7188086985739],[-2.36384179398954,50.7188086484157],[-2.36385781629942,50.7188085982552],[-2.36384990143416,50.7188213308314],[-2.36332569244759,50.7188814278974],[-2.36330170178921,50.7188865856525],[-2.36332634108123,50.7189653012823],[-2.3633543741983,50.7189652136429],[-2.36401843167879,50.7188614678694],[-2.36404242366146,50.7188563099623],[-2.36405437955041,50.7188486474741],[-2.36406596265335,50.7187926963427],[-2.36406982645939,50.718774891884],[-2.36436186182429,50.7187307687506],[-2.3643778841067,50.7187307185186],[-2.36438597198576,50.7187408613779],[-2.36437800238067,50.7187459682246],[-2.36412596005696,50.7187823410672],[-2.36410995745902,50.7187849334817],[-2.36409003195706,50.7187977037019],[-2.36408626238568,50.7188282156634],[-2.36409040620139,50.7188459950371],[-2.36409444726902,50.7188510642374],[-2.36435853032354,50.7188171950971],[-2.36439853888994,50.718811986903],[-2.36441456119998,50.7188119366661],[-2.36441462034307,50.7188195615189],[-2.36441465976019,50.7188246432554],[-2.36338250984651,50.7189778325732],[-2.36335849948325,50.7189804481227],[-2.36334654203052,50.7189881105437],[-2.36334257540568,50.718993207502],[-2.36339171807864,50.7191328414127],[-2.36434748116395,50.718941769029],[-2.36437141260522,50.7189289871052],[-2.36439147606199,50.718934006062],[-2.36439155491945,50.7189441731318],[-2.36439159434123,50.7189492557674],[-2.36341985386523,50.7191454639307],[-2.36340789779026,50.7191531254541],[-2.3634039297278,50.7191582206202],[-2.36340400837223,50.7191683876902],[-2.36343253738817,50.7192318392596],[-2.3643885543219,50.7190738054886],[-2.36442059345438,50.7190737050331],[-2.36443661585361,50.7190736547932],[-2.36443268734989,50.7190838344284],[-2.36441674946269,50.7190940499211],[-2.36348472020056,50.7192469252448],[-2.36345267953015,50.7192470254475],[-2.36344070377511,50.7192521456563],[-2.36347769427041,50.7193740278725],[-2.36348578205996,50.7193841698938],[-2.36349779716936,50.719384132316],[-2.36427765463049,50.7192342753322],[-2.36436965378193,50.7192187368675],[-2.36439769129657,50.719218648964],[-2.36440173245746,50.7192237217504],[-2.36440177188073,50.7192288043858],[-2.3635299741757,50.7194018222289],[-2.36350996960077,50.7194044270774],[-2.36350651165887,50.7194721567461],[-2.36350655098566,50.7194772393816],[-2.36351456013006,50.7194772143314],[-2.36449047221451,50.719301327864],[-2.36451050066454,50.7193012650506],[-2.36451852948212,50.7193037794506],[-2.36451057952784,50.719311429422],[-2.36355469161257,50.7194872561193],[-2.36353068099198,50.7194898708045],[-2.36352271119486,50.719494981189],[-2.36355147233333,50.7195889312491],[-2.36355970209015,50.7196168624751],[-2.3635637431743,50.7196219325924],[-2.36420366097424,50.7195030139421],[-2.36423968809712,50.7195003587618],[-2.36424775494574,50.7195079585177],[-2.36423982603952,50.7195181506827],[-2.3635799034551,50.7196396743916],[-2.36356792761415,50.719644794613],[-2.36360063593423,50.7197311072751],[-2.3636047599718,50.7197463444464],[-2.36361280850066,50.7197514020247],[-2.36364885552646,50.719751289244],[-2.36408090203573,50.7196838535749],[-2.36412091137774,50.7196786463766],[-2.36414894916756,50.7196785585331],[-2.36415301426868,50.7196861699341],[-2.36414507965277,50.7196963630094],[-2.36363299026515,50.7197716708153],[-2.36361300522195,50.7197768187974],[-2.36360503535746,50.7197819255902],[-2.36362948032006,50.7198352243677],[-2.36364155456438,50.719842811627],[-2.36368164277659,50.7198477689506],[-2.3638658012958,50.7198370252328],[-2.36399787455736,50.7198239038789],[-2.36427407264823,50.719802705708],[-2.36432203638742,50.719789848473],[-2.36432982877404,50.7197618661769],[-2.36432909948505,50.7196678257393],[-2.36433302666378,50.7196576488108],[-2.36434500384078,50.7196525285062],[-2.36435303130009,50.7196550438211],[-2.36435798486373,50.7197770252887],[-2.36435802430396,50.7197821106214],[-2.36437404694484,50.7197820603902],[-2.36448214296316,50.7197766359939],[-2.36453417320521,50.7197713900564],[-2.36455017611511,50.7197687975843],[-2.36455816560177,50.7197662329435],[-2.36455374399882,50.7197128715521],[-2.36455362566377,50.7196976218488],[-2.36456155596938,50.7196874323561],[-2.36456954966335,50.7196848641041],[-2.36459016576135,50.7197610498068],[-2.36459026437933,50.7197737572933],[-2.36469840549583,50.7197734180113],[-2.36471040096046,50.7197708371926],[-2.36471012473796,50.7197352560509],[-2.36471402784718,50.719722536007],[-2.36472194262853,50.7197098033741],[-2.36472995181151,50.7197097782404],[-2.36473439333722,50.7197656800435],[-2.36473445253421,50.719773304895],[-2.36474646774143,50.7197732671885],[-2.36476248471239,50.7197732169217],[-2.36475856186688,50.7197833938512],[-2.36473853321192,50.719783456707],[-2.36473056349695,50.7197885671739],[-2.36474094056585,50.7200935288966],[-2.36474103922576,50.7201062363822],[-2.36473306943556,50.7201113441511],[-2.36472103441934,50.7201088414381],[-2.36471071666196,50.7198115036667],[-2.36470657110809,50.7197937243222],[-2.36461846002131,50.7197940007756],[-2.36458643446122,50.7197966435196],[-2.3645744192478,50.7197966812095],[-2.36460502134973,50.7201269959864],[-2.36460513970325,50.7201422456885],[-2.36459717130172,50.7201473525444],[-2.36458515458208,50.7201473902398],[-2.36455061001242,50.7198247137618],[-2.36455037334353,50.7197942143557],[-2.36450631284114,50.7197943525472],[-2.36437426377468,50.7198100166807],[-2.36427022853507,50.7198230505886],[-2.36433708700692,50.7201812105542],[-2.3643371461403,50.7201888354054],[-2.36432517024259,50.7201939557041],[-2.36431710184659,50.7201863559588],[-2.36424224977664,50.7198307633128],[-2.36424221036979,50.7198256806779],[-2.36423019373194,50.7198257183368],[-2.36397003359526,50.7198494084579],[-2.36401683150013,50.7202025468602],[-2.36401691028007,50.720212713928],[-2.36399696020219,50.7202229419255],[-2.36393809237426,50.7198622162759],[-2.3639380333063,50.7198545914242],[-2.36393002409794,50.7198546165035],[-2.36368180016861,50.71986810039],[-2.36366187409213,50.7198808705343],[-2.36380163119485,50.7203430108945],[-2.36380575535227,50.7203582480572],[-2.36381777212687,50.7203582104422],[-2.36427819148642,50.7203338931903],[-2.36429421431559,50.7203338429703],[-2.36429827950442,50.7203414552647],[-2.36428632327679,50.7203491177758],[-2.36382589810619,50.7203734350773],[-2.36381388274429,50.7203734726887],[-2.36380591280083,50.7203785794947],[-2.36383045671976,50.7204445857105],[-2.36383454292767,50.7204547375352],[-2.36393885533992,50.7204772860567],[-2.36403902250235,50.7204820569173],[-2.36423531704337,50.7204865246856],[-2.36443958575703,50.7204858843623],[-2.36446357427178,50.7204807263839],[-2.3644795577033,50.7204755917055],[-2.36449552000416,50.7204679166116],[-2.36450327296882,50.7204348525721],[-2.36452268630732,50.7203560017439],[-2.36452653601983,50.7203356568391],[-2.36453448472735,50.7203280068725],[-2.36454652120649,50.7203305096003],[-2.3645466592691,50.7203483015184],[-2.36452355401404,50.7204678286916],[-2.36449968101405,50.7204882381912],[-2.36448374125012,50.7204984536947],[-2.36417535689071,50.7205019626474],[-2.36416335978643,50.7205045425157],[-2.36416341887837,50.720512165568],[-2.36423373473232,50.7207991498182],[-2.36422985111549,50.7208144120599],[-2.36421789334014,50.7208220745677],[-2.36413139846909,50.7205148081686],[-2.36411930428243,50.7205046805428],[-2.3641072691838,50.720502175968],[-2.36401114177778,50.7205024770701],[-2.36396708627497,50.7205026150397],[-2.36385478416787,50.720482633834],[-2.36383876128719,50.7204826839937],[-2.36383880065132,50.7204877666281],[-2.36395802302876,50.7208838862079],[-2.36396212901977,50.7208965829415],[-2.36395821994465,50.7209093029753],[-2.3639462044459,50.7209093406002],[-2.36393811629293,50.7208991986133]]]]},"properties":{"OBJECTID":1077968,"LAYER":"DITCH","project":"Dorset Ridgeway","PERIOD":"POST MEDIEVAL","MONUMENT_TYPE":"WATER MEADOW","EVIDENCE_1":"EARTHWORK","HE_UID":" NONE GIVEN","HE_URL1":"https://gisportal.historicengland.org.uk/portal/sharing/rest/content/items/b19ecdd0d5584fb8a772fc875f3b1333/data","HER_NO":"MDO20560"}}]}